plz,lat,lon,n_addresses,bezirk,pct_wohnlage_einfach,pct_wohnlage_gut,pct_wohnlage_mittel,dominant_wohnlage,n_kitas,total_kita_capacity,n_school_construction_projects,n_unique_schools_with_projects,total_planned_school_capacity,crime_total_avg_2017_2019,nearest_air_station,air_station_distance_km,air_co_avg,air_no2_avg,air_o3_avg,air_pm10_avg,air_pm25_avg,rent_per_m2_kalt_avg_synthetic,n_rental_listings_synthetic,buy_price_per_m2_avg_REAL,n_real_listings,buy_price_per_m2_avg_synthetic,n_synthetic_sales_listings,new_construction_price_per_m2_avg,n_new_construction_listings,nearest_transit_station,nearest_transit_line,transit_distance_km,abitur_mn_scls_bezirk_avg,abitur_performance_vs_peer_bezirk_avg,n_abitur_schools_in_bezirk,abitur_tier_bezirk,ug_planungsraum_nr,ug_planungsraum_name,ug_laerm,ug_luft,ug_gruenversorgung,ug_thermisch,ug_soziale_benachteiligung,ug_mehrfachbelastung_umwelt,ug_mehrfachbelastung_umwelt_sozial,ug_gesamt_umweltgerechtigkeitskarte
10115,52.53205009273381,13.388080954604316,1529,Mitte,0.7848266841072596,95.9450621321125,3.2701111837802483,gut,25.0,1859.0,4.0,2.0,576.0,72197.33333333333,Mitte,2.3702302157036854,,17.09865470852018,,28.517937219730943,24.66591928251121,18.24952380952381,21.0,8523.586089639999,42.0,7006.0,28.0,,0.0,Bernauer Straße,U8,0.8619481879460907,2.2709377901578467,-0.038485201202942076,16.0,GOOD,01100415,Invalidenstraße,mittel,hoch,schlecht,hoch,hoher Status-Index,hoch,hoher Status-Index,
10117,52.51662579647819,13.389224293570276,1857,Mitte,0.0,100.0,0.0,gut,21.0,1364.0,1.0,1.0,432.0,72197.33333333333,Leipziger Straße,0.9139638853532022,,24.150224215246638,,36.27354260089686,27.43946188340807,22.340657894736843,76.0,10236.293513145052,53.0,7702.622754491018,167.0,12679.185185185184,54.0,Friedrichstraße,Stadtbahn,0.46728775599502614,2.2709377901578467,-0.038485201202942076,16.0,GOOD,01100206,Unter den Linden,hoch,hoch,schlecht,hoch,mittlerer Status-Index,hoch,mittlerer Status-Index,
10119,52.530066552382976,13.405367408195746,1175,Mitte,0.0,100.0,0.0,gut,14.0,1160.0,0.0,0.0,,72197.33333333333,Mitte,1.3598614116880523,,17.09865470852018,,28.517937219730943,24.66591928251121,20.676785714285717,56.0,9671.31707683119,42.0,7185.207317073171,82.0,12569.796296296296,54.0,Rosenthaler Platz,U8,0.4882524826214094,2.2709377901578467,-0.038485201202942076,16.0,GOOD,01100416,Arkonaplatz,mittel,hoch,schlecht,hoch,hoher Status-Index,hoch,hoher Status-Index,
10178,52.52238961430939,13.409558335593921,724,Mitte,9.806629834254144,82.87292817679558,7.320441988950275,gut,6.0,539.0,2.0,1.0,220.0,72197.33333333333,Mitte,0.7889409653800641,,17.09865470852018,,28.517937219730943,24.66591928251121,21.71846715328467,137.0,8209.660527773698,11.0,7026.503759398496,266.0,12822.982456140351,57.0,Alexanderplatz,U2,0.4078618205289684,2.2709377901578467,-0.038485201202942076,16.0,GOOD,01100310,Alexanderplatzviertel,hoch,hoch,mittel,hoch,mittlerer Status-Index,hoch,mittlerer Status-Index,
10179,52.51084374848797,13.415884852955326,1164,Mitte,11.76975945017182,66.66666666666666,21.563573883161514,gut,14.0,1187.0,1.0,1.0,576.0,72197.33333333333,Mitte,1.527656213866808,,17.09865470852018,,28.517937219730943,24.66591928251121,20.431081081081082,74.0,12536.20734485602,51.0,6920.920634920635,126.0,12620.576923076924,104.0,Heinrich-Heine-Straße,U8,0.1596073142800293,2.2709377901578467,-0.038485201202942076,16.0,GOOD,01100312,Heine-Viertel West,hoch,hoch,gut,mittel,mittlerer Status-Index,hoch,mittlerer Status-Index,
10243,52.513697236317114,13.440665519194631,1192,Friedrichshain-Kreuzberg,1.006711409395973,52.43288590604027,46.560402684563755,gut,22.0,1804.0,2.0,2.0,784.0,52769.333333333336,Neukölln,3.6606376317016296,0.4033632286995516,15.896860986547086,37.16704288939052,32.46860986547085,28.233183856502244,17.900000000000002,98.0,8185.628105037964,81.0,6391.966666666666,150.0,11572.686274509804,51.0,Ostbahnhof,Stadtbahn,0.7964773472414511,2.294505494505495,0.019662161759325277,12.0,GOOD,02400624,Weberwiese,mittel,hoch,mittel,mittel,mittlerer Status-Index,hoch,mittlerer Status-Index,
10245,52.503615198567964,13.462917559211165,1648,Friedrichshain-Kreuzberg,0.0,72.02669902912622,27.973300970873787,gut,24.0,1535.0,5.0,3.0,944.5,52769.333333333336,Frankfurter Allee,1.7790203073137427,0.4040358744394619,22.213483146067414,34.0945945945946,36.60538116591928,28.45964125560538,13.966906077348067,181.0,6712.136296625516,114.0,4502.770226537217,309.0,,0.0,Ostkreuz,S Ringbahn,0.6921908986505088,2.294505494505495,0.019662161759325277,12.0,GOOD,02500835,Stralauer Kiez,hoch,hoch,schlecht,hoch,mittlerer Status-Index,hoch,mittlerer Status-Index,
10247,52.516273763722076,13.464817925144414,1835,Friedrichshain-Kreuzberg,0.0,97.60217983651226,2.3978201634877383,gut,45.0,2600.0,2.0,2.0,504.0,52769.333333333336,Frankfurter Allee,1.2148296969662329,0.4040358744394619,22.213483146067414,34.0945945945946,36.60538116591928,28.45964125560538,18.494014084507043,142.0,5688.17329800236,128.0,6171.7,220.0,11604.99,100.0,Frankfurter Allee,S Ringbahn,1.1306187506224272,2.294505494505495,0.019662161759325277,12.0,GOOD,02500728,Samariterviertel,gering,hoch,schlecht,hoch,mittlerer Status-Index,hoch,mittlerer Status-Index,
10249,52.52272686143396,13.44587844928302,1060,Friedrichshain-Kreuzberg,0.0,31.22641509433962,68.77358490566039,mittel,24.0,1326.0,5.0,3.0,720.0,52769.333333333336,Frankfurter Allee,3.4330385456855663,0.4040358744394619,22.213483146067414,34.0945945945946,36.60538116591928,28.45964125560538,18.759444444444444,90.0,6784.464649657757,40.0,6651.211267605634,142.0,11516.5,40.0,Ostbahnhof,Stadtbahn,1.8859453859279565,2.294505494505495,0.019662161759325277,12.0,GOOD,02400522,Richard-Sorge-Viertel,mittel,hoch,schlecht,mittel,mittlerer Status-Index,hoch,mittlerer Status-Index,
10315,52.50930410144918,13.51260155579074,1663,Lichtenberg,45.88093806374023,0.0,54.11906193625977,mittel,17.0,1728.0,3.0,3.0,900.0,25746.333333333332,Karlshorst,3.0273568824350505,,13.791479820627803,,,,9.551220238095238,336.0,4792.8968321718185,18.0,2904.8190476190475,525.0,6199.55737704918,122.0,Frankfurter Allee,S Ringbahn,4.239432890516221,2.29593253968254,0.050219610312290296,13.0,OK,11400931,Massower Straße,mittel,hoch,mittel,mittel,mittlerer Status-Index,hoch,mittlerer Status-Index,
10317,52.50218000863772,13.488420309446107,2004,Lichtenberg,2.7944111776447107,0.0,97.2055888223553,mittel,22.0,1428.0,2.0,2.0,720.0,25746.333333333332,Frankfurter Allee,1.9210283879558234,0.4040358744394619,22.213483146067414,34.0945945945946,36.60538116591928,28.45964125560538,11.29110599078341,434.0,6154.179169486589,47.0,3726.12724757953,723.0,7252.628205128205,234.0,Frankfurter Allee,S Ringbahn,2.1382900871634103,2.29593253968254,0.050219610312290296,13.0,OK,11400929,Weitlingkiez,gering,hoch,mittel,mittel,mittlerer Status-Index,hoch,mittlerer Status-Index,
10318,52.48394290599791,13.528272413384938,4780,Lichtenberg,0.0,28.702928870292887,71.2970711297071,mittel,29.0,1938.0,6.0,5.0,792.0,25746.333333333332,Karlshorst,0.5221877408084913,,13.791479820627803,,,,10.181772151898734,316.0,4624.728739562005,18.0,3048.705565529623,557.0,6601.283720930232,215.0,Ostkreuz,S Ringbahn,6.893595549821838,2.29593253968254,0.050219610312290296,13.0,OK,11501340,Karlshorst Nord,mittel,mittel,gut,gering,hoher Status-Index,mittel,hoher Status-Index,
10319,52.497661774262944,13.511146518964143,1004,Lichtenberg,47.310756972111555,0.0,52.689243027888445,mittel,9.0,1053.0,5.0,4.0,1129.0,25746.333333333332,Karlshorst,2.023074102771776,,13.791479820627803,,,,10.074787234042553,94.0,3465.135674936168,2.0,3193.248226950355,141.0,,0.0,Frankfurter Allee,S Ringbahn,4.49907710228518,2.29593253968254,0.050219610312290296,13.0,OK,11401136,Volkradstraße,mittel,hoch,gut,gering,mittlerer Status-Index,hoch,mittlerer Status-Index,
10365,52.517159559413265,13.494385024372448,1960,Lichtenberg,48.92857142857142,0.0,51.07142857142857,mittel,19.0,1973.0,5.0,4.0,864.0,25746.333333333332,Frankfurter Allee,2.1396232280441665,0.4040358744394619,22.213483146067414,34.0945945945946,36.60538116591928,28.45964125560538,10.265644444444444,225.0,4382.617585797251,12.0,3195.8191964285716,448.0,6322.056603773585,53.0,Frankfurter Allee,S Ringbahn,2.1555838416848796,2.29593253968254,0.050219610312290296,13.0,OK,11300725,Nibelungenviertel,mittel,hoch,schlecht,mittel,mittlerer Status-Index,hoch,mittlerer Status-Index,
10367,52.52119567139679,13.481464710333746,809,Lichtenberg,27.564894932014834,0.0,72.43510506798516,mittel,9.0,899.0,2.0,2.0,504.0,25746.333333333332,Frankfurter Allee,1.0744113180258779,0.4040358744394619,22.213483146067414,34.0945945945946,36.60538116591928,28.45964125560538,10.729821428571428,56.0,4901.112438833609,19.0,3652.6,120.0,6439.369565217391,46.0,Storkower Straße,S Ringbahn,0.7450083294993285,2.29593253968254,0.050219610312290296,13.0,OK,11300722,Rathaus Lichtenberg,mittel,hoch,gut,mittel,mittlerer Status-Index,hoch,mittlerer Status-Index,
10369,52.52907733226821,13.467439163112584,604,Lichtenberg,42.384105960264904,0.0,57.615894039735096,mittel,12.0,1527.0,5.0,4.0,600.0,25746.333333333332,Frankfurter Allee,1.9315322270275432,0.4040358744394619,22.213483146067414,34.0945945945946,36.60538116591928,28.45964125560538,15.937096774193549,31.0,3967.5960650035327,3.0,4971.111111111111,54.0,,0.0,Landsberger Allee,S Ringbahn,0.5063256622166118,2.29593253968254,0.050219610312290296,13.0,OK,11300617,Fennpfuhlpark,hoch,hoch,mittel,gering,niedriger/sehr niedriger Status-Index,hoch,niedriger/sehr niedriger Status-Index,Anteil der Adressen mit einfacher Wohnlage größer 66% und hoher Lärm- und/oder hoher Luftbelastung
10405,52.534397208647746,13.423561014382303,1198,Pankow,0.0,95.15859766277129,4.841402337228715,gut,28.0,1557.0,2.0,2.0,720.0,37709.333333333336,Mitte,2.8363099674930865,,17.09865470852018,,28.517937219730943,24.66591928251121,19.12090361445783,166.0,9043.077405758126,43.0,6477.309090909091,275.0,,0.0,Senefelderplatz,U2,1.0225862950601723,2.132931726907631,0.14286720266899694,20.0,AMAZING,03701659,Immanuelkirchstraße,mittel,hoch,mittel,hoch,mittlerer Status-Index,hoch,mittlerer Status-Index,
10407,52.53320825851251,13.443606634077078,1479,Pankow,29.749830966869506,52.805949966193374,17.44421906693712,gut,22.0,1223.0,8.0,6.0,1162.0,37709.333333333336,Frankfurter Allee,4.148383652926266,0.4040358744394619,22.213483146067414,34.0945945945946,36.60538116591928,28.45964125560538,19.414848484848484,33.0,7521.655005608856,35.0,6121.428571428572,63.0,,0.0,Greifswalder Straße,S Ringbahn,1.1187696730712793,2.132931726907631,0.14286720266899694,20.0,AMAZING,03601451,Anton-Saefkow-Park,mittel,hoch,mittel,mittel,,,,
10409,52.544828329236,13.438916312283531,1178,Pankow,21.98641765704584,9.083191850594227,68.93039049235993,mittel,11.0,1345.0,3.0,3.0,600.0,37709.333333333336,Mitte,4.890140975652693,,17.09865470852018,,28.517937219730943,24.66591928251121,17.20409836065574,61.0,5629.516339910506,14.0,5960.509433962264,106.0,11162.848484848484,132.0,Prenzlauer Allee S,S Ringbahn,0.24333025820329499,2.132931726907631,0.14286720266899694,20.0,AMAZING,03601245,Ostseestraße,mittel,hoch,schlecht,mittel,mittlerer Status-Index,hoch,mittlerer Status-Index,
10435,52.5380255376267,13.410364625080346,809,Pankow,0.0,100.0,0.0,gut,14.0,961.0,0.0,0.0,,37709.333333333336,Mitte,2.3425159555372868,,17.09865470852018,,28.517937219730943,24.66591928251121,17.700833333333332,48.0,8568.260052937576,30.0,6237.9876543209875,81.0,,0.0,Senefelderplatz,U2,0.5151352964871856,2.132931726907631,0.14286720266899694,20.0,AMAZING,03701554,Teutoburger Platz,mittel,hoch,schlecht,hoch,mittlerer Status-Index,hoch,mittlerer Status-Index,
10437,52.54504203360037,13.415041347255984,1086,Pankow,0.0,99.72375690607734,0.2762430939226519,gut,43.0,1805.0,1.0,1.0,648.0,37709.333333333336,Mitte,3.251495071754521,,17.09865470852018,,28.517937219730943,24.66591928251121,18.900444444444442,45.0,7702.343746343664,48.0,5959.164556962025,79.0,,0.0,Schönhauser Allee,S Ringbahn,0.44985614271216634,2.132931726907631,0.14286720266899694,20.0,AMAZING,03601346,Gethsemanekirche,mittel,hoch,schlecht,hoch,mittlerer Status-Index,hoch,mittlerer Status-Index,
10439,52.551532719548874,13.415668815655806,1197,Pankow,0.0,70.843776106934,29.156223893065995,gut,27.0,1593.0,1.0,1.0,432.0,37709.333333333336,Mitte,3.950879155358778,,17.09865470852018,,28.517937219730943,24.66591928251121,14.744871794871793,39.0,6515.745273255929,82.0,5392.2972972972975,37.0,,0.0,Schönhauser Allee,S Ringbahn,0.35837161266197676,2.132931726907631,0.14286720266899694,20.0,AMAZING,03601243,Rodenbergstraße,mittel,hoch,schlecht,hoch,mittlerer Status-Index,hoch,mittlerer Status-Index,
10551,52.53004830696255,13.337160921123438,721,Mitte,52.56588072122052,0.0,47.43411927877948,einfach,14.0,779.0,0.0,0.0,,72197.33333333333,Wedding,2.4276604725892232,,20.615730337078652,36.659909909909906,30.09619686800895,25.991051454138702,16.75807142857143,140.0,5400.211299712218,16.0,5966.458333333333,240.0,10026.38202247191,178.0,Beusselstraße,S Ringbahn,0.7215084078131361,2.2709377901578467,-0.038485201202942076,16.0,GOOD,01200520,Bremer Straße,mittel,hoch,schlecht,hoch,mittlerer Status-Index,hoch,mittlerer Status-Index,Anteil der Adressen mit einfacher Wohnlage größer 66% und hoher Lärm- und/oder hoher Luftbelastung
10553,52.52919197874172,13.323744161214128,453,Mitte,100.0,0.0,0.0,einfach,11.0,517.0,1.0,1.0,766.0,72197.33333333333,Wedding,3.4867640938048994,,20.615730337078652,36.659909909909906,30.09619686800895,25.991051454138702,17.04342465753425,73.0,4612.982216552808,37.0,5792.211382113821,123.0,9910.5,64.0,Beusselstraße,S Ringbahn,1.0604767264188377,2.2709377901578467,-0.038485201202942076,16.0,GOOD,01200517,Huttenkiez,hoch,hoch,schlecht,hoch,niedriger/sehr niedriger Status-Index,hoch,niedriger/sehr niedriger Status-Index,Anteil der Adressen mit einfacher Wohnlage größer 66% und hoher Lärm- und/oder hoher Luftbelastung
10555,52.52230243496795,13.334985598926282,624,Mitte,21.955128205128204,15.705128205128204,62.33974358974359,mittel,15.0,526.0,1.0,1.0,576.0,72197.33333333333,Wedding,3.299789264216107,,20.615730337078652,36.659909909909906,30.09619686800895,25.991051454138702,21.45825327510917,229.0,5417.904802354683,35.0,7513.272277227723,404.0,13215.661016949152,59.0,Beusselstraße,S Ringbahn,1.3400547285546465,2.2709377901578467,-0.038485201202942076,16.0,GOOD,01200522,Elberfelder Straße,mittel,mittel,schlecht,hoch,mittlerer Status-Index,mittel,mittlerer Status-Index,
10557,52.525485166727094,13.35760553639313,1048,Mitte,18.3206106870229,34.9236641221374,46.75572519083969,mittel,17.0,1051.0,1.0,1.0,792.0,72197.33333333333,Wedding,2.8073774845829997,,20.615730337078652,36.659909909909906,30.09619686800895,25.991051454138702,21.51047393364929,211.0,6425.71583461139,52.0,7519.86875,320.0,13128.009708737864,103.0,Bellevue,Stadtbahn,1.051874974667657,2.2709377901578467,-0.038485201202942076,16.0,GOOD,01200627,Zillesiedlung,hoch,hoch,mittel,mittel,niedriger/sehr niedriger Status-Index,hoch,niedriger/sehr niedriger Status-Index,Anteil der Adressen mit einfacher Wohnlage größer 66% und hoher Lärm- und/oder hoher Luftbelastung
10559,52.530369713164184,13.349606546149253,670,Mitte,88.50746268656717,0.0,11.492537313432836,einfach,20.0,980.0,0.0,0.0,,72197.33333333333,Wedding,2.068496510344167,,20.615730337078652,36.659909909909906,30.09619686800895,25.991051454138702,18.514,170.0,5963.447977361091,24.0,6471.633064516129,248.0,10061.518518518518,54.0,Westhafen,S Ringbahn,0.9893428482014315,2.2709377901578467,-0.038485201202942076,16.0,GOOD,01200623,Stephankiez,mittel,mittel,schlecht,hoch,mittlerer Status-Index,mittel,mittlerer Status-Index,Anteil der Adressen mit einfacher Wohnlage größer 66% und hoher Lärm- und/oder hoher Luftbelastung
10585,52.5152453717445,13.304991330714287,728,Charlottenburg-Wilmersdorf,0.0,0.8241758241758242,99.17582417582418,mittel,13.0,524.0,2.0,2.0,576.0,46142.0,Grunewald,5.52644597662283,,14.326576576576576,35.51126126126126,24.183856502242154,20.717488789237667,18.11119565217391,92.0,7304.181074898821,49.0,6226.772222222222,180.0,,0.0,Bismarckstraße,U7,0.4167127628619027,2.2476641040804264,0.03580176420151568,21.0,AMAZING,04300621,Richard-Wagner-Straße,mittel,hoch,schlecht,hoch,mittlerer Status-Index,hoch,mittlerer Status-Index,
10587,52.51876167067215,13.316585279643347,729,Charlottenburg-Wilmersdorf,0.0,1.3717421124828533,98.62825788751715,mittel,14.0,645.0,0.0,0.0,,46142.0,Wedding,4.849280589602069,,20.615730337078652,36.659909909909906,30.09619686800895,25.991051454138702,18.618358208955225,67.0,5831.790457233615,38.0,6080.552380952381,105.0,11040.42857142857,63.0,Ernst-Reuter-Platz,U2,0.8504242774171897,2.2476641040804264,0.03580176420151568,21.0,AMAZING,04300619,Alt-Lietzow,mittel,hoch,mittel,mittel,mittlerer Status-Index,hoch,mittlerer Status-Index,
10589,52.526177290887006,13.305141204167679,823,Charlottenburg-Wilmersdorf,100.0,0.0,0.0,einfach,19.0,906.0,1.0,1.0,648.0,46142.0,Wedding,5.403344506834799,,20.615730337078652,36.659909909909906,30.09619686800895,25.991051454138702,15.256637168141593,113.0,5047.798780499841,56.0,5233.739336492891,211.0,,0.0,Richard-Wagner-Platz,U7,0.4085991165023943,2.2476641040804264,0.03580176420151568,21.0,AMAZING,04300517,Tegeler Weg,mittel,mittel,mittel,hoch,mittlerer Status-Index,mittel,mittlerer Status-Index,
10623,52.50719939771967,13.325216785041842,478,Charlottenburg-Wilmersdorf,0.0,93.51464435146444,6.485355648535565,gut,5.0,356.0,1.0,1.0,720.0,46142.0,Schildhornstraße,4.810662680000007,0.385682326621924,22.1834451901566,,29.878923766816143,25.58968609865471,19.430000000000003,35.0,9974.522747015488,30.0,7463.88,50.0,,0.0,Uhlandstraße,U1,0.4254296638095497,2.2476641040804264,0.03580176420151568,21.0,AMAZING,04300624,Savignyplatz,hoch,hoch,schlecht,hoch,mittlerer Status-Index,hoch,mittlerer Status-Index,
10625,52.50920534955509,13.3145574007839,472,Charlottenburg-Wilmersdorf,0.0,87.71186440677965,12.288135593220339,gut,8.0,245.0,3.0,3.0,996.0,46142.0,Schildhornstraße,4.8406655168839094,0.385682326621924,22.1834451901566,,29.878923766816143,25.58968609865471,17.863125,48.0,7514.562210279952,19.0,6211.3,50.0,,0.0,Ernst-Reuter-Platz,U2,0.8032121851392746,2.2476641040804264,0.03580176420151568,21.0,AMAZING,04300623,Karl-August-Platz,mittel,mittel,schlecht,hoch,,,,
10627,52.50857055137037,13.303326479777777,540,Charlottenburg-Wilmersdorf,0.0,79.25925925925927,20.74074074074074,gut,8.0,282.0,0.0,0.0,,46142.0,Schildhornstraße,4.885894866591776,0.385682326621924,22.1834451901566,,29.878923766816143,25.58968609865471,16.859310344827588,58.0,7714.799852161546,32.0,6182.858823529412,85.0,11025.196078431372,51.0,Charlottenburg S,Stadtbahn,0.2876233275051754,2.2476641040804264,0.03580176420151568,21.0,AMAZING,04300623,Karl-August-Platz,mittel,mittel,schlecht,hoch,mittlerer Status-Index,mittel,mittlerer Status-Index,
10629,52.50290509502879,13.308659473358926,521,Charlottenburg-Wilmersdorf,0.0,100.0,0.0,gut,7.0,450.0,1.0,1.0,830.0,46142.0,Schildhornstraße,4.165814464452218,0.385682326621924,22.1834451901566,,29.878923766816143,25.58968609865471,19.775862068965516,29.0,8475.56990824511,32.0,6027.12962962963,54.0,11026.5,66.0,Wilmersdorfer Straße,U7,0.45294576990228824,2.2476641040804264,0.03580176420151568,21.0,AMAZING,04501040,Hindemithplatz,mittel,hoch,schlecht,hoch,mittlerer Status-Index,hoch,mittlerer Status-Index,
10707,52.49706902107766,13.31386417763867,631,Charlottenburg-Wilmersdorf,0.0,98.25673534072901,1.7432646592709984,gut,2.0,108.0,0.0,0.0,,46142.0,Schildhornstraße,3.491742185984551,0.385682326621924,22.1834451901566,,29.878923766816143,25.58968609865471,19.426666666666666,60.0,8972.77602377103,62.0,6450.528089887641,89.0,,0.0,Konstanzer Straße,U7,0.5184805786395403,2.2476641040804264,0.03580176420151568,21.0,AMAZING,04501043,Preußenpark,mittel,mittel,schlecht,mittel,mittlerer Status-Index,mittel,mittlerer Status-Index,
10709,52.4940433750073,13.303273991284671,685,Charlottenburg-Wilmersdorf,0.0,53.13868613138686,46.86131386861314,gut,16.0,912.0,3.0,2.0,648.0,46142.0,Schildhornstraße,3.3332998343354383,0.385682326621924,22.1834451901566,,29.878923766816143,25.58968609865471,18.020559440559442,143.0,8859.147735010802,14.0,6451.804878048781,205.0,,0.0,Adenauerplatz,U7,0.6883008975562963,2.2476641040804264,0.03580176420151568,21.0,AMAZING,04500939,Eisenzahnstraße,hoch,hoch,mittel,hoch,mittlerer Status-Index,hoch,mittlerer Status-Index,
10711,52.497561640224134,13.292311400293103,580,Charlottenburg-Wilmersdorf,0.0,78.27586206896552,21.72413793103448,gut,5.0,103.0,1.0,1.0,576.0,46142.0,Grunewald,3.3665500245546185,,14.326576576576576,35.51126126126126,24.183856502242154,20.717488789237667,17.403776223776223,143.0,7333.19836003889,42.0,6231.677551020408,245.0,11032.5,58.0,Halensee S,S Ringbahn,0.4446168423395901,2.2476641040804264,0.03580176420151568,21.0,AMAZING,04500937,Halensee,hoch,mittel,schlecht,mittel,mittlerer Status-Index,mittel,mittlerer Status-Index,
10713,52.48565634380825,13.314336474647138,751,Charlottenburg-Wilmersdorf,0.0,27.030625832223702,72.96937416777631,mittel,11.0,371.0,0.0,0.0,,46142.0,Schildhornstraße,2.2286611289781666,0.385682326621924,22.1834451901566,,29.878923766816143,25.58968609865471,19.6175,160.0,6414.160765713497,44.0,6555.957692307692,260.0,10845.2,50.0,Hohenzollerndamm S,S Ringbahn,0.3311407258980463,2.2476641040804264,0.03580176420151568,21.0,AMAZING,04501146,Barstraße,hoch,hoch,gut,mittel,mittlerer Status-Index,hoch,mittlerer Status-Index,
10715,52.48260891469677,13.328550759393547,775,Charlottenburg-Wilmersdorf,0.0,98.58064516129032,1.4193548387096775,gut,28.0,975.0,2.0,2.0,288.0,46142.0,Schildhornstraße,2.5578668997931704,0.385682326621924,22.1834451901566,,29.878923766816143,25.58968609865471,18.90303370786517,89.0,5953.600439274934,36.0,6333.253731343284,134.0,,0.0,Berliner Straße,U7,0.40934412992731534,2.2476641040804264,0.03580176420151568,21.0,AMAZING,04501151,Hildegardstraße,hoch,hoch,mittel,hoch,mittlerer Status-Index,hoch,mittlerer Status-Index,
10717,52.49060803600309,13.327364720787036,648,Charlottenburg-Wilmersdorf,0.0,100.0,0.0,gut,16.0,505.0,0.0,0.0,,46142.0,Schildhornstraße,3.20017341971468,0.385682326621924,22.1834451901566,,29.878923766816143,25.58968609865471,19.128636363636364,44.0,6471.607475198383,83.0,6945.6164383561645,73.0,11610.076923076924,104.0,Berliner Straße,U7,0.5892280273991084,2.2476641040804264,0.03580176420151568,21.0,AMAZING,04501149,Nikolsburger Platz,mittel,hoch,schlecht,hoch,mittlerer Status-Index,hoch,mittlerer Status-Index,
10719,52.498652269053835,13.325381229396411,613,Charlottenburg-Wilmersdorf,0.0,100.0,0.0,gut,8.0,290.0,1.0,1.0,720.0,46142.0,Schildhornstraße,3.9161258124205696,0.385682326621924,22.1834451901566,,29.878923766816143,25.58968609865471,20.2945,20.0,10442.296551916044,22.0,7078.8421052631575,19.0,,0.0,Uhlandstraße,U1,0.5732812266418568,2.2476641040804264,0.03580176420151568,21.0,AMAZING,04501045,Schaperstraße,mittel,hoch,schlecht,hoch,mittlerer Status-Index,hoch,mittlerer Status-Index,
10777,52.497394963823524,13.342628923252594,578,Tempelhof-Schöneberg,1.5570934256055362,27.508650519031143,70.93425605536332,mittel,10.0,435.0,0.0,0.0,,37192.333333333336,Schildhornstraße,4.823855170049515,0.385682326621924,22.1834451901566,,29.878923766816143,25.58968609865471,17.1,2.0,7391.395814732825,42.0,7575.0,2.0,,0.0,Wittenbergplatz,U1,0.4896188430529414,2.335949367088608,-0.03345188492921582,16.0,OK,07100101,Wittenbergplatz,mittel,hoch,schlecht,hoch,mittlerer Status-Index,hoch,mittlerer Status-Index,
10779,52.49203460413646,13.339628903773988,469,Tempelhof-Schöneberg,0.0,93.81663113006397,6.183368869936034,gut,7.0,325.0,1.0,1.0,288.0,37192.333333333336,Schildhornstraße,4.164835062835595,0.385682326621924,22.1834451901566,,29.878923766816143,25.58968609865471,16.07,6.0,6599.559498547346,18.0,6630.166666666667,18.0,,0.0,Bayerischer Platz,U7,0.7081929324360079,2.335949367088608,-0.03345188492921582,16.0,OK,07200307,Bayerischer Platz,mittel,hoch,schlecht,hoch,mittlerer Status-Index,hoch,mittlerer Status-Index,
10781,52.49340773239437,13.351920713169013,568,Tempelhof-Schöneberg,9.507042253521126,64.96478873239437,25.528169014084508,gut,11.0,588.0,1.0,1.0,1050.0,37192.333333333336,Leipziger Straße,5.151241986428921,,24.150224215246638,,36.27354260089686,27.43946188340807,15.797777777777778,9.0,6853.946287902862,36.0,5838.916666666667,12.0,,0.0,Nollendorfplatz,U1,0.8282066507985542,2.335949367088608,-0.03345188492921582,16.0,OK,07100204,Barbarossaplatz,gering,mittel,schlecht,mittel,mittlerer Status-Index,mittel,mittlerer Status-Index,
10783,52.49637967161351,13.361827570994372,533,Tempelhof-Schöneberg,77.86116322701689,0.0,22.138836772983115,einfach,7.0,335.0,0.0,0.0,,37192.333333333336,Leipziger Straße,4.0092889876065945,,24.150224215246638,,36.27354260089686,27.43946188340807,16.80636363636364,11.0,8889.873581204158,6.0,5692.125,24.0,,0.0,Bülowstraße,U2,0.42870914580458963,2.335949367088608,-0.03345188492921582,16.0,OK,07100205,Alvenslebenstraße,hoch,hoch,mittel,mittel,niedriger/sehr niedriger Status-Index,hoch,niedriger/sehr niedriger Status-Index,Anteil der Adressen mit einfacher Wohnlage größer 66% und hoher Lärm- und/oder hoher Luftbelastung
10785,52.50381865285714,13.363444660068026,882,Mitte,6.802721088435375,22.108843537414966,71.08843537414967,mittel,10.0,806.0,0.0,0.0,,72197.33333333333,Leipziger Straße,3.582844631099223,,24.150224215246638,,36.27354260089686,27.43946188340807,23.918730158730156,63.0,9043.132405798598,33.0,7665.911764705882,136.0,,0.0,Kurfürstenstraße,U1,0.41165300046349407,2.2709377901578467,-0.038485201202942076,16.0,GOOD,01100103,Lützowstraße,mittel,hoch,schlecht,mittel,mittlerer Status-Index,hoch,mittlerer Status-Index,
10787,52.504330152081224,13.346592312715737,394,Mitte,2.030456852791878,58.629441624365484,39.340101522842644,gut,2.0,60.0,0.0,0.0,,72197.33333333333,Wedding,4.955768854594989,,20.615730337078652,36.659909909909906,30.09619686800895,25.991051454138702,22.81680981595092,163.0,9036.125164930452,12.0,7823.503623188406,276.0,13305.959183673469,49.0,Wittenbergplatz,U1,0.5435278580077929,2.2709377901578467,-0.038485201202942076,16.0,GOOD,01100101,Stülerstraße,hoch,hoch,schlecht,hoch,mittlerer Status-Index,hoch,mittlerer Status-Index,
10789,52.50121118335849,13.337549638301887,265,Charlottenburg-Wilmersdorf,0.0,95.84905660377359,4.150943396226415,gut,2.0,220.0,0.0,0.0,,46142.0,Schildhornstraße,4.800334363946789,0.385682326621924,22.1834451901566,,29.878923766816143,25.58968609865471,20.172307692307694,13.0,7311.688479841499,20.0,7805.836734693878,49.0,,0.0,Wittenbergplatz,U1,0.5423427926657048,2.2476641040804264,0.03580176420151568,21.0,AMAZING,04501042,Breitscheidplatz,mittel,hoch,schlecht,hoch,,,,
10823,52.48736398545685,13.351064517969542,394,Tempelhof-Schöneberg,0.0,1.5228426395939088,98.47715736040608,mittel,12.0,585.0,0.0,0.0,,37192.333333333336,Schildhornstraße,4.867924227765714,0.385682326621924,22.1834451901566,,29.878923766816143,25.58968609865471,15.779696969696971,33.0,7109.237888825885,9.0,5380.5,36.0,,0.0,Eisenacher Straße,U7,0.2611462358710698,2.335949367088608,-0.03345188492921582,16.0,OK,07200409,Belziger Straße,mittel,mittel,schlecht,hoch,mittlerer Status-Index,mittel,mittlerer Status-Index,
10825,52.484380407870034,13.341261284620938,554,Tempelhof-Schöneberg,0.0,39.71119133574007,60.28880866425993,mittel,5.0,365.0,0.0,0.0,,37192.333333333336,Schildhornstraße,3.767128467120266,0.385682326621924,22.1834451901566,,29.878923766816143,25.58968609865471,17.471186440677965,59.0,6857.869878943633,14.0,5542.854166666667,96.0,,0.0,Bayerischer Platz,U7,0.18625356296565676,2.335949367088608,-0.03345188492921582,16.0,OK,07200308,Volkspark (Rudolph-Wilde-Park),mittel,hoch,mittel,hoch,mittlerer Status-Index,hoch,mittlerer Status-Index,
10827,52.48413684773886,13.354618968630573,628,Tempelhof-Schöneberg,27.070063694267514,4.617834394904459,68.31210191082803,mittel,15.0,714.0,0.0,0.0,,37192.333333333336,Schildhornstraße,5.058449882954808,0.385682326621924,22.1834451901566,,29.878923766816143,25.58968609865471,15.976122448979593,98.0,5877.492944887613,8.0,5475.922580645161,155.0,,0.0,Eisenacher Straße,U7,0.2796718109343983,2.335949367088608,-0.03345188492921582,16.0,OK,07200410,Feurigstraße,mittel,hoch,schlecht,hoch,niedriger/sehr niedriger Status-Index,hoch,niedriger/sehr niedriger Status-Index,Anteil der Adressen mit einfacher Wohnlage größer 66% und hoher Lärm- und/oder hoher Luftbelastung
10829,52.48247138335964,13.362355494453212,887,Tempelhof-Schöneberg,0.7891770011273956,0.0,99.2108229988726,mittel,22.0,991.0,0.0,0.0,,37192.333333333336,Leipziger Straße,4.790489181649096,,24.150224215246638,,36.27354260089686,27.43946188340807,15.503025210084033,119.0,5334.615667070606,10.0,5475.065306122449,245.0,,0.0,Kleistpark,U7,0.5959348858851278,2.335949367088608,-0.03345188492921582,16.0,OK,07200413,Cheruskerstraße,mittel,mittel,mittel,mittel,mittlerer Status-Index,mittel,mittlerer Status-Index,
10961,52.49250885343195,13.396474131550296,845,Friedrichshain-Kreuzberg,0.0,12.189349112426036,87.81065088757396,mittel,20.0,1028.0,2.0,1.0,288.0,52769.333333333336,Leipziger Straße,2.029559778053608,,24.150224215246638,,36.27354260089686,27.43946188340807,18.236493506493506,77.0,6641.774510413886,51.0,6491.359649122807,114.0,11174.134328358208,67.0,Gneisenaustraße,U7,0.3540476351693435,2.294505494505495,0.019662161759325277,12.0,GOOD,02200210,Urbanstraße,mittel,hoch,schlecht,hoch,mittlerer Status-Index,hoch,mittlerer Status-Index,
10963,52.50019497596184,13.382296688155803,629,Friedrichshain-Kreuzberg,42.60731319554849,9.379968203497615,48.012718600953896,mittel,16.0,939.0,0.0,0.0,,52769.333333333336,Leipziger Straße,1.8297245949725935,,24.150224215246638,,36.27354260089686,27.43946188340807,18.828095238095237,21.0,7512.067145968816,22.0,6657.566037735849,53.0,,0.0,Möckernbrücke,U1,0.13301655850874022,2.294505494505495,0.019662161759325277,12.0,GOOD,02100101,Askanischer Platz,hoch,hoch,gut,mittel,niedriger/sehr niedriger Status-Index,hoch,niedriger/sehr niedriger Status-Index,Anteil der Adressen mit einfacher Wohnlage größer 66% und hoher Lärm- und/oder hoher Luftbelastung
10965,52.487885647976995,13.385887589760307,1043,Friedrichshain-Kreuzberg,0.0,33.17353787152445,66.82646212847555,mittel,28.0,1008.0,2.0,2.0,794.5,52769.333333333336,Leipziger Straße,2.7290846929116492,,24.150224215246638,,36.27354260089686,27.43946188340807,15.670588235294117,17.0,7224.53055771448,23.0,6202.4,20.0,,0.0,Mehringdamm,U7,0.6928927657654858,2.294505494505495,0.019662161759325277,12.0,GOOD,02200209,Viktoriapark,mittel,hoch,gut,hoch,mittlerer Status-Index,hoch,mittlerer Status-Index,
10967,52.491233214138376,13.416570124334203,766,Friedrichshain-Kreuzberg,3.3942558746736298,2.8720626631853787,93.73368146214099,mittel,28.0,1108.0,3.0,3.0,504.0,52769.333333333336,Neukölln,2.3660574809728416,0.4033632286995516,15.896860986547086,37.16704288939052,32.46860986547085,28.233183856502244,18.659074074074073,54.0,7160.595917671545,12.0,6072.414893617021,94.0,,0.0,Schönleinstraße,U8,0.6730680835768893,2.294505494505495,0.019662161759325277,12.0,GOOD,02200213,Graefekiez Nord,gering,mittel,mittel,hoch,mittlerer Status-Index,mittel,mittlerer Status-Index,
10969,52.502935106378644,13.40147422223301,1030,Friedrichshain-Kreuzberg,98.83495145631068,0.2912621359223301,0.8737864077669903,einfach,18.0,1310.0,2.0,2.0,432.0,52769.333333333336,Leipziger Straße,1.1267557617161756,,24.150224215246638,,36.27354260089686,27.43946188340807,18.930154639175257,194.0,6826.071022962787,17.0,6570.571942446043,278.0,11132.280701754386,114.0,Spittelmarkt,U2,0.9288413469843224,2.294505494505495,0.019662161759325277,12.0,GOOD,02100103,Am Berlin Museum,mittel,mittel,schlecht,mittel,niedriger/sehr niedriger Status-Index,mittel,niedriger/sehr niedriger Status-Index,Anteil der Adressen mit einfacher Wohnlage größer 66% und hoher Lärm- und/oder hoher Luftbelastung
10997,52.500713599926065,13.434474501229206,1082,Friedrichshain-Kreuzberg,79.85212569316081,0.0,20.147874306839185,einfach,36.0,1484.0,2.0,2.0,504.0,52769.333333333336,Neukölln,2.173766746519537,0.4033632286995516,15.896860986547086,37.16704288939052,32.46860986547085,28.233183856502244,13.1784,50.0,7219.215254339747,32.0,4748.354838709677,93.0,7925.46875,160.0,Görlitzer Bahnhof,U1,0.692990960497084,2.294505494505495,0.019662161759325277,12.0,GOOD,02300315,Lausitzer Platz,gering,hoch,mittel,hoch,mittlerer Status-Index,hoch,mittlerer Status-Index,Anteil der Adressen mit einfacher Wohnlage größer 66% und hoher Lärm- und/oder hoher Luftbelastung
10999,52.497598493200776,13.425370566770127,1031,Friedrichshain-Kreuzberg,96.70223084384094,0.0,3.2977691561590685,einfach,30.0,1597.0,0.0,0.0,,52769.333333333336,Neukölln,2.135571579426944,0.4033632286995516,15.896860986547086,37.16704288939052,32.46860986547085,28.233183856502244,17.4924,25.0,8862.636867889301,24.0,5797.5,38.0,,0.0,Görlitzer Bahnhof,U1,0.3753089554883104,2.294505494505495,0.019662161759325277,12.0,GOOD,02300417,Reichenberger Straße West,mittel,mittel,gut,hoch,mittlerer Status-Index,mittel,mittlerer Status-Index,Anteil der Adressen mit einfacher Wohnlage größer 66% und hoher Lärm- und/oder hoher Luftbelastung
12043,52.47979749934033,13.437892147211395,667,Neukölln,100.0,0.0,0.0,einfach,14.0,793.0,0.0,0.0,,40211.333333333336,Neukölln,0.31960388365299924,0.4033632286995516,15.896860986547086,37.16704288939052,32.46860986547085,28.233183856502244,12.591375000000001,80.0,7276.691331023225,28.0,4293.863247863248,117.0,,0.0,Rathaus Neukölln,U7,0.26565852386679384,2.4958695652173915,-0.23269837429521148,15.0,BAD,08100415,Ganghoferstraße,mittel,hoch,schlecht,hoch,mittlerer Status-Index,hoch,mittlerer Status-Index,Anteil der Adressen mit einfacher Wohnlage größer 66% und hoher Lärm- und/oder hoher Luftbelastung
12045,52.48495012230229,13.439415020140597,569,Neukölln,100.0,0.0,0.0,einfach,18.0,991.0,1.0,1.0,581.0,40211.333333333336,Neukölln,0.6176906695287849,0.4033632286995516,15.896860986547086,37.16704288939052,32.46860986547085,28.233183856502244,12.301304347826086,138.0,6084.32588347654,8.0,4202.439393939394,198.0,,0.0,Rathaus Neukölln,U7,0.43074074828444425,2.4958695652173915,-0.23269837429521148,15.0,BAD,08100312,Weichselplatz,gering,hoch,schlecht,hoch,mittlerer Status-Index,hoch,mittlerer Status-Index,Anteil der Adressen mit einfacher Wohnlage größer 66% und hoher Lärm- und/oder hoher Luftbelastung
12047,52.49065066869338,13.428233151289199,574,Neukölln,16.72473867595819,0.0,83.27526132404182,mittel,15.0,569.0,1.0,1.0,1082.0,40211.333333333336,Neukölln,1.3176750346582469,0.4033632286995516,15.896860986547086,37.16704288939052,32.46860986547085,28.233183856502244,13.293142857142858,35.0,5122.388272672121,22.0,4426.3442622950815,61.0,,0.0,Schönleinstraße,U8,0.6686683668932533,2.4958695652173915,-0.23269837429521148,15.0,BAD,08100311,Reuterplatz,gering,hoch,schlecht,hoch,mittlerer Status-Index,hoch,mittlerer Status-Index,
12049,52.47738724945559,13.423114116045845,698,Neukölln,59.31232091690545,0.0,40.68767908309456,einfach,24.0,945.0,0.0,0.0,,40211.333333333336,Neukölln,1.4209532126076097,0.4033632286995516,15.896860986547086,37.16704288939052,32.46860986547085,28.233183856502244,13.044705882352941,34.0,6049.406016788382,21.0,4662.661016949152,59.0,7298.188679245283,53.0,Boddinstraße,U8,0.7677283710864902,2.4958695652173915,-0.23269837429521148,15.0,BAD,08100102,Schillerpromenade Nord,gering,mittel,gut,hoch,mittlerer Status-Index,mittel,mittlerer Status-Index,Anteil der Adressen mit einfacher Wohnlage größer 66% und hoher Lärm- und/oder hoher Luftbelastung
12051,52.467073896123544,13.432679533428827,1117,Neukölln,100.0,0.0,0.0,einfach,40.0,2024.0,2.0,1.0,360.0,40211.333333333336,Silbersteinstraße,0.7771850442732082,,30.006726457399104,,41.39237668161435,29.123318385650226,10.4915,20.0,5310.668535142749,13.0,4347.558823529412,34.0,,0.0,Hermannstraße,U8,0.15734837171165073,2.4958695652173915,-0.23269837429521148,15.0,BAD,08100209,Glasower Straße,mittel,hoch,schlecht,hoch,niedriger/sehr niedriger Status-Index,hoch,niedriger/sehr niedriger Status-Index,Anteil der Adressen mit einfacher Wohnlage größer 66% und hoher Lärm- und/oder hoher Luftbelastung
12053,52.47721989880641,13.43224840021834,687,Neukölln,100.0,0.0,0.0,einfach,16.0,948.0,0.0,0.0,,40211.333333333336,Neukölln,0.5557086040594751,0.4033632286995516,15.896860986547086,37.16704288939052,32.46860986547085,28.233183856502244,11.698235294117648,51.0,5310.338546363086,13.0,4226.514705882353,68.0,,0.0,Boddinstraße,U8,0.3795681498170912,2.4958695652173915,-0.23269837429521148,15.0,BAD,08100207,Rollberg,gering,hoch,mittel,mittel,niedriger/sehr niedriger Status-Index,hoch,niedriger/sehr niedriger Status-Index,Anteil der Adressen mit einfacher Wohnlage größer 66% und hoher Lärm- und/oder hoher Luftbelastung
12055,52.4723939053268,13.448023310784313,612,Neukölln,100.0,0.0,0.0,einfach,13.0,713.0,0.0,0.0,,40211.333333333336,Karl-Marx-Straße,1.055751326925751,,21.59550561797753,,34.12107623318386,27.430493273542602,11.072698412698413,63.0,5589.584639379638,16.0,3919.4324324324325,74.0,7525.677966101695,59.0,Karl-Marx-Straße,U7,0.9128728939279475,2.4958695652173915,-0.23269837429521148,15.0,BAD,08100417,Braunschweiger Straße,mittel,hoch,schlecht,hoch,niedriger/sehr niedriger Status-Index,hoch,niedriger/sehr niedriger Status-Index,Anteil der Adressen mit einfacher Wohnlage größer 66% und hoher Lärm- und/oder hoher Luftbelastung
12057,52.466839540882646,13.46707023220662,997,Neukölln,98.79638916750251,0.0,1.2036108324974923,einfach,6.0,702.0,1.0,1.0,576.0,40211.333333333336,Silbersteinstraße,3.0412582912263875,,30.006726457399104,,41.39237668161435,29.123318385650226,11.104855967078189,243.0,4437.5,1.0,3696.8208232445522,413.0,6994.933333333333,120.0,Sonnenallee,S Ringbahn,1.3198496514577247,2.4958695652173915,-0.23269837429521148,15.0,BAD,08100521,Schulenburgpark,hoch,hoch,gut,hoch,niedriger/sehr niedriger Status-Index,hoch,niedriger/sehr niedriger Status-Index,Anteil der Adressen mit einfacher Wohnlage größer 66% und hoher Lärm- und/oder hoher Luftbelastung
12059,52.482329992193804,13.449182828923284,743,Neukölln,99.19246298788694,0.0,0.8075370121130552,einfach,8.0,480.0,1.0,1.0,432.0,40211.333333333336,Karl-Marx-Straße,1.2832812452098818,,21.59550561797753,,34.12107623318386,27.430493273542602,12.381437908496732,153.0,5805.3160662287455,34.0,4206.555555555556,279.0,7661.0192307692305,52.0,Rathaus Neukölln,U7,1.0393998369925654,2.4958695652173915,-0.23269837429521148,15.0,BAD,08100418,Hertzbergplatz,gering,mittel,schlecht,mittel,mittlerer Status-Index,mittel,mittlerer Status-Index,Anteil der Adressen mit einfacher Wohnlage größer 66% und hoher Lärm- und/oder hoher Luftbelastung
12099,52.46178242190356,13.401020360222082,1576,Tempelhof-Schöneberg,54.82233502538071,0.0,45.17766497461929,einfach,10.0,665.0,2.0,2.0,664.0,37192.333333333336,Mariendorfer Damm,2.928403693130878,,20.986577181208055,,35.96188340807175,28.41255605381166,11.46609375,128.0,4203.528054898702,15.0,4046.768558951965,229.0,,0.0,Tempelhof S,S Ringbahn,2.0515961803029232,2.335949367088608,-0.03345188492921582,16.0,OK,07400927,Rathaus Tempelhof,hoch,hoch,mittel,hoch,mittlerer Status-Index,hoch,mittlerer Status-Index,
12101,52.47743507105538,13.379141920370952,1914,Tempelhof-Schöneberg,0.0,0.10449320794148381,99.89550679205851,mittel,11.0,757.0,0.0,0.0,,37192.333333333336,Leipziger Straße,4.092415494748578,,24.150224215246638,,36.27354260089686,27.43946188340807,12.846736842105264,95.0,5184.577922077922,6.0,4479.924528301887,159.0,7438.630769230769,65.0,Tempelhof S,S Ringbahn,0.965937513522978,2.335949367088608,-0.03345188492921582,16.0,OK,07400721,Paradestraße,hoch,mittel,gut,mittel,mittlerer Status-Index,mittel,mittlerer Status-Index,
12103,52.46214513187377,13.37574588493754,1521,Tempelhof-Schöneberg,54.56936226166995,0.0,45.43063773833005,einfach,25.0,1185.0,1.0,1.0,88.0,37192.333333333336,Mariendorfer Damm,2.900770553807551,,20.986577181208055,,35.96188340807175,28.41255605381166,11.58551724137931,145.0,3476.6215193476805,38.0,4050.5,218.0,,0.0,Tempelhof S,S Ringbahn,1.4216987078983234,2.335949367088608,-0.03345188492921582,16.0,OK,07400823,Wittekindstraße,mittel,hoch,schlecht,mittel,mittlerer Status-Index,hoch,mittlerer Status-Index,
12105,52.45035101485517,13.372850588114943,2175,Tempelhof-Schöneberg,30.528735632183906,0.0,69.47126436781609,mittel,18.0,968.0,0.0,0.0,,37192.333333333336,Mariendorfer Damm,2.0860297100667724,,20.986577181208055,,35.96188340807175,28.41255605381166,10.564045801526719,131.0,5062.040604426543,35.0,3590.514450867052,173.0,6712.914893617021,47.0,Tempelhof S,S Ringbahn,2.6593450253203543,2.335949367088608,-0.03345188492921582,16.0,OK,07400826,Marienhöhe,hoch,mittel,gut,gering,mittlerer Status-Index,mittel,mittlerer Status-Index,
12107,52.43006758514324,13.3937239073206,3665,Tempelhof-Schöneberg,32.96043656207367,0.0,67.03956343792633,mittel,15.0,1222.0,0.0,0.0,,37192.333333333336,Mariendorfer Damm,1.1859348299238222,,20.986577181208055,,35.96188340807175,28.41255605381166,10.518108108108109,148.0,5282.090980917416,17.0,3461.091525423729,295.0,,0.0,Tempelhof S,S Ringbahn,4.64554447130302,2.335949367088608,-0.03345188492921582,16.0,OK,07501134,Hundsteinweg,mittel,mittel,gut,gering,mittlerer Status-Index,mittel,mittlerer Status-Index,
12109,52.445701184118626,13.398614458486696,1804,Tempelhof-Schöneberg,52.16186252771619,0.0,47.83813747228381,einfach,7.0,750.0,3.0,2.0,600.0,37192.333333333336,Mariendorfer Damm,1.415344157105512,,20.986577181208055,,35.96188340807175,28.41255605381166,10.514653465346536,101.0,4136.369776802437,14.0,3430.721212121212,165.0,6776.880733944954,109.0,Tempelhof S,S Ringbahn,3.1889733305491705,2.335949367088608,-0.03345188492921582,16.0,OK,07501031,Eisenacher Straße,mittel,mittel,gut,mittel,mittlerer Status-Index,mittel,mittlerer Status-Index,
12157,52.46436760798695,13.342349099841565,1073,Tempelhof-Schöneberg,0.0,0.0,100.0,mittel,11.0,638.0,1.0,1.0,1126.0,37192.333333333336,Schildhornstraße,3.263297398325031,0.385682326621924,22.1834451901566,,29.878923766816143,25.58968609865471,15.494224137931035,116.0,4952.150389312203,84.0,5271.1138613861385,202.0,10097.169811320755,53.0,Innsbrucker Platz,S Ringbahn,1.4489832696534428,2.335949367088608,-0.03345188492921582,16.0,OK,07300619,Grazer Platz,hoch,mittel,schlecht,mittel,mittlerer Status-Index,mittel,mittlerer Status-Index,
12159,52.47334215195228,13.336612936019522,922,Tempelhof-Schöneberg,0.0,100.0,0.0,gut,25.0,1171.0,1.0,1.0,288.0,37192.333333333336,Schildhornstraße,2.7599205131492552,0.385682326621924,22.1834451901566,,29.878923766816143,25.58968609865471,16.945581395348835,86.0,5907.717741622021,40.0,5853.0759493670885,158.0,9582.028571428571,70.0,Innsbrucker Platz,S Ringbahn,0.7136612727049888,2.335949367088608,-0.03345188492921582,16.0,OK,07300517,Perelsplatz,mittel,hoch,schlecht,hoch,mittlerer Status-Index,hoch,mittlerer Status-Index,
12161,52.47024106496116,13.327028348923418,901,Tempelhof-Schöneberg,0.0,100.0,0.0,gut,19.0,852.0,1.0,1.0,504.0,37192.333333333336,Schildhornstraße,1.6417377023298911,0.385682326621924,22.1834451901566,,29.878923766816143,25.58968609865471,16.072980132450333,151.0,6173.166814312976,48.0,5614.479338842975,242.0,10124.42857142857,49.0,Friedenau S,S1,0.38330475563682825,2.335949367088608,-0.03345188492921582,16.0,OK,07300516,Odenwaldstraße,gering,hoch,schlecht,hoch,hoher Status-Index,hoch,hoher Status-Index,
12163,52.462718501540216,13.317911949514416,1318,Steglitz-Zehlendorf,0.0,98.33080424886191,1.669195751138088,gut,12.0,525.0,2.0,1.0,950.0,23979.0,Schildhornstraße,0.6357011725970767,0.385682326621924,22.1834451901566,,29.878923766816143,25.58968609865471,16.4578125,64.0,5836.63811597813,27.0,5222.945945945946,111.0,,0.0,Friedenau S,S1,1.6916748808842632,2.197657952069716,0.06640416966826784,24.0,AMAZING,06100102,Schloßstraße,mittel,hoch,schlecht,hoch,mittlerer Status-Index,hoch,mittlerer Status-Index,
12165,52.455845872195574,13.315841322140221,542,Steglitz-Zehlendorf,0.0,67.34317343173431,32.656826568265686,gut,8.0,453.0,3.0,1.0,664.0,23979.0,Schildhornstraße,1.131026928778794,0.385682326621924,22.1834451901566,,29.878923766816143,25.58968609865471,16.482419354838708,62.0,5098.582724961695,8.0,5069.398148148148,108.0,,0.0,Botanischer Garten,S1,1.7142650596128532,2.197657952069716,0.06640416966826784,24.0,AMAZING,06100101,Fichtenberg,mittel,mittel,gut,mittel,hoher Status-Index,mittel,hoher Status-Index,
12167,52.448912680280856,13.333806097021434,1353,Steglitz-Zehlendorf,0.0,7.908351810790835,92.09164818920917,mittel,11.0,664.0,1.0,1.0,432.0,23979.0,Schildhornstraße,2.964213433479766,0.385682326621924,22.1834451901566,,29.878923766816143,25.58968609865471,13.67025974025974,154.0,5199.909198039076,45.0,4626.297491039427,279.0,9197.291666666666,72.0,Friedenau S,S1,2.5972830829437843,2.197657952069716,0.06640416966826784,24.0,AMAZING,06100206,Stadtpark,mittel,mittel,gut,mittel,mittlerer Status-Index,mittel,mittlerer Status-Index,
12169,52.45423190916548,13.342631400420828,1402,Steglitz-Zehlendorf,0.0,22.89586305278174,77.10413694721827,mittel,11.0,611.0,1.0,1.0,478.0,23979.0,Schildhornstraße,3.526199813873977,0.385682326621924,22.1834451901566,,29.878923766816143,25.58968609865471,13.200864197530864,81.0,4902.241896099049,45.0,4805.1869918699185,123.0,,0.0,Friedenau S,S1,2.419844115720778,2.197657952069716,0.06640416966826784,24.0,AMAZING,06100204,Munsterdamm,mittel,mittel,gut,gering,mittlerer Status-Index,mittel,mittlerer Status-Index,
12203,52.44401447090869,13.309227549134993,2289,Steglitz-Zehlendorf,0.0,52.94888597640891,47.05111402359109,gut,17.0,1248.0,3.0,3.0,576.0,23979.0,Schildhornstraße,2.434538146562876,0.385682326621924,22.1834451901566,,29.878923766816143,25.58968609865471,15.825932203389831,118.0,5632.469913776213,46.0,5300.802030456853,197.0,9100.923076923076,117.0,Botanischer Garten,S1,0.22502828402109143,2.197657952069716,0.06640416966826784,24.0,AMAZING,06300633,Augustaplatz,mittel,mittel,gut,gering,mittlerer Status-Index,mittel,mittlerer Status-Index,
12205,52.43274793284079,13.294722644890738,2883,Steglitz-Zehlendorf,0.0,46.89559486645855,53.104405133541455,mittel,12.0,570.0,1.0,1.0,581.0,23979.0,Schildhornstraße,4.174072199266439,0.385682326621924,22.1834451901566,,29.878923766816143,25.58968609865471,14.769589041095891,146.0,5900.106169069587,22.0,4985.179775280899,267.0,,0.0,Lichterfelde West,S1,0.8788965233003234,2.197657952069716,0.06640416966826784,24.0,AMAZING,06300634,Lichterfelde West,mittel,mittel,gut,gering,hoher Status-Index,mittel,hoher Status-Index,
12207,52.422498992404755,13.31239756054876,2861,Steglitz-Zehlendorf,22.649423278573924,9.192590003495281,68.1579867179308,mittel,14.0,1219.0,5.0,4.0,625.0,23979.0,Schildhornstraße,4.787352166126168,0.385682326621924,22.1834451901566,,29.878923766816143,25.58968609865471,14.72987261146497,157.0,4232.537608172352,40.0,4593.261603375528,237.0,9348.833333333334,120.0,Botanischer Garten,S1,2.197218896795353,2.197657952069716,0.06640416966826784,24.0,AMAZING,06200421,Königsberger Straße,mittel,mittel,gut,gering,mittlerer Status-Index,mittel,mittlerer Status-Index,
12209,52.41734639069934,13.329752351933653,3346,Steglitz-Zehlendorf,0.0,0.08965929468021519,99.91034070531978,mittel,10.0,678.0,1.0,1.0,360.0,23979.0,Marienfelde,4.123289348380084,,14.078299776286354,37.146067415730336,,,12.826285714285715,35.0,4735.266627397588,22.0,4264.1,40.0,,0.0,Botanischer Garten,S1,3.576992114673865,2.197657952069716,0.06640416966826784,24.0,AMAZING,06200423,Schütte-Lanz-Straße,gering,mittel,gut,gering,mittlerer Status-Index,mittel,mittlerer Status-Index,
12247,52.43938804506869,13.347203028062697,2839,Steglitz-Zehlendorf,0.0,17.47094047199718,82.52905952800282,mittel,11.0,706.0,1.0,1.0,576.0,23979.0,Marienfelde,3.672691788086715,,14.078299776286354,37.146067415730336,,,12.182935779816514,218.0,4316.699615786205,26.0,4152.119658119658,351.0,8199.46794871795,156.0,Friedenau S,S1,4.092700775852444,2.197657952069716,0.06640416966826784,24.0,AMAZING,06200313,Lankwitz Kirche,mittel,mittel,gut,gering,mittlerer Status-Index,mittel,mittlerer Status-Index,
12249,52.425297498804746,13.35130633476971,3539,Steglitz-Zehlendorf,1.8366770274088724,0.028256569652444195,98.13506640293869,mittel,17.0,1300.0,3.0,2.0,664.0,23979.0,Marienfelde,2.2073672207381367,,14.078299776286354,37.146067415730336,,,11.343076923076922,65.0,4010.6059884380443,11.0,3815.8253968253966,126.0,,0.0,Botanischer Garten,S1,5.0487304083208135,2.197657952069716,0.06640416966826784,24.0,AMAZING,06200315,Gallwitzallee,gering,mittel,gut,gering,mittlerer Status-Index,mittel,mittlerer Status-Index,
12277,52.41681719649002,13.37366535435162,3208,Tempelhof-Schöneberg,53.74064837905237,0.0,46.25935162094763,einfach,10.0,791.0,0.0,0.0,,37192.333333333336,Marienfelde,0.9154684823783896,,14.078299776286354,37.146067415730336,,,10.286704980842911,261.0,3892.1997586142274,26.0,3136.217289719626,428.0,6616.05,60.0,Tempelhof S,S Ringbahn,6.144479557513507,2.335949367088608,-0.03345188492921582,16.0,OK,07601237,Kirchstraße,mittel,mittel,gut,mittel,hoher Status-Index,mittel,hoher Status-Index,
12279,52.411218824566255,13.353063633775024,1049,Tempelhof-Schöneberg,97.3307912297426,0.0,2.669208770257388,einfach,13.0,777.0,5.0,3.0,1135.0,37192.333333333336,Marienfelde,1.5091486861655012,,14.078299776286354,37.146067415730336,,,9.94808988764045,89.0,4129.425756601386,10.0,3158.369230769231,130.0,6320.916666666667,144.0,Botanischer Garten,S1,5.96627280146543,2.335949367088608,-0.03345188492921582,16.0,OK,07601340,Tirschenreuther Ring Ost,mittel,hoch,mittel,gering,niedriger/sehr niedriger Status-Index,hoch,niedriger/sehr niedriger Status-Index,Anteil der Adressen mit einfacher Wohnlage größer 66% und hoher Lärm- und/oder hoher Luftbelastung
12305,52.40445589533319,13.402092102930323,4607,Tempelhof-Schöneberg,22.313870197525503,0.0,77.6861298024745,mittel,12.0,886.0,4.0,3.0,648.0,37192.333333333336,Marienfelde,4.042338303442623,,14.078299776286354,37.146067415730336,,,9.160915032679737,153.0,4426.691224672388,23.0,2905.251937984496,258.0,6146.518518518518,54.0,Britz-Süd,U7,6.046839437291611,2.335949367088608,-0.03345188492921582,16.0,OK,07601442,Kettinger Straße,mittel,mittel,gut,gering,mittlerer Status-Index,mittel,mittlerer Status-Index,
12307,52.387838326358946,13.394145730561927,3488,Tempelhof-Schöneberg,0.0,7.16743119266055,92.83256880733946,mittel,9.0,525.0,0.0,0.0,,37192.333333333336,Marienfelde,4.1103171010835995,,14.078299776286354,37.146067415730336,,,9.724926470588235,136.0,4384.200587382668,23.0,2893.940909090909,220.0,,0.0,Britz-Süd,U7,7.953732861736387,2.335949367088608,-0.03345188492921582,16.0,OK,07601546,Franziusweg,gering,mittel,gut,gering,hoher Status-Index,mittel,hoher Status-Index,
12309,52.39136630449851,13.417151188861302,3021,Tempelhof-Schöneberg,27.507447864945384,0.0,72.49255213505462,mittel,16.0,1097.0,1.0,1.0,576.0,37192.333333333336,Marienfelde,6.085947555904657,,14.078299776286354,37.146067415730336,,,9.305074626865672,67.0,3834.878058459327,8.0,3035.214285714286,112.0,6066.1875,64.0,Johannisthaler Chaussee,U7,5.858097385523883,2.335949367088608,-0.03345188492921582,16.0,OK,07601545,Nahariyastraße,gering,mittel,gut,gering,niedriger/sehr niedriger Status-Index,mittel,niedriger/sehr niedriger Status-Index,Anteil der Adressen mit einfacher Wohnlage größer 66% und hoher Lärm- und/oder hoher Luftbelastung
12347,52.45098283950812,13.430001055164734,2155,Neukölln,93.22505800464037,0.0,6.7749419953596295,einfach,15.0,896.0,1.0,1.0,432.0,40211.333333333336,Silbersteinstraße,2.1095817317743655,,30.006726457399104,,41.39237668161435,29.123318385650226,10.101224489795918,98.0,4752.09246445372,23.0,3264.6700507614214,197.0,,0.0,Blaschkoallee,U7,1.6438596286493357,2.4958695652173915,-0.23269837429521148,15.0,BAD,08200725,Mohriner Allee Nord,gering,mittel,gut,mittel,mittlerer Status-Index,mittel,mittlerer Status-Index,Anteil der Adressen mit einfacher Wohnlage größer 66% und hoher Lärm- und/oder hoher Luftbelastung
12349,52.42115351252129,13.419042396289031,3875,Neukölln,92.59354838709677,0.0,7.406451612903226,einfach,15.0,1227.0,4.0,4.0,830.0,40211.333333333336,Mariendorfer Damm,3.991902614111019,,20.986577181208055,,35.96188340807175,28.41255605381166,8.928198198198197,111.0,4740.173266044914,13.0,3022.843434343434,198.0,,0.0,Britz-Süd,U7,3.4204079403654273,2.4958695652173915,-0.23269837429521148,15.0,BAD,08200832,Buckow Mitte,gering,mittel,gut,gering,mittlerer Status-Index,mittel,mittlerer Status-Index,Anteil der Adressen mit einfacher Wohnlage größer 66% und hoher Lärm- und/oder hoher Luftbelastung
12351,52.43342921546293,13.45620571042259,2603,Neukölln,77.10334229734922,0.0,22.89665770265079,einfach,10.0,997.0,2.0,2.0,360.0,40211.333333333336,Silbersteinstraße,4.187575492527417,,30.006726457399104,,41.39237668161435,29.123318385650226,8.793606557377048,244.0,4083.7755597090854,17.0,2837.959523809524,420.0,,0.0,Johannisthaler Chaussee,U7,0.5391114470237717,2.4958695652173915,-0.23269837429521148,15.0,BAD,08401139,Vogelviertel Süd,mittel,mittel,gut,mittel,mittlerer Status-Index,mittel,mittlerer Status-Index,Anteil der Adressen mit einfacher Wohnlage größer 66% und hoher Lärm- und/oder hoher Luftbelastung
12353,52.42198379961081,13.455024194405405,1850,Neukölln,90.75675675675676,0.0,9.243243243243244,einfach,16.0,1361.0,2.0,2.0,500.0,40211.333333333336,Silbersteinstraße,5.315090670771592,,30.006726457399104,,41.39237668161435,29.123318385650226,8.967676056338028,284.0,4511.315718122973,6.0,2821.6552567237163,409.0,,0.0,Johannisthaler Chaussee,U7,1.0555955340664647,2.4958695652173915,-0.23269837429521148,15.0,BAD,08200833,Buckow Ost,gering,mittel,mittel,gering,mittlerer Status-Index,mittel,mittlerer Status-Index,Anteil der Adressen mit einfacher Wohnlage größer 66% und hoher Lärm- und/oder hoher Luftbelastung
12355,52.41149391480447,13.494783536468686,6802,Neukölln,24.184063510732138,0.0,75.81593648926787,mittel,15.0,1425.0,2.0,2.0,1025.0,40211.333333333336,Karlshorst,8.69495694299139,,13.791479820627803,,,,10.392991071428572,224.0,4168.325191458052,16.0,3061.3078880407124,393.0,,0.0,Rudow,U7,0.8963644554649765,2.4958695652173915,-0.23269837429521148,15.0,BAD,08401244,Waßmannsdorfer Chaussee,gering,mittel,gut,gering,hoher Status-Index,mittel,hoher Status-Index,
12357,52.42962185491928,13.488867893338082,4212,Neukölln,4.226020892687559,0.0,95.77397910731244,mittel,7.0,399.0,2.0,1.0,1025.0,40211.333333333336,Silbersteinstraße,6.8807233648285395,,30.006726457399104,,41.39237668161435,29.123318385650226,9.612162162162162,222.0,4506.022934661287,9.0,2961.50146627566,341.0,,0.0,Rudow,U7,1.2961320198984954,2.4958695652173915,-0.23269837429521148,15.0,BAD,08401241,Blumenviertel,mittel,hoch,gut,gering,mittlerer Status-Index,hoch,mittlerer Status-Index,
12359,52.44617078979008,13.450053489363011,2763,Neukölln,98.95041621425986,0.0,1.0495837857401376,einfach,17.0,1068.0,4.0,3.0,996.0,40211.333333333336,Silbersteinstraße,2.6170406804161273,,30.006726457399104,,41.39237668161435,29.123318385650226,9.567021276595744,235.0,4250.3429162453685,7.0,3254.5045454545457,440.0,5933.778761061947,226.0,Parchimer Allee,U7,0.5449932577828166,2.4958695652173915,-0.23269837429521148,15.0,BAD,08200726,Hufeisensiedlung,mittel,hoch,gut,mittel,mittlerer Status-Index,hoch,mittlerer Status-Index,Anteil der Adressen mit einfacher Wohnlage größer 66% und hoher Lärm- und/oder hoher Luftbelastung
12435,52.487369034318185,13.459331332239058,1188,Treptow-Köpenick,19.36026936026936,3.0303030303030303,77.60942760942761,mittel,14.0,940.0,4.0,3.0,1332.0,24610.0,Karl-Marx-Straße,2.5383609740437896,,21.59550561797753,,34.12107623318386,27.430493273542602,12.11004132231405,484.0,5345.580635039477,14.0,4113.968513853904,794.0,7306.955844155844,385.0,Treptower Park,S Ringbahn,0.8411781037784147,2.3066258919469926,-0.012517612358741983,14.0,OK,09100202,Plänterwald West,hoch,mittel,gut,mittel,mittlerer Status-Index,mittel,mittlerer Status-Index,
12437,52.46104152441209,13.4818068174008,2747,Treptow-Köpenick,16.85475063705861,0.10921004732435385,83.03603931561703,mittel,16.0,1045.0,4.0,3.0,720.0,24610.0,Silbersteinstraße,4.728498380875481,,30.006726457399104,,41.39237668161435,29.123318385650226,10.81995951417004,247.0,3789.2818178066104,18.0,3510.896162528217,443.0,7336.9682539682535,63.0,Sonnenallee,S Ringbahn,3.066805039944465,2.3066258919469926,-0.012517612358741983,14.0,OK,09100304,Baumschulenweg West,mittel,mittel,mittel,mittel,mittlerer Status-Index,mittel,mittlerer Status-Index,
12439,52.452094789136424,13.5285845228955,1378,Treptow-Köpenick,73.29462989840349,0.0,26.705370101596515,einfach,16.0,933.0,1.0,1.0,504.0,24610.0,Karlshorst,3.6219767803233456,,13.791479820627803,,,,11.404736842105264,38.0,3995.6436991762366,16.0,3268.1,50.0,,0.0,Rudow,U7,5.715389949696048,2.3066258919469926,-0.012517612358741983,14.0,OK,09200613,Bahnhof Schöneweide,hoch,hoch,mittel,mittel,mittlerer Status-Index,hoch,mittlerer Status-Index,
12459,52.464213278845236,13.51970394447619,1680,Treptow-Köpenick,56.547619047619044,0.35714285714285715,43.095238095238095,einfach,20.0,1388.0,3.0,3.0,432.0,24610.0,Karlshorst,2.275207370846468,,13.791479820627803,,,,10.798387096774194,31.0,4852.8268760649935,13.0,3270.266666666667,45.0,,0.0,Rudow,U7,6.09792364393222,2.3066258919469926,-0.012517612358741983,14.0,OK,09200511,Griechischer Park,gering,mittel,mittel,hoch,mittlerer Status-Index,mittel,mittlerer Status-Index,
12487,52.4418208012142,13.505481496120797,3212,Treptow-Köpenick,17.4346201743462,0.0,82.56537982565379,mittel,18.0,1367.0,1.0,1.0,792.0,24610.0,Karlshorst,5.129597367971135,,13.791479820627803,,,,9.735,8.0,3784.452989101252,25.0,3104.75,28.0,,0.0,Rudow,U7,3.15346935175032,2.3066258919469926,-0.012517612358741983,14.0,OK,09100408,Johannisthal Ost,mittel,mittel,gut,mittel,mittlerer Status-Index,mittel,mittlerer Status-Index,
12489,52.438411208861815,13.54573153622694,2873,Treptow-Köpenick,15.349808562478245,0.0,84.65019143752176,mittel,15.0,964.0,2.0,2.0,1332.0,24610.0,Karlshorst,5.659827408598399,,13.791479820627803,,,,11.01080495356037,323.0,4640.01105125292,44.0,3324.7022767075305,571.0,7040.657407407408,108.0,Rudow,U7,6.588036160748898,2.3066258919469926,-0.012517612358741983,14.0,OK,09200716,Dörpfeldstraße West,hoch,mittel,mittel,mittel,mittlerer Status-Index,mittel,mittlerer Status-Index,
12524,52.41230838373405,13.5419660687355,6896,Treptow-Köpenick,37.398491879350345,0.0,62.601508120649655,mittel,21.0,1722.0,4.0,4.0,975.0,24610.0,Karlshorst,8.251721168425899,,13.791479820627803,,,,10.42969696969697,66.0,4501.11293533782,16.0,3116.849557522124,113.0,,0.0,Rudow,U7,5.8027279608703175,2.3066258919469926,-0.012517612358741983,14.0,OK,09300920,Dorf Altglienicke,mittel,mittel,gut,gering,mittlerer Status-Index,mittel,mittlerer Status-Index,
12526,52.39815422824485,13.57040292870706,4803,Treptow-Köpenick,95.14886529252551,0.0,4.851134707474495,einfach,8.0,502.0,1.0,1.0,576.0,24610.0,Friedrichshagen,8.413711034963509,,8.824074074074074,46.292343387471,24.4292343387471,21.317865429234338,10.432713567839196,199.0,4261.987290255082,5.0,2994.0114285714285,350.0,6631.131147540984,122.0,Rudow,U7,9.192573148621358,2.3066258919469926,-0.012517612358741983,14.0,OK,09301025,Alt-Bohnsdorf,hoch,mittel,gut,gering,mittlerer Status-Index,mittel,mittlerer Status-Index,Anteil der Adressen mit einfacher Wohnlage größer 66% und hoher Lärm- und/oder hoher Luftbelastung
12527,52.395490304069526,13.610895730087643,3423,Treptow-Köpenick,64.85539000876425,0.35056967572305,34.79404031551271,einfach,11.0,658.0,1.0,1.0,932.0,24610.0,Friedrichshagen,6.220541825414288,,8.824074074074074,46.292343387471,24.4292343387471,21.317865429234338,10.504358974358976,156.0,5261.767237528145,23.0,3022.1552346570397,277.0,7130.265306122449,49.0,Rudow,U7,13.650050494566715,2.3066258919469926,-0.012517612358741983,14.0,OK,09301126,Grünau,mittel,gering,gut,gering,mittlerer Status-Index,gering,mittlerer Status-Index,
12555,52.460759060836374,13.578975003770106,4663,Treptow-Köpenick,4.760883551361784,2.4876688826935447,92.75144756594467,mittel,27.0,2110.0,3.0,3.0,850.0,24610.0,Friedrichshagen,5.399802172701464,,8.824074074074074,46.292343387471,24.4292343387471,21.317865429234338,10.636118421052632,152.0,5469.171024853671,50.0,3154.7991967871485,249.0,6939.3005464480875,183.0,Rudow,U7,10.957498445722363,2.3066258919469926,-0.012517612358741983,14.0,OK,09502043,Dammheide,mittel,gering,gut,gering,mittlerer Status-Index,gering,mittlerer Status-Index,
12557,52.432062802433364,13.585123750666337,4052,Treptow-Köpenick,26.061204343534055,8.637709772951629,65.3010858835143,mittel,14.0,1060.0,2.0,2.0,576.0,24610.0,Friedrichshagen,4.9555135767035186,,8.824074074074074,46.292343387471,24.4292343387471,21.317865429234338,10.698498023715414,253.0,6723.260368681036,33.0,3125.2389791183296,431.0,,0.0,Rudow,U7,10.673497245077867,2.3066258919469926,-0.012517612358741983,14.0,OK,09401329,Kietzer Feld/Nachtheide,gering,gering,gut,gering,mittlerer Status-Index,gering,mittlerer Status-Index,
12559,52.42047188485095,13.654541787948268,4562,Treptow-Köpenick,45.83516001753617,0.3726435773783428,53.79219640508549,mittel,7.0,629.0,4.0,3.0,582.0,24610.0,Friedrichshagen,4.488108371179062,,8.824074074074074,46.292343387471,24.4292343387471,21.317865429234338,9.792857142857143,210.0,4382.541664176697,6.0,2903.252077562327,361.0,,0.0,Rudow,U7,18.26619932345106,2.3066258919469926,-0.012517612358741983,14.0,OK,09401329,Kietzer Feld/Nachtheide,gering,gering,gut,gering,mittlerer Status-Index,gering,mittlerer Status-Index,
12587,52.45242355675515,13.622748301728956,2863,Treptow-Köpenick,0.0,69.22808243101642,30.771917568983582,gut,15.0,1132.0,5.0,4.0,500.0,24610.0,Friedrichshagen,0.516836688836449,,8.824074074074074,46.292343387471,24.4292343387471,21.317865429234338,11.859351351351352,370.0,6379.214158247782,16.0,3407.873873873874,555.0,7499.453608247422,97.0,Rudow,U7,15.22242396173969,2.3066258919469926,-0.012517612358741983,14.0,OK,09501737,Alt-Friedrichshagen,gering,gering,mittel,gering,mittlerer Status-Index,gering,mittlerer Status-Index,
12589,52.435177643191714,13.705785231134353,4637,Treptow-Köpenick,100.0,0.0,0.0,einfach,9.0,537.0,1.0,1.0,576.0,24610.0,Friedrichshagen,8.965618225041093,,8.824074074074074,46.292343387471,24.4292343387471,21.317865429234338,9.735084745762713,118.0,5889.515455304929,3.0,2743.854271356784,199.0,6384.898550724638,69.0,Rudow,U7,24.02793322617994,2.3066258919469926,-0.012517612358741983,14.0,OK,09501838,Rahnsdorf,gering,gering,gut,gering,hoher Status-Index,gering,hoher Status-Index,Anteil der Adressen mit einfacher Wohnlage größer 66% und hoher Lärm- und/oder hoher Luftbelastung
12619,52.52369674144907,13.58980020278879,1463,Marzahn-Hellersdorf,37.45727956254272,0.0,62.54272043745728,mittel,16.0,1766.0,3.0,2.0,830.0,21410.333333333332,Karlshorst,8.55020004653626,,13.791479820627803,,,,6.5298823529411765,85.0,3749.0214708441313,4.0,1918.3846153846155,104.0,,0.0,Storkower Straße,S Ringbahn,12.743057196874679,2.379207920792081,-0.07882512881069702,10.0,BAD,10200630,Cecilienplatz,gering,hoch,mittel,gering,mittlerer Status-Index,hoch,mittlerer Status-Index,
12621,52.505151593044125,13.588440590579323,7457,Marzahn-Hellersdorf,0.0,0.5095883062893926,99.49041169371061,mittel,11.0,735.0,3.0,2.0,504.0,21410.333333333332,Friedrichshagen,7.480503858156803,,8.824074074074074,46.292343387471,24.4292343387471,21.317865429234338,7.216616541353384,266.0,4601.575054202271,2.0,2162.0800865800866,462.0,4853.5,120.0,Frankfurter Allee,S Ringbahn,12.649352493979416,2.379207920792081,-0.07882512881069702,10.0,BAD,10400836,Alt-Kaulsdorf,mittel,mittel,gut,gering,,,,
12623,52.50164537530033,13.615830352909216,13086,Marzahn-Hellersdorf,0.0,75.63044475011462,24.369555249885373,gut,20.0,1426.0,4.0,4.0,576.0,21410.333333333332,Friedrichshagen,5.916064657190296,,8.824074074074074,46.292343387471,24.4292343387471,21.317865429234338,7.005459183673469,392.0,5105.1466432357665,8.0,2083.7295208655332,647.0,4708.8133333333335,150.0,Frankfurter Allee,S Ringbahn,15.713163901310256,2.379207920792081,-0.07882512881069702,10.0,BAD,10400941,Pilgramer Straße,gering,mittel,gut,gering,hoher Status-Index,mittel,hoher Status-Index,
12627,52.536542868813314,13.611192211765557,2073,Marzahn-Hellersdorf,86.10709117221418,0.0,13.892908827785819,einfach,29.0,2713.0,8.0,8.0,864.0,21410.333333333332,Friedrichshagen,9.818769161399002,,8.824074074074074,46.292343387471,24.4292343387471,21.317865429234338,6.039128630705394,241.0,3242.915248853766,6.0,1756.6372795969774,397.0,4045.9180327868853,61.0,Storkower Straße,S Ringbahn,15.191893191189877,2.379207920792081,-0.07882512881069702,10.0,BAD,10200524,Adele-Sandrock-Straße,gering,mittel,gut,mittel,mittlerer Status-Index,mittel,mittlerer Status-Index,
12629,52.541547819952385,13.590921502095238,840,Marzahn-Hellersdorf,100.0,0.0,0.0,einfach,9.0,912.0,2.0,2.0,1000.0,21410.333333333332,Karlshorst,9.807638372566364,,13.791479820627803,,,,6.147676767676768,99.0,,0.0,1717.5323741007194,139.0,3989.4561403508774,57.0,Storkower Straße,S Ringbahn,13.030953852257388,2.379207920792081,-0.07882512881069702,10.0,BAD,10200418,Kyritzer Straße,gering,mittel,gut,mittel,mittlerer Status-Index,mittel,mittlerer Status-Index,Anteil der Adressen mit einfacher Wohnlage größer 66% und hoher Lärm- und/oder hoher Luftbelastung
12679,52.549158293333335,13.564591661139785,930,Marzahn-Hellersdorf,96.66666666666667,0.0,3.3333333333333335,einfach,12.0,1523.0,3.0,3.0,1162.0,21410.333333333332,Karlshorst,8.513770025843684,,13.791479820627803,,,,6.281325301204819,83.0,3549.5557362730037,3.0,2016.6808510638298,141.0,,0.0,Storkower Straße,S Ringbahn,10.35988757905837,2.379207920792081,-0.07882512881069702,10.0,BAD,10100209,Lea-Grundig-Straße,mittel,hoch,mittel,gering,mittlerer Status-Index,hoch,mittlerer Status-Index,Anteil der Adressen mit einfacher Wohnlage größer 66% und hoher Lärm- und/oder hoher Luftbelastung
12681,52.525809687329584,13.534796710475298,1599,Marzahn-Hellersdorf,13.070669168230145,0.0,86.92933083176986,mittel,14.0,1094.0,2.0,1.0,288.0,21410.333333333332,Karlshorst,4.768416077216161,,13.791479820627803,,,,8.197557251908396,131.0,5650.724637681159,1.0,2403.968253968254,189.0,5036.276595744681,47.0,Storkower Straße,S Ringbahn,6.644757915538002,2.379207920792081,-0.07882512881069702,10.0,BAD,10100311,Marzahner Chaussee,hoch,mittel,gut,gering,mittlerer Status-Index,mittel,mittlerer Status-Index,Anteil der Adressen mit einfacher Wohnlage größer 66% und hoher Lärm- und/oder hoher Luftbelastung
12683,52.50746211441982,13.559243396020046,8980,Marzahn-Hellersdorf,6.737193763919821,0.0,93.26280623608018,mittel,21.0,1573.0,6.0,4.0,784.0,21410.333333333332,Karlshorst,4.717398492407527,,13.791479820627803,,,,7.241528239202657,301.0,4898.896222464127,9.0,2292.1666666666665,510.0,,0.0,Frankfurter Allee,S Ringbahn,9.39891820836436,2.379207920792081,-0.07882512881069702,10.0,BAD,10300733,Alt-Biesdorf,hoch,mittel,gut,gering,hoher Status-Index,mittel,hoher Status-Index,
12685,52.5395213005971,13.556977091397103,1725,Marzahn-Hellersdorf,88.17391304347825,0.0,11.826086956521738,einfach,9.0,781.0,5.0,3.0,720.0,21410.333333333332,Karlshorst,7.159312499276048,,13.791479820627803,,,,6.432227272727272,220.0,4545.80324242478,7.0,1985.4686648501363,367.0,4377.326923076923,52.0,Storkower Straße,S Ringbahn,9.28241233995903,2.379207920792081,-0.07882512881069702,10.0,BAD,10100314,Auersbergstraße,mittel,hoch,gut,gering,mittlerer Status-Index,hoch,mittlerer Status-Index,Anteil der Adressen mit einfacher Wohnlage größer 66% und hoher Lärm- und/oder hoher Luftbelastung
12687,52.55652576380358,13.565189156946428,560,Marzahn-Hellersdorf,100.0,0.0,0.0,einfach,11.0,1129.0,2.0,2.0,1220.0,21410.333333333332,Karlshorst,9.24818630788639,,13.791479820627803,,,,6.4861538461538455,13.0,,0.0,1918.148148148148,27.0,,0.0,Storkower Straße,S Ringbahn,10.680288758778824,2.379207920792081,-0.07882512881069702,10.0,BAD,10100206,Wuhletalstraße,mittel,hoch,gut,gering,mittlerer Status-Index,hoch,mittlerer Status-Index,Anteil der Adressen mit einfacher Wohnlage größer 66% und hoher Lärm- und/oder hoher Luftbelastung
12689,52.56784566514535,13.565616561434108,1032,Marzahn-Hellersdorf,100.0,0.0,0.0,einfach,13.0,1398.0,3.0,3.0,550.0,21410.333333333332,Karlshorst,10.377094170966624,,13.791479820627803,,,,8.3625,8.0,3805.094598879611,2.0,2107.0,10.0,,0.0,Storkower Straße,S Ringbahn,11.222805332038853,2.379207920792081,-0.07882512881069702,10.0,BAD,10100103,Wittenberger Straße,gering,hoch,gut,gering,niedriger/sehr niedriger Status-Index,hoch,niedriger/sehr niedriger Status-Index,Anteil der Adressen mit einfacher Wohnlage größer 66% und hoher Lärm- und/oder hoher Luftbelastung
13051,52.56975435251313,13.493952467136602,1142,Lichtenberg,75.21891418563924,0.0,24.78108581436077,einfach,10.0,1195.0,7.0,5.0,1501.0,25746.333333333332,Frankfurter Allee,6.560848555624455,0.4040358744394619,22.213483146067414,34.0945945945946,36.60538116591928,28.45964125560538,7.961217228464419,534.0,3876.251169212422,7.0,2402.0586797066017,818.0,5094.868571428571,175.0,Landsberger Allee,S Ringbahn,5.1382666876800185,2.29593253968254,0.050219610312290296,13.0,OK,11100308,Zingster Straße West,gering,mittel,gut,gering,niedriger/sehr niedriger Status-Index,mittel,niedriger/sehr niedriger Status-Index,Anteil der Adressen mit einfacher Wohnlage größer 66% und hoher Lärm- und/oder hoher Luftbelastung
13053,52.55183279804768,13.505098723910683,3314,Lichtenberg,63.126131563065776,0.0,36.873868436934224,einfach,15.0,1354.0,6.0,5.0,1584.0,25746.333333333332,Frankfurter Allee,5.369308830103598,0.4040358744394619,22.213483146067414,34.0945945945946,36.60538116591928,28.45964125560538,8.295034013605441,147.0,5313.5605318476155,9.0,2568.4756554307114,267.0,,0.0,Landsberger Allee,S Ringbahn,4.463334970377351,2.29593253968254,0.050219610312290296,13.0,OK,11200410,Malchower Weg,mittel,hoch,gut,mittel,mittlerer Status-Index,hoch,mittlerer Status-Index,Anteil der Adressen mit einfacher Wohnlage größer 66% und hoher Lärm- und/oder hoher Luftbelastung
13055,52.5399301400097,13.49669125506065,2061,Lichtenberg,3.008248423095585,0.0,96.99175157690442,mittel,17.0,2048.0,5.0,5.0,875.0,25746.333333333332,Frankfurter Allee,3.7541149551855946,0.4040358744394619,22.213483146067414,34.0945945945946,36.60538116591928,28.45964125560538,10.962,10.0,4021.09060532151,5.0,4087.809523809524,21.0,,0.0,Landsberger Allee,S Ringbahn,2.997259065067643,2.29593253968254,0.050219610312290296,13.0,OK,11200513,Große-Leege-Straße,gering,hoch,schlecht,mittel,mittlerer Status-Index,hoch,mittlerer Status-Index,
13057,52.57070613531565,13.54736120830177,1584,Lichtenberg,100.0,0.0,0.0,einfach,10.0,1093.0,3.0,3.0,1116.0,25746.333333333332,Buch,9.018600396678268,,10.353467561521253,41.49217002237136,22.517937219730943,19.87219730941704,7.24408163265306,147.0,3764.3100231374715,2.0,2192.0510204081634,294.0,4837.428571428572,56.0,Landsberger Allee,S Ringbahn,9.560646855217177,2.29593253968254,0.050219610312290296,13.0,OK,11100102,Dorf Falkenberg,gering,gering,gut,gering,mittlerer Status-Index,gering,mittlerer Status-Index,Anteil der Adressen mit einfacher Wohnlage größer 66% und hoher Lärm- und/oder hoher Luftbelastung
13059,52.577873629326426,13.521616569029675,2123,Lichtenberg,29.81629769194536,0.0,70.18370230805463,mittel,9.0,1075.0,1.0,1.0,360.0,25746.333333333332,Buch,6.956466093200903,,10.353467561521253,41.49217002237136,22.517937219730943,19.87219730941704,7.4274949083503055,491.0,3827.1346524813457,6.0,2196.651817116061,853.0,4983.866279069767,172.0,Landsberger Allee,S Ringbahn,7.730602603056431,2.29593253968254,0.050219610312290296,13.0,OK,11100101,Dörfer Malchow-Wartenberg,gering,gering,gut,gering,hoher Status-Index,gering,hoher Status-Index,
13086,52.55579668663757,13.446637308910613,2864,Pankow,10.96368715083799,17.842178770949722,71.19413407821229,mittel,34.0,1970.0,7.0,5.0,500.0,37709.333333333336,Frankfurter Allee,5.668648170899327,0.4040358744394619,22.213483146067414,34.0945945945946,36.60538116591928,28.45964125560538,12.671868131868132,91.0,6151.613420909371,30.0,3802.9675324675327,154.0,,0.0,Prenzlauer Allee S,S Ringbahn,1.5887498658181753,2.132931726907631,0.14286720266899694,20.0,AMAZING,03500932,Bühringstraße,gering,mittel,mittel,mittel,mittlerer Status-Index,mittel,mittlerer Status-Index,
13088,52.55745614914601,13.469270107217012,2986,Pankow,17.07970529135968,14.63496316141996,68.28533154722037,mittel,15.0,1196.0,3.0,3.0,576.0,37709.333333333336,Frankfurter Allee,4.913420273182648,0.4040358744394619,22.213483146067414,34.0945945945946,36.60538116591928,28.45964125560538,10.767296511627906,344.0,8355.484140355225,477.0,3528.0377019748653,557.0,7505.728813559322,118.0,Greifswalder Straße,S Ringbahn,2.8127975513585723,2.132931726907631,0.14286720266899694,20.0,AMAZING,03501037,Rathaus Weißensee,mittel,mittel,gut,mittel,mittlerer Status-Index,mittel,mittlerer Status-Index,
13089,52.57058190148893,13.442470006587525,2485,Pankow,0.04024144869215292,0.0,99.95975855130784,mittel,4.0,306.0,1.0,1.0,432.0,37709.333333333336,Mitte,7.238214296928152,,17.09865470852018,,28.517937219730943,24.66591928251121,11.847906976744186,43.0,,0.0,3715.535714285714,84.0,,0.0,Prenzlauer Allee S,S Ringbahn,2.865170258236201,2.132931726907631,0.14286720266899694,20.0,AMAZING,03300516,Heinersdorf,mittel,mittel,gut,gering,hoher Status-Index,mittel,hoher Status-Index,
13125,52.618794243828624,13.485811837057867,6757,Pankow,26.150658576291253,0.3255882788219624,73.52375314488678,mittel,31.0,2720.0,3.0,3.0,576.0,37709.333333333336,Buch,2.528580011032034,,10.353467561521253,41.49217002237136,22.517937219730943,19.87219730941704,9.257114197530864,648.0,4157.076446777228,6.0,2672.3410138248846,1085.0,5343.28813559322,118.0,Greifswalder Straße,S Ringbahn,9.50618415784152,2.132931726907631,0.14286720266899694,20.0,AMAZING,03300411,Karow Nord,mittel,mittel,gut,mittel,mittlerer Status-Index,mittel,mittlerer Status-Index,
13127,52.60390570986937,13.430371080906271,6124,Pankow,2.7433050293925536,0.0,97.25669497060746,mittel,16.0,1084.0,1.0,1.0,864.0,37709.333333333336,Buch,8.53472923343644,,10.353467561521253,41.49217002237136,22.517937219730943,19.87219730941704,10.243268765133173,413.0,4860.160594378989,12.0,3220.2474226804125,679.0,6745.677419354839,155.0,Pankow U2,U2,4.923678552735427,2.132931726907631,0.14286720266899694,20.0,AMAZING,03200310,Krugpfuhl,mittel,gering,gut,mittel,mittlerer Status-Index,gering,mittlerer Status-Index,
13129,52.59324107748635,13.45388458548387,4030,Pankow,0.0,0.0,100.0,mittel,3.0,254.0,2.0,2.0,732.0,37709.333333333336,Buch,7.025858354491858,,10.353467561521253,41.49217002237136,22.517937219730943,19.87219730941704,10.032450980392156,408.0,3801.7241379310344,2.0,2954.351632047478,674.0,,0.0,Prenzlauer Allee S,S Ringbahn,5.638812843876487,2.132931726907631,0.14286720266899694,20.0,AMAZING,03300514,Blankenburg,hoch,mittel,gut,gering,hoher Status-Index,mittel,hoher Status-Index,
13156,52.58339012088361,13.400750338376318,4459,Pankow,5.472078941466696,20.408163265306122,74.11975779322718,mittel,41.0,2351.0,7.0,6.0,830.0,37709.333333333336,Wedding,6.977457765129601,,20.615730337078652,36.659909909909906,30.09619686800895,25.991051454138702,12.942543859649124,114.0,6576.9888397996265,73.0,4115.028436018957,211.0,8288.590163934427,61.0,Pankow U2,U2,1.61670483150613,2.132931726907631,0.14286720266899694,20.0,AMAZING,03200206,Pastor-Niemöller-Platz,mittel,hoch,mittel,gering,mittlerer Status-Index,hoch,mittlerer Status-Index,
13158,52.59363750661123,13.383980432555438,5592,Pankow,12.517882689556508,0.0,87.48211731044348,mittel,17.0,1232.0,1.0,1.0,576.0,37709.333333333336,Wedding,6.35690549980127,,20.615730337078652,36.659909909909906,30.09619686800895,25.991051454138702,9.678636363636363,66.0,5194.360915709603,25.0,3108.981981981982,111.0,,0.0,Pankow U2,U2,3.4548483470525064,2.132931726907631,0.14286720266899694,20.0,AMAZING,03400618,Rosenthal,mittel,mittel,gut,gering,hoher Status-Index,mittel,hoher Status-Index,
13159,52.622367096370226,13.396514846475625,1518,Pankow,55.006587615283266,0.0,44.99341238471673,einfach,2.0,110.0,0.0,0.0,,37709.333333333336,Wedding,9.757837910619585,,20.615730337078652,36.659909909909906,30.09619686800895,25.991051454138702,10.033333333333333,6.0,,0.0,3016.823529411765,17.0,,0.0,Pankow U2,U2,5.967325509812917,2.132931726907631,0.14286720266899694,20.0,AMAZING,03200204,Blankenfelde,mittel,gering,gut,gering,hoher Status-Index,gering,hoher Status-Index,
13187,52.569281878651125,13.40933404975437,2402,Pankow,0.0,15.52872606161532,84.47127393838468,mittel,45.0,2694.0,7.0,6.0,650.0,37709.333333333336,Mitte,5.734954711839649,,17.09865470852018,,28.517937219730943,24.66591928251121,13.493069767441861,430.0,5475.006261980774,63.0,4484.835987261146,628.0,8267.774774774774,111.0,Pankow U2,U2,0.7037753813655018,2.132931726907631,0.14286720266899694,20.0,AMAZING,03400723,Garbátyplatz,hoch,hoch,schlecht,mittel,mittlerer Status-Index,hoch,mittlerer Status-Index,
13189,52.5618972718548,13.420826757535773,1887,Pankow,0.0,0.0,100.0,mittel,17.0,1254.0,4.0,4.0,1176.0,37709.333333333336,Mitte,5.2278017134226955,,17.09865470852018,,28.517937219730943,24.66591928251121,13.354070796460176,113.0,6115.852442568048,41.0,4279.80193236715,207.0,,0.0,Schönhauser Allee,S Ringbahn,1.640039169375915,2.132931726907631,0.14286720266899694,20.0,AMAZING,03400829,Arnold-Zweig-Straße,gering,hoch,schlecht,mittel,mittlerer Status-Index,hoch,mittlerer Status-Index,
13347,52.54839754938062,13.365504254055944,1001,Mitte,100.0,0.0,0.0,einfach,40.0,1943.0,2.0,2.0,664.0,72197.33333333333,Wedding,1.9255970362657306,,20.615730337078652,36.659909909909906,30.09619686800895,25.991051454138702,13.754809160305342,131.0,6120.903565279237,27.0,4498.075471698113,212.0,7936.883720930233,43.0,Franz-Neumann-Platz,U8,1.5741940105087586,2.2709377901578467,-0.038485201202942076,16.0,GOOD,01401043,Antonstraße,mittel,hoch,schlecht,mittel,niedriger/sehr niedriger Status-Index,hoch,niedriger/sehr niedriger Status-Index,Anteil der Adressen mit einfacher Wohnlage größer 66% und hoher Lärm- und/oder hoher Luftbelastung
13349,52.558288565065276,13.345384910613577,766,Mitte,100.0,0.0,0.0,einfach,20.0,562.0,2.0,2.0,784.0,72197.33333333333,Wedding,1.0816552223624858,,20.615730337078652,36.659909909909906,30.09619686800895,25.991051454138702,11.048632478632479,117.0,3994.8231742454745,13.0,3851.277777777778,144.0,,0.0,Residenzstraße,U8,0.9700910813204413,2.2709377901578467,-0.038485201202942076,16.0,GOOD,01400940,Schillerpark,mittel,mittel,gut,mittel,niedriger/sehr niedriger Status-Index,mittel,niedriger/sehr niedriger Status-Index,Anteil der Adressen mit einfacher Wohnlage größer 66% und hoher Lärm- und/oder hoher Luftbelastung
13351,52.55327944152198,13.33849085054115,887,Mitte,100.0,0.0,0.0,einfach,17.0,1008.0,1.0,1.0,576.0,72197.33333333333,Wedding,1.1765355769103252,,20.615730337078652,36.659909909909906,30.09619686800895,25.991051454138702,11.274197530864198,81.0,4972.064658426637,17.0,4077.3135135135135,185.0,8358.089285714286,56.0,Westhafen,S Ringbahn,1.843503692522609,2.2709377901578467,-0.038485201202942076,16.0,GOOD,01400937,Afrikanische Straße,mittel,mittel,gut,gering,mittlerer Status-Index,mittel,mittlerer Status-Index,Anteil der Adressen mit einfacher Wohnlage größer 66% und hoher Lärm- und/oder hoher Luftbelastung
13353,52.54369068149775,13.354815591486487,888,Mitte,100.0,0.0,0.0,einfach,30.0,1406.0,0.0,0.0,,72197.33333333333,Wedding,0.9410567321425929,,20.615730337078652,36.659909909909906,30.09619686800895,25.991051454138702,13.281525423728812,177.0,4483.265435648098,17.0,4566.97233201581,253.0,,0.0,Westhafen,S Ringbahn,1.2593961000566574,2.2709377901578467,-0.038485201202942076,16.0,GOOD,01401046,Nordufer,mittel,hoch,schlecht,hoch,mittlerer Status-Index,hoch,mittlerer Status-Index,Anteil der Adressen mit einfacher Wohnlage größer 66% und hoher Lärm- und/oder hoher Luftbelastung
13355,52.541835703290694,13.392102758209303,860,Mitte,100.0,0.0,0.0,einfach,23.0,1603.0,2.0,2.0,1100.0,72197.33333333333,Mitte,2.971381597499679,,17.09865470852018,,28.517937219730943,24.66591928251121,13.841979166666667,96.0,6280.0,2.0,4689.6878980891715,157.0,7956.888888888889,63.0,Bernauer Straße,U8,0.4672597566943322,2.2709377901578467,-0.038485201202942076,16.0,GOOD,01300835,Humboldthain Süd,gering,mittel,mittel,mittel,mittlerer Status-Index,mittel,mittlerer Status-Index,Anteil der Adressen mit einfacher Wohnlage größer 66% und hoher Lärm- und/oder hoher Luftbelastung
13357,52.55088551847959,13.380882222122448,980,Mitte,100.0,0.0,0.0,einfach,28.0,1449.0,0.0,0.0,,72197.33333333333,Wedding,3.637934356470836,,20.615730337078652,36.659909909909906,30.09619686800895,25.991051454138702,13.888,140.0,4921.353251082013,23.0,4544.983122362869,237.0,8141.354166666667,96.0,Osloer Straße,U8,0.5954312163513129,2.2709377901578467,-0.038485201202942076,16.0,GOOD,01300836,Humboldthain Nordwest,hoch,hoch,schlecht,hoch,niedriger/sehr niedriger Status-Index,hoch,niedriger/sehr niedriger Status-Index,Anteil der Adressen mit einfacher Wohnlage größer 66% und hoher Lärm- und/oder hoher Luftbelastung
13359,52.55990271501523,13.386311800994925,985,Mitte,100.0,0.0,0.0,einfach,25.0,1433.0,1.0,1.0,504.0,72197.33333333333,Wedding,4.405370890214693,,20.615730337078652,36.659909909909906,30.09619686800895,25.991051454138702,13.79698795180723,166.0,5019.226785140263,19.0,4719.194552529183,257.0,8364.981132075472,53.0,Osloer Straße,U8,0.605545556017177,2.2709377901578467,-0.038485201202942076,16.0,GOOD,01300731,Koloniestraße,gering,mittel,mittel,mittel,niedriger/sehr niedriger Status-Index,mittel,niedriger/sehr niedriger Status-Index,Anteil der Adressen mit einfacher Wohnlage größer 66% und hoher Lärm- und/oder hoher Luftbelastung
13403,52.57356229453226,13.322470715063,2619,Reinickendorf,100.0,0.0,0.0,einfach,18.0,1153.0,1.0,1.0,1062.0,23550.0,Wedding,3.9495197034400236,,20.615730337078652,36.659909909909906,30.09619686800895,25.991051454138702,9.910580357142857,224.0,4154.612606435078,52.0,3184.9088397790056,362.0,6012.232142857143,56.0,Rathaus Reinickendorf,U8,1.3418000931774134,2.2858995137763376,-0.038651825697743156,13.0,GOOD,12200308,Meller Bogen,gering,mittel,mittel,gering,mittlerer Status-Index,mittel,mittlerer Status-Index,Anteil der Adressen mit einfacher Wohnlage größer 66% und hoher Lärm- und/oder hoher Luftbelastung
13405,52.563204983015645,13.311947473428166,703,Reinickendorf,75.10668563300142,0.0,24.893314366998577,einfach,4.0,250.0,1.0,1.0,576.0,23550.0,Wedding,4.320401787824382,,20.615730337078652,36.659909909909906,30.09619686800895,25.991051454138702,9.308421052631578,76.0,3913.927567281935,5.0,3298.098039215686,102.0,,0.0,Rathaus Reinickendorf,U8,2.9758900261179626,2.2858995137763376,-0.038651825697743156,13.0,GOOD,12200411,Schumacher-Quartier,hoch,hoch,mittel,mittel,mittlerer Status-Index,hoch,mittlerer Status-Index,Anteil der Adressen mit einfacher Wohnlage größer 66% und hoher Lärm- und/oder hoher Luftbelastung
13407,52.57047394987596,13.35154416944397,2338,Reinickendorf,99.95722840034217,0.0,0.0427715996578272,einfach,18.0,977.0,2.0,2.0,648.0,23550.0,Wedding,2.4185273045992717,,20.615730337078652,36.659909909909906,30.09619686800895,25.991051454138702,9.938356164383562,73.0,4568.100263335479,45.0,3229.4862385321103,109.0,,0.0,Paracelsus-Bad,U8,0.3939049877502813,2.2858995137763376,-0.038651825697743156,13.0,GOOD,12100205,Teichstraße,mittel,mittel,mittel,mittel,mittlerer Status-Index,mittel,mittlerer Status-Index,Anteil der Adressen mit einfacher Wohnlage größer 66% und hoher Lärm- und/oder hoher Luftbelastung
13409,52.56759832414865,13.370992169666666,2220,Reinickendorf,100.0,0.0,0.0,einfach,13.0,1099.0,0.0,0.0,,23550.0,Wedding,3.2718900270985634,,20.615730337078652,36.659909909909906,30.09619686800895,25.991051454138702,14.682307692307692,26.0,4040.575975338061,25.0,4807.470588235294,17.0,,0.0,Franz-Neumann-Platz,U8,1.5193220637490736,2.2858995137763376,-0.038651825697743156,13.0,GOOD,12100102,Hausotterplatz,gering,mittel,schlecht,mittel,niedriger/sehr niedriger Status-Index,mittel,niedriger/sehr niedriger Status-Index,Anteil der Adressen mit einfacher Wohnlage größer 66% und hoher Lärm- und/oder hoher Luftbelastung
13435,52.60124348228055,13.34194016072289,1162,Reinickendorf,72.5473321858864,0.0,27.452667814113596,einfach,17.0,1389.0,0.0,0.0,,23550.0,Wedding,5.845670634998436,,20.615730337078652,36.659909909909906,30.09619686800895,25.991051454138702,9.021956521739131,322.0,4406.784083496412,4.0,3044.0880829015546,579.0,5494.808383233533,167.0,Karl-Bonhoeffer-Nervenklinik,U8,1.595626490707847,2.2858995137763376,-0.038651825697743156,13.0,GOOD,12601031,Lübarser Straße,hoch,mittel,gut,mittel,mittlerer Status-Index,mittel,mittlerer Status-Index,Anteil der Adressen mit einfacher Wohnlage größer 66% und hoher Lärm- und/oder hoher Luftbelastung
13437,52.590316408742616,13.329896776394582,2879,Reinickendorf,66.4466828759986,0.03473428273706148,33.518582841264326,einfach,10.0,743.0,2.0,2.0,432.0,23550.0,Wedding,5.01960785306195,,20.615730337078652,36.659909909909906,30.09619686800895,25.991051454138702,10.263477157360406,394.0,3656.556457159046,3.0,3247.369300911854,658.0,5870.053097345132,113.0,Wittenau U,U8,0.43914724606932143,2.2858995137763376,-0.038651825697743156,13.0,GOOD,12500926,Wittenau Mitte,hoch,hoch,gut,mittel,mittlerer Status-Index,hoch,mittlerer Status-Index,Anteil der Adressen mit einfacher Wohnlage größer 66% und hoher Lärm- und/oder hoher Luftbelastung
13439,52.59492939885859,13.352536522646465,990,Reinickendorf,19.090909090909093,0.0,80.9090909090909,mittel,9.0,616.0,4.0,3.0,996.0,23550.0,Wedding,5.12683594407153,,20.615730337078652,36.659909909909906,30.09619686800895,25.991051454138702,9.159550561797753,534.0,3581.87984496124,4.0,3017.4640820980617,877.0,6540.277777777777,72.0,Karl-Bonhoeffer-Nervenklinik,U8,1.646544855409846,2.2858995137763376,-0.038651825697743156,13.0,GOOD,12601235,Dannenwalder Weg,hoch,hoch,schlecht,gering,,,,
13465,52.634940587646845,13.28749157446338,5516,Reinickendorf,0.0,94.18056562726613,5.819434372733865,gut,11.0,489.0,0.0,0.0,,23550.0,Frohnau,0.28596770098109914,,10.753914988814318,40.561797752808985,,,10.739880597014926,335.0,4700.990118165821,3.0,3245.0794701986756,604.0,7041.88782051282,312.0,Wittenau U,U8,6.485358767285977,2.2858995137763376,-0.038651825697743156,13.0,GOOD,12400721,Frohnau Ost,gering,gering,gut,gering,hoher Status-Index,gering,hoher Status-Index,
13467,52.61738015206415,13.30730520741365,4864,Reinickendorf,0.0,45.84703947368421,54.15296052631579,mittel,15.0,852.0,0.0,0.0,,23550.0,Frohnau,2.7262144438418052,,10.753914988814318,40.561797752808985,,,10.649595687331537,371.0,5091.614200511222,9.0,3275.605902777778,576.0,6708.4631578947365,190.0,Wittenau U,U8,3.588936915393216,2.2858995137763376,-0.038651825697743156,13.0,GOOD,12400722,Hermsdorf West,gering,gering,gut,gering,,,,
13469,52.61088965013147,13.335260821238018,3651,Reinickendorf,6.820049301561217,0.0,93.17995069843879,mittel,15.0,811.0,1.0,1.0,504.0,23550.0,Frohnau,5.776884912768022,,10.753914988814318,40.561797752808985,,,9.606521739130434,115.0,5065.775726283398,11.0,3002.9523809523807,168.0,,0.0,Wittenau U,U8,2.435333403623087,2.2858995137763376,-0.038651825697743156,13.0,GOOD,12601032,Rollbergesiedlung,gering,mittel,gut,mittel,,,,
13503,52.61306343716343,13.233953859051347,6388,Reinickendorf,36.47463994990608,0.07827175954915466,63.44708829054477,mittel,11.0,748.0,0.0,0.0,,23550.0,Frohnau,6.35724146965898,,10.753914988814318,40.561797752808985,,,9.669458987783596,573.0,3461.4289364845536,5.0,2991.838803088803,1036.0,6303.463636363636,110.0,Rohrdamm,U7,8.589722968867061,2.2858995137763376,-0.038651825697743156,13.0,GOOD,12400619,Heiligensee,gering,gering,gut,gering,hoher Status-Index,gering,hoher Status-Index,
13505,52.582050382494295,13.227522381516673,2189,Reinickendorf,0.4111466423024212,0.0,99.58885335769759,mittel,3.0,156.0,1.0,1.0,498.0,23550.0,Frohnau,8.722959380227488,,10.753914988814318,40.561797752808985,,,9.893732394366198,142.0,5158.427028218694,3.0,3045.6610169491523,236.0,,0.0,Rohrdamm,U7,5.326015421971159,2.2858995137763376,-0.038651825697743156,13.0,GOOD,12400616,Konradshöhe/Tegelort,gering,mittel,gut,gering,hoher Status-Index,mittel,hoher Status-Index,
13507,52.58003304668211,13.280973333403422,2806,Reinickendorf,13.97006414825374,15.680684248039913,70.34925160370634,mittel,14.0,1124.0,2.0,2.0,432.0,23550.0,Frohnau,5.861957781473944,,10.753914988814318,40.561797752808985,,,9.81273159144893,421.0,4566.811891872659,9.0,3139.7367576243983,623.0,5757.047619047619,63.0,Jakob-Kaiser-Platz,U7,4.231018402957942,2.2858995137763376,-0.038651825697743156,13.0,GOOD,12200515,Alt-Tegel,gering,mittel,gut,mittel,mittlerer Status-Index,mittel,mittlerer Status-Index,
13509,52.591878586874245,13.299404683350547,3292,Reinickendorf,38.517618469015794,0.0,61.482381530984206,mittel,10.0,518.0,2.0,1.0,576.0,23550.0,Frohnau,4.675784091742611,,10.753914988814318,40.561797752808985,,,9.147190082644627,363.0,4062.021045389896,9.0,3032.831442463533,617.0,5664.992366412213,131.0,Wittenau U,U8,2.9536905667608275,2.2858995137763376,-0.038651825697743156,13.0,GOOD,12500824,Ziekowstraße/Freie Scholle,mittel,mittel,gut,gering,mittlerer Status-Index,mittel,mittlerer Status-Index,
13581,52.53054231235512,13.17818462735511,1898,Spandau,40.77976817702845,0.0,59.22023182297155,mittel,12.0,855.0,2.0,1.0,246.0,22477.333333333332,Grunewald,10.639727880557263,,14.326576576576576,35.51126126126126,24.183856502242154,20.717488789237667,8.11794871794872,39.0,3919.324747496195,10.0,2594.7454545454543,55.0,,0.0,Rathaus Spandau,U7,2.6039558664671953,2.4361643835616444,-0.11989307460234534,11.0,BAD,05200420,Staakener Straße,mittel,gering,gut,mittel,mittlerer Status-Index,gering,mittlerer Status-Index,Anteil der Adressen mit einfacher Wohnlage größer 66% und hoher Lärm- und/oder hoher Luftbelastung
13583,52.54325479551181,13.181362384069882,2032,Spandau,100.0,0.0,0.0,einfach,14.0,1084.0,1.0,1.0,888.0,22477.333333333332,Grunewald,11.052150833725342,,14.326576576576576,35.51126126126126,24.183856502242154,20.717488789237667,7.7106425702811245,249.0,5448.423664604498,15.0,2335.814726840855,421.0,,0.0,Rathaus Spandau,U7,2.3237685430371036,2.4361643835616444,-0.11989307460234534,11.0,BAD,05100209,Westerwaldstraße,gering,mittel,mittel,gering,niedriger/sehr niedriger Status-Index,mittel,niedriger/sehr niedriger Status-Index,Anteil der Adressen mit einfacher Wohnlage größer 66% und hoher Lärm- und/oder hoher Luftbelastung
13585,52.54755292010951,13.202604473347023,1461,Spandau,97.6043805612594,0.0,2.3956194387405887,einfach,18.0,1124.0,4.0,4.0,750.0,22477.333333333332,Grunewald,9.525282964000587,,14.326576576576576,35.51126126126126,24.183856502242154,20.717488789237667,8.33698717948718,312.0,5051.7492666212365,32.0,2599.6673596673595,481.0,5315.865671641791,67.0,Altstadt Spandau,U7,0.9859086631315136,2.4361643835616444,-0.11989307460234534,11.0,BAD,05100314,Kurstraße,mittel,hoch,schlecht,mittel,niedriger/sehr niedriger Status-Index,hoch,niedriger/sehr niedriger Status-Index,Anteil der Adressen mit einfacher Wohnlage größer 66% und hoher Lärm- und/oder hoher Luftbelastung
13587,52.56544917525797,13.210391702464673,3043,Spandau,6.441012159053565,1.4459415050936575,92.11304633585277,mittel,18.0,1237.0,3.0,2.0,900.0,22477.333333333332,Grunewald,10.499558667146646,,14.326576576576576,35.51126126126126,24.183856502242154,20.717488789237667,8.183333333333334,15.0,3549.46978622045,20.0,2513.96,25.0,,0.0,Altstadt Spandau,U7,2.9962379647803714,2.4361643835616444,-0.11989307460234534,11.0,BAD,05100103,Mertensstraße,gering,mittel,gut,mittel,mittlerer Status-Index,mittel,mittlerer Status-Index,
13589,52.555150360137716,13.170128383737566,2614,Spandau,69.73986228003061,0.0,30.260137719969393,einfach,12.0,903.0,3.0,2.0,432.0,22477.333333333332,Grunewald,12.831401433851807,,14.326576576576576,35.51126126126126,24.183856502242154,20.717488789237667,6.920459770114943,87.0,3252.4916459352917,4.0,2202.2802547770702,157.0,,0.0,Rathaus Spandau,U7,4.032514024351702,2.4361643835616444,-0.11989307460234534,11.0,BAD,05100208,Im Spektefeld,gering,gering,gut,gering,niedriger/sehr niedriger Status-Index,gering,niedriger/sehr niedriger Status-Index,Anteil der Adressen mit einfacher Wohnlage größer 66% und hoher Lärm- und/oder hoher Luftbelastung
13591,52.537103657559,13.143827586901171,6567,Spandau,64.64138876199178,0.0,35.35861123800822,einfach,18.0,1420.0,2.0,2.0,432.0,22477.333333333332,Grunewald,14.412046023656425,,14.326576576576576,35.51126126126126,24.183856502242154,20.717488789237667,7.440775401069518,374.0,5580.899657509784,12.0,2199.1626409017713,621.0,4770.563636363637,55.0,Rathaus Spandau,U7,6.34732017302929,2.4361643835616444,-0.11989307460234534,11.0,BAD,05200421,Spandauer Straße,mittel,gering,gut,gering,mittlerer Status-Index,gering,mittlerer Status-Index,Anteil der Adressen mit einfacher Wohnlage größer 66% und hoher Lärm- und/oder hoher Luftbelastung
13593,52.51618444230987,13.169017314808691,2117,Spandau,21.067548417572034,0.0,78.93245158242796,mittel,10.0,1003.0,0.0,0.0,,22477.333333333332,Grunewald,10.992122618808406,,14.326576576576576,35.51126126126126,24.183856502242154,20.717488789237667,8.343571428571428,98.0,3753.6615209871743,7.0,2734.0318471337578,157.0,5805.218181818182,55.0,Rathaus Spandau,U7,4.176239074220159,2.4361643835616444,-0.11989307460234534,11.0,BAD,05200528,Weinmeisterhornweg,mittel,gering,gut,gering,mittlerer Status-Index,gering,mittlerer Status-Index,
13595,52.514980853254684,13.193288281545973,2458,Spandau,51.74938974776241,0.0,48.25061025223759,einfach,22.0,870.0,2.0,2.0,600.0,22477.333333333332,Grunewald,8.401601294372961,,14.326576576576576,35.51126126126126,24.183856502242154,20.717488789237667,9.062709359605911,203.0,3793.638728747174,34.0,2702.1723300970875,412.0,,0.0,Rathaus Spandau,U7,2.4851983611310957,2.4361643835616444,-0.11989307460234534,11.0,BAD,05200633,Graetschelsteig,hoch,mittel,gut,mittel,niedriger/sehr niedriger Status-Index,mittel,niedriger/sehr niedriger Status-Index,Anteil der Adressen mit einfacher Wohnlage größer 66% und hoher Lärm- und/oder hoher Luftbelastung
13597,52.53155305742287,13.210486424246824,1102,Spandau,100.0,0.0,0.0,einfach,6.0,445.0,3.0,3.0,890.0,22477.333333333332,Grunewald,7.683529224616155,,14.326576576576576,35.51126126126126,24.183856502242154,20.717488789237667,8.736180555555556,144.0,4219.319706897453,2.0,2923.9292452830186,212.0,5378.785714285715,70.0,Altstadt Spandau,U7,1.0267218281929928,2.4361643835616444,-0.11989307460234534,11.0,BAD,05100317,Freiheit,hoch,mittel,mittel,mittel,niedriger/sehr niedriger Status-Index,mittel,niedriger/sehr niedriger Status-Index,Anteil der Adressen mit einfacher Wohnlage größer 66% und hoher Lärm- und/oder hoher Luftbelastung
13599,52.54797634994872,13.233201570582752,2145,Spandau,100.0,0.0,0.0,einfach,12.0,902.0,8.0,6.0,1326.0,22477.333333333332,Grunewald,7.535989523062123,,14.326576576576576,35.51126126126126,24.183856502242154,20.717488789237667,8.293386243386244,378.0,4196.398156782904,7.0,2754.8312883435583,652.0,5171.434782608696,46.0,Rohrdamm,U7,1.5863622754998985,2.4361643835616444,-0.11989307460234534,11.0,BAD,05300736,Zitadellenweg,gering,mittel,gut,mittel,mittlerer Status-Index,mittel,mittlerer Status-Index,Anteil der Adressen mit einfacher Wohnlage größer 66% und hoher Lärm- und/oder hoher Luftbelastung
13627,52.538784525335174,13.292506228108357,1089,Charlottenburg-Wilmersdorf,99.90817263544535,0.0,0.09182736455463728,einfach,8.0,732.0,4.0,3.0,792.0,46142.0,Wedding,6.2803333369127285,,20.615730337078652,36.659909909909906,30.09619686800895,25.991051454138702,14.427083333333334,216.0,5011.4091862630385,3.0,4865.594444444445,360.0,8550.039106145252,179.0,Jungfernheide U,U7,0.3507483343819295,2.2476641040804264,0.03580176420151568,21.0,AMAZING,04100101,Jungfernheide/Plötzensee,hoch,mittel,gut,mittel,niedriger/sehr niedriger Status-Index,mittel,niedriger/sehr niedriger Status-Index,Anteil der Adressen mit einfacher Wohnlage größer 66% und hoher Lärm- und/oder hoher Luftbelastung
13629,52.544004913810625,13.264169286751345,1299,Spandau,82.29407236335643,0.0,17.705927636643572,einfach,11.0,667.0,3.0,3.0,1038.0,22477.333333333332,Grunewald,6.28914203342726,,14.326576576576576,35.51126126126126,24.183856502242154,20.717488789237667,9.297383966244725,237.0,3525.1747999732047,11.0,3059.035634743875,449.0,5473.783333333334,120.0,Siemensdamm,U7,0.9997220453006547,2.4361643835616444,-0.11989307460234534,11.0,BAD,05300839,Rohrdamm,gering,mittel,gut,gering,niedriger/sehr niedriger Status-Index,mittel,niedriger/sehr niedriger Status-Index,
14050,52.516518751705355,13.270360557901785,1120,Charlottenburg-Wilmersdorf,0.08928571428571429,58.214285714285715,41.69642857142858,gut,9.0,588.0,2.0,1.0,504.0,46142.0,Grunewald,3.3200157077740946,,14.326576576576576,35.51126126126126,24.183856502242154,20.717488789237667,16.412559241706163,211.0,6395.394753783871,12.0,5676.653846153846,338.0,10476.753164556962,158.0,Theodor-Heuss-Platz,U2,1.2354937072968903,2.2476641040804264,0.03580176420151568,21.0,AMAZING,04200308,Branitzer Platz,mittel,mittel,gut,gering,mittlerer Status-Index,mittel,mittlerer Status-Index,
14052,52.5160332641881,13.255817866848874,1244,Charlottenburg-Wilmersdorf,18.64951768488746,45.4983922829582,35.852090032154344,gut,6.0,464.0,0.0,0.0,,46142.0,Grunewald,3.303722710696081,,14.326576576576576,35.51126126126126,24.183856502242154,20.717488789237667,14.59962962962963,135.0,5837.45983266573,17.0,4834.4747899159665,238.0,,0.0,Siemensdamm,U7,2.2928537079335953,2.2476641040804264,0.03580176420151568,21.0,AMAZING,04200309,Neu Westend,hoch,mittel,gut,gering,mittlerer Status-Index,mittel,mittlerer Status-Index,
14053,52.514776890985914,13.237951117042252,71,Charlottenburg-Wilmersdorf,16.901408450704224,0.0,83.09859154929578,mittel,2.0,66.0,1.0,1.0,400.0,46142.0,Grunewald,4.180074805803029,,14.326576576576576,35.51126126126126,24.183856502242154,20.717488789237667,11.490689655172414,29.0,,0.0,3759.2244897959185,49.0,,0.0,Olympia-Stadion,U2,0.4101191715685381,2.2476641040804264,0.03580176420151568,21.0,AMAZING,04200203,Olympiagelände,hoch,gering,gut,mittel,mittlerer Status-Index,gering,mittlerer Status-Index,
14055,52.50340291715081,13.2479545014942,2155,Charlottenburg-Wilmersdorf,0.0,4.68677494199536,95.31322505800463,mittel,9.0,414.0,0.0,0.0,,46142.0,Grunewald,2.5003208980463354,,14.326576576576576,35.51126126126126,24.183856502242154,20.717488789237667,21.63881118881119,286.0,5512.820668231115,20.0,7052.3059360730595,438.0,14008.944444444445,54.0,Olympia-Stadion,U2,2.08461360403682,2.2476641040804264,0.03580176420151568,21.0,AMAZING,04200207,Eichkamp,hoch,gering,gut,gering,hoher Status-Index,gering,hoher Status-Index,
14057,52.5068334158804,13.289622887906976,602,Charlottenburg-Wilmersdorf,0.0,83.05647840531562,16.943521594684384,gut,18.0,667.0,0.0,0.0,,46142.0,Grunewald,3.5949447608076315,,14.326576576576576,35.51126126126126,24.183856502242154,20.717488789237667,17.857142857142858,56.0,6373.012421076615,35.0,5922.395061728395,81.0,,0.0,Westkreuz,S Ringbahn,0.8376797504093393,2.2476641040804264,0.03580176420151568,21.0,AMAZING,04300415,Lietzensee,hoch,hoch,mittel,mittel,mittlerer Status-Index,hoch,mittlerer Status-Index,
14059,52.51636014997038,13.289005990148075,1013,Charlottenburg-Wilmersdorf,0.09871668311944717,0.0,99.90128331688055,mittel,24.0,981.0,0.0,0.0,,46142.0,Grunewald,4.269399632605603,,14.326576576576576,35.51126126126126,24.183856502242154,20.717488789237667,16.15081818181818,110.0,7457.52253752966,30.0,5658.994594594595,185.0,,0.0,Westkreuz,S Ringbahn,1.7090320188990507,2.2476641040804264,0.03580176420151568,21.0,AMAZING,04300413,Klausenerplatz,mittel,hoch,mittel,mittel,mittlerer Status-Index,hoch,mittlerer Status-Index,
14089,52.46442935960504,13.140497409824171,7621,Spandau,0.0,60.55635743340769,39.44364256659231,gut,15.0,911.0,1.0,1.0,288.0,22477.333333333332,Grunewald,13.915955776015409,,14.326576576576576,35.51126126126126,24.183856502242154,20.717488789237667,9.155075921908892,461.0,5573.7112417607295,16.0,2818.579842931937,764.0,6242.839285714285,168.0,Wannsee,S1,5.579160504515605,2.4361643835616444,-0.11989307460234534,11.0,BAD,05400944,Kladower Damm,gering,gering,gut,gering,hoher Status-Index,gering,hoher Status-Index,
14109,52.41601875879746,13.155303484590272,3002,Steglitz-Zehlendorf,0.0,95.06995336442372,4.930046635576282,gut,7.0,331.0,0.0,0.0,,23979.0,Grunewald,14.408321739300845,,14.326576576576576,35.51126126126126,24.183856502242154,20.717488789237667,19.281795580110497,362.0,6838.414059026867,10.0,5654.917043740573,663.0,11136.322916666666,96.0,Wannsee,S1,1.0616595089038077,2.197657952069716,0.06640416966826784,24.0,AMAZING,06400735,Wannsee,mittel,gering,gut,gering,hoher Status-Index,gering,hoher Status-Index,
14129,52.431581785488724,13.20955556853233,3325,Steglitz-Zehlendorf,0.0,88.27067669172932,11.729323308270677,gut,11.0,687.0,0.0,0.0,,23979.0,Grunewald,8.631820781286974,,14.326576576576576,35.51126126126126,24.183856502242154,20.717488789237667,18.60695530726257,358.0,5763.461851785478,17.0,5565.103741496599,588.0,10621.371681415929,113.0,Schlachtensee,S1,1.0095764227887603,2.197657952069716,0.06640416966826784,24.0,AMAZING,06400737,Nikolassee,hoch,gering,gut,gering,hoher Status-Index,gering,hoher Status-Index,
14163,52.4387019555702,13.23894679844809,3718,Steglitz-Zehlendorf,0.0,87.70844540075309,12.291554599246906,gut,14.0,1199.0,2.0,2.0,950.0,23979.0,Grunewald,6.061226445594076,,14.326576576576576,35.51126126126126,24.183856502242154,20.717488789237667,18.276,40.0,6560.357919069579,14.0,5666.922222222222,90.0,,0.0,Mexikoplatz,S1,1.6682606340492507,2.197657952069716,0.06640416966826784,24.0,AMAZING,06400839,Fischerhüttenstraße,mittel,mittel,gut,gering,hoher Status-Index,mittel,hoher Status-Index,
14165,52.41955294291434,13.252301040254178,2872,Steglitz-Zehlendorf,0.0,16.74791086350975,83.25208913649024,mittel,7.0,429.0,0.0,0.0,,23979.0,Grunewald,7.631819248311613,,14.326576576576576,35.51126126126126,24.183856502242154,20.717488789237667,17.843013698630138,146.0,4795.120442705567,42.0,5537.166666666667,264.0,10452.020408163266,49.0,Zehlendorf S,S1,1.2246526412515952,2.197657952069716,0.06640416966826784,24.0,AMAZING,06300528,Teltower Damm,gering,gering,gut,gering,hoher Status-Index,gering,hoher Status-Index,
14167,52.42341101898779,13.275372110953713,3932,Steglitz-Zehlendorf,0.0,16.403865717192268,83.59613428280774,mittel,10.0,975.0,1.0,1.0,1520.0,23979.0,Schildhornstraße,6.275270602985451,0.385682326621924,22.1834451901566,,29.878923766816143,25.58968609865471,18.806162790697673,86.0,5462.375482471926,24.0,5467.833333333333,156.0,,0.0,Lichterfelde West,S1,1.5412638248611483,2.197657952069716,0.06640416966826784,24.0,AMAZING,06300528,Teltower Damm,gering,gering,gut,gering,hoher Status-Index,gering,hoher Status-Index,
14169,52.44508793717925,13.262418721064604,3297,Steglitz-Zehlendorf,0.0,88.56536245071277,11.434637549287231,gut,8.0,421.0,0.0,0.0,,23979.0,Grunewald,4.693151783954787,,14.326576576576576,35.51126126126126,24.183856502242154,20.717488789237667,18.63109090909091,110.0,5738.18936651273,14.0,6266.118343195266,169.0,,0.0,Sundgauer Straße,S1,1.0550815879812665,2.197657952069716,0.06640416966826784,24.0,AMAZING,06400840,Fischtal,gering,gering,gut,gering,hoher Status-Index,gering,hoher Status-Index,
14193,52.48588932699288,13.27828396117082,2810,Charlottenburg-Wilmersdorf,0.0,94.16370106761566,5.8362989323843415,gut,12.0,807.0,1.0,1.0,576.0,46142.0,Grunewald,1.6209491264596203,,14.326576576576576,35.51126126126126,24.183856502242154,20.717488789237667,19.751907216494846,194.0,7362.6338347863375,75.0,6571.316384180791,354.0,,0.0,Westkreuz,S Ringbahn,1.8765981042273085,2.2476641040804264,0.03580176420151568,21.0,AMAZING,04400726,Bismarckallee,hoch,mittel,gut,gering,,,,
14195,52.45742163714051,13.285091740103685,3665,Steglitz-Zehlendorf,0.0,92.68758526603001,7.3124147339699865,gut,13.0,1138.0,3.0,2.0,558.0,23979.0,Schildhornstraße,3.226393030403739,0.385682326621924,22.1834451901566,,29.878923766816143,25.58968609865471,19.629468438538208,301.0,8751.747000603184,44.0,6416.510822510822,462.0,12626.604519774011,177.0,Sundgauer Straße,S1,2.401931525120069,2.197657952069716,0.06640416966826784,24.0,AMAZING,06400844,Dahlem,mittel,gering,gut,gering,hoher Status-Index,gering,hoher Status-Index,
14197,52.472789314596,13.313254787116383,1349,Charlottenburg-Wilmersdorf,0.0,78.13194959229058,21.868050407709415,gut,11.0,497.0,1.0,1.0,648.0,46142.0,Schildhornstraße,0.7959034573392102,0.385682326621924,22.1834451901566,,29.878923766816143,25.58968609865471,16.9577,100.0,7675.989197711183,31.0,5774.289017341041,173.0,10188.78947368421,114.0,Heidelberger Platz,S Ringbahn,1.0017218006665536,2.2476641040804264,0.03580176420151568,21.0,AMAZING,04400834,Binger Straße,mittel,mittel,mittel,mittel,hoher Status-Index,mittel,hoher Status-Index,
14199,52.475696228809525,13.292548307086467,1596,Charlottenburg-Wilmersdorf,0.0,91.47869674185463,8.521303258145362,gut,9.0,487.0,5.0,3.0,648.0,46142.0,Schildhornstraße,2.528191967229767,0.385682326621924,22.1834451901566,,29.878923766816143,25.58968609865471,16.637974137931035,232.0,6733.077593396801,16.0,5746.538095238096,420.0,10654.465517241379,116.0,Halensee S,S Ringbahn,2.2860538485196074,2.2476641040804264,0.03580176420151568,21.0,AMAZING,04400832,Breite Straße,gering,mittel,schlecht,mittel,hoher Status-Index,mittel,hoher Status-Index,
15537,52.385736072222215,13.687466263333334,9,Treptow-Köpenick,100.0,0.0,0.0,einfach,0.0,0.0,0.0,0.0,,24610.0,Friedrichshagen,9.800293888575677,,8.824074074074074,46.292343387471,24.4292343387471,21.317865429234338,10.634675925925926,216.0,,0.0,3053.029255319149,376.0,6668.65811965812,117.0,Rudow,U7,22.209401427163694,2.3066258919469926,-0.012517612358741983,14.0,OK,09301228,Schmöckwitz/Rauchfangswerder,mittel,gering,gut,gering,hoher Status-Index,gering,hoher Status-Index,Anteil der Adressen mit einfacher Wohnlage größer 66% und hoher Lärm- und/oder hoher Luftbelastung
15566,52.4598197,13.7053834,1,Treptow-Köpenick,100.0,0.0,0.0,einfach,0.0,0.0,0.0,0.0,,24610.0,Friedrichshagen,8.857444810606664,,8.824074074074074,46.292343387471,24.4292343387471,21.317865429234338,,0.0,,0.0,,0.0,,0.0,Rudow,U7,24.35404158157884,2.3066258919469926,-0.012517612358741983,14.0,OK,09501838,Rahnsdorf,gering,gering,gut,gering,hoher Status-Index,gering,hoher Status-Index,Anteil der Adressen mit einfacher Wohnlage größer 66% und hoher Lärm- und/oder hoher Luftbelastung
15569,52.4459882,13.75626524,1,Treptow-Köpenick,100.0,0.0,0.0,einfach,0.0,0.0,0.0,0.0,,24610.0,Friedrichshagen,14.434117287240422,,8.824074074074074,46.292343387471,24.4292343387471,21.317865429234338,,0.0,,0.0,,0.0,,0.0,Rudow,U7,29.718271392095108,2.3066258919469926,-0.012517612358741983,14.0,OK,09501838,Rahnsdorf,gering,gering,gut,gering,hoher Status-Index,gering,hoher Status-Index,Anteil der Adressen mit einfacher Wohnlage größer 66% und hoher Lärm- und/oder hoher Luftbelastung
