osm_type,osm_id,lat,lon,name,osm_postcode,category
node,428142496,52.532929,13.350192,Rocket Station,10559,n_yoga_studios
node,673611600,52.5021593,13.3080794,Viva Studio,10629,n_yoga_studios
node,932651529,52.5110587,13.4488022,SunYoga,10243,n_yoga_studios
node,958096426,52.4927563,13.4142438,Yoga im Graefekiez,10967,n_yoga_studios
node,1218312075,52.5293516,13.425576,Yoga Hub Berlin,10405,n_yoga_studios
node,1333143675,52.470673,13.3310663,Sivananda Yoga,12161,n_yoga_studios
node,1470020226,52.4934118,13.3886695,SunYoga,10961,n_yoga_studios
node,1471968739,52.5489078,13.4079903,Bewegungsstudio,,n_yoga_studios
node,1576962361,52.4884122,13.4298633,Sacred Space,,n_yoga_studios
node,1610111889,52.4897726,13.3930155,Yoga-Institut Berlin,10961,n_yoga_studios
node,1718478056,52.4764214,13.3294195,myoga,12159,n_yoga_studios
node,1918474939,52.477839,13.286039,Zentrum für Yoga & Qigong,,n_yoga_studios
node,2059798815,52.4879655,13.3567272,Yoga in der Schwangerschaft Frauke Stadali,10823,n_yoga_studios
node,2334538079,52.5000857,13.3105829,Three Boons Yoga,10707,n_yoga_studios
node,2477046562,52.4774666,13.4242905,Tagtigall,12049,n_yoga_studios
node,2489837401,52.5471967,13.4094238,Mindful Life Berlin,10437,n_yoga_studios
node,3442698430,52.4901185,13.4488498,Yoga und Körperarbeit,12435,n_yoga_studios
node,3464981113,52.5529857,13.4083022,Yoga am Arnimplatz,10439,n_yoga_studios
node,3819522964,52.5037245,13.3252108,Lagoa Yoga,,n_yoga_studios
node,4008966374,52.3700201,13.6235694,Sankalpa-Yoga,,n_yoga_studios
node,4315470224,52.5486824,13.3513758,Yoga Stübchen,13353,n_yoga_studios
node,4520986013,52.5185242,13.4520872,Yogastudio Körperklang,10249,n_yoga_studios
node,4530197498,52.5085055,13.4599359,Green Yoga,10245,n_yoga_studios
node,4611801889,52.5123551,13.4594528,Yogibar,10245,n_yoga_studios
node,4614154589,52.5345204,13.398546,Three Boons Yoga,10119,n_yoga_studios
node,4673478561,52.4846716,13.4352226,Studio Sonne,12045,n_yoga_studios
node,4812222804,52.5680064,13.3984173,Ki-Haus,13187,n_yoga_studios
node,4819499443,52.4919236,13.4366613,Peace Yoga Berlin,10999,n_yoga_studios
node,4836677035,52.5654361,13.3939889,SprachCafe,,n_yoga_studios
node,4849302124,52.5248995,13.3957917,Bikram Yoga Berlin-Mitte,10115,n_yoga_studios
node,5082292600,52.4894447,13.3213517,Yoga Vidya Center Berlin-Wilmersdorf,10717,n_yoga_studios
node,5321891322,52.4669622,13.3820053,Tayopi,12103,n_yoga_studios
node,5339159802,52.5530222,13.4017754,Yoga,,n_yoga_studios
node,5348822589,52.505358,13.4889231,Yoga Barn,10317,n_yoga_studios
node,5659022957,52.5079023,13.4695348,Berlin Hot Yoga,,n_yoga_studios
node,5730290887,52.5080622,13.295478,Casa Flow Studios,14057,n_yoga_studios
node,5935458555,52.5020331,13.3914436,Luft,10969,n_yoga_studios
node,5980998064,52.4989674,13.437719,Kreuzberg Yoga,10997,n_yoga_studios
node,5981095822,52.4955816,13.426096,Zentrum für Yoga und Stimme,10999,n_yoga_studios
node,6027199452,52.5217464,13.4465225,iyengaryoga,,n_yoga_studios
node,6245373115,52.4905624,13.3694456,Iyengar Yoga Zentrum,10829,n_yoga_studios
node,6249985337,52.4937501,13.3172922,taohealth,10707,n_yoga_studios
node,6269985404,52.5007181,13.4239752,Gelber Raum,10997,n_yoga_studios
node,6287061378,52.5484219,13.4096666,Yoga Pankow,,n_yoga_studios
node,6339499872,52.5530718,13.4037515,Afra Senter,,n_yoga_studios
node,6357893262,52.5136199,13.4627564,Lotos Yoga,,n_yoga_studios
node,6451531078,52.4763605,13.4254971,Dharma Yoga,12049,n_yoga_studios
node,6469985311,52.4927896,13.3268218,Aum Yoga Studio,10717,n_yoga_studios
node,6693475018,52.5379127,13.4213383,Green Yoga,10405,n_yoga_studios
node,6757633586,52.5858073,13.4027986,Green Yoga,13156,n_yoga_studios
node,6841151512,52.5000182,13.4263004,Sportetage,10997,n_yoga_studios
node,6853266785,52.5350799,13.4222794,Casa FLOW,10405,n_yoga_studios
node,6899045752,52.5094167,13.3097604,Iyengar Yoga,10627,n_yoga_studios
node,7057578051,52.4790244,13.4518778,Yoga im Gartenstudio,,n_yoga_studios
node,7095755738,52.5331143,13.4340409,Makeda,10407,n_yoga_studios
node,7115476085,52.4861692,13.3587153,Soul Yoga Berlin,10827,n_yoga_studios
node,7231134046,52.4758032,13.4467666,yogaraum Am Richardplatz,,n_yoga_studios
node,7279178744,52.5450586,13.4228163,House of Healing,10437,n_yoga_studios
node,7279405008,52.5445551,13.4207853,YogaCircle,10437,n_yoga_studios
node,7279495026,52.544994,13.4208589,Sotantar,10437,n_yoga_studios
node,7553701884,52.4734928,13.4452931,Oma Om Yoga,12055,n_yoga_studios
node,7623775571,52.5527066,13.3424248,Blue Panta,13351,n_yoga_studios
node,7640755748,52.4758116,13.3401936,Yogazeit Stråla,12159,n_yoga_studios
node,7680118565,52.4670632,13.3396573,Entspannt mit Yoga,12157,n_yoga_studios
node,7749923385,52.4726648,13.3259026,Akademie für Yoga Berlin,12161,n_yoga_studios
node,7821177808,52.4822505,13.329427,Sarasvati Yoga Berlin,10715,n_yoga_studios
node,7850361039,52.4945812,13.3577898,Ashtanga Yoga Schule,,n_yoga_studios
node,7888120846,52.5219701,13.3785398,Pour la danse,10117,n_yoga_studios
node,7904323385,52.488156,13.3491473,Flowsol,10823,n_yoga_studios
node,7931581679,52.4941125,13.3829359,Honigseele,,n_yoga_studios
node,8222836706,52.4697929,13.3289566,Praxis für die Seele,12161,n_yoga_studios
node,8231100116,52.4395292,13.5479174,Yoga Glück,12489,n_yoga_studios
node,8558365378,52.5535695,13.4052242,Centerline Pilates,,n_yoga_studios
node,8626109382,52.5110332,13.2913584,Iyengar Yoga,,n_yoga_studios
node,8637655134,52.4872648,13.3407554,Schule für Yoga und Prana,10825,n_yoga_studios
node,8744170510,52.4555537,13.3298931,Yoga für alle,,n_yoga_studios
node,8989690901,52.4825358,13.3816579,Iyengar,,n_yoga_studios
node,9105794918,52.6647995,13.308013,lifeStyle Yoga,,n_yoga_studios
node,9250071835,52.3907175,13.0996395,Yoga Praxis Potsdam,14482,n_yoga_studios
node,9402426708,52.5478641,13.4534306,BiSee Yoga,13088,n_yoga_studios
node,9504311194,52.5476997,13.4572285,Sonne Mond & Sterne,13088,n_yoga_studios
node,9563056748,52.4798838,13.4359448,Middendorf Yoga,12043,n_yoga_studios
node,9632071018,52.462798,13.3408491,MO.VE,12157,n_yoga_studios
node,9662767223,52.5016941,13.432989,Peace Yoga Berlin,10997,n_yoga_studios
node,9775820813,52.515338,13.4656869,yogafürdich Berlin,,n_yoga_studios
node,9809316129,52.360776,13.4118747,shambo maya,15831,n_yoga_studios
node,9846635117,52.5133709,13.4633274,Lotos Yoga Berlin - YOGA LOFT,,n_yoga_studios
node,10056214905,52.544723,13.4111529,Arcoverde Pilates Zentrum,10437,n_yoga_studios
node,10100682968,52.5313866,13.4215563,Marion Röhrig Pilates,10405,n_yoga_studios
node,10100813297,52.5335247,13.4247709,Pantarei Approach,10405,n_yoga_studios
node,10162590418,52.4907384,13.353034,Little Yoga Store,10781,n_yoga_studios
node,10314370066,52.6317384,13.2884156,Hatha-Yoga,13465,n_yoga_studios
node,10648363519,52.5057198,13.2963353,Warias Kosmetik & Yoga,,n_yoga_studios
node,10780033147,52.5084656,13.3115118,Feldenkrais & QiGong,,n_yoga_studios
node,10802968151,52.5311208,13.4306675,yogibar,,n_yoga_studios
node,10936515611,52.5218757,13.3367913,Yogaschule Petersen,10555,n_yoga_studios
node,11026581858,52.5673491,13.3983889,Studio 108,,n_yoga_studios
node,11061882780,52.6402199,13.295109,B-touched Yoga by Bianca,13465,n_yoga_studios
node,11109294278,52.5509589,13.3611178,Sensing Yoga,,n_yoga_studios
node,11143206743,52.4069695,13.6509908,Nature Womb,12559,n_yoga_studios
node,11181712344,52.5244747,13.3991704,Yogatribe,,n_yoga_studios
node,11350686359,52.5165806,13.332008,House of Healing,10587,n_yoga_studios
node,11645105928,52.3854987,13.1051328,Jasa - Dein Kraft- & Entspannungszentrum,14482,n_yoga_studios
node,11649758184,52.5055523,13.4620033,Every Damn Day Yoga,,n_yoga_studios
node,11668641549,52.5301373,13.4145278,Astānga Yoga,,n_yoga_studios
node,11745362202,52.5042907,13.313386,Casa Flow Studios,,n_yoga_studios
node,11772015162,52.4739737,13.4255688,,,n_yoga_studios
node,12054497889,52.5118274,13.4660189,Saccinanda Yoga,,n_yoga_studios
node,12061024993,52.5174967,13.4717572,Ashtanga Yoga Friedrichshain,,n_yoga_studios
node,12081380958,52.5246353,13.3477956,Abityoga,10559,n_yoga_studios
node,12118950894,52.4875465,13.4224539,Yoga School Berlin,,n_yoga_studios
node,12180080938,52.5381705,13.4216494,yogalila,,n_yoga_studios
node,12180104519,52.5382095,13.4222244,Boaré,,n_yoga_studios
node,12261125503,52.4559706,13.5122716,Yoga Bär Studio,,n_yoga_studios
node,12287922533,52.5297496,13.3925007,Yoga Rebellion,10115,n_yoga_studios
node,12329220489,52.5442828,13.4179605,Kalaa Yoga Berlin,,n_yoga_studios
node,12367443606,52.5050261,13.3423099,Aura Berlin Studio,,n_yoga_studios
node,12556828335,52.4879664,13.3621517,Die Yogapraxis,10827,n_yoga_studios
node,12630500002,52.4934119,13.3553739,O-Yoga,,n_yoga_studios
node,12712890928,52.4583235,13.3277669,OMNI Yoga,12169,n_yoga_studios
node,12766386912,52.530454,13.3928668,,,n_yoga_studios
node,13141288538,52.5291118,13.3855839,Casa Flow,,n_yoga_studios
node,13147385872,52.6771664,13.593615,Dojo Spielraum,16321,n_yoga_studios
node,13261388258,52.4970918,13.4232898,Beyond,,n_yoga_studios
node,13287274963,52.5384263,13.4056087,Remedy,,n_yoga_studios
node,13473174683,52.5583776,13.3747635,The Room,,n_yoga_studios
node,13543419184,52.3905948,13.0989233,Yoga Wege,,n_yoga_studios
node,13591585101,52.4829262,13.4468737,Yoga Futura,12059,n_yoga_studios
node,13724727247,52.396169,13.119005,Iyengar Yoga,14482,n_yoga_studios
node,13931442173,52.5266034,13.402035,momax Reformer Pilates,,n_yoga_studios
node,14056818950,52.4179174,13.3058161,Studio27,,n_yoga_studios
node,14089720001,52.4973425,13.4303016,Yellow Yoga Studio Berg,10999,n_yoga_studios
node,14112265302,52.5550072,13.4660698,Yoga im Garten,,n_yoga_studios
node,14174760539,52.4865962,13.3547712,Yogafürdich,10823,n_yoga_studios
way,471110880,52.4268207,13.704439,Rialtoring 74,12589,n_yoga_studios
way,1413458990,52.5089222,13.3236498,Spirit Joga,10623,n_yoga_studios
node,362631112,52.5221737,13.1663149,Medizinisches Versorgungszentrum Heerstraße Nord,13593,n_kinderarzt
node,443669345,52.4391996,13.2142934,Kinderarztpraxis am Schlachtensee,14129,n_kinderarzt
node,514483770,52.4097245,13.2184918,,14532,n_kinderarzt
node,567148666,52.542169,13.3741752,Kinderpraxis Denise Bosch Rosa,13347,n_kinderarzt
node,1027011938,52.3902365,13.1009342,Cornelia Reibis,14482,n_kinderarzt
node,1246879559,52.363849,13.0932816,Hausarztpraxis List,14478,n_kinderarzt
node,1272323910,52.5169788,13.4388926,familycare Berlin,10243,n_kinderarzt
node,1283595011,52.5112738,13.4704979,Kinderarztpraxis am Traveplatz,10247,n_kinderarzt
node,1401087611,52.5370175,13.4284632,Sabine Pohlentz,10405,n_kinderarzt
node,1948871670,52.5182056,13.2899845,Dr. med. Beate Blank-Knaut;Wolf-Dieter Knaut,14059,n_kinderarzt
node,2354523816,52.4370295,13.3454693,Andre Baumgartner,12247,n_kinderarzt
node,2470100411,52.3858628,13.3986527,Kinderarztpraxis - Dr. Wilke,12307,n_kinderarzt
node,2542741215,52.4893295,13.388927,Praxis für Kinderheilkunde Dr. Berns,10961,n_kinderarzt
node,2631985291,52.5213832,13.5847957,Kinderärztliche Praxisgemeinschaft,12619,n_kinderarzt
node,2867705809,52.4180859,13.4360267,Kinderärztin Inys-Marika Parera Carbonero,,n_kinderarzt
node,2877328152,52.5190597,13.1975813,Dres. Christian Thies & Meike Günther,,n_kinderarzt
node,2938074459,52.4580723,13.3733839,Kinderarztpraxis Tempelhof,12103,n_kinderarzt
node,3300157793,52.6162986,13.4854052,Kinderarztpraxis Karow,13125,n_kinderarzt
node,3644421193,52.5122902,13.4478409,Kinderarzt Dr. Busch,10243,n_kinderarzt
node,3811492221,52.5418894,13.4180473,Kinderarztpraxis Hubermann & Kollegen,10437,n_kinderarzt
node,4365488599,52.3936042,13.2121544,Kinderarzt Dr. med. Thorsten Schramm,14532,n_kinderarzt
node,4485201592,52.3943893,13.4102727,Andreas Groß,12309,n_kinderarzt
node,4552427089,52.5021657,13.4292134,Praxis für Kinder- und Jugendmedizin,,n_kinderarzt
node,4608665240,52.4194353,13.5424461,Dr. Ramona Grygas,12524,n_kinderarzt
node,4686722631,52.5250215,13.3375691,Kinderarztpraxis Berlin - Dr. med. Boris Griebenow & Refka El-Rasatmi,10555,n_kinderarzt
node,4809449233,52.5159781,13.3036074,Dr. med. Eva Laufs,10585,n_kinderarzt
node,4944997007,52.4859662,13.3568792,Gemeinschaftspraxis Kaiser-Wilhelm-Passage,10827,n_kinderarzt
node,5056974015,52.4566259,13.3194581,Praxis für Kinderheilkunde Dr. Brand & Dr. Weiten,,n_kinderarzt
node,5180885687,52.5675058,13.4116241,Kinderärztin Bartholomäus,13187,n_kinderarzt
node,5337880425,52.5521986,13.4060832,Maria Wauer und Marianne Liepe,,n_kinderarzt
node,5484599123,52.3619072,13.1361012,Dipl.-Med. Kerstin Müller - Alexander Tauchnitz,14480,n_kinderarzt
node,5665844814,52.3618763,13.1361597,Dipl.-Med. Sabine Schwochow,14480,n_kinderarzt
node,5720615545,52.4942642,13.3634803,Praxis für Kinder- und Jugendmedizin,10783,n_kinderarzt
node,5954179409,52.5127157,13.4957951,Gemeinschaftspraxis für Kinderchirurgie,10365,n_kinderarzt
node,6221638936,52.4978889,13.509816,Deborah Thomas,,n_kinderarzt
node,6403150188,52.5522894,13.4060914,Oliver Bartelt & Antje Haller,,n_kinderarzt
node,6603762795,52.549169,13.3534617,"Dr.med. Jürgen Cremer, Dr.med. Ingo Scheinhütte",,n_kinderarzt
node,6652912243,52.426811,13.3285787,Dr. med. Dorothea Budde,12209,n_kinderarzt
node,6869974716,52.5306392,13.4318966,Kinderarztpraxis am Volkspark Friedrichshain,10407,n_kinderarzt
node,6898176787,52.5613007,13.093504,Kinderarztpraxis Claudia Wolf Falkensee,,n_kinderarzt
node,7052620851,52.4798287,13.4315812,Berghafenpraxis,12053,n_kinderarzt
node,7105754508,52.5316133,13.4294915,Sirid Sturm,10407,n_kinderarzt
node,7238341081,52.4885072,13.4095434,Kinderarztpraxis am Südstern,,n_kinderarzt
node,7280619242,52.5447282,13.4189288,Kinderarztpraxis Dr. Susann Krause,10437,n_kinderarzt
node,7283442342,52.3856825,13.1081501,Familienpraxis Potsdam,14482,n_kinderarzt
node,7297187779,52.4774322,13.438193,Familienpraxis Berlin,12043,n_kinderarzt
node,7297187783,52.4772813,13.4385166,S. Masri Zada,12043,n_kinderarzt
node,7411086256,52.4707567,13.3267348,Caroline Uhrig & Frank Lütgert,12161,n_kinderarzt
node,7612750907,52.4666678,13.5854026,Kinder- und Jugendarztpraxis,12555,n_kinderarzt
node,7656560652,52.4884879,13.425211,"Praxis für Kinder-, Jugend- und Familienmedizin am Hermannplatz",10967,n_kinderarzt
node,7656560653,52.4885399,13.4251777,Medizinisches Versorgungs Zentrum für Familien Senger,10967,n_kinderarzt
node,7656560654,52.4885919,13.4251444,Praxis Hermannplatz,10967,n_kinderarzt
node,7703054716,52.4815835,13.3245632,Kinderarztpraxis Sohela Seyyedi,10715,n_kinderarzt
node,7773837712,52.4819075,13.3281684,Ilona Ziethen-Bockhorni,10715,n_kinderarzt
node,7844240265,52.4748648,13.3138789,Dr. med. Martin Karsten;Dr. med. Evelyn Rugo;Dr. med Matthias Wagner,14197,n_kinderarzt
node,8068408240,52.4812032,13.3213903,Gemeinschaftspraxis für Kinder- und Jugendmedizin,10715,n_kinderarzt
node,8167432945,52.4599819,13.5234267,Kinder- und Jugendarzt,12459,n_kinderarzt
node,8177206747,52.4582191,13.3222936,Bianca Baykan und Abdallah Karajoli,12163,n_kinderarzt
node,8223127037,52.4844062,13.3535631,Praxis für Kinder- und Jugendmedizin,10827,n_kinderarzt
node,8357507504,52.4801536,13.3427802,Dr. med. Susanne Reibel;Dr. med. Sarah Schnittert-Hübener,10825,n_kinderarzt
node,8423496194,52.4888846,13.3419228,Kalus Brunnemann,10825,n_kinderarzt
node,8463875433,52.5206654,13.601967,,12619,n_kinderarzt
node,8486926090,52.4698065,13.348346,Praxis für Kinderchirurgie und Kinderurologie,12157,n_kinderarzt
node,8486926091,52.4697642,13.34835,Antje Brumby,12157,n_kinderarzt
node,8567917077,52.4675031,13.3081817,Dr. med. Sigrid Schründer,14199,n_kinderarzt
node,8822168240,52.5604713,13.4127157,Dr. Susanne Herrmann,13189,n_kinderarzt
node,8857312842,52.485862,13.4245507,Kinder- und Jugendmedizin MVZ am Hermannplatz,12049,n_kinderarzt
node,9063915564,52.4479866,13.3160489,Kinder- und Jugendärzte Flotowstraße,,n_kinderarzt
node,9352471240,52.4517378,13.5215332,Kinderarzt Torben Zimmermann,,n_kinderarzt
node,9420324070,52.5492553,13.4562135,Dr. med. Alfred Freund,13088,n_kinderarzt
node,9461256712,52.4803463,13.4336667,Sana Ayade,12053,n_kinderarzt
node,9461377531,52.479773,13.431732,Stadtteil-Gesundheits-Zentrum,12053,n_kinderarzt
node,9548281681,52.458859,13.322221,Dr. Susanne Hoffmann & Dietlind Jähn,12163,n_kinderarzt
node,9592884389,52.5094728,13.3061742,Dr. med Mahnaz Shirazi,10627,n_kinderarzt
node,9732197417,52.5075321,13.3062069,Dr.med Mechthild Vocks-Hauck,10627,n_kinderarzt
node,9772392224,52.5698959,13.3646466,Dr. Ellen Kaschluhn,,n_kinderarzt
node,9772395982,52.5643032,13.3284945,Sanela Simikic,,n_kinderarzt
node,9772404867,52.5517688,13.3892583,Dr. Martin Reetz,,n_kinderarzt
node,9772409777,52.5539477,13.3464515,Dr. Ulrike Merkel/Gerlinde Vieweg,,n_kinderarzt
node,9772448719,52.549802,13.3495359,Dr. Carlotta von Berghes / Dr. Annabel Freifrau von Arnim-Baas / Dr. Meike Heesen,,n_kinderarzt
node,9772466504,52.5610271,13.40919,Jörg Sommer,,n_kinderarzt
node,9810989889,52.5316949,13.3508605,Kinderarztpraxis Dr. Andreas Mühmer,10559,n_kinderarzt
node,9888540741,52.5300419,13.6189071,Dipl.-Med. Gundra Harnisch,12627,n_kinderarzt
node,9930321733,52.4797743,13.4315076,Therapie GeKo,12053,n_kinderarzt
node,10124884267,52.4893908,13.3503351,Kinderarzt Steffen Kuhn,10823,n_kinderarzt
node,10197888982,52.4590926,13.3208835,Elke Guthmann,12163,n_kinderarzt
node,10226121705,52.6314362,13.2898991,Dr. med. Holger Kaiser,,n_kinderarzt
node,10688867129,52.5213173,13.7032839,Kinderarztpraxis Andrea Meine,15366,n_kinderarzt
node,10709821974,52.5146506,13.6669651,Facharzt für Kinder- und Jugendmedizin,15366,n_kinderarzt
node,10764529129,52.4828349,13.5251069,,10318,n_kinderarzt
node,10769528676,52.5613401,13.0935305,,,n_kinderarzt
node,10963056123,52.4555244,13.5767072,Kinderarztpraxis Martin Schuldt,12555,n_kinderarzt
node,10995087332,52.5981201,13.3557064,Dipl.-Med. Alexander Kutscherskij,,n_kinderarzt
node,11166827105,52.4942699,13.3336221,Thomas Boeckel & Guido Haverkämper,10779,n_kinderarzt
node,11227862159,52.5321669,13.3928056,Schönbeck & Marggraf,10115,n_kinderarzt
node,11358734527,52.4662825,13.4857736,Dr. med. Josepha Schmidt,,n_kinderarzt
node,11649282065,52.6133923,13.3147831,Marina Decker,,n_kinderarzt
node,11818369255,52.4318763,13.5830195,Kinderarzt Köpenick,12557,n_kinderarzt
node,11828745704,52.4119181,13.573724,Praxis für Kinder- und Jugendmedizin,12526,n_kinderarzt
node,11829238608,52.5092986,13.6138673,Kinderarztpraxis Dipl.med.Ulrike Kröber,12623,n_kinderarzt
node,11876011644,52.5142445,13.467222,Dipl.-Med. Cornelia Berthold,10247,n_kinderarzt
node,11892812623,52.5384471,13.4179498,Dr. Euler,,n_kinderarzt
node,12070558228,52.4997011,13.4224707,Kinderarztpraxis,10999,n_kinderarzt
node,12144935637,52.5301986,13.3358603,Familienpraxis Moabit Fachärzte für Kinder-/Jugend- und Allgemeinmedizin,10551,n_kinderarzt
node,12153278239,52.5016138,13.3147819,Dr. med. Rolf Uhlig,,n_kinderarzt
node,12158159252,52.4281627,13.3246528,Kinderarztpraxis Elke Köchy,,n_kinderarzt
node,12208748974,52.4610804,13.157024,Praxis für Kinder- und Jugendmedizin im MVZ Havelhöhe,14089,n_kinderarzt
node,12208900481,52.5405245,13.393816,Kinderarztpraxis Dr. Dietmar Busch,13355,n_kinderarzt
node,12306933225,52.570835,13.410657,Dipl.-Med. Manuela Ossowski,,n_kinderarzt
node,12377186379,52.4667488,13.3851923,Jacob/Dr. Carp,12099,n_kinderarzt
node,12404712185,52.4096516,13.4045298,Dr. Portack,,n_kinderarzt
node,12680769061,52.6115314,13.2505473,Kinderarztpraxis Dr. Svehla,13503,n_kinderarzt
node,12714479161,52.6491502,13.5176157,Dipl. Med. Marianne Kreibig,16341,n_kinderarzt
node,12989094694,52.6585459,13.5335245,Dr. Stephanie Lehmann,,n_kinderarzt
node,13169316975,52.4510906,13.1466479,Dr. med. Anna Bohmeyer,,n_kinderarzt
node,13176528774,52.4276696,13.3217032,Dr. med. Uta Stolzenberg und Dr. med. Susanne Schwidergall,12207,n_kinderarzt
node,13589694998,52.4319227,13.5374735,,,n_kinderarzt
node,13634569252,52.4772955,13.3851577,Reinhard Hoffmann,12101,n_kinderarzt
node,14031289272,52.5653408,13.4137798,Dr. med. Thomas Schinkel,,n_kinderarzt
way,123399164,52.4237911,13.4380887,MVZ VITALIS kinderXexperts,12351,n_kinderarzt
way,298434881,52.472059,13.6936537,Kinder- und Jugendmedizin Sabine Kutschan,15566,n_kinderarzt
way,393029819,52.3737634,13.6329336,"Dr. med. Siegrun Mebus, Kinderärztin",15732,n_kinderarzt
node,277958275,52.5846088,13.3117903,Kieser Training,13509,n_gym
node,277958277,52.5467638,13.4425034,Kieser Training,10409,n_gym
node,277958288,52.4799991,13.3051873,Kieser Training,14199,n_gym
node,277958289,52.4429012,13.3296947,Kieser Training,12247,n_gym
node,277958291,52.4339942,13.4690013,Kieser Training,12351,n_gym
node,277958294,52.3811078,13.1161868,Kieser Training,,n_gym
node,349301672,52.5064381,13.3142089,Brooklyn Fitboxing Charlottenburg,10625,n_gym
node,353900373,52.5887845,13.2801636,Future Fit,13507,n_gym
node,416628781,52.6469219,13.5317835,Life Fitness Panketal,,n_gym
node,428142496,52.532929,13.350192,Rocket Station,10559,n_gym
node,440337320,52.4810205,13.4336999,authentic body control,,n_gym
node,499500765,52.5168592,13.4618241,Yogi Escape,10247,n_gym
node,617268225,52.5361874,13.4746956,McFit,13055,n_gym
node,645677448,52.5267655,13.333241,Fitbox,10551,n_gym
node,664244052,52.4744332,13.2925233,Pilatesraum Berlin,14199,n_gym
node,673611600,52.5021593,13.3080794,Viva Studio,10629,n_gym
node,786216888,52.5399348,13.4210829,Women's Lift Lounge,10435,n_gym
node,810590618,52.5005987,13.2943126,Aspria,,n_gym
node,812219708,52.4644342,13.3269685,Superfit,12163,n_gym
node,823473534,52.4866239,13.3283776,McFit,10715,n_gym
node,833174269,52.4648869,13.3277034,Fitness First,12161,n_gym
node,879311582,52.5123998,13.3908216,Holmes Place,10117,n_gym
node,891052374,52.5258921,13.3082059,Tayfun Personal Trainer,10589,n_gym
node,901662461,52.5218057,13.4988651,McFit,10365,n_gym
node,925525521,52.5045718,13.3373165,SuperFit Europa-Center,,n_gym
node,928931970,52.4609717,13.3250803,Fitness First,12163,n_gym
node,932651529,52.5110587,13.4488022,SunYoga,10243,n_gym
node,958096426,52.4927563,13.4142438,Yoga im Graefekiez,10967,n_gym
node,970070951,52.4645372,13.3270583,Superfit Woman,12163,n_gym
node,1056915608,52.4374727,13.2638979,Fitness First,14169,n_gym
node,1056915620,52.4378498,13.2641914,Fitness First,14169,n_gym
node,1094853553,52.5100356,13.4548892,Beat81,10245,n_gym
node,1120057604,52.5496432,13.4147198,Fitness First,10439,n_gym
node,1207853570,52.6362756,13.2002114,Ars Vivendi FitnessClub,,n_gym
node,1218312075,52.5293516,13.425576,Yoga Hub Berlin,10405,n_gym
node,1270475988,52.5129482,13.4409043,Fitness Company Berlin,10243,n_gym
node,1279265631,52.5072487,13.3262582,Fitness and More,,n_gym
node,1333143675,52.470673,13.3310663,Sivananda Yoga,12161,n_gym
node,1336704497,52.5371165,13.2058468,Gymfit,,n_gym
node,1387894027,52.4772069,13.2895103,Mrs. Sporty,,n_gym
node,1389043773,52.531302,13.4278041,B23 Space,10405,n_gym
node,1389063019,52.5023417,13.3225954,UFC Gym,10719,n_gym
node,1412978028,52.4705674,13.1078522,LocalFit,,n_gym
node,1438454178,52.5083788,13.3058415,Superfit,10627,n_gym
node,1438455119,52.5186131,13.4160003,SuperFit,10179,n_gym
node,1457608587,52.5537674,13.3604139,McFit,13347,n_gym
node,1470020226,52.4934118,13.3886695,SunYoga,10961,n_gym
node,1471968739,52.5489078,13.4079903,Bewegungsstudio,,n_gym
node,1576962361,52.4884122,13.4298633,Sacred Space,,n_gym
node,1577855726,52.4223527,13.4379849,M&M Fitness-Center,,n_gym
node,1583959145,52.5052223,13.6123631,McFit,12623,n_gym
node,1584743772,52.5391543,13.4215361,Hadi Zalzadeh,10435,n_gym
node,1588139056,52.50955,13.4698898,Green Studio Pilates,10247,n_gym
node,1610111889,52.4897726,13.3930155,Yoga-Institut Berlin,10961,n_gym
node,1715298789,52.5492489,13.354639,Fit T9 Frauenfitness,13353,n_gym
node,1718478056,52.4764214,13.3294195,myoga,12159,n_gym
node,1762116722,52.4306176,13.3755423,McFit,12277,n_gym
node,1814665856,52.5277833,13.4031487,John & Jane's Soulbase,10119,n_gym
node,1870398737,52.4974065,13.3504955,Rent-A-Trainer-Berlin Gym,10777,n_gym
node,1915070108,52.4979231,13.3192394,Urban Boost,10707,n_gym
node,1918474939,52.477839,13.286039,Zentrum für Yoga & Qigong,,n_gym
node,1918523912,52.4959426,13.340106,WingTsun Akademie,,n_gym
node,1970628072,52.6069668,13.419858,Vital One,13127,n_gym
node,1981014509,52.4376876,13.5469767,Impuls EMS-Studio,12489,n_gym
node,2059798815,52.4879655,13.3567272,Yoga in der Schwangerschaft Frauke Stadali,10823,n_gym
node,2082268403,52.5063071,13.3071048,Fitness First,,n_gym
node,2116638898,52.5115671,13.3211747,Kieser Training,,n_gym
node,2149937826,52.4696985,13.3743633,McFit,12103,n_gym
node,2158310119,52.5508228,13.409037,Abnehmen im Liegen,10439,n_gym
node,2187588493,52.5119376,13.3049113,Holmes Place,10585,n_gym
node,2306175948,52.5248857,13.34569,McFit,10559,n_gym
node,2334538079,52.5000857,13.3105829,Three Boons Yoga,10707,n_gym
node,2427830701,52.4639256,13.4983345,McFit,,n_gym
node,2445179072,52.4953419,13.4201449,JOHN REED Fitness,10967,n_gym
node,2445856559,52.4830416,13.525466,EMSLounge,,n_gym
node,2449154365,52.5360507,13.2757823,Sport & Therapiezentrum,,n_gym
node,2477046562,52.4774666,13.4242905,Tagtigall,12049,n_gym
node,2489837401,52.5471967,13.4094238,Mindful Life Berlin,10437,n_gym
node,2619903725,52.3906029,13.0974143,Sporteve Potsdam Frauenfitness,14482,n_gym
node,2690994059,52.596692,13.3552267,Crunchfit,13439,n_gym
node,2764574468,52.528312,13.4095226,Rocycle Berlin Mitte,10119,n_gym
node,2821190540,52.4550011,13.4290189,Venice Sporting Club,12347,n_gym
node,2840752454,52.4569686,13.6244217,Localfit,12587,n_gym
node,2850021274,52.5509763,13.4135056,JOHN REED Women's Club,10439,n_gym
node,2851949843,52.6072123,13.3235204,McFit,13469,n_gym
node,2852522572,52.5089577,13.4660797,Lifted,10245,n_gym
node,2901372702,52.5164644,13.1972779,VIP’n’Fit,13595,n_gym
node,2935486803,52.5349746,13.3990861,Körperformen,10115,n_gym
node,2960443392,52.4253351,13.7436473,MyTimeout,,n_gym
node,2960514356,52.6059139,13.4200588,Clever fit,13127,n_gym
node,2985821756,52.5037293,13.3388804,McFit,10789,n_gym
node,2995644691,52.5075111,13.4555779,Berlin Strength,10245,n_gym
node,3021116630,52.536285,13.6026916,FitX,12627,n_gym
node,3045401463,52.5307116,13.3343979,Pole Sport Studio Berlin,10551,n_gym
node,3140164400,52.5277244,13.3805488,Kieser Training,10115,n_gym
node,3176577534,52.4519462,13.2701269,Clays,14195,n_gym
node,3266506461,52.4309414,13.5491064,McFit,12489,n_gym
node,3267299482,52.4821233,13.4329149,Superfit,12043,n_gym
node,3275372087,52.5455814,13.4108003,Berlin Movement Lab,10437,n_gym
node,3314954409,52.5590029,13.1335092,MARIVA,14612,n_gym
node,3385637223,52.4984906,13.3028762,FitX,10709,n_gym
node,3453943122,52.481665,13.365517,CrossFit,10829,n_gym
node,3457687544,52.5309216,13.3674998,Hyrox Ber Mitte,,n_gym
node,3464981113,52.5529857,13.4083022,Yoga am Arnimplatz,10439,n_gym
node,3475027209,52.5018092,13.4207441,EFX Sport-Gruppe - Fitness,,n_gym
node,3566958751,52.4582572,13.5763726,Kieser Training,12555,n_gym
node,3658141193,52.5698026,13.4066615,Fitness First,13187,n_gym
node,3670161823,52.429498,13.3299541,Elixia,,n_gym
node,3782374475,52.5013709,13.3307767,Clever fit,10719,n_gym
node,3826014915,52.4985987,13.3511448,Stromtown,10777,n_gym
node,3841253417,52.4622743,13.3252442,Holmes Place,12163,n_gym
node,3853848970,52.485107,13.3453454,Fitbox,10825,n_gym
node,3862712290,52.5054239,13.5157065,Mrs. Sporty,,n_gym
node,3874310962,52.5324374,13.5372478,McFit,12681,n_gym
node,3877191661,52.5659003,13.3989931,40 Min,13187,n_gym
node,3907029679,52.5112064,13.4475269,Hale Now,10243,n_gym
node,3957099326,52.5438059,13.5486137,Kieser Training,,n_gym
node,3959492196,52.5364154,13.6328262,247Fitness,15366,n_gym
node,3999585488,52.5532576,13.1015406,active well,,n_gym
node,4128610787,52.4578111,13.5789766,Superfit,12555,n_gym
node,4128610788,52.5142755,13.4737156,Superfit,10247,n_gym
node,4246003520,52.5121719,13.661609,Mrs. Sporty,15366,n_gym
node,4253980789,52.5227304,13.3821454,CrossFit Grenzgänger,10117,n_gym
node,4253995591,52.5308414,13.3672762,CrossFit Mitte,10557,n_gym
node,4254495166,52.5323394,13.3802487,Hauptstadt Crossfit,,n_gym
node,4254944691,52.4888821,13.3872264,CrossFit,,n_gym
node,4304263292,52.454105,13.575983,Figurenzentrum Köpenick,,n_gym
node,4308049689,52.5452832,13.5911324,CITI-Frauen-Fitness,12629,n_gym
node,4315470224,52.5486824,13.3513758,Yoga Stübchen,13353,n_gym
node,4320893092,52.5163412,13.4460907,Bodystreet,10243,n_gym
node,4420021957,52.5230415,13.4161276,FitX,10178,n_gym
node,4422075090,52.669083,13.287857,Mrs. Sporty,,n_gym
node,4424022530,52.5106479,13.3974279,McFit,10117,n_gym
node,4437696196,52.48997,13.3172363,7 circles,,n_gym
node,4446537033,52.4467195,13.3424696,Sporteve,,n_gym
node,4474870489,52.6051549,13.3256887,Therapiezentrum Waidmannslust,13437,n_gym
node,4514846830,52.5139697,13.3954862,Fitness First,10117,n_gym
node,4530197498,52.5085055,13.4599359,Green Yoga,10245,n_gym
node,4539202778,52.5322556,13.3954966,Fitbox,,n_gym
node,4555677789,52.5825276,13.2912082,Fit in Tegel,13509,n_gym
node,4572112192,52.4274451,13.3286889,Freiraum,,n_gym
node,4604863055,52.5079287,13.3917379,Bodystreet,,n_gym
node,4611801889,52.5123551,13.4594528,Yogibar,10245,n_gym
node,4614154589,52.5345204,13.398546,Three Boons Yoga,10119,n_gym
node,4672876466,52.4993986,13.4637843,EagleCoach,10245,n_gym
node,4673478561,52.4846716,13.4352226,Studio Sonne,12045,n_gym
node,4797313796,52.4371567,13.5467803,FITOMAT,12489,n_gym
node,4809992562,52.5688823,13.399697,Premium Ems Personal Training,,n_gym
node,4812222804,52.5680064,13.3984173,Ki-Haus,13187,n_gym
node,4815247561,52.5191433,13.389102,DocOrtho,,n_gym
node,4819499443,52.4919236,13.4366613,Peace Yoga Berlin,10999,n_gym
node,4825870145,52.5479608,13.389607,JOHN REED Fitness,13355,n_gym
node,4849302124,52.5248995,13.3957917,Bikram Yoga Berlin-Mitte,10115,n_gym
node,4861464949,52.4183617,13.2879531,McFit,14167,n_gym
node,4892394721,52.5160093,13.3892193,Barry's,10117,n_gym
node,4908049913,52.5115029,13.4575495,Fitbox,10245,n_gym
node,4908898222,52.4471283,13.6142616,KINЭ - Boxkurse für Frauen,,n_gym
node,5001635832,52.5312652,13.4339006,FEEL THE BARRE,10407,n_gym
node,5051041622,52.4978459,13.3002669,Mrs. Sporty,,n_gym
node,5082292600,52.4894447,13.3213517,Yoga Vidya Center Berlin-Wilmersdorf,10717,n_gym
node,5147968721,52.5648847,13.5039111,Active Ladies,13051,n_gym
node,5248623193,52.5377691,13.609346,Power Factory GmbH,12627,n_gym
node,5248861547,52.5419445,13.5421497,Ladycompany,,n_gym
node,5321891322,52.4669622,13.3820053,Tayopi,12103,n_gym
node,5337021037,52.485211,13.4214152,Holmes Place,,n_gym
node,5339159802,52.5530222,13.4017754,Yoga,,n_gym
node,5348822589,52.505358,13.4889231,Yoga Barn,10317,n_gym
node,5387842599,52.5609781,13.0915846,Vitalitätsoase,,n_gym
node,5396107633,52.4847501,13.3359151,sportraum bs,,n_gym
node,5424563451,52.5354955,13.3772335,Slim-Gym Club,10115,n_gym
node,5443162245,52.607932,13.3254356,FitX,13469,n_gym
node,5525155938,52.4538703,13.3874764,FitX,,n_gym
node,5552228830,52.5642337,13.4095229,Argo Athletics,13187,n_gym
node,5656522305,52.5245352,13.4102247,Evo Fitness,10178,n_gym
node,5659022957,52.5079023,13.4695348,Berlin Hot Yoga,,n_gym
node,5718697030,52.4965751,13.3611761,Boxsport Berlin e.V.,,n_gym
node,5730290887,52.5080622,13.295478,Casa Flow Studios,14057,n_gym
node,5754645597,52.4009135,13.2445961,IFitnessClub,,n_gym
node,5782596492,52.5195669,13.2568569,Body Street,,n_gym
node,5796921707,52.5133825,13.2651845,Mrs. Sporty,,n_gym
node,5825069584,52.5649347,13.4101265,Casa de Quilombo,,n_gym
node,5876049618,52.5580144,13.1344718,Fitomat,,n_gym
node,5913018282,52.5266763,13.4062541,Just Fit,10119,n_gym
node,5916346085,52.5745393,13.5096069,Mrs. Sporty,13059,n_gym
node,5922544402,52.3731806,13.1259678,CrossFit,14480,n_gym
node,5935458555,52.5020331,13.3914436,Luft,10969,n_gym
node,5980998064,52.4989674,13.437719,Kreuzberg Yoga,10997,n_gym
node,5981095822,52.4955816,13.426096,Zentrum für Yoga und Stimme,10999,n_gym
node,5985950308,52.4788359,13.4373568,Fitbox,12043,n_gym
node,6006913091,52.4350839,13.2582451,clever fit Berlin-Zehlendorf,14163,n_gym
node,6029322205,52.5058788,13.4455578,FitX,10243,n_gym
node,6037260490,52.4991067,13.4797745,Fitbox,10317,n_gym
node,6141321914,52.5304776,13.4617302,FitX,10369,n_gym
node,6146626206,52.6765404,13.5960944,Clever fit,,n_gym
node,6189303135,52.3892306,13.0927209,VitalBody,14482,n_gym
node,6217415536,52.4845339,13.4625301,Paramount Fitness,12435,n_gym
node,6245373115,52.4905624,13.3694456,Iyengar Yoga Zentrum,10829,n_gym
node,6249985337,52.4937501,13.3172922,taohealth,10707,n_gym
node,6261885939,52.5062441,13.5602985,FitX,12683,n_gym
node,6269985404,52.5007181,13.4239752,Gelber Raum,10997,n_gym
node,6287061378,52.5484219,13.4096666,Yoga Pankow,,n_gym
node,6294174556,52.6370254,13.2044468,Clever fit,,n_gym
node,6339499872,52.5530718,13.4037515,Afra Senter,,n_gym
node,6357893262,52.5136199,13.4627564,Lotos Yoga,,n_gym
node,6388113852,52.4528952,13.6253449,Fitbox,12587,n_gym
node,6398137732,52.4938947,13.4487446,Urban Street Gym,12435,n_gym
node,6414803768,52.5148233,13.465678,Fitness First Ladies,,n_gym
node,6415868985,52.5250018,13.3445657,Slim-Gym,10559,n_gym
node,6421090392,52.5231862,13.5864319,skyfit-Club,12619,n_gym
node,6447122889,52.5122911,13.3238482,Fitnessstudio TU Sport,10623,n_gym
node,6451531078,52.4763605,13.4254971,Dharma Yoga,12049,n_gym
node,6458744287,52.464957,13.3210363,Steglitzer Dance & Aerobic Center,12163,n_gym
node,6469985311,52.4927896,13.3268218,Aum Yoga Studio,10717,n_gym
node,6497580485,52.5318788,13.1874325,McFit,13581,n_gym
node,6503900885,52.5019116,13.3914666,Luft,10969,n_gym
node,6508696785,52.5265415,13.341843,all inclusive Fitness Berlin-Moabit,10551,n_gym
node,6550896785,52.5279738,13.4029924,John & Jane‘s,,n_gym
node,6563440585,52.5281086,13.5389857,clever fit Berlin-Marzahn,12681,n_gym
node,6586374601,52.5490334,13.3551586,Fitness First,13353,n_gym
node,6693475018,52.5379127,13.4213383,Green Yoga,10405,n_gym
node,6757633586,52.5858073,13.4027986,Green Yoga,13156,n_gym
node,6759112267,52.5063988,13.4623488,Studio Glücksmama,10245,n_gym
node,6789070129,52.492162,13.3713067,Fitness First,10829,n_gym
node,6841151512,52.5000182,13.4263004,Sportetage,10997,n_gym
node,6841554512,52.4166823,13.2255408,Sode,,n_gym
node,6853266785,52.5350799,13.4222794,Casa FLOW,10405,n_gym
node,6899045752,52.5094167,13.3097604,Iyengar Yoga,10627,n_gym
node,7006749859,52.5025396,13.3844025,Forde Fitness,10963,n_gym
node,7057578051,52.4790244,13.4518778,Yoga im Gartenstudio,,n_gym
node,7066762906,52.4855668,13.3556988,FitX,10827,n_gym
node,7095755738,52.5331143,13.4340409,Makeda,10407,n_gym
node,7099412169,52.6438012,13.3215844,FeelGood Fitness,16567,n_gym
node,7115476085,52.4861692,13.3587153,Soul Yoga Berlin,10827,n_gym
node,7133818467,52.5494998,13.3778323,CrunchFit,,n_gym
node,7161037005,52.4880071,13.4241071,American Fitness,10967,n_gym
node,7194124792,52.5336363,13.4361377,Kinderbewegung,10407,n_gym
node,7194124793,52.5336164,13.4361912,Krav Maga,10407,n_gym
node,7231134046,52.4758032,13.4467666,yogaraum Am Richardplatz,,n_gym
node,7239669952,52.5954367,13.3746045,Mrs. Sporty,13158,n_gym
node,7252377721,52.50798,13.4668695,TSX Sportsclub,,n_gym
node,7272720758,52.5439907,13.4223608,Formwandler,10437,n_gym
node,7275474348,52.5416201,13.419718,Via Pilates,10437,n_gym
node,7279178744,52.5450586,13.4228163,House of Healing,10437,n_gym
node,7279405008,52.5445551,13.4207853,YogaCircle,10437,n_gym
node,7296568749,52.4313095,13.7153681,fit & feminin,12589,n_gym
node,7311293615,52.5395343,13.4235503,My Sports,10435,n_gym
node,7544210933,52.475808,13.3246233,EMS Training Berlin,,n_gym
node,7553701884,52.4734928,13.4452931,Oma Om Yoga,12055,n_gym
node,7554171386,52.4694551,13.332784,Fitbox,12159,n_gym
node,7623775571,52.5527066,13.3424248,Blue Panta,13351,n_gym
node,7640755748,52.4758116,13.3401936,Yogazeit Stråla,12159,n_gym
node,7680118565,52.4670632,13.3396573,Entspannt mit Yoga,12157,n_gym
node,7683719224,52.4726259,13.3324358,Raum für Bewegung Quan Dao,12159,n_gym
node,7749923385,52.4726648,13.3259026,Akademie für Yoga Berlin,12161,n_gym
node,7776239760,52.4702542,13.3370775,Flow Fitness,12159,n_gym
node,7777530626,52.4723634,13.3231711,Peronal Pilates,12161,n_gym
node,7804846347,52.4867414,13.3236197,CrossFit,10715,n_gym
node,7821177808,52.4822505,13.329427,Sarasvati Yoga Berlin,10715,n_gym
node,7836953685,52.508509,13.5599114,Health Gym Berlin,,n_gym
node,7850361039,52.4945812,13.3577898,Ashtanga Yoga Schule,,n_gym
node,7867810048,52.536809,13.4277953,Mrs. Sporty,10405,n_gym
node,7904323385,52.488156,13.3491473,Flowsol,10823,n_gym
node,8042827117,52.4792746,13.3325115,Strom-Linien,10715,n_gym
node,8066147155,52.5444176,13.4118011,Ready Set Move – Personal Training Berlin,10437,n_gym
node,8077205619,52.4909974,13.3313311,Fitbox,,n_gym
node,8091797796,52.4526924,13.3304973,Kessler Sports,12167,n_gym
node,8094802649,52.4709457,13.3202746,Sporteve,14197,n_gym
node,8120989341,52.4575255,13.3208065,Fitness First Ladies,,n_gym
node,8143925996,52.4714277,13.320908,Pilates On The Go,12161,n_gym
node,8197441972,52.5005866,13.3103661,Rocycle,10707,n_gym
node,8199219273,52.4703204,13.3231656,pilaME,12161,n_gym
node,8222836706,52.4697929,13.3289566,Praxis für die Seele,12161,n_gym
node,8231100116,52.4395292,13.5479174,Yoga Glück,12489,n_gym
node,8258006226,52.6361722,13.3193601,SPORTSMANN,16548,n_gym
node,8261548027,52.4099807,13.7523446,Athletic Park Erkner,15537,n_gym
node,8270550321,52.4253311,13.750992,CUBE4FIT,,n_gym
node,8325422642,52.4106044,13.1105363,Sport am Waldrand,14482,n_gym
node,8330198881,52.6048775,13.3673041,Fitnessclub Vitalis,13439,n_gym
node,8422865852,52.4877092,13.3345576,Hundred & Friends,10715,n_gym
node,8462294818,52.5603992,13.4984219,Fitness First,13051,n_gym
node,8558365378,52.5535695,13.4052242,Centerline Pilates,,n_gym
node,8621664469,52.5371215,13.4225943,Fitbox,10405,n_gym
node,8622816454,52.5399323,13.4177211,ride.bln,,n_gym
node,8626109382,52.5110332,13.2913584,Iyengar Yoga,,n_gym
node,8637655134,52.4872648,13.3407554,Schule für Yoga und Prana,10825,n_gym
node,8662502304,52.5121345,13.4485371,Soulsport Yoga,10243,n_gym
node,8679795668,52.5492037,13.3471371,"pilatique, Pilatesstudio",,n_gym
node,8839649644,52.4990796,13.2960862,Be Your Star Fitnesscoaching,10711,n_gym
node,8989690901,52.4825358,13.3816579,Iyengar,,n_gym
node,9067697047,52.500659,13.3756597,X-Step,10963,n_gym
node,9105794918,52.6647995,13.308013,lifeStyle Yoga,,n_gym
node,9258064630,52.6010328,13.331864,,13437,n_gym
node,9402426708,52.5478641,13.4534306,BiSee Yoga,13088,n_gym
node,9404573372,52.4623664,13.3389519,unbekannt - noch ungeöffnet,12157,n_gym
node,9429184186,52.4981276,13.2954425,Beat81,10711,n_gym
node,9431775959,52.5500839,13.4596077,Fitbox,13088,n_gym
node,9504311194,52.5476997,13.4572285,Sonne Mond & Sterne,13088,n_gym
node,9524144982,52.4939117,13.3982992,PRO-STAGE,,n_gym
node,9529221826,52.508465,13.2726237,LovFit,,n_gym
node,9592884391,52.5097577,13.306013,JOHN REED Fitness,10627,n_gym
node,9632071018,52.462798,13.3408491,MO.VE,12157,n_gym
node,9662767223,52.5016941,13.432989,Peace Yoga Berlin,10997,n_gym
node,9708780370,52.5702216,13.4103995,Bodystreet,13187,n_gym
node,9728794514,52.5209499,13.4041015,Ladycompany - Fitness für Frauen,10178,n_gym
node,9775820813,52.515338,13.4656869,yogafürdich Berlin,,n_gym
node,9775829185,52.3648443,13.5944846,Localfit,15732,n_gym
node,9806604950,52.5527342,13.4109373,dein Pilates,,n_gym
node,9809316129,52.360776,13.4118747,shambo maya,15831,n_gym
node,9814415268,52.3612068,13.4113836,Impuls EMS-Studio,,n_gym
node,9816576692,52.5104148,13.2922362,Corpus Dicio,,n_gym
node,9830837796,52.511239,13.4558403,Bunker Berlin,10245,n_gym
node,9846635117,52.5133709,13.4633274,Lotos Yoga Berlin - YOGA LOFT,,n_gym
node,9852432518,52.4919528,13.489293,AXT CrossFit,10317,n_gym
node,9906919513,52.4913483,13.4575706,Fitness am Park,12435,n_gym
node,9906938038,52.4888923,13.387549,FitnessCenter aTB,,n_gym
node,9928786051,52.5104581,13.3813194,Sports Club,10117,n_gym
node,9985456517,52.5646061,13.4095769,mPointUp,,n_gym
node,10000479377,52.4908896,13.30329,Lokai Loft,,n_gym
node,10035842242,52.5438448,13.4127951,Future Fit,10437,n_gym
node,10045257318,52.544999,13.4279151,Bodystreet,,n_gym
node,10056214905,52.544723,13.4111529,Arcoverde Pilates Zentrum,10437,n_gym
node,10100682968,52.5313866,13.4215563,Marion Röhrig Pilates,10405,n_gym
node,10100813297,52.5335247,13.4247709,Pantarei Approach,10405,n_gym
node,10121509310,52.4690894,13.3279458,Twenty Minutes Fitness Lounge,12161,n_gym
node,10124188468,52.4532489,13.3223719,Indiv Sports,,n_gym
node,10130657647,52.4008179,13.2425049,Freiraum Fitnessclub Teltow,14513,n_gym
node,10131167926,52.462578,13.3674509,Crunch Fit Studio Berlin-Schöneberg,12103,n_gym
node,10248360663,52.4978481,13.3266094,Stromtown,,n_gym
node,10293894600,52.531081,13.3680776,Getimpulse,,n_gym
node,10314570434,52.4900692,13.3559651,Die Schönebergerin,10823,n_gym
node,10594955331,52.4794998,13.3102202,Classic Crossfit,14197,n_gym
node,10609414411,52.5472139,13.4129051,Fitbox,,n_gym
node,10648363519,52.5057198,13.2963353,Warias Kosmetik & Yoga,,n_gym
node,10675679016,52.5271926,13.4781379,Crunch Fit,10369,n_gym
node,10702130505,52.5384092,13.4876781,VitalInn,,n_gym
node,10727283773,52.4469431,13.623723,Vibra Fitness Lounge,,n_gym
node,10741073680,52.3323366,13.3931643,Evergym,15827,n_gym
node,10744727190,52.3667962,13.0937666,AnniMotion Sports,14478,n_gym
node,10780033147,52.5084656,13.3115118,Feldenkrais & QiGong,,n_gym
node,10788867287,52.4585685,13.3274238,Krav Maga Berlin Headquarters,12169,n_gym
node,10792875944,52.5069366,13.326358,Fitness Unlimited,10623,n_gym
node,10797454234,52.4538251,13.3160563,Bodystreet,,n_gym
node,10802968151,52.5311208,13.4306675,yogibar,,n_gym
node,10804733989,52.4976575,13.5219209,FitX,10319,n_gym
node,10881753305,52.4781146,13.3646654,FitX,10829,n_gym
node,10909471605,52.5305105,13.5585447,Sportstudio,,n_gym
node,10936515611,52.5218757,13.3367913,Yogaschule Petersen,10555,n_gym
node,10938713752,52.5229664,13.6776383,höhenflug,,n_gym
node,10958258205,52.6628372,13.2853001,Gym4us,,n_gym
node,10973845906,52.5085275,13.3610272,BMVg Sportcontainer,,n_gym
node,10978245699,52.4828083,13.6020198,clever fit Berlin-Mahlsdorf,,n_gym
node,10978245702,52.4833807,13.6023922,,,n_gym
node,11010271941,52.6340691,13.4966691,Clever fit,13125,n_gym
node,11014339720,52.5310799,13.396507,HIT BLN,,n_gym
node,11026581858,52.5673491,13.3983889,Studio 108,,n_gym
node,11046023605,52.5142111,13.4816451,BLN Athletics,,n_gym
node,11061882780,52.6402199,13.295109,B-touched Yoga by Bianca,13465,n_gym
node,11107054359,52.5365531,13.4507477,EVOPE Performance Center,10407,n_gym
node,11109294278,52.5509589,13.3611178,Sensing Yoga,,n_gym
node,11143206743,52.4069695,13.6509908,Nature Womb,12559,n_gym
node,11181712344,52.5244747,13.3991704,Yogatribe,,n_gym
node,11201598334,52.5296568,13.4159391,JOHN REED Fitness,10405,n_gym
node,11211952137,52.5503767,13.4189229,Mrs. Sporty,10439,n_gym
node,11227904749,52.5054645,13.3752868,Holmes Place,,n_gym
node,11291360614,52.5162056,13.3113031,Abnehmen Im Liegen,,n_gym
node,11433071264,52.5666674,13.410098,Fitbox,,n_gym
node,11506333461,52.5250199,13.3905026,Shapesty,10117,n_gym
node,11580611771,52.5437298,13.4195372,Berliner Pilates,10437,n_gym
node,11607821257,52.5421334,13.3782384,Champions Fight-Gym,,n_gym
node,11613447903,52.4773912,13.4213217,Pilates Studio,,n_gym
node,11635521514,52.4665189,13.3305268,deen,12161,n_gym
node,11645105928,52.3854987,13.1051328,Jasa - Dein Kraft- & Entspannungszentrum,14482,n_gym
node,11649758184,52.5055523,13.4620033,Every Damn Day Yoga,,n_gym
node,11662711559,52.5250992,13.4102616,Beat81,,n_gym
node,11668641549,52.5301373,13.4145278,Astānga Yoga,,n_gym
node,11745362202,52.5042907,13.313386,Casa Flow Studios,,n_gym
node,11772015162,52.4739737,13.4255688,,,n_gym
node,11775789373,52.4762552,13.3604771,Emotions Studio,10829,n_gym
node,11777929542,52.442082,13.5699096,Fitnesspoint BSM 07 e.V.,,n_gym
node,11809565378,52.4447344,13.575453,EMS-Lounge Berlin-Köpenick,,n_gym
node,11819554609,52.5289783,13.4051593,Club Athleten,,n_gym
node,11841882665,52.5080196,13.305692,Therapie & Training Berlin,,n_gym
node,11876092959,52.385874,13.1083149,SuperFit,,n_gym
node,11968290978,52.5097635,13.4641108,Hale Now,,n_gym
node,11986723745,52.5279751,13.4548801,JOHN REED Fitness,,n_gym
node,12022132930,52.6172316,13.4887731,Mrs. Sporty,,n_gym
node,12037528490,52.5017687,13.2975313,Junia Keitel Private Fitness & Health,,n_gym
node,12039802416,52.5068677,13.2909064,Balance,,n_gym
node,12040833981,52.4542309,13.3261574,Win Club CrossFit,,n_gym
node,12054497889,52.5118274,13.4660189,Saccinanda Yoga,,n_gym
node,12061024993,52.5174967,13.4717572,Ashtanga Yoga Friedrichshain,,n_gym
node,12077318269,52.5021909,13.3884688,Urban Gladiators,10963,n_gym
node,12081380958,52.5246353,13.3477956,Abityoga,10559,n_gym
node,12118950894,52.4875465,13.4224539,Yoga School Berlin,,n_gym
node,12121758700,52.5001293,13.4333749,Beat81,10997,n_gym
node,12135555860,52.4136446,13.4020443,Sports Time,,n_gym
node,12137673016,52.4918439,13.4172189,Beat81,10967,n_gym
node,12143828853,52.4936182,13.4302164,Beat81,10999,n_gym
node,12151379486,52.5386584,13.4147763,Beat81,10435,n_gym
node,12151406837,52.5475092,13.4129289,Beat81,10437,n_gym
node,12153282425,52.5021498,13.3135007,Fitbox,,n_gym
node,12160358671,52.5328448,13.3985301,Beyond,,n_gym
node,12171125220,52.4780892,13.6013425,Yoga & Friends,12623,n_gym
node,12174795144,52.5077276,13.4689396,Beat81,10245,n_gym
node,12180104519,52.5382095,13.4222244,Boaré,,n_gym
node,12183361380,52.5117348,13.4587825,energia,,n_gym
node,12203546736,52.4646942,13.4404813,Flow Motion Studio Neukölln,12051,n_gym
node,12261125503,52.4559706,13.5122716,Yoga Bär Studio,,n_gym
node,12285966732,52.5460194,13.4524314,Apollo Fitness World,,n_gym
node,12287922533,52.5297496,13.3925007,Yoga Rebellion,10115,n_gym
node,12329220489,52.5442828,13.4179605,Kalaa Yoga Berlin,,n_gym
node,12367443606,52.5050261,13.3423099,Aura Berlin Studio,,n_gym
node,12376124453,52.5277006,13.3429972,Brooklyn Fitboxing,,n_gym
node,12430038866,52.5036823,13.4507511,Spree,,n_gym
node,12456266757,52.448502,13.6090544,Spreerelex,,n_gym
node,12519378569,52.5335768,13.2971004,WD Space,,n_gym
node,12549502772,52.5194075,13.7114404,fit+,,n_gym
node,12556828335,52.4879664,13.3621517,Die Yogapraxis,10827,n_gym
node,12622719646,52.5138996,13.4549117,Klub McFit,,n_gym
node,12630500002,52.4934119,13.3553739,O-Yoga,,n_gym
node,12637232303,52.5603629,13.4590803,Reha-Sport & Gesundheitstraining,,n_gym
node,12712890928,52.4583235,13.3277669,OMNI Yoga,12169,n_gym
node,12752614827,52.5235568,13.3864509,AURUM Training,,n_gym
node,12766386912,52.530454,13.3928668,,,n_gym
node,12778956686,52.5422291,13.4126207,Lifted,,n_gym
node,12799947701,52.5262331,13.384476,Campusfit - HU GYM,10115,n_gym
node,12839348801,52.57422,13.3020763,Dawgz Life Muay Thai,13507,n_gym
node,12856418771,52.5083732,13.3114821,Mrs. Sporty,10625,n_gym
node,12863105019,52.5525799,13.3516113,Spitfire,13349,n_gym
node,12879156506,52.5446515,13.3667652,Basic Fit,,n_gym
node,12912630515,52.5111021,13.3029379,Studio Prosper,,n_gym
node,12957121256,52.5023465,13.414019,QP Fitness,10969,n_gym
node,13009510401,52.5006633,13.3750353,Motions Gleisdreieck,10963,n_gym
node,13141288538,52.5291118,13.3855839,Casa Flow,,n_gym
node,13171454955,52.395589,13.0909933,Amvicu Trainingsclub,,n_gym
node,13192187878,52.5234091,13.367996,Sky & Spa,,n_gym
node,13261388258,52.4970918,13.4232898,Beyond,,n_gym
node,13279159602,52.4195688,13.3588815,clever fit Berlin-Marienfelde,,n_gym
node,13279846226,52.5235586,13.4049894,Beat81,10178,n_gym
node,13283040202,52.5300061,13.4032784,Hagius,,n_gym
node,13287274963,52.5384263,13.4056087,Remedy,,n_gym
node,13287336510,52.5330411,13.4123007,Fitbox,,n_gym
node,13381861011,52.4769722,13.3324505,Bahntrainig,12159,n_gym
node,13446520130,52.5329468,13.3673024,Thrive Zone Studio,,n_gym
node,13460601840,52.5278817,13.3899368,Super Jack Muay Thai,,n_gym
node,13473174683,52.5583776,13.3747635,The Room,,n_gym
node,13519046204,52.5327787,13.4144417,Swod Pod,,n_gym
node,13537293301,52.5230603,13.3466257,Alpha-Reha Berlin,10559,n_gym
node,13543419184,52.3905948,13.0989233,Yoga Wege,,n_gym
node,13576419101,52.4975274,13.3510276,Peter Strom EMS Fitness,10777,n_gym
node,13585590767,52.4869551,13.5245877,Mrs. Sporty,10318,n_gym
node,13591585101,52.4829262,13.4468737,Yoga Futura,12059,n_gym
node,13598859601,52.5438137,13.4425327,McFit,10409,n_gym
node,13606158679,52.5187332,13.3016501,Body Street,,n_gym
node,13626929501,52.5433806,13.4421951,clever fit Berlin-Prenzlauer Berg,10409,n_gym
node,13630279582,52.4263094,13.3587836,UniFit,,n_gym
node,13638398092,52.5384748,13.4174203,Yeah Studio,,n_gym
node,13638926188,52.5609248,13.4224586,Unlimited Fitness,,n_gym
node,13650011048,52.5118961,13.2932495,Sporteve Pure Lady Fitness,,n_gym
node,13650705167,52.5251163,13.3883154,Beat81,,n_gym
node,13711597462,52.5820255,13.4042754,Ground Fitness,13156,n_gym
node,13723285667,52.4125158,13.2792944,WILD SIDE Athletics,14167,n_gym
node,13723486877,52.4124612,13.2793827,ClaraJoe’s Pilates,14167,n_gym
node,13724727247,52.396169,13.119005,Iyengar Yoga,14482,n_gym
node,13765868066,52.5298992,13.400776,Evo Fitness,10119,n_gym
node,13765882158,52.5118372,13.4087298,Evo Fitness,10179,n_gym
node,13765912968,52.5146761,13.4529451,Rocycle,10243,n_gym
node,13775489113,52.5892672,13.3570662,AINEX FIT & GESUND,,n_gym
node,13790834004,52.5482092,13.4502537,Body Street,,n_gym
node,13806677217,52.5380758,13.2192309,FitX,,n_gym
node,13826756701,52.5378371,13.214619,Crunchfit,13599,n_gym
node,13845823801,52.418216,13.5795957,,,n_gym
node,13857918271,52.5138677,13.4760691,aGYM,10365,n_gym
node,13891483270,52.440844,13.5098468,Calisthenics Anlage,,n_gym
node,13926677201,52.4834032,13.3545563,Pilates Chalotte Nexgaard,10827,n_gym
node,13931442173,52.5266034,13.402035,momax Reformer Pilates,,n_gym
node,13935302662,52.5623283,13.4279847,Lyra Aerial Dance Studio,13089,n_gym
node,13953840301,52.4969347,13.3112025,Studio K8,10707,n_gym
node,14015652459,52.3927366,13.2190679,FTB,,n_gym
node,14056818950,52.4179174,13.3058161,Studio27,,n_gym
node,14089720001,52.4973425,13.4303016,Yellow Yoga Studio Berg,10999,n_gym
node,14090409103,52.4910867,13.3872965,Fitbox,,n_gym
node,14112265302,52.5550072,13.4660698,Yoga im Garten,,n_gym
node,14137803342,52.4942738,13.4374218,FLOAT Studio GmbH,10999,n_gym
node,14139602301,52.4981864,13.3625093,Brooklyn Fitboxing Postdamer-Str,10783,n_gym
node,14144329907,52.3970749,13.719502,fit+ Gosen,15537,n_gym
node,14151259501,52.5058346,13.3725858,Barliner Workout,10785,n_gym
node,14174760539,52.4865962,13.3547712,Yogafürdich,10823,n_gym
node,14182611001,52.5268178,13.3436596,FitX,,n_gym
node,14224580577,52.4365873,13.2576476,Aprosports EMS,,n_gym
way,27180861,52.50458,13.4735483,Holmes Place,,n_gym
way,30094565,52.4332479,13.3558657,INJOY,12249,n_gym
way,42599524,52.4553556,13.5539873,FHC,,n_gym
way,50013591,52.4014932,13.4133349,Dynamic Fitness World,,n_gym
way,57821563,52.5207524,13.1867457,Spannkraft,13593,n_gym
way,60840562,52.5844805,13.4196374,New Evolution,13156,n_gym
way,68808849,52.5646845,13.4098556,Argo Athletics,,n_gym
way,77691452,52.4907289,13.2774599,Sportclub Grunewald,,n_gym
way,92317565,52.5481402,13.5669709,Fitness Inform,,n_gym
way,101417144,52.5046976,13.5821677,Die Bewegungsebene,12621,n_gym
way,110665978,52.4518469,13.4354592,McFit,,n_gym
way,113373796,52.6197083,13.3047612,formwerk,13467,n_gym
way,155466370,52.4470269,13.3083434,fourty fit healthclub,12203,n_gym
way,161236100,52.5282784,13.4162947,JOHN REED Fitness,10405,n_gym
way,211215902,52.4214635,13.4268699,Studio47,12349,n_gym
way,244472364,52.5069064,13.7117817,Bodyoase,15366,n_gym
way,251630438,52.5655627,13.4440376,McFit,13089,n_gym
way,303606476,52.6181769,13.4738345,Fitness Galerie Karow,,n_gym
way,471110880,52.4268207,13.704439,Rialtoring 74,12589,n_gym
way,699440074,52.5353988,13.607399,Elixia,12627,n_gym
way,1012101364,52.541174,13.2489705,Gold's Gym Fitnessstudio,13629,n_gym
way,1413458990,52.5089222,13.3236498,Spirit Joga,10623,n_gym
way,1427539730,52.5299466,13.1588278,,,n_gym
way,1556422881,52.5851007,13.2859484,Superfit,13507,n_gym
way,1557250679,52.5497549,13.4411819,Soulstone Studio,13086,n_gym
relation,332593,52.5332187,13.5195225,Pyramide Fitness World,12681,n_gym
way,721218590,52.3911786,13.4042217,,,n_bouldering
way,943979557,52.4659749,13.1074672,Boulderwand,,n_bouldering
node,2917748026,52.5485758,13.3818333,Magic Mountain,13357,n_bouldering
node,3186272257,52.4869489,13.3182979,Boulderworx,10713,n_bouldering
node,3966842994,52.4951304,13.4286748,Boulderklub Kreuzberg,10999,n_bouldering
node,3989801753,52.5421112,13.221067,Cliffhanger,13599,n_bouldering
node,6935204220,52.5038087,13.3843469,urban apes Basement Berlin,10963,n_bouldering
node,7353306217,52.3845869,13.1039151,7aplus Boulderhalle,,n_bouldering
node,11586008955,52.5224895,13.436584,urban apes fhain,10249,n_bouldering
node,11967421222,52.4793127,13.4515865,Bouldergarten,12059,n_bouldering
node,12995771562,52.5410359,13.3868779,Elektra Boulderhalle,13355,n_bouldering
node,13120990283,52.552073,13.3508895,urban apes Wedding,13349,n_bouldering
node,13381855493,52.4915616,13.4879599,Ostbloc Boulderhalle,10317,n_bouldering
node,13713137068,52.4561158,13.5936246,Ninja Hall Berlin,12555,n_bouldering
way,46181323,52.5488385,13.3995743,Kletteranlage Schwedter Nordwand,,n_bouldering
way,48438994,52.5486594,13.3818524,Magic Mountain,,n_bouldering
way,172422438,52.5488353,13.3996188,Kletterfelsen Schwedter Nordwand,,n_bouldering
way,172422439,52.5488352,13.3995425,Kletterfelsen Schwedter Nordwand,,n_bouldering
way,229807617,52.4996795,13.2450241,Kletterturm Teufelsberg,,n_bouldering
way,288222186,52.5486062,13.3822835,Magic Mountain,13357,n_bouldering
way,317216617,52.507218,13.4544251,Der Kegel,10245,n_bouldering
way,338316877,52.4818079,13.3659042,Urban Apes Bright Site,10829,n_bouldering
way,388125381,52.4270883,13.369943,South Rock,12249,n_bouldering
way,531542904,52.4401237,13.379581,Südbloc Boulderhalle,12107,n_bouldering
way,542126934,52.4782925,13.3560082,,,n_bouldering
way,680456099,52.5638765,13.410308,Berta Block,13187,n_bouldering
node,30012754,52.5388551,13.3960965,Eiscafe Eisberg,13355,n_cafe
node,35528080,52.5476798,13.3563426,Coffee Star,13353,n_cafe
node,66917199,52.5194029,13.3887381,Starbucks,,n_cafe
node,66917229,52.5167295,13.3797732,Starbucks,10117,n_cafe
node,69226202,52.507931,13.3737316,Brammibal's Donuts,10785,n_cafe
node,75645699,52.5105871,13.3764297,Espresso House,10785,n_cafe
node,81362508,52.5089075,13.2708507,Café & Reisebüro - Eishandwerk,14052,n_cafe
node,84644791,52.5082693,13.3770044,Espresso House,10785,n_cafe
node,87036259,52.5307598,13.3831456,Espresso House,10115,n_cafe
node,87040343,52.5110724,13.3900182,Starbucks,10117,n_cafe
node,87040348,52.5113571,13.3894708,Einstein Kaffee,,n_cafe
node,87040394,52.511292,13.3887116,ikigai teabar,10117,n_cafe
node,89274938,52.5194912,13.4102122,Segafredo,,n_cafe
node,115544715,52.4296874,13.530639,Caffè Kamee,12489,n_cafe
node,203592976,52.5189237,13.5553974,Café Kibar Wunderbar,12683,n_cafe
node,208510718,52.5640793,13.3644914,The Leaf,13409,n_cafe
node,253999353,52.4879922,13.3540483,DoubleEye,10823,n_cafe
node,259607063,52.5355167,13.2020525,Unvernunft,,n_cafe
node,268760098,52.545836,13.4061087,Café Meta,10437,n_cafe
node,268915525,52.5038271,13.291085,Kuno 15,14057,n_cafe
node,268916701,52.4881747,13.3649791,Café & Bäckerei Späti,10829,n_cafe
node,269713585,52.5183945,13.3464153,Bistro in der Akademie der Künste,10557,n_cafe
node,269754987,52.4987461,13.3025736,Café Schaubühne,,n_cafe
node,270814693,52.4272121,13.2172579,Totto Land,14129,n_cafe
node,271668412,52.4882026,13.3609478,Mokka & Juice House,,n_cafe
node,272593724,52.456348,13.2925424,eßkultur,14195,n_cafe
node,272811519,52.4980559,13.4435002,Cuongs Creative Market,,n_cafe
node,275564580,52.525912,13.3869997,Espresso House,10117,n_cafe
node,277836777,52.4686515,13.4677356,Kiez-Bäckerei,12057,n_cafe
node,278125487,52.5054349,13.4663979,Uebereck,10245,n_cafe
node,278295436,52.489026,13.3933796,Barcomi's Café & Kaffeerösterei,10961,n_cafe
node,278874829,52.5146574,13.4630543,Milchgesicht,10247,n_cafe
node,281334742,52.5467698,13.5567171,Konditorei & Eiscafé Engel,12679,n_cafe
node,281513616,52.4910478,13.3675144,Cafe Finovo,10829,n_cafe
node,282420126,52.5097761,13.457186,Caramello,10245,n_cafe
node,282421717,52.5128318,13.4582338,Intimes,10245,n_cafe
node,282430727,52.5160258,13.4570212,Café Tasso,,n_cafe
node,282739852,52.5166158,13.4631774,Brunchella,,n_cafe
node,286428319,52.5370841,13.2019954,Café Lutetia,13597,n_cafe
node,289414441,52.4820047,13.6015579,Das kleine Eiswerk,12623,n_cafe
node,291535997,52.5074506,13.3213947,Pars,10623,n_cafe
node,292203637,52.4978961,13.3230488,Loena,,n_cafe
node,292203638,52.4979575,13.3228653,Sweet2go,10719,n_cafe
node,300658414,52.4445732,13.1306758,Sommercafé Kladow,14089,n_cafe
node,305259644,52.5152592,13.3983179,The Coffee Shop,10117,n_cafe
node,305260598,52.5191167,13.3985266,Café im Alten Museum,,n_cafe
node,307717829,52.5123446,13.4479958,Tales Untold,10243,n_cafe
node,308410291,52.5213767,13.4096608,Tudo,,n_cafe
node,308523030,52.5511873,13.4040715,Kiez Kaffee Kraft,10439,n_cafe
node,309627391,52.4513354,13.2825941,Overcomer Bubble Tea,,n_cafe
node,310267637,52.4923642,13.418062,Schönes Café,10967,n_cafe
node,314401620,52.5223054,13.4509232,Ja Dilo,10249,n_cafe
node,314752483,52.5351623,13.3986537,caffe e cioccolata,10115,n_cafe
node,315549929,52.536814,13.402935,La Lúcuma,10435,n_cafe
node,315738178,52.5373544,13.4007116,Luco Coffee,10435,n_cafe
node,316883775,52.5373736,13.4040229,Café Vegardie,10435,n_cafe
node,317179404,52.5472409,13.3580798,Fedora,13353,n_cafe
node,317550357,52.4310052,13.5319872,Gerdan's Café,12489,n_cafe
node,319181468,52.5498572,13.4132889,Espresso House,10439,n_cafe
node,323226411,52.4562032,13.307115,Coffeetruck,,n_cafe
node,324792576,52.4133405,13.3629671,Eiscafe Europa,12279,n_cafe
node,329969468,52.5175665,13.423908,Lotos Café,,n_cafe
node,330264334,52.5295304,13.4017825,St. Oberholz,10119,n_cafe
node,332625327,52.5206164,13.384282,Zimt & Zucker,10117,n_cafe
node,333136478,52.5230929,13.3837544,Café Albrecht,10117,n_cafe
node,333136721,52.5260119,13.3880152,Espresso Ambulanz,10117,n_cafe
node,333192881,52.4650127,13.3441689,Wolke,12157,n_cafe
node,333336881,52.4838008,13.4225619,,12049,n_cafe
node,334638166,52.5223826,13.384463,Monsieur Toche,10117,n_cafe
node,335172577,52.4483263,13.276018,Aux Delices Normands,,n_cafe
node,335594170,52.5331919,13.4008848,Feuerstein,10119,n_cafe
node,336139006,52.5312177,13.4022416,Café Fleury,10119,n_cafe
node,339305531,52.5423416,13.5634074,Cafe & Konditorei,12685,n_cafe
node,339819416,52.5349278,13.4057256,Napoljonska,10119,n_cafe
node,345552308,52.4804428,13.5194662,Luna & Sole,,n_cafe
node,346196517,52.5412048,13.5705532,Ice Angels,12685,n_cafe
node,347278881,52.5331417,13.4018075,bei Maria,10119,n_cafe
node,347422929,52.4428752,13.3113788,Caffé Maura,,n_cafe
node,348053171,52.4383177,13.2327133,Tillmann's Café Krone,14163,n_cafe
node,352936932,52.49307,13.367236,Café Monaco,10783,n_cafe
node,359754354,52.4802048,13.3365051,Parkcafé Pusteblume,10715,n_cafe
node,361569575,52.4788003,13.42333,Felicia,12049,n_cafe
node,365099975,52.5127816,13.4573118,λ,10245,n_cafe
node,365102429,52.3729394,13.6023915,Lino Restaurant & Sushi Bar,15732,n_cafe
node,366943233,52.4857307,13.526982,TreBo,10318,n_cafe
node,366986850,52.5065004,13.3133688,Ulteamate,10625,n_cafe
node,370399867,52.5103299,13.2714417,Coffee-Shop,14052,n_cafe
node,370455026,52.5090275,13.3077924,Cafe Lisboa,10625,n_cafe
node,370455636,52.5080285,13.3054849,Homera,10627,n_cafe
node,370852065,52.5470948,13.4153599,Le midi,10437,n_cafe
node,371832454,52.5102468,13.3075842,Café Kali,10627,n_cafe
node,387487628,52.5095598,13.3797813,eleven,10117,n_cafe
node,388291809,52.6004376,13.3790095,Zur alten Backstube,13158,n_cafe
node,388939733,52.505529,13.4670037,Binnbonn Café,10245,n_cafe
node,394829831,52.51579,13.295969,Café Morgenlicht,14059,n_cafe
node,395599322,52.6596876,13.5326439,Café Madlen,16341,n_cafe
node,412722274,52.4192605,13.7216644,Klein Schwalbenberg,,n_cafe
node,412790055,52.3936573,13.1290243,Café Eselsohr,,n_cafe
node,415309920,52.5412773,13.4225078,Café Bolacha,10437,n_cafe
node,416405905,52.4506268,13.2808788,Coffee Station,,n_cafe
node,416858116,52.6492501,13.5173903,Kaffee-Haus Madlen,16341,n_cafe
node,419873047,52.4466712,13.3071263,Bohnenranke,12203,n_cafe
node,420646832,52.3932775,13.131179,Ulf's Café im HPI,14482,n_cafe
node,427900855,52.5004219,13.3086932,Exclusive Coffee,10707,n_cafe
node,427932030,52.5114759,13.3245364,Café Planwirtschaft,10623,n_cafe
node,428114285,52.4473524,13.315569,Eiscafé Falsone,12203,n_cafe
node,428114310,52.4857245,13.3549951,Brammibal’s Donuts,10827,n_cafe
node,429735606,52.527189,13.3969021,Spoonful,,n_cafe
node,430043457,52.3765712,13.3966855,Cafe Rosengarten,15831,n_cafe
node,431258771,52.6174691,13.4897579,Siebert’s Back & Café,13125,n_cafe
node,432486560,52.5220903,13.3270868,Endlich Mittag,10587,n_cafe
node,434481239,52.5930118,13.4570289,Kaffeehaus Blankenburg,13129,n_cafe
node,434565581,52.3725489,13.615483,Marios Eiscafé,15732,n_cafe
node,437194563,52.5190506,13.4102575,Blixen,,n_cafe
node,437320468,52.5171785,13.3869064,Segafredo,10117,n_cafe
node,438156127,52.514519,13.3258091,Café Shila,10623,n_cafe
node,440012483,52.5006491,13.4295135,gigi,10997,n_cafe
node,440078137,52.5005212,13.3094972,Infused Café,10707,n_cafe
node,440923198,52.5124847,13.3936722,Einstein Kaffee,,n_cafe
node,441322911,52.6660554,13.2825038,Kaffeehaus Morgenrot,16540,n_cafe
node,441324651,52.669743,13.2853798,Kunst und Filterkaffee,16540,n_cafe
node,441514952,52.4803905,13.424959,Café Qlis,12049,n_cafe
node,441878995,52.4706565,13.4429525,Café Kent,,n_cafe
node,442392124,52.4484477,13.3849151,Makara,12109,n_cafe
node,442534063,52.4488357,13.2783362,Rotes Café,14195,n_cafe
node,443129170,52.4662556,13.4317552,Silber Cafe Bar,12051,n_cafe
node,443674211,52.4390465,13.214718,Café Schlacht,14129,n_cafe
node,443728425,52.5380486,13.2068219,Eiscafé Millefiori,13597,n_cafe
node,447436526,52.5232961,13.3234413,Cafeteria im PTZ,10587,n_cafe
node,447904739,52.4398995,13.2137084,Seestern,14129,n_cafe
node,448081472,52.5241735,13.1932594,Café Barfly,13595,n_cafe
node,448811289,52.4889944,13.4242654,antep baklava,10967,n_cafe
node,454257347,52.4841453,13.439611,Venue,12045,n_cafe
node,459668815,52.5713907,13.4090296,Café Rosenrot,,n_cafe
node,459672233,52.5819179,13.4043582,Eis-Cafe Kubitza,13156,n_cafe
node,459673806,52.5834832,13.4034581,Johns,,n_cafe
node,462667753,52.4571248,13.3219704,Espresso House,12165,n_cafe
node,469201752,52.5717507,13.4147236,Café Impuls,13187,n_cafe
node,470319897,52.5885781,13.2855239,Dopamine Café,13507,n_cafe
node,473066926,52.4175822,13.3053628,Dolce Vita,12207,n_cafe
node,474799087,52.4770501,13.4396823,Café Rix,12043,n_cafe
node,476258826,52.4792298,13.4455331,Cafe Tribune,12059,n_cafe
node,476810292,52.5504144,13.4104738,Cafe Sgaminegg,10439,n_cafe
node,477430712,52.4265984,13.3038598,Enjoy,,n_cafe
node,486517824,52.4553114,13.5246833,Coffeebar,,n_cafe
node,491566232,52.5063206,13.2850956,Pianocafé am Lietzensee,14057,n_cafe
node,493655311,52.5375349,13.4088525,Café Morgenrot,10435,n_cafe
node,499274751,52.5163204,13.4648762,Tapiocaria,10247,n_cafe
node,505944632,52.493531,13.3820141,Mr. Minsch,10965,n_cafe
node,506265961,52.5227444,13.6779672,Viticula,,n_cafe
node,506267615,52.5217818,13.6728029,Café Auszeit,,n_cafe
node,507655174,52.5281519,13.5083375,Cafeteria,,n_cafe
node,508657352,52.5880587,13.2849445,Waffle Brothers,,n_cafe
node,509405055,52.5139107,13.4952827,Cafeteria,,n_cafe
node,514753672,52.4105387,13.2200016,Medoc,,n_cafe
node,520048684,52.5421007,13.4206554,Café Liebling,10437,n_cafe
node,530557759,52.5015112,13.2604007,Bistro Waldschulallee,,n_cafe
node,530715885,52.5419608,13.3574263,Göttlich essen & trinken,13353,n_cafe
node,531305449,52.5162817,13.3822317,Café Lebensart,10117,n_cafe
node,531795198,52.5261737,13.3937554,Cafe Buchhandlung,10117,n_cafe
node,533621382,52.5014791,13.2971475,Magnifique,10711,n_cafe
node,534572922,52.4856082,13.2985642,Maries Cuisine,14199,n_cafe
node,536668241,52.4562244,13.5263792,WaschBar mit Stephanus-Shop,12459,n_cafe
node,539466865,52.575032,13.2242449,Zur Sonne,,n_cafe
node,541077710,52.5405112,13.4172239,Lorch & Söhne,10435,n_cafe
node,544752150,52.5032645,13.4823881,Nadia + Kosta,10317,n_cafe
node,549227499,52.5482581,13.5001346,Café Zwerg,13055,n_cafe
node,549227520,52.5487278,13.5009843,K3 Lounge,13055,n_cafe
node,550408206,52.5434493,13.3633758,Raz,13353,n_cafe
node,559983461,52.5048357,13.2991984,Cafe Dollinger,10627,n_cafe
node,560526925,52.5479554,13.4154754,Caffè Monelli,10437,n_cafe
node,564686130,52.5859108,13.2866935,507,13507,n_cafe
node,565649878,52.523162,13.4041367,Bio Company,10178,n_cafe
node,568525725,52.50166,13.3079215,Frau Behrens Torten,10629,n_cafe
node,569992089,52.483723,13.2674353,Wiener Conditorei am Hagenplatz,14193,n_cafe
node,570034727,52.4518101,13.3304701,Konditorei Rabien,12167,n_cafe
node,573381064,52.5113992,13.4688574,Peggy Bee,,n_cafe
node,581887067,52.4306229,13.1935989,Pizzeria N1,,n_cafe
node,582747040,52.5313153,13.412804,Café Bar Chagall,10405,n_cafe
node,597413602,52.536158,13.406129,Friendly Society Berlin (Kulturkaufhaus),10435,n_cafe
node,603798038,52.5368723,13.2045554,Konditorei Fester,13597,n_cafe
node,607756448,52.5401534,13.3753652,Cafe Desd,13347,n_cafe
node,609005537,52.4374617,13.2323477,Bahnhofsklause,,n_cafe
node,611031859,52.5311012,13.4026797,Galão A Pastelaria,10119,n_cafe
node,613536371,52.5208955,13.3217679,Backhaus Helmholtz,10587,n_cafe
node,614502665,52.5234417,13.3223481,lunch+more,10587,n_cafe
node,615147093,52.5241937,13.4022118,Röststätte,10178,n_cafe
node,616297349,52.5094249,13.3056216,Cafe Extrablatt,10627,n_cafe
node,616526854,52.6192673,13.3936976,Steckenpferd,13159,n_cafe
node,617262898,52.5077347,13.3098133,Eis Michel,10625,n_cafe
node,617342493,52.5006544,13.2968487,Was Gesundes,10711,n_cafe
node,618021341,52.468267,13.4672874,Kösk Frühstück & Café,,n_cafe
node,618571207,52.4471029,13.2806343,Coffeebar FU Wirtschaftswissenschaften,14195,n_cafe
node,618993715,52.5108514,13.322867,Manufactum To Go,,n_cafe
node,621274121,52.4541235,13.3817861,Rudi & Rosa,12105,n_cafe
node,622481673,52.5423644,13.4180998,Kindercafe Spielzimmer,10437,n_cafe
node,622642559,52.5239063,13.387091,milchweiß,10115,n_cafe
node,623299186,52.5358964,13.3974266,la Caffèteria,10115,n_cafe
node,626328553,52.5077517,13.3990512,Cafe brennBar,,n_cafe
node,627105786,52.5527628,13.385714,Cafe Star,,n_cafe
node,629369805,52.5048153,13.3070218,Impala Coffee,10629,n_cafe
node,629369820,52.5037455,13.3073425,L’Berg,,n_cafe
node,635820523,52.4616728,13.3255962,Sandwich Art,12163,n_cafe
node,635871464,52.5154958,13.478308,Chubbies Cafe,,n_cafe
node,638214074,52.5356286,13.4214006,Coffee Star,10405,n_cafe
node,639281322,52.4322931,13.5296167,Studentisches Begegnungszentrum Motorenprüfstand,12489,n_cafe
node,643056998,52.528159,13.5382721,Lara Beach,12681,n_cafe
node,643494404,52.5540116,13.3914822,Dilekerei,13357,n_cafe
node,644618647,52.528282,13.538245,Bica Billard & Café,12681,n_cafe
node,647907957,52.5029418,13.4944202,Kleines Cafe,,n_cafe
node,648259071,52.5095173,13.2087991,,,n_cafe
node,648259073,52.50954,13.2114308,Captain's Inn am Stößensee,,n_cafe
node,651452392,52.5119621,13.3261805,Coffeebar Wetterleuchten,10623,n_cafe
node,652440986,52.5469035,13.4244633,Easy Peasy,10439,n_cafe
node,654401099,52.5104455,13.4541003,Spielwiese,10245,n_cafe
node,655146770,52.5122546,13.4852364,Beck's Bäckerei & Bistro,10365,n_cafe
node,658617876,52.4723377,13.433447,Pee Pees Katzencafé,12053,n_cafe
node,661126955,52.5135018,13.3053868,Exclusive Coffee,10585,n_cafe
node,661126957,52.5156405,13.3005291,Kira‘s,10585,n_cafe
node,661126968,52.5153002,13.3045787,Schlesische Backstube Hutzelmann,10585,n_cafe
node,662869978,52.4777628,13.2818428,Wiener Conditorei Caffeehaus,14199,n_cafe
node,664244050,52.474521,13.2922768,Oase,,n_cafe
node,666388873,52.4886406,13.301475,Tillmann,10713,n_cafe
node,667211344,52.5113062,13.2686117,Café Thiel,,n_cafe
node,667211368,52.5159551,13.2604129,Wiener Caffeehaus,,n_cafe
node,667211390,52.5157916,13.2622288,Café Kuhn,,n_cafe
node,667890052,52.5147577,13.4623755,Die Garbe,10247,n_cafe
node,667893376,52.5376459,13.4084608,The Kafé,10435,n_cafe
node,668246088,52.4497919,13.252357,Toms Kaffeerösterei,14169,n_cafe
node,668953779,52.4893414,13.3932506,Coffee Cult,10961,n_cafe
node,668954190,52.4894164,13.392622,Jederzeit,10961,n_cafe
node,670658006,52.4804592,13.3520052,Gümüs,10827,n_cafe
node,674314965,52.5031619,13.313199,Sandwich art Café,,n_cafe
node,675503721,52.6000299,13.3025247,Eiscafé Angelina,,n_cafe
node,676633343,52.5392474,13.4073495,Kauf dich glücklich,10435,n_cafe
node,676897955,52.4362387,13.261466,Café Lebensart,,n_cafe
node,677826168,52.5590025,13.413655,Café La Vineta,13189,n_cafe
node,678901089,52.4578859,13.2927463,Oliv'chen,14195,n_cafe
node,679118943,52.5454347,13.4192733,Cinnamon & Sugar,10437,n_cafe
node,687075341,52.5124608,13.4892499,U-Back,,n_cafe
node,687399427,52.5427083,13.414434,Cafe Amelie Coffee and Breakfast,10437,n_cafe
node,691297105,52.4905938,13.4238882,Demlik Cafe & Restaurant,10967,n_cafe
node,691484585,52.4554826,13.3251231,9 to 5,12165,n_cafe
node,693830507,52.50467,13.34207,Cafe Bäckerei,10787,n_cafe
node,695831701,52.4974558,13.2959074,Tre Terre,10711,n_cafe
node,699851948,52.491494,13.3246763,Café Steinecke,,n_cafe
node,699851950,52.4914278,13.3252965,Glückscafé,10717,n_cafe
node,700761160,52.5401,13.4115903,An einem Sonntag im August,10435,n_cafe
node,703501026,52.5430245,13.4126746,Jute Bäckerei,10437,n_cafe
node,703607113,52.5480242,13.3749562,Cafe Adam,,n_cafe
node,704913843,52.4884134,13.3409245,Bella Italia,,n_cafe
node,705140939,52.6699998,13.2808589,Il Pistacchio,16540,n_cafe
node,707417295,52.5450226,13.3691344,Œuf,13347,n_cafe
node,707490376,52.552202,13.3821838,Eis Boutique,,n_cafe
node,715911645,52.5067335,13.3142134,cake away,10625,n_cafe
node,715911667,52.5099653,13.2977888,Frollein Grün,,n_cafe
node,718143769,52.5066267,13.2943986,Café Beatz,14057,n_cafe
node,718143866,52.5078425,13.2582233,Adiks Stehcafé,14055,n_cafe
node,718143873,52.5061448,13.2941973,Suarez Café,14057,n_cafe
node,718143894,52.4996474,13.3027278,Minime Kindercafe,10711,n_cafe
node,721522044,52.5353847,13.4199291,Manufacture Delicate,10405,n_cafe
node,721907907,52.5843498,13.3661533,Sindbad,,n_cafe
node,725941837,52.5181274,13.2927651,Café Reet,14059,n_cafe
node,726126783,52.4740598,13.3147718,R3 Coffee Lounge,14197,n_cafe
node,727851984,52.4865603,13.3606762,ess eins,,n_cafe
node,727852032,52.4905678,13.3493941,Coffee House,10781,n_cafe
node,727852043,52.4945858,13.3541633,Winterfeldt Schokoladen,10781,n_cafe
node,728708454,52.5238158,13.3377772,Fiaker,10555,n_cafe
node,729587083,52.5517673,13.3821694,Lezziz,,n_cafe
node,730172932,52.4971132,13.3640563,Stehcafé 72,,n_cafe
node,734960871,52.5391912,13.3959123,Burak Künefe,,n_cafe
node,737197006,52.5268227,13.4782613,Kaffee-Haus Madlen,,n_cafe
node,738604733,52.3482497,13.6453544,Café Heideklause,,n_cafe
node,739939511,52.436338,13.3465325,Alpen-Eis,12247,n_cafe
node,742015772,52.4250012,13.4632617,Café Happiness,,n_cafe
node,745680952,52.4887871,13.4386477,RUDIMARIE + missismiller,12045,n_cafe
node,745732665,52.48772,13.431108,Ketori Coffee,12047,n_cafe
node,746853085,52.5807501,13.3996999,Mocca Fou,,n_cafe
node,747493591,52.4867015,13.3263802,Les Baguettes,10715,n_cafe
node,747493608,52.4905325,13.3338592,Merenda Snacks & Spezialitäten aus Italien,10717,n_cafe
node,747528357,52.5870727,13.40202,Café maximal,13156,n_cafe
node,750621200,52.5803653,13.4015537,Blauer Stern,13156,n_cafe
node,752878303,52.4727222,13.4545851,That Pink Café,12055,n_cafe
node,752903324,52.4719574,13.4510678,Café Dejavu,12055,n_cafe
node,752995885,52.4737502,13.4447944,Gülays Kitchen,12055,n_cafe
node,760035376,52.4960994,13.3086797,Baku City,10707,n_cafe
node,760035387,52.4970063,13.3084147,Kindercafé Wunderland,10707,n_cafe
node,766467492,52.5083684,13.3746993,The Barn,,n_cafe
node,766875154,52.4380015,13.546032,Eiscafé Venezia,12489,n_cafe
node,768569344,52.5152912,13.3336514,Einstein Kaffee,10623,n_cafe
node,769850000,52.5664578,13.3632601,Cafe Irmak,13409,n_cafe
node,771332593,52.5042035,13.3438641,Cafe Belmont,,n_cafe
node,773342385,52.5405949,13.4192924,Häppies,10437,n_cafe
node,773640803,52.5090499,13.3750816,Panorama Punkt,,n_cafe
node,774485383,52.5407053,13.4159966,Asmen Feinkost,10435,n_cafe
node,775342935,52.4585143,13.3215886,Fendricks,12163,n_cafe
node,775342945,52.4586454,13.3227066,Confiserie Reichert,12163,n_cafe
node,775862467,52.503883,13.3169154,Cali Bocca,10629,n_cafe
node,775862481,52.503825,13.313729,Kame,10629,n_cafe
node,775862484,52.5039936,13.3224052,1900,10623,n_cafe
node,776125571,52.5175085,13.3071924,KaraMel's,,n_cafe
node,778710960,52.5399494,13.4114208,Kaffee Marlene,10435,n_cafe
node,778710965,52.539385,13.4103183,Eis Bar,,n_cafe
node,790502622,52.5341014,13.4201663,Gardine,10405,n_cafe
node,792057080,52.5360975,13.6095221,Die Kiste,12627,n_cafe
node,793020082,52.5355294,13.3895386,Bistro Grenzfall,,n_cafe
node,794213642,52.5018471,13.4175899,Milch & Zucker,10999,n_cafe
node,800786280,52.5126523,13.4688157,Herman Schulz,10247,n_cafe
node,802550080,52.5399974,13.4053802,Bonanza Coffee Heroes,10435,n_cafe
node,809726248,52.4984392,13.4335985,Cafe Isa Mitz,10997,n_cafe
node,809927484,52.5230254,13.399815,Café Neundrei,10178,n_cafe
node,811188490,52.5341205,13.3501692,Café Mantika,10559,n_cafe
node,813354337,52.4425443,13.2949936,Berliner Genussmanufaktur,12205,n_cafe
node,814185643,52.5187671,13.5676003,Caféteria,12683,n_cafe
node,821271943,52.508244,13.3900606,Coffee Fellows,10117,n_cafe
node,823779622,52.5438537,13.4162712,Pakolat,10437,n_cafe
node,823788770,52.4533177,13.2865366,CoffeeCross,14195,n_cafe
node,831416217,52.4902868,13.3533984,Tee Tea Thé,10781,n_cafe
node,832835292,52.5531634,13.3661352,Golden Bäcker & Eis Café,,n_cafe
node,832840930,52.4915142,13.3962811,Flying Roasters,10961,n_cafe
node,833111849,52.5250687,13.4025511,Mandarin,10178,n_cafe
node,833164275,52.4642659,13.3282185,WonderWaffel,12163,n_cafe
node,833165452,52.4639325,13.3278966,Lap,12163,n_cafe
node,837695966,52.4331186,13.5355616,Bäckerei Wahl,,n_cafe
node,839543566,52.5304933,13.4076613,L21,10119,n_cafe
node,849634209,52.5114415,13.4571362,Fatoush,10245,n_cafe
node,849791887,52.5517753,13.4878352,Aquarium Café,13053,n_cafe
node,855341809,52.5521179,13.3622806,Karadeniz Lokali,,n_cafe
node,858993575,52.5328113,13.4133277,LPG Bio-Bistro,,n_cafe
node,861329092,52.5211298,13.300105,Kudika,10587,n_cafe
node,862030918,52.5143243,13.3147167,Café Mediterrane,,n_cafe
node,862992897,52.495706,13.4273547,Fourty Years,10999,n_cafe
node,863057757,52.5208397,13.4101065,Espresso House,10178,n_cafe
node,865931269,52.499904,13.418011,Simitdchi,10999,n_cafe
node,866049060,52.5016751,13.418271,luzia,10999,n_cafe
node,867271475,52.5010875,13.418963,LAP Coffee,10999,n_cafe
node,867497526,52.5273463,13.3308641,Pfau,10551,n_cafe
node,867497537,52.5254458,13.3299067,Eis Rialto,,n_cafe
node,867734682,52.5023636,13.4169636,ART en chocolat,10999,n_cafe
node,867751944,52.5011789,13.420052,Smyrna Kuruyemis,10999,n_cafe
node,871641850,52.4996233,13.4172801,Ağrı Efsanesi,,n_cafe
node,872538359,52.5020534,13.42001,By Leo,,n_cafe
node,874274557,52.5001477,13.4181523,Cafe Kotti,,n_cafe
node,874353331,52.5026859,13.4145875,ichorya,10969,n_cafe
node,876181984,52.5163595,13.3929727,Lorch & Söhne Kommode,10117,n_cafe
node,886097100,52.4983654,13.4284928,Café Mori,10999,n_cafe
node,895721094,52.526835,13.3393389,Bistro Jonas Café,10551,n_cafe
node,898660200,52.3624262,13.3121318,Eiscafe Delizia,,n_cafe
node,900404996,52.5059202,13.2011105,Seasidebar,13595,n_cafe
node,910426655,52.5357691,13.3768873,Bistro DönerWerk,10115,n_cafe
node,923413825,52.4794544,13.4416806,Pêle Mêle,12043,n_cafe
node,925237927,52.4129931,13.143137,Aux Delices Normands,14109,n_cafe
node,925524894,52.5044803,13.3378959,leo coffee,,n_cafe
node,930288682,52.4403717,13.3962769,Park-Café,,n_cafe
node,932342550,52.5100684,13.3227678,Giro Coffee Bar,10623,n_cafe
node,935637567,52.4905777,13.3943553,cuccuma,,n_cafe
node,937913621,52.5270744,13.3946631,Bravo,10117,n_cafe
node,940815668,52.4643933,13.2963918,La Vie,,n_cafe
node,941375461,52.4913067,13.4112178,monsieur ibrahim,10967,n_cafe
node,945649942,52.5349391,13.4174939,An & Mori,,n_cafe
node,959238592,52.48872,13.4082607,Kouskous Café Bar,,n_cafe
node,961626565,52.5274648,13.3925097,Kame,10115,n_cafe
node,961626616,52.5264967,13.3887467,Coffee Circle,10115,n_cafe
node,970422265,52.4879159,13.3946276,No. 22,10965,n_cafe
node,971891546,52.5164075,13.4725194,Qup of Qoffee,10247,n_cafe
node,972319931,52.5122954,13.4173278,Bake & Bite,,n_cafe
node,974389011,52.5318765,13.43159,Camino,10407,n_cafe
node,974393040,52.5059555,13.2772492,Messesnack Kleiner Stern,,n_cafe
node,975136815,52.5169402,13.3962176,LePopulaire,10117,n_cafe
node,975312193,52.5231934,13.4020866,Starbucks,10178,n_cafe
node,975693680,52.5068724,13.4540486,Skatehalle Berlin,,n_cafe
node,978979323,52.5315895,13.3962167,soopoollim,10115,n_cafe
node,980767608,52.4721688,13.4425773,Café Vux,12055,n_cafe
node,988995654,52.5461439,13.3976501,Tortenwerkstatt,13355,n_cafe
node,989022916,52.5200936,13.3911123,Pure Origins,10117,n_cafe
node,992805974,52.4388235,13.3441377,Malibu,12247,n_cafe
node,992806068,52.4297578,13.3273282,Cafe Rosenduft,12207,n_cafe
node,993801825,52.5383099,13.4098669,Barista,10435,n_cafe
node,997194050,52.490974,13.4236412,La Femme,,n_cafe
node,1006711174,52.437981,13.2951499,Frau Lüske,12205,n_cafe
node,1011764416,52.5065755,13.3020578,Limone,,n_cafe
node,1029298838,52.532969,13.435551,cafézinho espresso-bar,10407,n_cafe
node,1041847871,52.5039452,13.3305315,Cinnamood,10719,n_cafe
node,1057589896,52.535267,13.4071784,Haliflor,10119,n_cafe
node,1059237503,52.553736,13.4655505,Strandbad Weissensee,,n_cafe
node,1075397105,52.5218537,13.38456,Sag mir wo die Blumen sind,10117,n_cafe
node,1077639186,52.5002405,13.4430425,Café Ausklang,10997,n_cafe
node,1078275013,52.4158829,13.2459829,Café Elisabeth,,n_cafe
node,1078531630,52.430643,13.259168,Backiyem,,n_cafe
node,1078763320,52.5227923,13.3490886,zwölf.uhr.mittags,10557,n_cafe
node,1078763398,52.524139,13.3491796,coffeemamas,10557,n_cafe
node,1078763413,52.5241967,13.3491981,Maxway Coffee,10557,n_cafe
node,1078763421,52.5244316,13.3492903,moa,10557,n_cafe
node,1078763424,52.5231319,13.3492197,cafépaci,10557,n_cafe
node,1082694815,52.4289169,13.2560014,CoffEy,14165,n_cafe
node,1092682874,52.5102108,13.4551574,Fesi Coffee,10245,n_cafe
node,1104699440,52.3713569,13.1346787,Tchibo,14480,n_cafe
node,1108199052,52.5023012,13.3097974,Maître Münch,10629,n_cafe
node,1112868723,52.4784312,13.4300615,Amasya,,n_cafe
node,1126457748,52.444924,13.5756378,Mokkafee,12555,n_cafe
node,1127766779,52.5655524,13.4001871,Café Paula,,n_cafe
node,1129787480,52.5267188,13.3869388,CoCo,10117,n_cafe
node,1131533968,52.5092173,13.5269246,Coffeebar,10315,n_cafe
node,1133787154,52.5237358,13.1974152,Rücker,13595,n_cafe
node,1137567654,52.4742961,13.3329289,Weinbeisser,12159,n_cafe
node,1140719947,52.4955993,13.4268698,Regenbogenfabrik Soli-Café,10999,n_cafe
node,1142406753,52.5336525,13.1983836,Espresso House,,n_cafe
node,1154259642,52.4923589,13.4262022,Sing Blackbird,,n_cafe
node,1156532513,52.5094541,13.3249126,Café Hardenberg,10623,n_cafe
node,1158236121,52.5384946,13.4104199,DÄRI Frozen Yogurt,10435,n_cafe
node,1159055478,52.5282716,13.4246042,Melis Coffee 2,10407,n_cafe
node,1165884601,52.4869857,13.428753,Schicha Habibi,,n_cafe
node,1165969884,52.4986682,13.4264959,HayHay,10999,n_cafe
node,1168905946,52.5181423,13.279605,La Manife (& DHL/DPD Pakete),14050,n_cafe
node,1169625216,52.5957989,13.5990987,McCafé,,n_cafe
node,1170145498,52.5180469,13.3163455,Yaz Up,10587,n_cafe
node,1175886847,52.5073392,13.309583,AJBrasil,10627,n_cafe
node,1179601251,52.548594,13.4163743,coffee... and bananas,10437,n_cafe
node,1187333100,52.5046568,13.3253099,Stulle mit Brot,,n_cafe
node,1187333115,52.5036379,13.3256024,Café Lila,,n_cafe
node,1187355556,52.4950249,13.4230147,Brammibal's Donuts,12047,n_cafe
node,1188954400,52.5025083,13.3236432,Cappuccino Grand Cafe,10719,n_cafe
node,1188954629,52.5024732,13.3234064,Caras,10719,n_cafe
node,1194782083,52.5190117,13.2969673,Kunstpause,,n_cafe
node,1194782107,52.5069595,13.2968527,Café Kredenz,10627,n_cafe
node,1198087064,52.530458,13.1959382,Florida Eiscafé,13581,n_cafe
node,1198396904,52.4604707,13.3248225,Just a little crush,12163,n_cafe
node,1209659439,52.492664,13.3829619,Kuchenkultur,10965,n_cafe
node,1210101080,52.552585,13.409725,elf Gaststätte,10439,n_cafe
node,1210996840,52.5081347,13.3017956,Blackmore,,n_cafe
node,1217597889,52.5295321,13.3973145,Sant Buena,10115,n_cafe
node,1219857968,52.5053547,13.3276348,BagCo,,n_cafe
node,1224145991,52.5120778,13.3911878,Rausch Schokoladenhaus,10117,n_cafe
node,1226789679,52.5110151,13.2941867,alea,14057,n_cafe
node,1229303959,52.4482443,13.3056286,La Pallina,12203,n_cafe
node,1229408775,52.5097639,13.3055486,Black Fox Coffee,10627,n_cafe
node,1231246020,52.5530058,13.4673589,Residenz Weisser See,,n_cafe
node,1235266872,52.4795856,13.6007254,Backstube & Café,12623,n_cafe
node,1237776947,52.5040092,13.415139,Kombrink,10999,n_cafe
node,1239746377,52.5119941,13.376716,Café Lebensart,10785,n_cafe
node,1254056139,52.62707,13.501353,Kaffee-Haus Madlen im Café Max,13125,n_cafe
node,1254063155,52.5892738,13.2836029,Café Röttgen,13507,n_cafe
node,1254064335,52.5060452,13.2958488,Aud Réy,14057,n_cafe
node,1255588544,52.4930669,13.4152562,dildile,,n_cafe
node,1256737675,52.4940938,13.4183887,Mephisto,10967,n_cafe
node,1256737702,52.4935579,13.4184004,"Dobedo / NOIR Café kleider, kuchen, künste",10967,n_cafe
node,1256737721,52.4943854,13.4167548,TEE·SALON·IKI,10967,n_cafe
node,1256737730,52.4929383,13.4174689,Mitterhofer's Tönchen und Lenchen,10967,n_cafe
node,1256888920,52.4870704,13.4287534,Villarge,,n_cafe
node,1270333627,52.5061361,13.4955614,Green Wall Coffee,10317,n_cafe
node,1273053926,52.5041076,13.3376151,Exclusive Coffee,10789,n_cafe
node,1279671584,52.5370584,13.4345124,Café Laelia,10405,n_cafe
node,1279778647,52.5901603,13.2870319,BoBoQ,13507,n_cafe
node,1282042781,52.5895134,13.2825568,Paris Café,13507,n_cafe
node,1293209201,52.5144197,13.4949395,Winkels Cafe Restaurant Bar,10365,n_cafe
node,1305230458,52.5182219,13.3147959,Arrey,,n_cafe
node,1305276032,52.4869118,13.4307821,Zip,12047,n_cafe
node,1306177287,52.4874287,13.4271307,schaumschläger,12047,n_cafe
node,1306177292,52.4865589,13.4295126,Camon Coffee,12047,n_cafe
node,1307115261,52.4692685,13.4324824,Fincan,12051,n_cafe
node,1307115302,52.4701508,13.4315508,Café Canisi,12051,n_cafe
node,1309021878,52.5136469,13.462356,Coffein Centrale,10247,n_cafe
node,1311121818,52.5007728,13.2992627,pera,10711,n_cafe
node,1313014964,52.3911083,13.2255407,Cafe im Garten,,n_cafe
node,1313503798,52.511912,13.2944229,Café Kaktus,,n_cafe
node,1314614830,52.4906157,13.3863191,bagel coffee culture,10961,n_cafe
node,1315492722,52.452404,13.1448711,Café Crema,14089,n_cafe
node,1321276954,52.3951579,13.1221793,Bar e Gelato,,n_cafe
node,1326048795,52.4827139,13.1716037,Hofcafe,,n_cafe
node,1331751571,52.4463093,13.5747815,Altstadtcafé Cöpenick,12555,n_cafe
node,1331755902,52.4461719,13.5763467,Milchkaffee,12555,n_cafe
node,1332424262,52.5171831,13.436985,Café Sibylle,10243,n_cafe
node,1333812249,52.4639085,13.3315579,Thoben,12163,n_cafe
node,1336612570,52.5366077,13.2021844,Mr.box Tee,13597,n_cafe
node,1336637898,52.5375029,13.2034027,Ciao Eisladen,,n_cafe
node,1336663082,52.5005266,13.4227441,Taqueria Florian,,n_cafe
node,1336725589,52.5388469,13.2061316,,,n_cafe
node,1339054034,52.5059664,13.316565,Long Story Short,10625,n_cafe
node,1340883145,52.4148464,13.4013669,Marien Corner,,n_cafe
node,1346939879,52.5025709,13.4200198,Chez Michel,,n_cafe
node,1346939936,52.5008776,13.4289001,Cafe Dostlar,,n_cafe
node,1348552210,52.468253,13.4297907,Horon Cafe,12051,n_cafe
node,1348552229,52.4681435,13.4287583,Café Günseli,12051,n_cafe
node,1348720482,52.5015398,13.4319234,Jannimu,10997,n_cafe
node,1350537933,52.5124553,13.4133041,,,n_cafe
node,1352718186,52.5509028,13.4200152,Sonderbar,,n_cafe
node,1363833363,52.4553547,13.3856182,Café Lebensart,12099,n_cafe
node,1365431665,52.5417028,13.2358828,Ce la vi,,n_cafe
node,1365742613,52.4889161,13.4049368,Two Trick Pony,10961,n_cafe
node,1367516641,52.5284889,13.3765681,Egen Tied,10115,n_cafe
node,1372320333,52.4695377,13.4234072,Warthe-Mahl,12051,n_cafe
node,1374234648,52.5116728,13.4611045,Weder gestern noch morgen,10245,n_cafe
node,1374234665,52.5111231,13.4615464,Faves,10245,n_cafe
node,1383039164,52.5652664,13.3628164,Café am See,13409,n_cafe
node,1383552996,52.4977394,13.4222421,Cafe Santraz,10999,n_cafe
node,1387559098,52.5102866,13.459235,LAP Coffee,10245,n_cafe
node,1387922023,52.5332473,13.1568948,Café Galaxy,,n_cafe
node,1389048016,52.4997963,13.4387375,Baretto,10997,n_cafe
node,1389054322,52.4999124,13.4238645,Cassonade,,n_cafe
node,1390695197,52.4944067,13.4600197,Muca,12435,n_cafe
node,1394484108,52.4781398,13.328193,Bundesbrot,10715,n_cafe
node,1397070387,52.5049434,13.3679278,Staabi Back & Bistro Kiosk,,n_cafe
node,1400842135,52.5624554,13.096985,Weltladen Falkensee,14612,n_cafe
node,1403784421,52.4640391,13.4895725,Cafe Sack,12437,n_cafe
node,1408380025,52.4236381,13.3972867,Caesar's Eis,,n_cafe
node,1409476638,52.4636073,13.3321769,NICO Café Bar,12163,n_cafe
node,1412218896,52.517102,13.3859461,Cafe Einstein,10117,n_cafe
node,1413338645,52.5630585,13.5692916,Golferia Berlin,12689,n_cafe
node,1420377685,52.4020992,13.5648215,Aga´s Stübchen,12526,n_cafe
node,1423930314,52.5206232,13.4590452,"Ryans Eis, Waffel & Co.",10247,n_cafe
node,1425004085,52.4972719,13.4317026,My First Love,,n_cafe
node,1431722014,52.4526349,13.287921,Coffeebar,,n_cafe
node,1431722015,52.452868,13.2899566,Kauderwelsch,14195,n_cafe
node,1432538587,52.5241901,13.4026549,Café Cinema,10178,n_cafe
node,1433120465,52.519203,13.402645,Bandy Brooks,,n_cafe
node,1438352952,52.5104602,13.3881611,Centolire,,n_cafe
node,1442933536,52.4587508,13.3894021,,,n_cafe
node,1444792934,52.5495968,13.3619093,KlaMotte,13347,n_cafe
node,1447902834,52.4936199,13.4273135,Green Pineapple,,n_cafe
node,1453876137,52.5100937,13.5180766,Turo Cafe u. Sportsbar,10315,n_cafe
node,1454355303,52.4747017,13.4277186,Teehaus Alte Forno,12053,n_cafe
node,1456062232,52.4898723,13.4313321,NikoDemus,,n_cafe
node,1458852556,52.5054002,13.5146863,Romance Eis - Cafe - Snack,10315,n_cafe
node,1470688063,52.4899481,13.4253804,Göttin der Weisheit,12047,n_cafe
node,1470688064,52.4882335,13.4281088,Bullys Bakery,12047,n_cafe
node,1471137930,52.5305927,13.3837117,The Barn,10115,n_cafe
node,1471966102,52.5469244,13.4065317,Eggrything,10437,n_cafe
node,1472505562,52.5058941,13.3737159,Charlie's Tea,10785,n_cafe
node,1479236385,52.5617093,13.2069295,Kleines Café,,n_cafe
node,1486087545,52.5520167,13.4316458,Emma T.,,n_cafe
node,1489328842,52.5234286,13.379825,Café Luise,10117,n_cafe
node,1489978776,52.5396848,13.4241249,Einstern,10405,n_cafe
node,1492336682,52.5326044,13.4307374,Rosa Canina,10407,n_cafe
node,1499760148,52.5420062,13.4210853,Creperie Lamour,10437,n_cafe
node,1503699065,52.676832,13.6002963,Eiscafé Gelato di Caffè,16321,n_cafe
node,1505231651,52.4433179,13.5737816,Schlosscafé,,n_cafe
node,1511340435,52.484281,13.443209,Cafeteria der Guttempler,12045,n_cafe
node,1519970045,52.4895119,13.3477991,Stay,,n_cafe
node,1519970048,52.4891692,13.3440296,Papyon,10825,n_cafe
node,1519970052,52.4892928,13.3463614,Coffee District,10823,n_cafe
node,1526715525,52.4929734,13.4282957,Katie’s Blue Cat,12047,n_cafe
node,1527934169,52.4830345,13.4346087,Churrolade Neukölln,12043,n_cafe
node,1538359026,52.5397486,13.4060443,Krone Kitchen & Coffee,10435,n_cafe
node,1544191099,52.5488241,13.4094243,Kaffee 50QM,,n_cafe
node,1551867698,52.4977655,13.3792487,Tor 25,10963,n_cafe
node,1552051681,52.5310103,13.3868181,Oslo Kaffebar,10115,n_cafe
node,1557125533,52.4681276,13.4325447,leuchtstoff – Kaffeebar,12051,n_cafe
node,1557276158,52.4764786,13.6993338,Gelateria Lion,15566,n_cafe
node,1557465381,52.5696348,13.4109162,Liebes Bisschen,13187,n_cafe
node,1559866469,52.4540287,13.6248219,Dresdner Café,,n_cafe
node,1562676230,52.633383,13.289765,Kaffeehaus Zeltinger,13465,n_cafe
node,1569311602,52.5125866,13.411279,Coffee Lab,,n_cafe
node,1575179293,52.4296635,13.3328652,Abseits,12247,n_cafe
node,1575536843,52.4902908,13.4267463,Myxa,,n_cafe
node,1581563474,52.4869859,13.4308776,Bruch,,n_cafe
node,1586841130,52.5323549,13.396964,Les Pâtisseries de Sébastien,10115,n_cafe
node,1587105378,52.5199838,13.3922192,Kaffeeserie,,n_cafe
node,1587137752,52.5133352,13.386262,Nö!,10117,n_cafe
node,1588368446,52.4771185,13.4480371,Café alma,12055,n_cafe
node,1590031005,52.5322494,13.3315261,Einer dieser Tage,10551,n_cafe
node,1591637176,52.5248854,13.3789937,Campus Café,10117,n_cafe
node,1595959821,52.4554889,13.5033093,Das Berliner Frühstück,12487,n_cafe
node,1597401733,52.5499137,13.4460153,Eiscafé Surprise,13086,n_cafe
node,1601806281,52.4910917,13.3940977,Helvaci Ali,10961,n_cafe
node,1602775598,52.5107813,13.4610674,Macondo,10245,n_cafe
node,1608905894,52.5272205,13.4062986,Green Tea Café Mamecha,10119,n_cafe
node,1617444761,52.4337358,13.2868004,Bäckerei Bärenstark,12205,n_cafe
node,1632237622,52.4107281,13.3302591,Cafe am Park,,n_cafe
node,1632310948,52.4303799,13.2597472,Café Anneliese,14167,n_cafe
node,1636909103,52.499783,13.4393804,Sofia,10997,n_cafe
node,1648374191,52.4838386,13.4327862,Kiez Backshop,12043,n_cafe
node,1650697555,52.4767265,13.4200344,Engels,12049,n_cafe
node,1652675145,52.4468495,13.5071893,CAFÉ CARAMEL,12487,n_cafe
node,1659884043,52.5479045,13.3559595,Sechs fünf,,n_cafe
node,1663350390,52.5097321,13.4517477,Café Morgenduft,10243,n_cafe
node,1673440296,52.5032656,13.4807893,Cout'Sies Café,10317,n_cafe
node,1685663904,52.5439586,13.4151937,Café Butter,10437,n_cafe
node,1686209741,52.5173468,13.4605057,Jakob-Gemeinde e.V.,10247,n_cafe
node,1699572602,52.5222497,13.336143,Eisbox,10555,n_cafe
node,1699759457,52.522842,13.398625,handmade Berlin,,n_cafe
node,1706967652,52.568189,13.4124173,Milchmanns,13187,n_cafe
node,1710136143,52.5883536,13.2786766,La Donna,13507,n_cafe
node,1714250170,52.5229855,13.3828675,Backshop Cafe am Deutschen Theater,10117,n_cafe
node,1718497603,52.4825188,13.4363725,EZSRA,12043,n_cafe
node,1718570743,52.4970772,13.3221363,Kuchen Zeit,10719,n_cafe
node,1718668798,52.5446359,13.422957,Kaffeebar,10437,n_cafe
node,1721061603,52.4375529,13.2155154,Tayas,14129,n_cafe
node,1723757955,52.4822073,13.4340105,Café Bar Sweet,,n_cafe
node,1731205692,52.5490235,13.4061879,Café Schwesterherz,10437,n_cafe
node,1741956100,52.522285,13.3998676,Cent'Anni,10178,n_cafe
node,1743226665,52.490932,13.4128265,Backyard,10967,n_cafe
node,1753752059,52.4770702,13.3711351,Eis Bär,12101,n_cafe
node,1762352159,52.5211711,13.3292433,Einstein Kaffee,10587,n_cafe
node,1766678243,52.6099574,13.2492081,Cafe am Marktplatz,,n_cafe
node,1776499511,52.4177544,13.4953513,Café Bar Craemer,12357,n_cafe
node,1777155489,52.5711192,13.5637402,Roki's café-bar fresh,,n_cafe
node,1781450171,52.5266968,13.3931906,Princess Cheesecake,10117,n_cafe
node,1781513759,52.5357235,13.3573574,Kaffee mit Zucker?,10559,n_cafe
node,1794131335,52.5196945,13.4036191,Espresso House,,n_cafe
node,1800983070,52.493128,13.4150077,Brandi Espresso Bar,10967,n_cafe
node,1802244177,52.4349241,13.2574527,Alte Backstube,14163,n_cafe
node,1811815459,52.5203576,13.3904824,Grimm Café,10117,n_cafe
node,1813236376,52.5043808,13.3906826,coffee point,10969,n_cafe
node,1815228807,52.5219314,13.4017393,La Siesta,,n_cafe
node,1831983147,52.4774238,13.4237153,Herrlich,12049,n_cafe
node,1832540155,52.5168129,13.2616895,Lumia Gelateria e Cafeteria,14050,n_cafe
node,1834289225,52.5404253,13.4052762,Eisstübchen Madlen,10435,n_cafe
node,1835112340,52.4974338,13.4410298,Good Morning Monday,10997,n_cafe
node,1836349969,52.4818162,13.4212116,Café Blume,12049,n_cafe
node,1842520435,52.5017532,13.4565116,Cafe Einraum,,n_cafe
node,1844110215,52.5309738,13.4057171,Erchy's Coffee & Plants,10119,n_cafe
node,1846582013,52.5868154,13.3675408,Ventelino,13158,n_cafe
node,1851822930,52.5287225,13.335613,Café Zina,10551,n_cafe
node,1852738792,52.494573,13.3580211,Cafe Palladin,10781,n_cafe
node,1860372428,52.4766304,13.4269976,Padrino,12049,n_cafe
node,1860400733,52.5235834,13.3994669,Breggs,10178,n_cafe
node,1860404844,52.5235963,13.3992021,Comebuy,10178,n_cafe
node,1862881461,52.4955276,13.2985304,Credo,10709,n_cafe
node,1863558440,52.5317262,13.4319571,lue,10407,n_cafe
node,1870419333,52.4969107,13.3520038,The Cup,10781,n_cafe
node,1870419336,52.4970766,13.3531602,Coffee Date,10781,n_cafe
node,1870419338,52.4971233,13.3534856,Café Honig,10781,n_cafe
node,1870490929,52.4934156,13.3538625,Baltas Coffee Shop,10781,n_cafe
node,1870490931,52.4940479,13.3540184,Golzo,10781,n_cafe
node,1870490938,52.4921071,13.3535428,Ombretta,10781,n_cafe
node,1882294848,52.540161,13.405964,Silva Coffee,10435,n_cafe
node,1882589613,52.503958,13.3333339,OOH! Cookies,10719,n_cafe
node,1891601074,52.5094093,13.4587276,Dosis,10245,n_cafe
node,1891619034,52.5075618,13.4563419,Wahrhaft Nahrhaft,10245,n_cafe
node,1891835063,52.3650527,13.1001679,,,n_cafe
node,1894786511,52.535475,13.4228532,Bootshaus Café,10405,n_cafe
node,1898418740,52.5162344,13.4825508,Bonjour,10367,n_cafe
node,1905963690,52.4972992,13.3240282,,,n_cafe
node,1905971550,52.4933048,13.3221541,Nelly's,,n_cafe
node,1905981083,52.5107974,13.4564059,Homemade,10245,n_cafe
node,1910446611,52.5099219,13.4579023,Matcha Harmony Café,10245,n_cafe
node,1914289753,52.5025548,13.4528483,Bean 15,10245,n_cafe
node,1914552946,52.4979356,13.3233011,Magnifique,,n_cafe
node,1914553002,52.4976244,13.3233885,Ludwig,10719,n_cafe
node,1915596902,52.498025,13.3546211,Nou Nou,10777,n_cafe
node,1915596923,52.4975547,13.3546662,Maxway Coffee,10777,n_cafe
node,1917019358,52.4477609,13.6246356,Mokkafee,12587,n_cafe
node,1920148932,52.513121,13.4109299,Café Re,10179,n_cafe
node,1924843944,52.517285,13.407669,Bonne Vie Berlin,10178,n_cafe
node,1926919870,52.5196512,13.3868838,Cotti Coffee,10117,n_cafe
node,1927805998,52.5190904,13.3943048,SBZ Krähenfuß,10117,n_cafe
node,1927815788,52.4830906,13.4417527,K-Fetisch,12045,n_cafe
node,1928857792,52.532701,13.4232129,Kaffe,10405,n_cafe
node,1930103812,52.5316567,13.3259808,Stadtschloss-Treff,10553,n_cafe
node,1932625177,52.5110999,13.3225045,Caras,,n_cafe
node,1934149461,52.5042231,13.3200365,nibs,10623,n_cafe
node,1935018843,52.5299353,13.4106932,The Barn,10119,n_cafe
node,1944093933,52.4920765,13.4282321,Tischendorf,12047,n_cafe
node,1944751229,52.5482559,13.400897,Frau Krüger,10437,n_cafe
node,1947763919,52.5414748,13.4152702,Boba Cuppa,10437,n_cafe
node,1948871654,52.5184897,13.2899419,Anno Domini,14059,n_cafe
node,1948871666,52.5185996,13.2899199,Café Kiki,14059,n_cafe
node,1948899765,52.5186754,13.2874979,Brewlin,14059,n_cafe
node,1951034843,52.5236029,13.3851104,Espresso Bar,,n_cafe
node,1956119086,52.5051192,13.3207974,Fürst & Iven Autorenbuchhandlung,10623,n_cafe
node,1957503593,52.4458234,13.3041219,Granoli Café,12203,n_cafe
node,1962661754,52.4970859,13.4315028,Spiers,10999,n_cafe
node,1962769142,52.4770202,13.3287885,Café Adèle,12161,n_cafe
node,1964235485,52.5331615,13.422673,Ralf's Torten Atelier,,n_cafe
node,1964235517,52.5330809,13.4228978,Godshot,10405,n_cafe
node,1964250492,52.5329206,13.4225919,Café Blaumond,10405,n_cafe
node,1964736150,52.5353789,13.416651,Il Glaciale,,n_cafe
node,1965270854,52.4844549,13.4280581,Prizreni,,n_cafe
node,1965270881,52.4836253,13.4307659,Barbar Aga,,n_cafe
node,1971713459,52.4962467,13.3959314,Pandoras Kirchencafé,,n_cafe
node,1994994766,52.4998951,13.4308111,Weltcafé,,n_cafe
node,2013009711,52.4954914,13.4208452,Café & Bäckerei am Markt,,n_cafe
node,2021504230,52.5274715,13.5424799,Cafe & Bistro im Ärztehaus,12681,n_cafe
node,2024980009,52.5007861,13.423276,Café Tagtraum,10997,n_cafe
node,2027152518,52.4826473,13.3258944,Cafe am Volkspark,10715,n_cafe
node,2028823935,52.4814946,13.3632289,Cafe Mon Cherie,10829,n_cafe
node,2033281023,52.5022555,13.3166554,,10629,n_cafe
node,2033281037,52.5024401,13.3166875,SETs,10629,n_cafe
node,2037492340,52.4708958,13.4368213,Orangerie Neukölln,12051,n_cafe
node,2060775214,52.6343912,13.2899811,Lindner & Feinbäckerei,13465,n_cafe
node,2060775701,52.6343651,13.2909817,Alegria,13465,n_cafe
node,2072371209,52.5268335,13.3363386,Sarihan Frühstück,10551,n_cafe
node,2095900330,52.4993125,13.3075146,Aux Délices Normands,10707,n_cafe
node,2098290149,52.4354681,13.3447856,Cafe Sammeltasse,12247,n_cafe
node,2098311147,52.5119946,13.3241953,INI-Keller,10623,n_cafe
node,2102301336,52.5506121,13.3594236,Café Largo,13347,n_cafe
node,2102541972,52.521226,13.3476767,Konditorei & Café Buchwald,10557,n_cafe
node,2102640486,52.5010625,13.5545747,Cafe am Grabensprung,12683,n_cafe
node,2105932661,52.545356,13.3779836,Café Humboldthain,13357,n_cafe
node,2121663158,52.505405,13.3333868,Roca,,n_cafe
node,2126217579,52.545705,13.3616136,Yesil Çam,,n_cafe
node,2126473948,52.4856879,13.3941757,Goldfries,10965,n_cafe
node,2139861392,52.4962246,13.3114819,Quartal,10707,n_cafe
node,2140292702,52.539702,13.4072172,Engelberg,10435,n_cafe
node,2143425558,52.4919617,13.3939307,Mokkabar,10961,n_cafe
node,2155961177,52.5249129,13.3989764,"""You are welcome""",10115,n_cafe
node,2157243739,52.462487,13.158768,Weichardts Hofladen | Cafeteria Kladow,14089,n_cafe
node,2160817394,52.4892471,13.4527925,Café Grenzenlos,12435,n_cafe
node,2163096456,52.525906,13.4777098,Café Sonnenstrahl,,n_cafe
node,2167347246,52.5366668,13.3975708,Handbestand - Altbuchhandel und Kaffeehaus,10115,n_cafe
node,2171343152,52.5068798,13.3213697,Bertolini,10623,n_cafe
node,2171343193,52.5066542,13.3203788,Arme Ritter,10623,n_cafe
node,2176128667,52.458605,13.3814251,Cafe Kurve,12103,n_cafe
node,2181178529,52.5070536,13.3935284,Misch-Misch Café Bistro,10969,n_cafe
node,2181178530,52.5075282,13.3988291,Café Springfeld,,n_cafe
node,2181178538,52.5065852,13.3906953,Kamps,,n_cafe
node,2181178790,52.5058194,13.3904613,The Barn,10969,n_cafe
node,2183538445,52.4946502,13.3235192,,10719,n_cafe
node,2183841782,52.5032118,13.3792996,Kaffee lieben wir,10963,n_cafe
node,2183841788,52.5050695,13.3858576,Café mundi,,n_cafe
node,2187058416,52.5178809,13.3880748,Telefónica Basecamp,10117,n_cafe
node,2187185220,52.5063772,13.3151651,Blue Fox Coffee,10625,n_cafe
node,2190105993,52.4901725,13.3860728,Bar Italia,,n_cafe
node,2196151350,52.5508274,13.3735134,Dujardin,13357,n_cafe
node,2204643562,52.4820593,13.3302306,Super,10715,n_cafe
node,2204880969,52.5449816,13.3742252,Panke Café,13347,n_cafe
node,2218321934,52.4563332,13.2995177,Das Café in der Gartenakademie,14195,n_cafe
node,2232551186,52.5018861,13.43189,Kaffee 9,10997,n_cafe
node,2233864243,52.53717,13.22483,Kart World,13599,n_cafe
node,2245080198,52.4673434,13.4318209,Fior di Mocca,,n_cafe
node,2255624853,52.5914557,13.3992462,Agnes Neuhaus Café,,n_cafe
node,2256111701,52.5277872,13.3393944,Café Wunder,10551,n_cafe
node,2262623769,52.4355445,13.4156465,Seestern,12347,n_cafe
node,2264296523,52.5518655,13.3840183,Il Milanese del Tacco,13357,n_cafe
node,2284912291,52.5039547,13.3306362,The Dawn,10719,n_cafe
node,2285494280,52.4818183,13.3798649,Fräulein Frost,12101,n_cafe
node,2286554245,52.5130534,13.3200138,,10587,n_cafe
node,2287270716,52.4959199,13.3733975,Café ParkGenuss,,n_cafe
node,2287794608,52.4887605,13.4233995,Eat & Enjoy,10967,n_cafe
node,2287826642,52.5017038,13.4194007,WonderWaffel,10997,n_cafe
node,2295487012,52.5193181,13.3579103,HonigStein Cafe,10557,n_cafe
node,2297383148,52.546648,13.3626109,Barcode,,n_cafe
node,2298418674,52.5473887,13.3638,Café Bades,13347,n_cafe
node,2301610457,52.5520232,13.3666409,Internet & Telecafe,,n_cafe
node,2301610474,52.5520042,13.3661306,Hak Bäckerei,13347,n_cafe
node,2315817603,52.4886291,13.4011481,Café Friedberg,10961,n_cafe
node,2320709661,52.4927363,13.3532929,Café Pink,10781,n_cafe
node,2322237728,52.4975935,13.4288505,Cutie Pie,10999,n_cafe
node,2324082133,52.5119394,13.3894483,Kamps,,n_cafe
node,2328402487,52.4124787,13.5721499,Lieblings-Kaffee,12524,n_cafe
node,2329589241,52.4977522,13.3693839,Café Eule,10783,n_cafe
node,2332824353,52.4651323,13.4328696,Gülünoğlu Baklava,12051,n_cafe
node,2335060179,52.5373431,13.2031601,Italienische Eis Manufaktur,,n_cafe
node,2335067091,52.5116533,13.4526184,Milch & Zucker,10243,n_cafe
node,2335068380,52.5119055,13.452735,Kala,10243,n_cafe
node,2335074680,52.5121179,13.4538889,La Tazza D'Oro,10245,n_cafe
node,2335130703,52.4903256,13.4240468,Carik Kuruyemis,10967,n_cafe
node,2335170604,52.4829779,13.432156,lumi,12043,n_cafe
node,2335180297,52.4842273,13.4345045,Bistro-Café tetova,,n_cafe
node,2336906515,52.4849761,13.3292122,Café Bistro Vili,10715,n_cafe
node,2338489620,52.6561735,13.3370635,Casa Pascale,16567,n_cafe
node,2342631502,52.5189879,13.3925988,Coffeebar c.t.,10117,n_cafe
node,2346617841,52.5074052,13.4711984,Café Hide,10245,n_cafe
node,2347398750,52.5012925,13.3307086,Carisma Bakery,10719,n_cafe
node,2347507107,52.5060814,13.3207031,LAP Coffee,10623,n_cafe
node,2347507121,52.5055383,13.3214359,Coffee Drink Your Monkey,10623,n_cafe
node,2349075194,52.5130194,13.3973586,the coffee shop,,n_cafe
node,2352412930,52.5060617,13.3149028,Café de Lucre,10625,n_cafe
node,2367435171,52.4599153,13.3582043,Café Paresüd,12157,n_cafe
node,2377831972,52.546475,13.4335178,Café Eckstern,10409,n_cafe
node,2383431410,52.5215627,13.4469191,Frau Honig,,n_cafe
node,2388295426,52.4485591,13.305078,Erdals Obst und Gemüse,,n_cafe
node,2390772266,52.441269,13.687283,Café Gerch,,n_cafe
node,2391234910,52.496275,13.2935112,Lou,10711,n_cafe
node,2398120502,52.4946846,13.4156477,goldmarie,10967,n_cafe
node,2398308917,52.5064511,13.3437959,Cafe minouche,,n_cafe
node,2406812438,52.437341,13.2334557,La Piazza,14163,n_cafe
node,2409135234,52.4758569,13.3402464,Café Traum,12159,n_cafe
node,2409187394,52.4721187,13.3350396,LuLa am Markt,12159,n_cafe
node,2410979582,52.4026799,13.5258814,Tony's Cafe,12524,n_cafe
node,2422635786,52.5415936,13.3506764,Dazwischen,13353,n_cafe
node,2424861694,52.5205365,13.4793723,Café Viet Nam,10367,n_cafe
node,2426748297,52.5282247,13.29746,Cookie Doughi,10589,n_cafe
node,2429500285,52.5103096,13.4581004,Neumanns,10245,n_cafe
node,2436745219,52.503814,13.4242436,Kleine Schwester,,n_cafe
node,2438834478,52.509038,13.4592702,Calm Coffee,10245,n_cafe
node,2439759151,52.5099931,13.2735201,Eiscafé Mauritius,14052,n_cafe
node,2444312258,52.501168,13.4211245,Companion Coffee,10999,n_cafe
node,2445454961,52.4849551,13.3200649,Kunstwerk Blisse,10713,n_cafe
node,2447380239,52.4770676,13.4208802,Banou,12049,n_cafe
node,2454290041,52.485329,13.3613164,Sully,,n_cafe
node,2454311766,52.4173293,13.2253912,K21,,n_cafe
node,2464442840,52.5004839,13.4225958,Café Dorle,10999,n_cafe
node,2464442845,52.5005854,13.4230002,Cafe Jenseits,,n_cafe
node,2466173878,52.5049627,13.2986626,Lovoccino,14057,n_cafe
node,2466173887,52.502968,13.3009576,Eiscafé Juwel,10629,n_cafe
node,2466173900,52.5054853,13.2970665,Monsieur Baran,14057,n_cafe
node,2466173940,52.5056024,13.2993536,Windback-Coffee,,n_cafe
node,2475561025,52.4730163,13.4253955,Pomeranze,12049,n_cafe
node,2476315800,52.4788366,13.3325366,KannVa,10715,n_cafe
node,2476384356,52.473589,13.4233614,Cafe Kanel,,n_cafe
node,2476698389,52.4966705,13.3711719,Beach 61,,n_cafe
node,2477049946,52.5333997,13.4153768,Belfort,,n_cafe
node,2477072118,52.4803102,13.4249827,Isla Coffee,12049,n_cafe
node,2477073440,52.4773934,13.4236539,die Kaffeemaschine,12049,n_cafe
node,2479053614,52.5016056,13.3211244,Callas Café,,n_cafe
node,2484347003,52.4861043,13.4307767,dreifünf,,n_cafe
node,2484936123,52.5331589,13.4286271,Aromas Café,10405,n_cafe
node,2485492848,52.4926043,13.4220394,Selimiye,10967,n_cafe
node,2491967179,52.4931566,13.4339937,L 18,,n_cafe
node,2492377699,52.5394405,13.3565383,Café Zwei Freunde,13353,n_cafe
node,2492377707,52.5408872,13.357451,Coruba Dream,,n_cafe
node,2493363835,52.4666283,13.4896876,Café Behring,12437,n_cafe
node,2495554369,52.4872843,13.39423,Späti Café,,n_cafe
node,2495554582,52.4897974,13.3879172,Frau Behrens Torten,,n_cafe
node,2495556406,52.4881298,13.3917754,Marameo,10965,n_cafe
node,2495675254,52.4884663,13.3972032,Conni Island,10965,n_cafe
node,2496364950,52.3917579,13.0943749,Izi's Bäckerei & Café,,n_cafe
node,2496651180,52.4900967,13.3884093,Canteen,10961,n_cafe
node,2496651195,52.4900418,13.3887714,Einstein Kaffee,10961,n_cafe
node,2496651327,52.4911669,13.3873422,Café Sarotti Höfe,10961,n_cafe
node,2496651338,52.490789,13.3871797,Melitta Sundström,10961,n_cafe
node,2496651341,52.4904706,13.3870665,Espressolounge,10961,n_cafe
node,2496752204,52.4896112,13.3915288,Fräulein nimmersatt,10961,n_cafe
node,2498341346,52.5144214,13.3216074,i-café,10587,n_cafe
node,2498835784,52.5069383,13.3035027,Venezia,10627,n_cafe
node,2501081509,52.5023302,13.3382153,The visit,10789,n_cafe
node,2502014631,52.5110576,13.3239916,Atomic,10623,n_cafe
node,2502057450,52.5118067,13.3248383,WiwiCafé,10623,n_cafe
node,2502577455,52.5897911,13.4014297,Café Collagen,,n_cafe
node,2519923021,52.5119925,13.2010234,Freygeist,13595,n_cafe
node,2520042607,52.5118224,13.288499,Day Date Berlin,,n_cafe
node,2524533110,52.5035933,13.3195451,Chokocafé,10623,n_cafe
node,2524533111,52.5037812,13.3195613,Coffee Circle,10623,n_cafe
node,2532870724,52.5076388,13.3091999,The Passion,10627,n_cafe
node,2532898304,52.5065804,13.3057457,Café au Lait,10627,n_cafe
node,2541111638,52.4732365,13.4406406,Shahad,12055,n_cafe
node,2542846158,52.5037732,13.4090016,Cafés,10969,n_cafe
node,2547380145,52.532458,13.4096059,Gina Bistrot,10119,n_cafe
node,2552449932,52.4946637,13.3566501,Pallas Back-Snack & Bistro,,n_cafe
node,2575029355,52.4937361,13.3817731,Café Kreuzzwerg,10963,n_cafe
node,2578675608,52.5656023,13.4077074,Blaffke Kaffeebar und Rösterei,13187,n_cafe
node,2588408989,52.462474,13.3149597,Café Mado,12163,n_cafe
node,2612036878,52.6254228,13.5034613,MDC Cafe,,n_cafe
node,2613470004,52.4481113,13.6246639,Heinrichs Kitchen,12587,n_cafe
node,2613826861,52.5609121,13.4290391,McCafé,13089,n_cafe
node,2623259624,52.5077563,13.4537124,KaffeeKult,10245,n_cafe
node,2628471058,52.4933818,13.4382967,Five Elephant,10999,n_cafe
node,2628596238,52.4898185,13.3958112,Chapter One,10961,n_cafe
node,2634883659,52.5021268,13.3457005,EspressoBar,10787,n_cafe
node,2634887161,52.5003754,13.3511239,brotzeit,,n_cafe
node,2637754155,52.4974665,13.2912767,Süß & Frei,10711,n_cafe
node,2639416051,52.5402263,13.4125482,Poolside,10435,n_cafe
node,2640326880,52.5071296,13.4685959,19grams,10245,n_cafe
node,2642055411,52.4231349,13.4749346,Diyar Simit Evi,,n_cafe
node,2660995028,52.5128261,13.4111961,Da Bäckerei und Café,,n_cafe
node,2664750640,52.5537509,13.3916108,Señorita Ploff,,n_cafe
node,2678567862,52.5100341,13.4583681,Silo Coffee,10245,n_cafe
node,2680764046,52.5010678,13.4204778,USE ggmbh,10999,n_cafe
node,2683662621,52.4294768,13.4553755,al teatro,,n_cafe
node,2688558597,52.5148559,13.4540863,Deniz,10243,n_cafe
node,2689706273,52.4898978,13.4246172,bRICK coffee&more,12047,n_cafe
node,2690960245,52.4933909,13.3867428,Uppers,,n_cafe
node,2708769179,52.5086094,13.4620939,Lemon,10245,n_cafe
node,2722217302,52.5312173,13.4124939,Pirouette,10405,n_cafe
node,2722970663,52.5098242,13.255277,Café Benjamine,14055,n_cafe
node,2725618122,52.5289921,13.3974614,Röststätte Café,10115,n_cafe
node,2752211180,52.5609112,13.3885335,Kaffeeberg,13359,n_cafe
node,2756763446,52.5641045,13.3930733,Lupa Coffe & More,,n_cafe
node,2763457969,52.5293019,13.4705843,Plötners Cafe,10369,n_cafe
node,2764078986,52.5129884,13.2896415,Pax Blu Café,14059,n_cafe
node,2764110685,52.486663,13.431051,Café Espera,12047,n_cafe
node,2772307545,52.5267285,13.4076235,Five Elephant,10119,n_cafe
node,2796742907,52.5255231,13.4037406,Barachel Café,10178,n_cafe
node,2815379155,52.52867,13.3192881,Lila Pause,,n_cafe
node,2820028497,52.4338086,13.5382031,Der kleine Softeis-Laden,12489,n_cafe
node,2821132945,52.5244692,13.3689344,Costa,,n_cafe
node,2822957655,52.4794281,13.4375784,LAP Coffee,12043,n_cafe
node,2824879440,52.4274143,13.3650108,eni Café,12249,n_cafe
node,2824977593,52.5145873,13.4710438,Teegebäck-Haus,10247,n_cafe
node,2836862301,52.5029636,13.4692139,Haferkater,10245,n_cafe
node,2836947133,52.4562151,13.6250668,Softeis und Kugeleis,12587,n_cafe
node,2837335509,52.5048459,13.3570157,Café Mom & Son,10785,n_cafe
node,2837536021,52.4538748,13.6253455,Hörnchen,12587,n_cafe
node,2841527486,52.4646563,13.3858412,Cafe Miro,,n_cafe
node,2844631419,52.4655683,13.3846894,Café Alt-Tempelhof,12103,n_cafe
node,2847667701,52.4633342,13.3444078,Kaffee Bohne,12157,n_cafe
node,2849536401,52.59681,13.346672,Backshop & Cafe Zeit,,n_cafe
node,2852008191,52.5282587,13.3378644,Mana Moabit,10551,n_cafe
node,2852280633,52.4769416,13.4198418,Aviatrix,12049,n_cafe
node,2853426920,52.5387319,13.2055861,Café im Museum “Spandovia sacra”,,n_cafe
node,2856196171,52.5002158,13.4393434,kOfain,10997,n_cafe
node,2860415301,52.5125555,13.4583684,What a Treat,10245,n_cafe
node,2861331618,52.6081778,13.3235948,Ma Maison Café & Brunch,13469,n_cafe
node,2861340555,52.607255,13.3241372,Frühstückscafé Lavanda,13469,n_cafe
node,2864985073,52.4071419,13.4401254,Café am Feld,,n_cafe
node,2869920582,52.5363667,13.1809822,Thoben,,n_cafe
node,2880627001,52.4775123,13.6143694,Bäckerei Konditorei Café Hennig's,15366,n_cafe
node,2888310036,52.4838674,13.4475129,Café Elsken,12059,n_cafe
node,2904138761,52.5290523,13.3933697,Cheer's,,n_cafe
node,2935221701,52.5423198,13.4117981,Petit Brunch,10437,n_cafe
node,2935229201,52.5642947,13.3261961,Cafe Juan,,n_cafe
node,2935237610,52.5004144,13.4271747,Café Klas,10997,n_cafe
node,2935334701,52.478905,13.4380239,Rixbox,12043,n_cafe
node,2935347901,52.5894704,13.2814308,Eiscafé Gelatoni,,n_cafe
node,2935364316,52.4877729,13.4287633,Barettino,12047,n_cafe
node,2935422001,52.5059431,13.4662755,Safe,10245,n_cafe
node,2935582001,52.5263436,13.4034291,Funk You,10119,n_cafe
node,2939040146,52.5700973,13.5369257,Cafe Lehmsofa,13057,n_cafe
node,2940541860,52.3605804,13.4101011,KONRAD,15831,n_cafe
node,2947954495,52.546906,13.417571,Krümel,,n_cafe
node,2947989521,52.4667266,13.4440884,Populus Coffee,12057,n_cafe
node,2952546542,52.5668897,13.3630253,Cafe Lounge,,n_cafe
node,2952547136,52.5709532,13.360916,Panda Bar,,n_cafe
node,2983759499,52.4892671,13.4084215,Eiscafe Delfin,10967,n_cafe
node,2992722331,52.496401,13.511284,Spel Café,,n_cafe
node,3001258774,52.5000865,13.3060674,Einstein Kaffee,10709,n_cafe
node,3007109027,52.4773317,13.4230613,LUX,12049,n_cafe
node,3017245238,52.5020847,13.431415,Kantine Neun,,n_cafe
node,3021116548,52.5378357,13.603396,Eiscafé Allegro,12627,n_cafe
node,3026664263,52.5291604,13.3957945,Lost my Love to Italy,10115,n_cafe
node,3037805653,52.5106062,13.322831,Espresso House,10623,n_cafe
node,3039049776,52.5484392,13.4594412,Happa Happa,13088,n_cafe
node,3042132580,52.5331601,13.4149232,Café Meyer,10405,n_cafe
node,3042132628,52.5371041,13.420774,Neue Liebe,10405,n_cafe
node,3042132700,52.5340645,13.4158832,Love At First Bite,,n_cafe
node,3045267666,52.4157748,13.5781158,Cafe im Bürgerhaus Grünau,12527,n_cafe
node,3045364456,52.5449083,13.5495374,Eiscafé La Gondola,12679,n_cafe
node,3047207560,52.4907054,13.4008823,Early Birds Café & Bäckerei,,n_cafe
node,3051044948,52.4592426,13.3837179,Pausini,12103,n_cafe
node,3061480423,52.501015,13.3916123,Coffee Corner,,n_cafe
node,3061546254,52.4108082,13.4029351,Café Obergfell,12305,n_cafe
node,3064733044,52.4937732,13.3535589,meyan,10781,n_cafe
node,3065805133,52.5345909,13.4059197,Caffè Focacceria San Francesco,10119,n_cafe
node,3070901377,52.5302359,13.4273788,Cafeteria KSES,10405,n_cafe
node,3072343533,52.4896704,13.3370125,60 Grad,10779,n_cafe
node,3072345336,52.4941796,13.3375423,Patisserie & Café Lézard,10779,n_cafe
node,3073205136,52.4965192,13.3670548,Rote Beete,10783,n_cafe
node,3073277843,52.4995131,13.4394071,Slava Berlin,10997,n_cafe
node,3073303915,52.4984724,13.4425063,Telecafé,10997,n_cafe
node,3077086555,52.4125102,13.2124853,Le Petit Délice,14532,n_cafe
node,3077900876,52.5490597,13.3611113,Auf der Suche nach dem verlorenen Glück,13347,n_cafe
node,3081222948,52.5434345,13.3765877,Eis Capone,13357,n_cafe
node,3095237531,52.5366272,13.4079224,Chestnut Coffee,,n_cafe
node,3095299417,52.4997257,13.4269411,Görlitzer Bahnhof,10997,n_cafe
node,3098125129,52.5289097,13.4076401,Matchasome,,n_cafe
node,3098126329,52.5288123,13.4053958,Lois,10119,n_cafe
node,3100097109,52.5528659,13.4366208,torten & schnittchen,13086,n_cafe
node,3104033692,52.5500787,13.4082194,Unser Café,10439,n_cafe
node,3140301727,52.5432713,13.3641848,Mon Reve,13353,n_cafe
node,3147455149,52.5414197,13.3508558,Spazio,13353,n_cafe
node,3149329260,52.4604033,13.3706252,Blanke Helle,,n_cafe
node,3152593408,52.5419122,13.3563747,NoLe,13353,n_cafe
node,3157916992,52.4711198,13.3352295,Frau Behrens Torten,12159,n_cafe
node,3161178436,52.5123101,13.4908099,Café Maggie,10365,n_cafe
node,3164685739,52.4973706,13.3809365,Cafe am Möckernpark,10963,n_cafe
node,3170513905,52.5242905,13.3497255,Paradise,10557,n_cafe
node,3178164315,52.4716126,13.3361405,DaBangg Teehaus,12159,n_cafe
node,3180358892,52.5029849,13.4206976,Kaffeekirsche,10997,n_cafe
node,3186355346,52.5164237,13.4654524,saibaba,10247,n_cafe
node,3189414961,52.5024732,13.4940034,Café Wostok,10317,n_cafe
node,3204976696,52.5140285,13.4758186,Coffee Fellows,10365,n_cafe
node,3204999060,52.4631271,13.3236499,Coffee Fellows,12163,n_cafe
node,3205029103,52.5227223,13.4096521,Coffee Fellows,10178,n_cafe
node,3209504898,52.4992864,13.4406234,Efilim,10997,n_cafe
node,3209505565,52.5014295,13.4417758,Tante Emma,,n_cafe
node,3215791511,52.5106677,13.3305481,cafenero,10623,n_cafe
node,3215985262,52.5026689,13.4223606,Café Waldemar,,n_cafe
node,3219121362,52.4942071,13.3536452,Café M,10781,n_cafe
node,3219121621,52.4917392,13.3267475,Adam's,10717,n_cafe
node,3220715909,52.5138071,13.2788139,Café September,14050,n_cafe
node,3225776361,52.471258,13.3850948,Blue Eis-Café,12099,n_cafe
node,3229138226,52.4602687,13.3242827,My Coffee,12163,n_cafe
node,3235442169,52.4793487,13.4513117,Bouldergarten,,n_cafe
node,3235730004,52.4752259,13.4527548,Café Carşı,,n_cafe
node,3235752193,52.4753503,13.4525221,Tele-Internetcafé Sonnenallee,,n_cafe
node,3239758882,52.5251621,13.406038,Kaffeemitte,10178,n_cafe
node,3239761058,52.5276447,13.4034299,LAP Coffee,10119,n_cafe
node,3239761059,52.5243115,13.408829,Oliv,10178,n_cafe
node,3256320761,52.4898756,13.4082246,Freudberg,,n_cafe
node,3265557369,52.5095865,13.3232008,Greek Delicious,10623,n_cafe
node,3269283180,52.5485254,13.5060782,Mauritius,,n_cafe
node,3296607261,52.530919,13.406059,Rosa Canina Kakao Manufaktur,10119,n_cafe
node,3296688064,52.534483,13.405316,Lap,,n_cafe
node,3296709961,52.534641,13.405447,espressomania coffee roastery,10119,n_cafe
node,3301212261,52.5373773,13.3969932,Hermann Eicke,10115,n_cafe
node,3306163531,52.3998139,13.2506845,San & Bettina,14513,n_cafe
node,3309942461,52.5208464,13.4057651,Wine & Coffee House,,n_cafe
node,3314477540,52.5429448,13.339221,Rudolfs im Gästehaus,,n_cafe
node,3314954424,52.5574292,13.1390933,Julias Café,14612,n_cafe
node,3326963969,52.5086641,13.4529114,Roots Café,10245,n_cafe
node,3330737658,52.520984,13.2771597,Café Bistro,,n_cafe
node,3342853687,52.4967824,13.482013,Crêpes à manger,,n_cafe
node,3343102776,52.49196,13.3510758,Le Bretagne,,n_cafe
node,3343102819,52.4896334,13.3497962,Café Adele,10823,n_cafe
node,3343267710,52.5123636,13.3279986,Coffeebar am Audimax,10623,n_cafe
node,3349717793,52.513963,13.4592875,Domae Café,10247,n_cafe
node,3349916393,52.4948037,13.4155711,Milchmädchen,10967,n_cafe
node,3350472097,52.4713795,13.4294252,Coffee Bergmann Roastery,,n_cafe
node,3351605893,52.540199,13.40025,Lerncafé,,n_cafe
node,3354053698,52.4767619,13.3263263,Lehmbrucks,12161,n_cafe
node,3354430613,52.5031992,13.3348539,Croissants and more,10789,n_cafe
node,3354437236,52.5014612,13.3253136,Berliner Kaffeerösterei,10719,n_cafe
node,3354437244,52.502109,13.3244289,Pavlova,,n_cafe
node,3354437263,52.5006981,13.3251813,Blueberry,10719,n_cafe
node,3362258043,52.3904499,13.0906763,Café Femo,14482,n_cafe
node,3363345993,52.5323957,13.3979002,Café Cathrin,10115,n_cafe
node,3367877663,52.5068382,13.3282532,chicco di caffè,,n_cafe
node,3374664252,52.5425837,13.3439501,Cafeteria-Nord,,n_cafe
node,3391048631,52.5157307,13.4784595,BEAN HERE Café,,n_cafe
node,3391940093,52.4996576,13.3036768,CousCous Schale,,n_cafe
node,3394536430,52.5231308,13.4404411,Traum-Bäckerei,10249,n_cafe
node,3398280593,52.5466528,13.4186419,Pursuit of Coffee,10437,n_cafe
node,3409427012,52.4759329,13.4262374,Micheline,12049,n_cafe
node,3411198757,52.4737981,13.4490605,Harvest,12055,n_cafe
node,3418007717,52.5896415,13.3090009,Cafeteria,,n_cafe
node,3418098117,52.6784341,13.5881008,Cafe zum Hussiten,16321,n_cafe
node,3427181066,52.4205504,13.4921506,Simit Haus,12357,n_cafe
node,3442750175,52.4940532,13.4378061,Café Fleurs,10999,n_cafe
node,3442988798,52.52446,13.4018019,Cocktailgarten & Kaffeekaschemme,,n_cafe
node,3444591295,52.4790103,13.3625971,Cafe Peppe,10829,n_cafe
node,3446657748,52.484251,13.3615931,Mokalola,10829,n_cafe
node,3446661006,52.4854375,13.3616363,Café fe,10829,n_cafe
node,3450832990,52.4612532,13.5213196,Scoop Cafe,12459,n_cafe
node,3452093251,52.5541053,13.4137273,La Terrasse,10439,n_cafe
node,3452124072,52.550102,13.4142436,Ruby Heo,,n_cafe
node,3455613402,52.5058698,13.3183735,Der Kuchenladen,10623,n_cafe
node,3455614576,52.5058884,13.3182467,Saftpresse,10623,n_cafe
node,3455614578,52.5009885,13.3127798,Starbucks,10707,n_cafe
node,3457756793,52.5247545,13.4103867,Bell’ Chicco,10178,n_cafe
node,3474035719,52.5133337,13.3043698,Hellas Feinkost,,n_cafe
node,3474035726,52.5063455,13.3097011,Waffle Brothers,,n_cafe
node,3474035728,52.5123042,13.3048899,Coco Cengo,,n_cafe
node,3474035729,52.5089491,13.3057679,Café Barachel,10627,n_cafe
node,3478877036,52.4956357,13.3608817,Alte Forno Cafe,10783,n_cafe
node,3480282004,52.4933055,13.351924,Mattea,10781,n_cafe
node,3487251661,52.5158077,13.302583,Café con Amore,10585,n_cafe
node,3487433393,52.5362695,13.3978016,Du Bonheur,10115,n_cafe
node,3488852926,52.4953926,13.349552,Sant'Angelo,10781,n_cafe
node,3499253022,52.4954179,13.4202243,Cicala Caffetteria Italiana,10967,n_cafe
node,3499253048,52.4889133,13.4109884,Carisma,10967,n_cafe
node,3500642516,52.5213186,13.3848801,Refinery,10117,n_cafe
node,3503894822,52.5014009,13.4160011,Ora,10999,n_cafe
node,3518024329,52.5385998,13.4152714,Arnie's,10435,n_cafe
node,3519164464,52.5370225,13.419253,gut gezogen,10435,n_cafe
node,3524098878,52.4974242,13.3204209,Zuka,10719,n_cafe
node,3525872330,52.5378519,13.4238784,Melis Coffee,10405,n_cafe
node,3530843890,52.5054943,13.320208,Roberts Café Berlin,10623,n_cafe
node,3530849180,52.5056827,13.3214766,Aura,10623,n_cafe
node,3542093143,52.5117003,13.3044118,Exclusive Coffee,10627,n_cafe
node,3547096691,52.4933019,13.3527206,Der Cupcakeladen,10781,n_cafe
node,3562916493,52.4844564,13.18164,Hannes Café,14089,n_cafe
node,3566544710,52.5390599,13.2701981,Yeni Gala,,n_cafe
node,3570845452,52.4596337,13.323011,Café Baier,12163,n_cafe
node,3573519568,52.4593596,13.32336,Chá,12163,n_cafe
node,3577377788,52.5342235,13.5394451,Schröder's,12681,n_cafe
node,3579004087,52.4740271,13.4473007,satt & glücklich,12055,n_cafe
node,3580094293,52.48647,13.4346547,dots,12045,n_cafe
node,3586377540,52.5629228,13.3661021,Gigi's Lounge,,n_cafe
node,3592488623,52.462735,13.4833096,Alfima,,n_cafe
node,3593968204,52.5292248,13.4434803,Neuer Hain,,n_cafe
node,3599641327,52.4333509,13.2604613,,14169,n_cafe
node,3602840703,52.5462181,13.4181564,Friedl,10437,n_cafe
node,3608353561,52.3920818,13.2215322,Eiscafé Castagno,,n_cafe
node,3609505023,52.4641975,13.5424312,Waldcafe,,n_cafe
node,3627094218,52.5302411,13.4361889,Sommerhaus KaffeeBar,10407,n_cafe
node,3631630870,52.5070283,13.306805,Einstein Kaffee,10627,n_cafe
node,3632387191,52.4925778,13.3666134,Café Manstein 4,10783,n_cafe
node,3632408148,52.4900829,13.3605679,Dino's Eiscafé,10827,n_cafe
node,3632641427,52.4877101,13.3596813,Café Projekt,10827,n_cafe
node,3636472602,52.5337458,13.409914,Five Elephant,,n_cafe
node,3644083393,52.5036466,13.3839735,Maracay Coffee,,n_cafe
node,3644153793,52.4682443,13.3217331,Frau Maus,12161,n_cafe
node,3644187393,52.5112096,13.4565904,East West Bridge,,n_cafe
node,3644292694,52.511721,13.456307,Classic,10245,n_cafe
node,3644546194,52.4723163,13.3146496,Gelapino,14197,n_cafe
node,3650927951,52.4274696,13.3311231,Lüttes BC,12209,n_cafe
node,3654205952,52.5014596,13.3538868,Y not,10787,n_cafe
node,3654379541,52.5115566,13.4132492,Galetterie Café,10179,n_cafe
node,3655549445,52.5412496,13.3483832,Amrumer Frühstückshaus,,n_cafe
node,3655549447,52.5405022,13.3494011,Eiskult Wedding,13353,n_cafe
node,3661696179,52.5031163,13.3908407,Espresso House,10969,n_cafe
node,3666540068,52.4953555,13.3402195,Victoria Eis,10777,n_cafe
node,3666623785,52.4967552,13.3456821,Face,10777,n_cafe
node,3666623788,52.4962115,13.3428292,Viktoria Eis,10777,n_cafe
node,3666631694,52.4980847,13.3397001,Mi Rosa,10777,n_cafe
node,3666631696,52.4952211,13.3420572,Hey Schnecke,10777,n_cafe
node,3666635599,52.4990874,13.3416676,Cafe Modo,10777,n_cafe
node,3668274196,52.53161,13.394174,Distrikt Coffee,10115,n_cafe
node,3668882625,52.5894912,13.2815209,Thoben Café,13507,n_cafe
node,3669516500,52.5006066,13.3411476,Italia,10789,n_cafe
node,3669886010,52.501138,13.3369696,La Petite France,10789,n_cafe
node,3670473949,52.5297886,13.4152952,Coffee Room,10405,n_cafe
node,3675747756,52.5015473,13.3347882,Salut,10789,n_cafe
node,3676977427,52.5037006,13.3321468,Lap,10719,n_cafe
node,3677478899,52.5570961,13.2090849,Caffè Vero,,n_cafe
node,3688980395,52.5058089,13.3341209,ZooBa,,n_cafe
node,3693972410,52.4886787,13.3494473,Café Schöngrau,10823,n_cafe
node,3694035419,52.4899342,13.3488679,Frau Bäckerin,10781,n_cafe
node,3704378264,52.5139707,13.3254422,mathe.cafe,10623,n_cafe
node,3706912245,52.5437952,13.2908749,Sommergarten,,n_cafe
node,3708064006,52.5164903,13.4682632,Cebe coffee roasters,,n_cafe
node,3710018859,52.5156941,13.3044186,Milchbubies,10585,n_cafe
node,3712396679,52.5122008,13.2974658,Bistro Aleksandra,14059,n_cafe
node,3715481411,52.5129081,13.2973293,Café Lotka zum Schloss,14059,n_cafe
node,3715490341,52.5110688,13.3022071,Cafe Istanbul,10627,n_cafe
node,3715794143,52.561089,13.0923554,Kaffeerösterei RöstTeam Falkensee,,n_cafe
node,3717577416,52.5757846,13.4131581,,,n_cafe
node,3719027965,52.4960817,13.5100846,Mokka-Milch-Eiscafé,10319,n_cafe
node,3730700211,52.3925334,13.2151554,Aux Delices Normands,14532,n_cafe
node,3733553131,52.5087455,13.3089371,Seelenglück,10625,n_cafe
node,3734954302,52.5303309,13.3875982,Cafe Buondí,10115,n_cafe
node,3751458628,52.489234,13.394105,Marktwirtschaft,10961,n_cafe
node,3751642870,52.5339886,13.4158216,Le Bon Coin,10405,n_cafe
node,3755995854,52.4992468,13.3930786,Kiezstube,,n_cafe
node,3756479706,52.5571759,13.3772525,Utopia Specialty Coffee,13359,n_cafe
node,3757048825,52.4022732,13.5427067,Mama's Back+Bistro,12524,n_cafe
node,3759638268,52.4548886,13.3244156,Die Kaffeenauten,12165,n_cafe
node,3761121276,52.4675228,13.3851852,Eis Tempel,12099,n_cafe
node,3763639065,52.5034971,13.4191496,Heilehaus,10999,n_cafe
node,3763639080,52.4912822,13.4281879,TABA Brasileira,12047,n_cafe
node,3767970061,52.5411515,13.3402886,Rudolfs im Forum,,n_cafe
node,3770956049,52.5020877,13.3308709,Comebuy,,n_cafe
node,3772705288,52.4153894,13.495359,Eiscafé Monello,,n_cafe
node,3775184619,52.486497,13.4296791,Café 1001,,n_cafe
node,3780185336,52.5469933,13.3498825,Art-In-Caffé,13353,n_cafe
node,3780849349,52.5685937,13.3621796,La Femme Patisserie,13409,n_cafe
node,3781996745,52.4795712,13.3500029,Il Ostan,10827,n_cafe
node,3782374473,52.5014172,13.3308044,Espresso Company,,n_cafe
node,3790550758,52.5037283,13.324396,Kaffeehaus Mila,10623,n_cafe
node,3798843744,52.4988979,13.3622142,Mr. Toast Café,,n_cafe
node,3799527239,52.500615,13.325199,Café San Sebastian,,n_cafe
node,3799527472,52.4981698,13.3250365,Sinless Cakes,,n_cafe
node,3800610364,52.493435,13.436894,Cafe Bistro Filou,,n_cafe
node,3803711355,52.5044051,13.410638,Café Zera,10969,n_cafe
node,3804233547,52.5325548,13.4121626,Impala Coffee,10119,n_cafe
node,3814164108,52.5543341,13.1015329,Bistro Café Restaurant Selgros,,n_cafe
node,3826014012,52.4976161,13.3502476,Le Soleil,10777,n_cafe
node,3826014914,52.49854,13.3538158,Reza,10777,n_cafe
node,3826451958,52.4993584,13.3483113,Brezel Company,10777,n_cafe
node,3826452018,52.4995072,13.349129,Café Herzberg,10777,n_cafe
node,3826452467,52.4989406,13.3512559,Vickis Café,10777,n_cafe
node,3826455884,52.4983295,13.3493772,Romeo und Romeo,10777,n_cafe
node,3830168142,52.5004685,13.3636862,Zimt & Zucker,10785,n_cafe
node,3831419367,52.5121807,13.459004,Nothing out of the ordinary,10245,n_cafe
node,3832565601,52.4369971,13.4207387,Bistro am Kalenderplatz,,n_cafe
node,3834271558,52.50269,13.3656278,Die Löffelei,10785,n_cafe
node,3837620174,52.5011966,13.3539747,Laganini,10787,n_cafe
node,3837620182,52.5032983,13.3661611,Coffeelounge,,n_cafe
node,3837626623,52.5007425,13.3633042,Coffee & Deli,10785,n_cafe
node,3842255157,52.5177858,13.4072054,Daisies,10178,n_cafe
node,3844382009,52.4884301,13.349918,Merienda Haus,,n_cafe
node,3854351583,52.4996833,13.3026506,Roberta,,n_cafe
node,3854427861,52.494048,13.3536315,Café Fragezeichen,,n_cafe
node,3855567146,52.4973293,13.3615177,Café Veranda,10783,n_cafe
node,3855578746,52.4969587,13.36197,Lucca,10783,n_cafe
node,3858660257,52.4756421,13.4238276,Bonapple,12049,n_cafe
node,3859397151,52.4984442,13.3544758,Impala Coffee,10777,n_cafe
node,3861437157,52.461025,13.317878,Lady's Antik,,n_cafe
node,3861762662,52.5017035,13.3174071,Einstein Kaffee,10707,n_cafe
node,3861762679,52.5033148,13.3217757,Princess Cheesecake,10623,n_cafe
node,3862782314,52.5002822,13.3247497,Miro,10719,n_cafe
node,3862847728,52.5056192,13.4694947,Hūftgold,10245,n_cafe
node,3864797259,52.5105298,13.2863693,Café Dreikäsehoch,14057,n_cafe
node,3864942884,52.4582324,13.2920817,Baci’s Coffee,14195,n_cafe
node,3868790051,52.5274504,13.3981267,The Barn,10119,n_cafe
node,3868790052,52.5244438,13.4065961,Father Carpenter Coffee Brewers,10178,n_cafe
node,3869596912,52.4960064,13.3131527,eulinchen,10707,n_cafe
node,3874241761,52.4996912,13.3302182,Café Piter,10719,n_cafe
node,3874428957,52.4999253,13.4412276,Passenger espresso,10997,n_cafe
node,3876470382,52.5489518,13.4111377,Café Bom,,n_cafe
node,3878908357,52.4944446,13.4186046,Kaffeebar,10967,n_cafe
node,3882208072,52.4989799,13.3140033,Alas,10707,n_cafe
node,3883140251,52.4610262,13.5196457,Echo 36 Spätkauf,12459,n_cafe
node,3895255523,52.5239479,13.4093818,Koro Café,,n_cafe
node,3900932270,52.5380589,13.4195778,Anna Blume,10435,n_cafe
node,3900932440,52.5384824,13.4173512,Berg Eis,,n_cafe
node,3900932443,52.5384829,13.4171739,Ludmilla,,n_cafe
node,3900935689,52.5390592,13.4175556,werkstatt der süße,10435,n_cafe
node,3901370489,52.5386321,13.4100465,Zacharias Cafe,10435,n_cafe
node,3902472802,52.5277703,13.4005346,Symple Coffee Mitte,,n_cafe
node,3902729060,52.5293757,13.3993624,Witch Garden,,n_cafe
node,3903343966,52.5248662,13.3951822,Edelmond,,n_cafe
node,3903346162,52.5250846,13.3950698,Tadshikische Teestube,10117,n_cafe
node,3904910955,52.4990463,13.4383392,eliza,10997,n_cafe
node,3906856105,52.5137288,13.4535431,Lap,10243,n_cafe
node,3907113978,52.5085698,13.4532903,Café Jiro,10245,n_cafe
node,3912365975,52.5480555,13.4078676,WIM,10437,n_cafe
node,3912478022,52.4375884,13.5548778,Eiscafe,,n_cafe
node,3918742516,52.4539608,13.3384671,Süße Momente,12169,n_cafe
node,3920547058,52.525315,13.401667,Canal III,10178,n_cafe
node,3922915259,52.5065821,13.3199696,Lagōm,10623,n_cafe
node,3924078583,52.5327461,13.3978849,Budapest Bagel Berlin,10115,n_cafe
node,3924330200,52.5631094,13.4025798,Fritz Heyn,13187,n_cafe
node,3926671506,52.5103768,13.4626022,Blaue Bohnen Kaffeerösterei,10245,n_cafe
node,3933415860,52.5133445,13.458102,Pera,10247,n_cafe
node,3937513355,52.5308372,13.4019336,flat white,10119,n_cafe
node,3937876094,52.5322184,13.3951121,Samán Café Bar,10115,n_cafe
node,3937876096,52.5309287,13.3966067,Café Ribo,10115,n_cafe
node,3951294555,52.4860971,13.3390066,Cafe LaVie,10825,n_cafe
node,3954285617,52.4878927,13.3601498,Café Lili Marleen,10827,n_cafe
node,3954285621,52.4899151,13.3594625,Smyrna,10827,n_cafe
node,3954285623,52.4869704,13.3586134,The Bliss,,n_cafe
node,3954639325,52.4153899,13.4776976,Neumann's kleine Backstube,12355,n_cafe
node,3956555038,52.5282593,13.391331,Mörder Espressobar,10115,n_cafe
node,3956555039,52.5282123,13.3913774,Salon Schneider,10115,n_cafe
node,3958391457,52.4806571,13.4397666,Cafe Cheeky,12043,n_cafe
node,3964610265,52.4763678,13.4189112,180° Cafe Bistro Apero,12049,n_cafe
node,3968064311,52.6176794,13.3059217,Bäckerei & Konditorei Laufer,13467,n_cafe
node,3986748898,52.5416001,13.4252032,Atopia Berlin,10405,n_cafe
node,3987051075,52.5195867,13.4152257,Starbucks,,n_cafe
node,3993562057,52.4919822,13.4206473,Zazza,10967,n_cafe
node,4006159589,52.5342457,13.387974,Mauercafé,13355,n_cafe
node,4007032906,52.5404582,13.3855242,OASE,13355,n_cafe
node,4024052057,52.4770365,13.4203708,Grapes & Roses,,n_cafe
node,4024075045,52.480298,13.439076,Traum - Back,,n_cafe
node,4024075048,52.479073,13.4415376,Cafè Mignón,12043,n_cafe
node,4024676693,52.5139371,13.4998139,Zeitenträumer,10365,n_cafe
node,4026592677,52.4643814,13.3260177,GM 26,12163,n_cafe
node,4029454023,52.4589454,13.3254346,7 Delikatessen,12163,n_cafe
node,4034138652,52.5005468,13.4228384,Pfeiffers,10999,n_cafe
node,4035165240,52.5000786,13.4177996,Kremanski,10999,n_cafe
node,4038588936,52.5434377,13.4196249,pita,10437,n_cafe
node,4050299293,52.550019,13.3457554,Morgenmuffel,13351,n_cafe
node,4053475456,52.5583606,13.3791243,La Tortuga,,n_cafe
node,4054630091,52.5694221,13.3999566,Stück vom Glück,13187,n_cafe
node,4059516804,52.4914577,13.3866204,Belle Alliance,,n_cafe
node,4061488018,52.5158819,13.3048496,Zur Mieze,10585,n_cafe
node,4061948091,52.5595707,13.3797506,Hank Chinaski,13359,n_cafe
node,4065458964,52.4988597,13.4001174,Lazzat,10969,n_cafe
node,4066840140,52.505292,13.4670571,Enjoy Bubble Tea,10245,n_cafe
node,4100233309,52.5690522,13.1955808,Gartenlaube,,n_cafe
node,4103514010,52.4874342,13.4516916,passenger coffee,12435,n_cafe
node,4104554190,52.528431,13.3943594,Bankos Brunch,10115,n_cafe
node,4105132823,52.5247823,13.3828345,Café Flora,10115,n_cafe
node,4107024538,52.4784979,13.4237818,Café Pilz,12049,n_cafe
node,4107529092,52.5173667,13.4435436,Saaldeck,,n_cafe
node,4109452993,52.4287391,13.164943,Café Max,,n_cafe
node,4127536098,52.5724005,13.1955885,JoCa,,n_cafe
node,4128553443,52.4862364,13.376384,Freiraum,10965,n_cafe
node,4137093098,52.4035396,13.2203793,Eiscafé Fontana,14532,n_cafe
node,4138548489,52.5551324,13.3411784,Flop Cafe,13351,n_cafe
node,4138608262,52.4997282,13.443332,Classic,10997,n_cafe
node,4139413003,52.5568941,13.3775583,Café Güneş,13359,n_cafe
node,4142947098,52.4873212,13.3631191,Ploetz,10829,n_cafe
node,4143174675,52.5719365,13.3304874,Café LichtHaus,13403,n_cafe
node,4149996991,52.5292294,13.3002129,Kiosk Bäckerei Café,,n_cafe
node,4153062559,52.5176546,13.4659567,IlCaffé della Peppina,10247,n_cafe
node,4153838983,52.5397356,13.3881817,café und bistro freysinn,,n_cafe
node,4157496899,52.5489243,13.4115196,Bar Sigismondo,,n_cafe
node,4159749894,52.5275642,13.4156767,The Store Kitchen,10119,n_cafe
node,4173963655,52.5129778,13.5946089,Wolli's Eisstübchen,12621,n_cafe
node,4188062814,52.5138051,13.3917145,Café Emilie,,n_cafe
node,4205495690,52.4305547,13.3178921,Bread&Coffee,,n_cafe
node,4220986644,52.4738178,13.4497145,Hallmann & Klee,12055,n_cafe
node,4221964045,52.5073652,13.322369,Spitz+Pfau,10623,n_cafe
node,4222272408,52.5304372,13.3834937,May Café,,n_cafe
node,4224268261,52.5503082,13.3527416,La Femme by BKR,13353,n_cafe
node,4224268268,52.5498065,13.353569,Çarik Kuruyemiş & Cafe,13353,n_cafe
node,4231573655,52.5316389,13.3813837,Karaca,10115,n_cafe
node,4250113289,52.5173585,13.3076546,Kalimera,,n_cafe
node,4254607601,52.5021882,13.336452,Cadadia,10789,n_cafe
node,4259417431,52.510268,13.2822504,Café Non,,n_cafe
node,4267091828,52.5337314,13.3844938,,,n_cafe
node,4271022999,52.4555175,13.1449754,Bio Company,14089,n_cafe
node,4279698596,52.5177632,13.4655948,Café Strasburg,10247,n_cafe
node,4288728889,52.4919183,13.4277045,Café Katulki,12047,n_cafe
node,4295224659,52.5029511,13.3222749,What do you fancy love?,10623,n_cafe
node,4298835594,52.5211518,13.4149628,Einstein Kaffee,10178,n_cafe
node,4303818517,52.5203994,13.410896,La Luna,,n_cafe
node,4304149095,52.5111049,13.4584943,This is Coco,10245,n_cafe
node,4304242992,52.5428218,13.4206355,Neo1,10437,n_cafe
node,4311571896,52.502348,13.3958211,Café Schmus,10969,n_cafe
node,4311571992,52.5366338,13.4203939,No Fire No Glory,10405,n_cafe
node,4311621694,52.5802689,13.4009371,Café Auszeit,13156,n_cafe
node,4315470219,52.5501691,13.3489468,Cafe Tee Stube,,n_cafe
node,4318473024,52.5209108,13.195933,Cafe Bar Adam,13595,n_cafe
node,4320869993,52.5158088,13.4513207,OM Coffee,10243,n_cafe
node,4321142332,52.5331947,13.3601271,Ein Moment,10557,n_cafe
node,4321142333,52.5343204,13.3591683,Moab,10557,n_cafe
node,4321222290,52.6799307,13.5864009,Café Mühle,16321,n_cafe
node,4327994292,52.5339869,13.3980928,Puffle Bees,10119,n_cafe
node,4336930048,52.499273,13.4192421,The Coffee Brothers,10999,n_cafe
node,4339053528,52.5668217,13.3630587,M&M Back,,n_cafe
node,4344303889,52.504183,13.420258,Bonanza,10997,n_cafe
node,4349755837,52.5516269,13.4308133,Nemo,,n_cafe
node,4351511590,52.5461691,13.3583304,Salon Cafebar 63,,n_cafe
node,4351511614,52.5499546,13.3643885,Café Appetito,,n_cafe
node,4353662601,52.5655124,13.4009605,Momenti Di Vini,13187,n_cafe
node,4358916930,52.5331293,13.3801916,19grams,10115,n_cafe
node,4360052976,52.4714766,13.4411066,Tatli,12055,n_cafe
node,4362369189,52.589048,13.2798355,Café Wetterstein,13507,n_cafe
node,4362864756,52.4833964,13.441162,Companion Tea & Coffee,12045,n_cafe
node,4363560907,52.4800619,13.3240302,Le Petit Four Konditorei & Eiscafé,10715,n_cafe
node,4363560908,52.479707,13.3256761,Mainzer Coffee & more,10715,n_cafe
node,4363623293,52.5065811,13.3039486,Café Pelmeni,,n_cafe
node,4368477789,52.5098423,13.2832468,Berliner Kaffeerösterei,14057,n_cafe
node,4373603313,52.5534862,13.3764874,Kater und Goldfisch,13357,n_cafe
node,4375183730,52.5257843,13.3822169,Kaffee Container,,n_cafe
node,4379223590,52.4427167,13.3804584,Tabatabar,12105,n_cafe
node,4379223592,52.438783,13.380017,Café Backshop,,n_cafe
node,4381394734,52.5408784,13.3508029,Heli,13353,n_cafe
node,4383692990,52.48999,13.3551639,Lacino Coffee,10823,n_cafe
node,4383715445,52.4902531,13.3558239,Black Hat Coffee,10823,n_cafe
node,4383882560,52.4925932,13.3611772,Cafe Delux,10783,n_cafe
node,4386329689,52.514648,13.3812369,Abia,10117,n_cafe
node,4388936224,52.5212498,13.4115986,Starbucks,,n_cafe
node,4392776226,52.4884054,13.3400929,Café Tukan,10779,n_cafe
node,4393406590,52.4708197,13.4201717,Blaue Stunde Tagesbar,12051,n_cafe
node,4393654941,52.5414565,13.3423628,Snack Corner,,n_cafe
node,4394846891,52.416651,13.2460109,Waldcafe Kleinmachnow,14532,n_cafe
node,4396230906,52.5446687,13.3606967,Blessing 66,,n_cafe
node,4396255795,52.375587,13.6493666,Bistro Linie 68,,n_cafe
node,4396258266,52.542167,13.5003356,,,n_cafe
node,4397586158,52.4798435,13.3603929,PapalaCup,10829,n_cafe
node,4400663294,52.5023791,13.3327244,Shapesty,10789,n_cafe
node,4403423603,52.4486878,13.4496127,Café Info-Station,12359,n_cafe
node,4408597028,52.5130872,13.2943449,Eisfabrik Alan,14059,n_cafe
node,4420510590,52.4972613,13.3902445,Hallesches Haus,10961,n_cafe
node,4420588472,52.4995235,13.443153,LAP Coffee,10997,n_cafe
node,4422077489,52.6692,13.287814,Arkaden Café,,n_cafe
node,4423364915,52.5411151,13.4127101,Coffee Fellows,10435,n_cafe
node,4426025291,52.5342481,13.4315383,Café Prana,10407,n_cafe
node,4427678891,52.5521855,13.4193768,Cafe Schneiderei,10439,n_cafe
node,4434157436,52.5178016,13.46852,Kaffefreunde,10247,n_cafe
node,4437373441,52.5104727,13.3809076,Barachel Café,,n_cafe
node,4450505158,52.4958226,13.4432288,Kali Café Berlin,10997,n_cafe
node,4450832743,52.542161,13.4132554,Ron's Cafe,10437,n_cafe
node,4452235647,52.509657,13.4601239,Naranj,10245,n_cafe
node,4452581567,52.5250312,13.3302489,Spontan,10555,n_cafe
node,4454024993,52.5326839,13.3287187,Neue Nachbarschaft,10553,n_cafe
node,4454024999,52.5290074,13.3288778,D Joma,10553,n_cafe
node,4454025007,52.5285096,13.328434,Amore,10553,n_cafe
node,4454265670,52.5265669,13.345171,Café Pinguin,10559,n_cafe
node,4457967928,52.5091533,13.3918004,Zwipf,10117,n_cafe
node,4457967930,52.5414548,13.4089012,Linnen,,n_cafe
node,4461324689,52.4988892,13.3075292,Xantener Eck,,n_cafe
node,4466099589,52.525913,13.3064194,Cafe BrotZeit,,n_cafe
node,4471345153,52.4714251,13.429405,Roasters,12051,n_cafe
node,4476720170,52.5471622,13.4271348,Ataya Caffe,10439,n_cafe
node,4487529790,52.5501014,13.4172845,Pension Palermo,,n_cafe
node,4496928662,52.526552,13.3936902,Cappuccino Grand Cafe,,n_cafe
node,4500066989,52.4897709,13.3537997,Sardinen.Bar,10823,n_cafe
node,4502302720,52.5147732,13.4864215,Bamboo Bowl,10365,n_cafe
node,4511819790,52.5362898,13.4075518,Chaplin's,10435,n_cafe
node,4524915745,52.5067569,13.4616719,Lovelite,10245,n_cafe
node,4533857097,52.5113938,13.4597283,Mokofuk,10245,n_cafe
node,4534110451,52.5113264,13.4601956,Espresso & Co,10245,n_cafe
node,4539977293,52.4930779,13.3336796,Cafe Spot,10779,n_cafe
node,4544613894,52.4693664,13.4305047,Blend Coffee House,,n_cafe
node,4549272413,52.5613254,13.4125042,Vilja Café und Deli,,n_cafe
node,4552354928,52.4548601,13.3274042,Hafermilch,12167,n_cafe
node,4556223565,52.5509855,13.3541292,Billardtreff 65,13347,n_cafe
node,4558464515,52.4949152,13.4308773,Elterncafé,,n_cafe
node,4561702262,52.631252,13.5058762,Bistro,13125,n_cafe
node,4582601010,52.4968973,13.3239431,Benedict,10719,n_cafe
node,4583828567,52.4656684,13.3940423,Jearsey Lounge,12099,n_cafe
node,4583915411,52.5409779,13.41098,Schokochino,,n_cafe
node,4583979874,52.5852166,13.4285089,Café Pankow,,n_cafe
node,4595997531,52.5165239,13.4063862,Anisi,10178,n_cafe
node,4596967089,52.520454,13.3950002,Café Wilhelm,,n_cafe
node,4609342155,52.5131565,13.4094568,Café CoCo StadtteilCafé,10179,n_cafe
node,4611812289,52.510332,13.4688974,Carlaconradpaula,10247,n_cafe
node,4632664177,52.5058775,13.4061616,Sportbar Stadtmitte,10969,n_cafe
node,4634187339,52.5323705,13.3417647,Café Sartre,10551,n_cafe
node,4639811894,52.444898,13.5763293,Antoni Berlin,,n_cafe
node,4640055908,52.6179754,13.3930382,Hofcafe Stadtgut Blankenfelde,,n_cafe
node,4668245759,52.49892,13.4425358,Citronella,10997,n_cafe
node,4685004309,52.4722556,13.3198943,Czerr,14197,n_cafe
node,4685017689,52.5060143,13.3030032,Coffee Zone,,n_cafe
node,4687481459,52.4773358,13.7000378,Café Carlotta,,n_cafe
node,4687628165,52.5509869,13.3848457,WonderWaffel,13357,n_cafe
node,4690337763,52.5152105,13.3888747,Einstein Kaffee,10117,n_cafe
node,4692382890,52.535335,13.394977,The Rabbit Café,10115,n_cafe
node,4698342025,52.5008818,13.343105,Grenander,10789,n_cafe
node,4698884695,52.4584424,13.5270166,Café Central,12459,n_cafe
node,4700309060,52.4440505,13.299792,Café Fjura,12203,n_cafe
node,4707272047,52.4988145,13.3419925,Caffetteria da Emiliano,10777,n_cafe
node,4707989357,52.4889576,13.4029223,,10961,n_cafe
node,4708524876,52.4990662,13.3121976,Zeit für Brot,,n_cafe
node,4726496389,52.5126629,13.4530743,Fine Bagels,10243,n_cafe
node,4735919424,52.4818184,13.4369318,Simit Evi,,n_cafe
node,4736286826,52.5020648,13.3302726,Lê Orchid V Noir,,n_cafe
node,4736286836,52.5019215,13.3292759,Luardi,,n_cafe
node,4737034922,52.5098027,13.557816,Cafe Schloss Biesdorf,12683,n_cafe
node,4743878699,52.4800527,13.3518455,Talea,10827,n_cafe
node,4746867826,52.5127409,13.3822271,Steel Vintage Bikes Café,10117,n_cafe
node,4749062076,52.5240862,13.3343041,Lit Coffeebar & Bakery,10555,n_cafe
node,4754036014,52.3868162,13.4044254,Gelato Bacio,,n_cafe
node,4757424123,52.5077392,13.437601,Sandwichart,10243,n_cafe
node,4761858225,52.5267982,13.3327838,Alnatura Café-Bar,10551,n_cafe
node,4770924228,52.5780868,13.4040512,Cafe Sommerlust,,n_cafe
node,4773332991,52.5092925,13.4581368,ao.cafe,10245,n_cafe
node,4773438621,52.4813733,13.4251646,Two Planets,12049,n_cafe
node,4775081056,52.4978285,13.3417388,Café Komine,10777,n_cafe
node,4788621923,52.4628469,13.3234125,Giovanni L.,12163,n_cafe
node,4796243283,52.6775509,13.5898482,Kaffeehaus Jeanette,16321,n_cafe
node,4796821923,52.4869117,13.3503741,Café Bärbucha,10823,n_cafe
node,4799733106,52.5687309,13.4015207,Schön & Gut,13187,n_cafe
node,4807883323,52.5341747,13.4160092,Ooh la la la,10405,n_cafe
node,4809861322,52.5381519,13.3964017,Central,10115,n_cafe
node,4811480960,52.5153982,13.3048955,Haubach Haus,10585,n_cafe
node,4812222794,52.5650467,13.3938733,Grano de Café,,n_cafe
node,4813846795,52.4669431,13.3280048,Zeitraum Kaffee,12161,n_cafe
node,4816206584,52.5336047,13.1978175,Thoben,,n_cafe
node,4821654121,52.5406703,13.4055075,kai matcha house,10437,n_cafe
node,4832553124,52.5233023,13.3991175,Café Latrio Bistro,,n_cafe
node,4834609490,52.570844,13.4077783,OM Patisserie,13187,n_cafe
node,4836753766,52.5061288,13.3799037,Coffee & Cookies,,n_cafe
node,4840148119,52.5258152,13.4519225,Coffea,10249,n_cafe
node,4841047608,52.5428261,13.418085,ewig freunde,10437,n_cafe
node,4841361444,52.5294745,13.4338872,Muckel Cafe,10407,n_cafe
node,4852664721,52.529775,13.4074888,St. Oberholz Zehdenicker,10119,n_cafe
node,4853758032,52.5050476,13.3214234,Einstein Kaffee,,n_cafe
node,4855728623,52.5391997,13.4106316,Bronco Caffee,10435,n_cafe
node,4855744521,52.4867343,13.3555579,Lap,10823,n_cafe
node,4868088439,52.5465942,13.5493907,Zühli,,n_cafe
node,4868088442,52.5553107,13.5612126,Cafe im Ärztehaus,,n_cafe
node,4870092310,52.513708,13.4180811,Exlusive Coffee,,n_cafe
node,4870379004,52.4963075,13.3578795,hub:raum Café,,n_cafe
node,4887801415,52.4924863,13.4282099,KulturCafe,,n_cafe
node,4894301676,52.5437677,13.4183564,Café MoKannTi,10437,n_cafe
node,4897648137,52.6140078,13.3212405,Café Auenhof,,n_cafe
node,4900462126,52.4963325,13.294772,Sa Jour,,n_cafe
node,4906464456,52.5076675,13.3879776,die espressonisten,10117,n_cafe
node,4908049918,52.5113167,13.4602606,Smoobar Cafe,10245,n_cafe
node,4913646735,52.3724071,13.6265263,Café Zeitlos,15732,n_cafe
node,4917255821,52.5393727,13.573131,The Cottage,,n_cafe
node,4918140021,52.5972853,13.3549199,Blixen Coffee Shop,13439,n_cafe
node,4920890147,52.5577577,13.390261,Rosa Parks Café,13359,n_cafe
node,4932293921,52.5336025,13.4252749,Luftschlößchen,10405,n_cafe
node,4934767991,52.5544076,13.4085311,Cafè Bäckerei & Eis,10439,n_cafe
node,4936116180,52.5469571,13.5927011,Coco Bowl,,n_cafe
node,4936116181,52.5467225,13.5926139,La Boom,,n_cafe
node,4938816064,52.539388,13.4108883,The Heinrichs,10435,n_cafe
node,4940613664,52.5157744,13.4041102,Bibliotheks-Café,,n_cafe
node,4944731087,52.6794294,13.6128357,Bistro Zeitpunkt,16321,n_cafe
node,4948137828,52.5354848,13.3974744,Süßfein,10115,n_cafe
node,4948140226,52.5082522,13.2945832,Brot und Schokolade,,n_cafe
node,4948143721,52.5008383,13.4172249,Cafe Se,,n_cafe
node,4954659369,52.5226674,13.3934847,Petit Bijou,10117,n_cafe
node,4955139082,52.5613032,13.3815015,Cafe Feysbuk,,n_cafe
node,4957187583,52.4591109,13.3207262,Café CoCosh,12163,n_cafe
node,4962929345,52.5177268,13.4071636,Café zur Alten Zicke,10178,n_cafe
node,4970047921,52.5247328,13.4041136,Le Cafe LACOSTE,10178,n_cafe
node,4970394421,52.5249782,13.4018807,Ben Rahim,10178,n_cafe
node,4976233223,52.5500125,13.4225968,Madame Honig Cafe,10439,n_cafe
node,4979634421,52.493568,13.3330477,Café Engel,10779,n_cafe
node,4979653922,52.4977876,13.3476624,Cafe Kalwil,10777,n_cafe
node,4992082200,52.4801385,13.4380194,Anzengruberin,12043,n_cafe
node,4992716421,52.5252771,13.483169,Café Blaupause,10367,n_cafe
node,4994211666,52.5126327,13.3052776,M&M Back,10585,n_cafe
node,4999166919,52.509859,13.3992936,Hashtag Berlin,,n_cafe
node,5000336777,52.4730618,13.321831,wild caffè,12161,n_cafe
node,5001796521,52.5096423,13.4558099,Aprilkind,10245,n_cafe
node,5001897234,52.4799239,13.4229832,Karanfil,12049,n_cafe
node,5008942947,52.439546,13.2143132,Nah am Wasser Deli,14129,n_cafe
node,5012404710,52.4980587,13.2893891,Modi,10711,n_cafe
node,5015139010,52.4985132,13.370772,Endless Summer,,n_cafe
node,5018132446,52.5885513,13.4351679,Wiesenbaude,13129,n_cafe
node,5028871003,52.4944972,13.4289711,Kreuz Kaffee,,n_cafe
node,5032732328,52.5593061,13.3846108,,13359,n_cafe
node,5036098432,52.5018627,13.3886359,Dura,,n_cafe
node,5039528621,52.5414252,13.4195481,Schimpause,10437,n_cafe
node,5043397654,52.4383941,13.5094825,Konditorei Engelmann,12487,n_cafe
node,5053950406,52.4356902,13.5293987,Cafe Campus,12489,n_cafe
node,5062614777,52.5221419,13.3634943,,,n_cafe
node,5065842471,52.4929213,13.4214212,mila,,n_cafe
node,5075102636,52.4855829,13.4252022,Jacobi Kaffeebar,,n_cafe
node,5075147517,52.4852757,13.4290998,Café Paradies,,n_cafe
node,5078345122,52.5237558,13.6210804,Eiscafé Flavio Gustibus,,n_cafe
node,5119724959,52.5080178,13.3919864,The Small Garden,,n_cafe
node,5137029321,52.5323532,13.4305604,JUBEL feine pâtisserie,10407,n_cafe
node,5137247752,52.4928017,13.3716141,Café Bio Company,,n_cafe
node,5140817025,52.5282751,13.4096593,What do you fancy love?,10119,n_cafe
node,5141153071,52.5058246,13.4659577,KLEiNES SONNTAG,10245,n_cafe
node,5143734522,52.3930156,13.7120777,Eiscafé Eichis-Backstube,15537,n_cafe
node,5151283976,52.4965964,13.2920059,Piccolina,,n_cafe
node,5163601745,52.5588118,13.0901992,Cafe Lounge,,n_cafe
node,5171804582,52.511267,13.4612726,Café Bernstein,10245,n_cafe
node,5180183156,52.4931988,13.4214068,44 Brekkie,10967,n_cafe
node,5191542959,52.5066402,13.2969945,DADA-Künstlercafè,10627,n_cafe
node,5191728812,52.5158579,13.1970971,Kleines Café,13595,n_cafe
node,5191728956,52.5328452,13.1976627,Cafe Klatsch,,n_cafe
node,5191729407,52.5317465,13.1970259,Smyrna,,n_cafe
node,5198128800,52.5240698,13.3517529,Kara-Mell,,n_cafe
node,5198695390,52.5149551,13.4714478,KleinMein,10247,n_cafe
node,5208178034,52.5210544,13.3275814,Meine Mama,,n_cafe
node,5216026322,52.5198075,13.3980659,Cafe im Neuen Museum,,n_cafe
node,5218164764,52.5060829,13.3145182,Mom‘s Kitchen,10625,n_cafe
node,5222154376,52.5290266,13.4242482,Nonna,10405,n_cafe
node,5224049493,52.5399504,13.4242726,Na und,10405,n_cafe
node,5240854955,52.506233,13.3199223,A Never Ending Love Story,,n_cafe
node,5252959189,52.5206399,13.299724,Saray,,n_cafe
node,5252959190,52.5204269,13.2997629,Kito Kaffee Eis Kuchen,,n_cafe
node,5260240423,52.5489788,13.5983414,Junge,,n_cafe
node,5289546925,52.4857179,13.3612874,Unser Café,10829,n_cafe
node,5290293625,52.5506983,13.3488695,Familiencafé Zaunkönig,13351,n_cafe
node,5292513150,52.517589,13.4647747,Monkey & Cock,10247,n_cafe
node,5299559823,52.5006244,13.337914,La Piadina,,n_cafe
node,5299559826,52.5005741,13.3371955,Die Creme,,n_cafe
node,5299559843,52.5020279,13.3379256,Vapori,,n_cafe
node,5335885121,52.4979494,13.4419264,The Boat Kaffee,10997,n_cafe
node,5336742122,52.5168089,13.3904178,The Digital Eatery,10117,n_cafe
node,5336750821,52.5247036,13.4099587,Luz 11,10178,n_cafe
node,5340492943,52.5283359,13.386078,Freuden Grün,,n_cafe
node,5346983670,52.3768837,13.1302578,Amina Eiscafé,,n_cafe
node,5352672780,52.497797,13.4232699,Commune,10999,n_cafe
node,5352672813,52.4978419,13.4249523,lêlê,,n_cafe
node,5352826464,52.4989354,13.4305407,Mano Café,10999,n_cafe
node,5354951057,52.5474929,13.4094453,Brocca Café,,n_cafe
node,5354951068,52.5474023,13.4084651,Samer Café,,n_cafe
node,5356347748,52.5319525,13.3892274,Baffel's,,n_cafe
node,5368793412,52.5346652,13.3790445,Black Coffee,10115,n_cafe
node,5384055822,52.4888596,13.353763,Elan,10823,n_cafe
node,5387089453,52.4803978,13.5243537,KaWi Café & Lunch,,n_cafe
node,5389538547,52.5412189,13.4127493,Imogti Café,,n_cafe
node,5393663165,52.5236844,13.4091923,Brammibal's Donuts,10178,n_cafe
node,5403969402,52.5533772,13.4045738,Ezzpresso,,n_cafe
node,5404159223,52.4697903,13.4259061,Café Plume,12051,n_cafe
node,5405885452,52.5102156,13.5013705,Ormado Kaffeehaus,10317,n_cafe
node,5411911921,52.5590203,13.2101949,Café Smilie,13587,n_cafe
node,5412597401,52.4864674,13.3574466,Coffee Pony,10827,n_cafe
node,5424554835,52.5358822,13.3767521,Daryas Spielcafé,,n_cafe
node,5433858378,52.5142622,13.4670711,Coffee For Coffee,10247,n_cafe
node,5435520822,52.4954879,13.4179787,Mugrabi,10967,n_cafe
node,5440526361,52.4688741,13.3859568,Cafe Sim,12099,n_cafe
node,5456337638,52.52394,13.3338029,Café Riviera,10555,n_cafe
node,5457613817,52.5287393,13.3838035,Ca Doro,,n_cafe
node,5465153211,52.4899381,13.40836,bRICK,,n_cafe
node,5467487738,52.5248057,13.3041606,Cafe Friedrichs,10589,n_cafe
node,5471156337,52.5549666,13.4219758,Salzig & Süss,,n_cafe
node,5472057926,52.5169452,13.4068574,Creperie im Nikolaiviertel,10178,n_cafe
node,5476711803,52.5087887,13.3176613,Reeham Coffee,10625,n_cafe
node,5489586366,52.4985297,13.4348417,Gipfel,10997,n_cafe
node,5490189206,52.5490158,13.3610483,Café JO|JO,13347,n_cafe
node,5491405621,52.5396174,13.4230138,Brammibal's Donuts,10435,n_cafe
node,5502910920,52.5152595,13.4613955,Mama Maria's,10247,n_cafe
node,5503417521,52.4187796,13.5458205,Lieblings-Kaffee,12524,n_cafe
node,5503456917,52.5160148,13.4608513,Bankert Vinyl Café,10247,n_cafe
node,5503456920,52.5166257,13.4611782,Coffee Karros,10247,n_cafe
node,5505598526,52.5398383,13.4068458,Charlot,10435,n_cafe
node,5518569192,52.4885934,13.3625967,La Molisana,,n_cafe
node,5528648738,52.5237116,13.4002504,Cinamood,10178,n_cafe
node,5528648746,52.5239553,13.3996161,Always Together,10115,n_cafe
node,5533363915,52.5520958,13.3414686,Eiscafé Kibo,13351,n_cafe
node,5534476062,52.5245299,13.4041265,The Barn,10178,n_cafe
node,5558640890,52.472288,13.3136653,J'Espresso,14197,n_cafe
node,5559298645,52.5108675,13.4564223,Simon's Coffee,10245,n_cafe
node,5559462217,52.5379382,13.4204237,Der Keks,10405,n_cafe
node,5587550741,52.4518489,13.2705479,Truman Cafe Edeka Schäfers,,n_cafe
node,5590788378,52.508263,13.463615,kaffee ingwer,10245,n_cafe
node,5598889424,52.4733136,13.3170138,Lotte am Platz,14197,n_cafe
node,5611229251,52.5919925,13.2859161,Budde Kaffee,13507,n_cafe
node,5615415321,52.5054593,13.4693533,Luwak Coffee,10245,n_cafe
node,5618113173,52.4961026,13.4224749,Concierge Coffee,,n_cafe
node,5619070387,52.5140478,13.2640212,ANNA`s ToGo,14052,n_cafe
node,5619908339,52.5233639,13.3851786,Mensa,,n_cafe
node,5628609221,52.5381186,13.2030361,Kaffee 26,,n_cafe
node,5633810234,52.5269237,13.3934136,Beth Café,,n_cafe
node,5635827729,52.5442346,13.4220906,luuv,10437,n_cafe
node,5636598781,52.5117349,13.3898335,BoboQ,10117,n_cafe
node,5648008721,52.5462101,13.348835,Spinner und Weber,13353,n_cafe
node,5649582352,52.489902,13.4237183,Akin Simit Frühstückshaus,,n_cafe
node,5650154055,52.5509686,13.4117623,Zuckerstück,10439,n_cafe
node,5655310279,52.5473012,13.4280431,Orange Coffee,10409,n_cafe
node,5661342170,52.5245387,13.335152,21 Tassen,,n_cafe
node,5664563367,52.5101491,13.3805589,WonderWaffel,,n_cafe
node,5664563375,52.510477,13.3799433,Ormado Kaffeehaus,,n_cafe
node,5664563407,52.5107231,13.3809266,Café al teatro,,n_cafe
node,5674154573,52.5277622,13.3304119,Garcia Kaffeebar,10551,n_cafe
node,5675869250,52.4987064,13.3168378,Simply Sweet,10707,n_cafe
node,5685869260,52.6771581,13.588837,MoMo's Waffeln,16321,n_cafe
node,5693170695,52.5491142,13.3473456,"togo – Hunde, Kids & Coffee",,n_cafe
node,5693170698,52.5494377,13.3476957,,13351,n_cafe
node,5715768002,52.5139594,13.3812055,Monument,,n_cafe
node,5730442372,52.4579789,13.3847824,Kaffeeschwestern,12099,n_cafe
node,5741776292,52.4806947,13.4314047,Wilke,12053,n_cafe
node,5744378385,52.586066,13.232496,KiezHerz,13505,n_cafe
node,5749818808,52.47532,13.3237587,Mr. Moose,12161,n_cafe
node,5753860540,52.4802013,13.3279092,Café Wolkenstein,10715,n_cafe
node,5758190721,52.5174493,13.3877424,Coffee Lab,10117,n_cafe
node,5758790547,52.4721789,13.4291542,21 gramm,12049,n_cafe
node,5760441943,52.4901302,13.3565728,Caffèmania,,n_cafe
node,5769112853,52.6289504,13.3667587,Café Rosarot,,n_cafe
node,5773476267,52.5228794,13.452052,Eis Café Cacao,10249,n_cafe
node,5774792920,52.5378406,13.2043741,Cotti Coffee,,n_cafe
node,5779323968,52.4119608,13.3669026,Cafe Erna & Else,,n_cafe
node,5794297295,52.5264835,13.3793031,Cafeteria,,n_cafe
node,5796120271,52.4786573,13.7001654,Café am Markt,15566,n_cafe
node,5801718200,52.4166617,13.1461285,Hofcafé Mutter Fourage,14109,n_cafe
node,5810876299,52.4808391,13.3498768,Café de Enrico,10827,n_cafe
node,5817114721,52.3869008,13.4005464,Cafe Riedinger Eck,12305,n_cafe
node,5823385069,52.5086568,13.3938575,Mix & Match,,n_cafe
node,5827057077,52.5227551,13.4074446,19grams Alex,10178,n_cafe
node,5834297130,52.5072917,13.299243,"Ich, du passt",,n_cafe
node,5838355086,52.4633298,13.345199,Vivantes Bistro,,n_cafe
node,5839757276,52.5097682,13.4545025,Café µ,,n_cafe
node,5841367191,52.5219579,13.4147971,Cuccis,,n_cafe
node,5841873607,52.4726998,13.1448855,,,n_cafe
node,5861697570,52.4954924,13.2986938,Markt Pur,10709,n_cafe
node,5863285413,52.506944,13.3011382,Patogh,10627,n_cafe
node,5864981585,52.5106481,13.3754535,Schiller Deli,,n_cafe
node,5875283386,52.5094322,13.4230961,Cocina,,n_cafe
node,5876599367,52.4965774,13.2920952,Leva Copia,,n_cafe
node,5884940076,52.522321,13.4072244,Comebuy,,n_cafe
node,5887756705,52.5535393,13.3822298,Café Emil,13357,n_cafe
node,5906994119,52.6706606,13.2827492,Cup&Cake,16540,n_cafe
node,5908584937,52.4655648,13.3294024,Zazza,12161,n_cafe
node,5921033162,52.4985369,13.4470896,Cafe Frida,,n_cafe
node,5926525200,52.482169,13.4222106,"Nachbarschaftshaus ""Vielfalt""",,n_cafe
node,5934239970,52.543818,13.3770773,Flying Roasters,13357,n_cafe
node,5936986885,52.4871724,13.3541868,Coffee & Bagel House,10823,n_cafe
node,5938875150,52.4702863,13.3336429,Café Sterntal Galerie,12159,n_cafe
node,5942905631,52.4948248,13.4334242,This is hip - coffee and sandwiches,,n_cafe
node,5943563590,52.4923996,13.4282383,The Barn,12047,n_cafe
node,5944293692,52.4889422,13.3937519,breakout Café,,n_cafe
node,5957855388,52.4920197,13.3937239,What A Treat,10961,n_cafe
node,5957855389,52.490499,13.3939175,Café Schön,10961,n_cafe
node,5977696148,52.5082687,13.4534439,Stilbruch Kaffee,,n_cafe
node,5986470676,52.5292095,13.3307394,Brettspielplatz,10551,n_cafe
node,5990418181,52.5209651,13.4111708,Exclusive Coffee,10178,n_cafe
node,5992981706,52.5059889,13.4060963,Backery & Coffee,10969,n_cafe
node,5996503385,52.5139713,13.4748833,Haferkater,,n_cafe
node,6000099423,52.5398635,13.4847981,Coffee Station,13055,n_cafe
node,6004389701,52.4775855,13.447222,Pikasso Café,12043,n_cafe
node,6005972989,52.5019983,13.341323,Lenôtre Paris,,n_cafe
node,6009831370,52.5065807,13.3055023,Toast Brothers,10627,n_cafe
node,6019115389,52.4714836,13.4334646,Utopie Café,12053,n_cafe
node,6026684785,52.5016953,13.3097864,Boutique Patisserie,10629,n_cafe
node,6029583997,52.4701027,13.4311295,Cafe Berlin,,n_cafe
node,6031975232,52.5644173,13.3168621,Café Schatztruhe,13405,n_cafe
node,6032523119,52.5060106,13.4455995,Comebuy,,n_cafe
node,6041595446,52.4783816,13.4390834,Café Evim,,n_cafe
node,6048959095,52.5540484,13.3597495,Kantine N°1,13347,n_cafe
node,6058235413,52.5085731,13.4340325,Cafe Martha,,n_cafe
node,6070390014,52.5097019,13.4984766,Cafe Lounge,10317,n_cafe
node,6071422170,52.4558493,13.296996,Cafete,14195,n_cafe
node,6085961140,52.4916758,13.3830818,Gretel,,n_cafe
node,6106472481,52.4770012,13.3121425,Mensa Charité Zahnklinik,14197,n_cafe
node,6119368035,52.4746496,13.4465408,Mara Lou,12055,n_cafe
node,6123731658,52.4892186,13.3945263,Le Bretagne - Café Épicerie,,n_cafe
node,6123731661,52.4892319,13.3943588,Café del Mercato,,n_cafe
node,6123731662,52.4893932,13.3947939,Gizmo‘s Sweet Coffee,,n_cafe
node,6124022025,52.5069399,13.4680621,Hexenhütte,10245,n_cafe
node,6124727196,52.5014426,13.4911172,Coffea,10317,n_cafe
node,6132638173,52.5052531,13.4952684,Cafe Johann,10317,n_cafe
node,6140668586,52.5117232,13.4135327,Yada Yada,,n_cafe
node,6163950534,52.4585819,13.3783212,Schmaus & Plausch,12103,n_cafe
node,6167488715,52.4813124,13.5244694,AllerMunde,,n_cafe
node,6171061224,52.4805799,13.525515,Co.me.in,10318,n_cafe
node,6190749887,52.4896379,13.377794,Tirelli‘s,,n_cafe
node,6192424368,52.4861034,13.3617521,Cafe Efsane,,n_cafe
node,6192424375,52.4856881,13.3627814,Daddy,,n_cafe
node,6216154171,52.4863699,13.3626542,Koriat Kuchenmanufaktur,,n_cafe
node,6220960666,52.5976078,13.3555367,FUN Café Bar,,n_cafe
node,6228362811,52.5635819,13.3651864,Torten Träume,13409,n_cafe
node,6250281632,52.492327,13.378074,nisk,,n_cafe
node,6251908867,52.5529701,13.3805058,Cafe Beykoz,,n_cafe
node,6251908868,52.5572357,13.3772533,X Café Bar,,n_cafe
node,6254428437,52.4929032,13.3533462,The Visit,10781,n_cafe
node,6256648224,52.5498861,13.474581,Kaffee Küche,13088,n_cafe
node,6261939658,52.4970613,13.4234152,% Arabica,10999,n_cafe
node,6268326586,52.5267496,13.3371816,Sönmez Baklava,,n_cafe
node,6268406950,52.4998466,13.4446784,19grams Schlesi,10997,n_cafe
node,6268406951,52.5031274,13.4076703,Zweitausend,10969,n_cafe
node,6276676697,52.3879872,13.1385941,Cafeteria,,n_cafe
node,6282529804,52.5510599,13.4105748,Solide,,n_cafe
node,6289073097,52.4983149,13.4301104,Café Lu,10999,n_cafe
node,6289101644,52.5282425,13.3815953,Coffeebar HU Mensa Nord,10115,n_cafe
node,6289101645,52.4294073,13.530074,Mensa-Backshop HU Oase Adlershof,12489,n_cafe
node,6289101646,52.4854566,13.3381977,Coffeebar der Mensa HWR Badensche Straße,10825,n_cafe
node,6289101647,52.5100043,13.3259726,Coffeebar,10623,n_cafe
node,6291140254,52.534948,13.4235264,Town Mouse,10405,n_cafe
node,6299003229,52.5145039,13.5668439,Bistro Hexenhaus,12683,n_cafe
node,6314878364,52.5041916,13.3042835,Das Köstlich,10629,n_cafe
node,6316591600,52.4727781,13.4408825,Café Fairouz,12055,n_cafe
node,6322426329,52.4548251,13.6280042,Rabu,,n_cafe
node,6322875025,52.506653,13.3915625,betahaus Cafe,,n_cafe
node,6325006706,52.5280016,13.3309729,Wald Café,,n_cafe
node,6325963105,52.5049281,13.3566973,my deli love,10785,n_cafe
node,6340183390,52.5441223,13.4929394,Kaffee Strudel,13055,n_cafe
node,6343240190,52.4797702,13.4435529,Holy Coffee,12059,n_cafe
node,6360044247,52.4469487,13.5761396,PEP's,12555,n_cafe
node,6360239076,52.4450035,13.576966,Fräulein O,12555,n_cafe
node,6364887033,52.4057685,13.23441,Eisbuben,14532,n_cafe
node,6373530592,52.5438105,13.3729322,Cafe des Schicksals,13347,n_cafe
node,6383316362,52.5089644,13.4246022,Café Le Vent,10179,n_cafe
node,6384283185,52.5306292,13.4003225,Mod Coffee,10119,n_cafe
node,6392435819,52.4693874,13.6924714,Pepe's Bistro,15566,n_cafe
node,6418054530,52.52101,13.5884786,Café Dream,,n_cafe
node,6422776108,52.5075445,13.3901143,Einstein Kaffee,,n_cafe
node,6426071297,52.5406293,13.3511496,Chamelion Coffee,13353,n_cafe
node,6428294267,52.5155479,13.2918727,Röstwerk,14059,n_cafe
node,6433846648,52.5402584,13.5687006,Café & Bäckerei Sahnebaiser,,n_cafe
node,6449262006,52.5213789,13.4117396,al teatro,,n_cafe
node,6458744289,52.4641376,13.3165393,Relax II,12163,n_cafe
node,6470345311,52.5047784,13.4691969,Transfair,10245,n_cafe
node,6472142086,52.5093679,13.4232634,Grüngut,10179,n_cafe
node,6472969308,52.4953001,13.3279119,Café Lama,10717,n_cafe
node,6473150811,52.5074146,13.3066573,The Alley Wilmersdorf,10627,n_cafe
node,6484424844,52.5064815,13.3134984,Dialogue Coffee,10625,n_cafe
node,6491350897,52.3938571,13.0928764,Lukas Café,14482,n_cafe
node,6500853481,52.5062544,13.3333169,Tudo,10623,n_cafe
node,6513417589,52.5064762,13.390707,Malu,10969,n_cafe
node,6520267688,52.3699458,13.1300549,Segafredo,14480,n_cafe
node,6522579859,52.5106529,13.4375313,Haßelbach,,n_cafe
node,6530432185,52.5106006,13.3824788,Ormado Kaffeehaus,10117,n_cafe
node,6541827328,52.5428064,13.4259392,Willis,10405,n_cafe
node,6564734372,52.4931942,13.4653227,Bruschetta Bar Berlin,,n_cafe
node,6569710889,52.5313994,13.3440678,Anadolu,,n_cafe
node,6570673375,52.630529,13.3138436,Café Lotte,16548,n_cafe
node,6573839963,52.4793139,13.4309744,Café Babette,12053,n_cafe
node,6588859242,52.5057007,13.3316262,Starbucks,10623,n_cafe
node,6589480951,52.4778193,13.2810727,Exclusive Coffee,,n_cafe
node,6589636628,52.4249221,13.5751213,Tous les jours,12527,n_cafe
node,6596706590,52.5459278,13.3448983,Von morgens bis Späti,,n_cafe
node,6596977800,52.5500251,13.3523071,chokkolatta,,n_cafe
node,6612961274,52.484471,13.4272863,Agora,12053,n_cafe
node,6632057585,52.5315772,13.36178,Ein Blick,,n_cafe
node,6649035185,52.4837555,13.432072,Our Authentic Kitchen,12043,n_cafe
node,6652933076,52.5326604,13.3985793,Codos,10115,n_cafe
node,6653396110,52.4779354,13.4380426,Cafe Simbur,12043,n_cafe
node,6655311489,52.5059494,13.4707801,Dosha,10245,n_cafe
node,6656463727,52.4591597,13.3198003,Duo Chá,12163,n_cafe
node,6679597653,52.5338305,13.4052276,Café Kirsche,10119,n_cafe
node,6687804305,52.5277484,13.3888247,Suō Noodle House,,n_cafe
node,6688326490,52.4197312,13.1587855,Café Exner,14109,n_cafe
node,6698553797,52.550776,13.3509834,Das Café-Haus,13349,n_cafe
node,6700509921,52.5334592,13.3988575,Lucy's,10119,n_cafe
node,6700717678,52.4495839,13.2692543,Breadleys,14195,n_cafe
node,6707387950,52.5129491,13.3866473,Abteilung K,,n_cafe
node,6714794979,52.5134769,13.3896088,Einstein Kaffee,,n_cafe
node,6721933782,52.5153721,13.396898,The blnd,,n_cafe
node,6723408551,52.48633,13.3595091,Cafe Seven,,n_cafe
node,6723408556,52.4865699,13.3591343,Café Star,,n_cafe
node,6726277881,52.5174031,13.3096114,Zucka,,n_cafe
node,6735275979,52.5573836,13.4049418,Tante Klara,10439,n_cafe
node,6743618885,52.5447118,13.4372178,Café Gold Stück,10409,n_cafe
node,6764078993,52.5397199,13.4223031,2 Schwestern,10435,n_cafe
node,6766853189,52.5521845,13.3647891,Brooclyn,,n_cafe
node,6769219613,52.4797502,13.421463,Café Istanbul,,n_cafe
node,6772466198,52.5641296,13.32858,Café am Kutschi,,n_cafe
node,6780508575,52.4803359,13.4423724,August Bakery,12045,n_cafe
node,6793842997,52.4923296,13.3711516,New Yorck Coffee,10829,n_cafe
node,6813921789,52.5225152,13.367965,Lantana,10557,n_cafe
node,6825777498,52.5030077,13.330725,Einstein Kaffee,,n_cafe
node,6832915881,52.5133051,13.3819381,Cafe Bar Italia,10117,n_cafe
node,6833361555,52.4814667,13.4315242,Cafe Gediz,,n_cafe
node,6833361556,52.4815109,13.4318865,Maulana,,n_cafe
node,6835710243,52.4804596,13.435196,WonderWaffel,,n_cafe
node,6848436877,52.5039266,13.3299169,Coffee & Greek Bakery,,n_cafe
node,6851358195,52.5298692,13.3401827,Monkey Mind Cafe,10551,n_cafe
node,6855165592,52.4966527,13.3928346,Tims,10961,n_cafe
node,6857427415,52.4389401,13.3890708,Cafe Red & Blue,,n_cafe
node,6863412625,52.5435557,13.4254047,Mo's Coffee,10437,n_cafe
node,6863421169,52.5432369,13.4262024,Prenzalexandr,10405,n_cafe
node,6868834338,52.5284432,13.4024425,Pao Pao,10119,n_cafe
node,6908729685,52.5264661,13.344438,Exclusive Coffee,,n_cafe
node,6913471103,52.4912816,13.2911986,Pauls Deli,,n_cafe
node,6913930085,52.5698177,13.3987195,Meana,13187,n_cafe
node,6915842985,52.4758574,13.4435157,Unicorn Village,12043,n_cafe
node,6919102842,52.4895509,13.389763,Coffee Circle Café,10961,n_cafe
node,6932885257,52.5015605,13.3646733,,,n_cafe
node,6942567346,52.4985073,13.434937,Annelies,10997,n_cafe
node,6977266482,52.5448115,13.4376823,Café & Bäckerei die Drei Engel,10409,n_cafe
node,6981216483,52.4806971,13.4389327,Asbury Park Coffee,12043,n_cafe
node,6982103606,52.4582142,13.2909032,BioBackHaus,14195,n_cafe
node,6983349351,52.5266873,13.371948,Coffee Fellows,10557,n_cafe
node,6984432011,52.4909582,13.3315417,Remvi,10717,n_cafe
node,6984780038,52.4440893,13.5689133,Baguette & Buch,,n_cafe
node,6986359516,52.4872604,13.4220944,Bonjour,10967,n_cafe
node,6987208792,52.5064041,13.40798,HOA,10969,n_cafe
node,7008420713,52.503301,13.3168241,Private View,10629,n_cafe
node,7025879071,52.5344101,13.436069,Café Coconut,10407,n_cafe
node,7025879084,52.5357239,13.4333335,Café Danziger,10407,n_cafe
node,7025879189,52.5362005,13.4336993,Cafè / Bar MM,10407,n_cafe
node,7054504783,52.524597,13.3479459,TRIIIO,10559,n_cafe
node,7055629498,52.5273031,13.3728895,Humboldt-Café,,n_cafe
node,7058016109,52.4974175,13.3465258,Geschmackssache,10777,n_cafe
node,7061308397,52.509379,13.4121691,Bavul Kunst & Kultur Café,10179,n_cafe
node,7069825852,52.5318263,13.4325335,MaRue Café,10407,n_cafe
node,7069825856,52.5319691,13.4322073,Sant'Ambroeus da Marco,10407,n_cafe
node,7069825859,52.5323376,13.4313754,Bronco,10407,n_cafe
node,7080484500,52.5183026,13.3841452,ama,10117,n_cafe
node,7093312886,52.4793991,13.4369849,Leckerback Café,12043,n_cafe
node,7096007088,52.4646091,13.4430092,Cafe Lieblingspause,12057,n_cafe
node,7098138245,52.4499782,13.6249212,Eiscafe Klatsch,,n_cafe
node,7104496146,52.5044452,13.338384,Tiffany's,,n_cafe
node,7106771743,52.6182031,13.3065509,Zwei Kraniche,13467,n_cafe
node,7114134079,52.5082563,13.3224983,Buna,10623,n_cafe
node,7118201696,52.4956938,13.3211749,TiramiGiu,10719,n_cafe
node,7124425863,52.4668493,13.321987,Delizie & Sapori,12163,n_cafe
node,7129246761,52.5422478,13.3695611,Evra,13347,n_cafe
node,7129308477,52.5228407,13.3595896,Twenty One Beans,10557,n_cafe
node,7132010681,52.5063819,13.4497985,Starbucks,,n_cafe
node,7142525701,52.5167174,13.461201,Roj Cafe Bar,,n_cafe
node,7148985179,52.5048157,13.3379504,Mr. Box Planet,10789,n_cafe
node,7159044717,52.5437931,13.3677735,Coffee Circle,13347,n_cafe
node,7166724117,52.3868199,13.3956659,Prinzessinnen-Pub,,n_cafe
node,7167351575,52.4887575,13.2936823,Dombili - Back&Snack,14193,n_cafe
node,7171914485,52.5226169,13.3674466,Maxway Coffee,10557,n_cafe
node,7176732164,52.3696965,13.1345188,Fantasia del Gelato,14480,n_cafe
node,7184234441,52.5280239,13.3417232,Co-workingspace,,n_cafe
node,7196929693,52.3712806,13.1331535,Lotte am Stern,14480,n_cafe
node,7211080883,52.5342806,13.430367,Café á Gogo,10405,n_cafe
node,7220634429,52.4008611,13.2683113,Drei Käsehoch,,n_cafe
node,7228517906,52.4910499,13.4240367,welcome to the jungle,,n_cafe
node,7233554320,52.543108,13.4406366,Lynn Tea & Coffee,10409,n_cafe
node,7233815673,52.484869,13.3824553,Go to Coffee,,n_cafe
node,7237267914,52.5529072,13.414745,P-Berg Coffee,10439,n_cafe
node,7239464453,52.4969206,13.3549269,La Femme Quality,10781,n_cafe
node,7252516750,52.4748278,13.424916,Cafe Leylim Ley,12049,n_cafe
node,7253124489,52.473758,13.4276876,Café 27 M.K,,n_cafe
node,7255291485,52.3397333,13.6085049,eishaus,15738,n_cafe
node,7255812894,52.5005259,13.2989784,Quartier 1907,10711,n_cafe
node,7257482323,52.4794491,13.4252766,Diggi Eiscafé,,n_cafe
node,7261140334,52.4738595,13.427632,Cafe Deniz,,n_cafe
node,7261208964,52.474134,13.4270259,Oker Café,,n_cafe
node,7272856131,52.5426392,13.4211448,Kape de Filipina,10437,n_cafe
node,7274447383,52.5441717,13.4220194,Kajumi,10437,n_cafe
node,7276736007,52.4734105,13.4385833,Monet,12053,n_cafe
node,7277454704,52.4758642,13.4257708,Cafe Metrom,,n_cafe
node,7281050044,52.5411345,13.4148689,Eat Manti,10437,n_cafe
node,7289061027,52.5403596,13.422385,Cookies & Co.,10437,n_cafe
node,7289650000,52.5202188,13.2865155,"Schloss Café, Restaurant & Cocktailbar",14059,n_cafe
node,7291183209,52.4792114,13.4249062,Café Absolut,,n_cafe
node,7292317454,52.5434839,13.4190738,Moloko,10437,n_cafe
node,7292325636,52.5428502,13.4205748,La Petite Boulangerie,10437,n_cafe
node,7308437146,52.5429404,13.4178048,Tilda,10437,n_cafe
node,7308486527,52.5419339,13.4214084,LAP Coffee,10437,n_cafe
node,7310451884,52.5406751,13.4161996,Mr. Melon Pan,10435,n_cafe
node,7310697847,52.5399624,13.4207829,Hoffels,10435,n_cafe
node,7345442914,52.5071477,13.2955706,Berliner Sammelsurium,14057,n_cafe
node,7376832490,52.4898511,13.3896478,Café Madrido,10961,n_cafe
node,7382754552,52.4342927,13.4547033,Fritz Erler Treff,,n_cafe
node,7388634885,52.55088,13.3846478,Lumoss,,n_cafe
node,7389038823,52.4935672,13.3644441,Hermanos,10783,n_cafe
node,7392103175,52.5368642,13.4224481,Prince Peach,10405,n_cafe
node,7428910087,52.556514,13.3417455,Cafe Bar eko,13349,n_cafe
node,7441490915,52.5271617,13.5060609,Cafeteria KEH,,n_cafe
node,7446841170,52.5656447,13.4128476,Café Jasmino,,n_cafe
node,7497952456,52.4739017,13.4554001,SnackCafé On4,12059,n_cafe
node,7497997586,52.4742269,13.4547262,,12059,n_cafe
node,7515205017,52.473234,13.454972,Yacht Cafe,12055,n_cafe
node,7517427994,52.4581395,13.3177773,Venue,12165,n_cafe
node,7528907474,52.6313091,13.317331,Café Konditorei Glienicke,,n_cafe
node,7531805359,52.5230488,13.2883146,Joli Cafe,14059,n_cafe
node,7541757196,52.5129209,13.4531863,Brammibal's Donuts,10243,n_cafe
node,7541757197,52.5196928,13.4627065,Frau Honig,10247,n_cafe
node,7560353406,52.4785576,13.3270078,,10715,n_cafe
node,7573227528,52.4977101,13.2905094,Scal.,10711,n_cafe
node,7573227529,52.4975969,13.2905404,,10711,n_cafe
node,7589526279,52.5199903,13.3887842,Coffee Fellows,,n_cafe
node,7597560505,52.4882917,13.4428714,Cafe Bread,12435,n_cafe
node,7598895281,52.4690466,13.332026,Mama'ish,12161,n_cafe
node,7616134547,52.4980288,13.2950912,Cafe Kudamm 1♡4,10711,n_cafe
node,7617569039,52.4555704,13.2935432,KAFFEE!,,n_cafe
node,7620604047,52.4759613,13.3350157,Witty Stories,12159,n_cafe
node,7623775574,52.5520244,13.3413658,Cafe Favorite,13351,n_cafe
node,7664110126,52.4973791,13.380832,Pinik's,,n_cafe
node,7668979479,52.5277283,13.3892738,90 °C,,n_cafe
node,7682213885,52.5208444,13.4113176,Bubble Bär,,n_cafe
node,7682387171,52.4807326,13.4351337,tiramo,,n_cafe
node,7684780822,52.4829574,13.4420224,Mona Lisa Classique,12045,n_cafe
node,7685796319,52.4863837,13.3170977,Cup Cafe,10713,n_cafe
node,7688108908,52.4588362,13.5261728,Die Idylle,12459,n_cafe
node,7700452323,52.4845379,13.3199576,Café Streusel,10713,n_cafe
node,7700544481,52.5088626,13.3233144,Love to sweet you,10623,n_cafe
node,7710976595,52.5579484,13.3787933,Café Kalliya,13359,n_cafe
node,7724065963,52.5047337,13.5235834,Schlosscafe,,n_cafe
node,7737895317,52.5138698,13.4540678,Boxi Espresso,10245,n_cafe
node,7744836616,52.4387139,13.2165412,Gutes von Busch,14129,n_cafe
node,7746191685,52.5850623,13.3661712,#DU HIER! Kiez-Café,13158,n_cafe
node,7770548242,52.4917978,13.3948223,The Lĕv,10961,n_cafe
node,7771003741,52.4682272,13.4277303,Cozy Corner,12051,n_cafe
node,7775213790,52.4885765,13.3946254,Café Marie Luise,10965,n_cafe
node,7781499699,52.5152631,13.4090693,The Greens,10179,n_cafe
node,7798400777,52.486186,13.3228707,Mauritius Eis Café Tee,,n_cafe
node,7798817385,52.4882295,13.3542986,Bar Oro Nero,10823,n_cafe
node,7802654692,52.4654677,13.4229404,Stern Café,12051,n_cafe
node,7803196080,52.4990847,13.3733055,Jules,10963,n_cafe
node,7804846344,52.4863027,13.3232566,Maracay Coffee,10715,n_cafe
node,7813547006,52.4718768,13.3237568,Aperitivo Café,12161,n_cafe
node,7821126097,52.4797189,13.325094,Dal Bhat,10715,n_cafe
node,7823664075,52.5355699,13.3771493,Marv,10115,n_cafe
node,7826209175,52.4434594,13.4523701,Kieselstein,,n_cafe
node,7835643849,52.5013439,13.3353049,Clavé,,n_cafe
node,7836880350,52.5524769,13.4508736,Natas Berlin,13086,n_cafe
node,7839124566,52.4548564,13.4374445,Britzer Stübchen,,n_cafe
node,7846856939,52.5039411,13.3223998,Coffee Pony,10623,n_cafe
node,7864807685,52.4974429,13.3421028,Jules,10777,n_cafe
node,7867810050,52.5355282,13.4266165,Cafelix,10405,n_cafe
node,7887536006,52.5155826,13.2925224,Brotgarten Bistro,14059,n_cafe
node,7902877159,52.516451,13.4653612,all about,10247,n_cafe
node,7902894774,52.4164273,13.4967336,Café Reichelt,,n_cafe
node,7906370932,52.5054736,13.3320635,Comebuy Tea,10623,n_cafe
node,7907933564,52.5315976,13.3615396,Zazza,10557,n_cafe
node,7910232822,52.4468362,13.3063874,Nellies Cafe,12203,n_cafe
node,7920003931,52.5052653,13.4116776,Gönül Kahvesi,10179,n_cafe
node,7924890022,52.5037918,13.3300029,Arket Café,10719,n_cafe
node,7928643415,52.4929029,13.3797278,Kaffeekreis,,n_cafe
node,7947979809,52.5677099,13.4402031,fritz & friedrich,13089,n_cafe
node,7966667618,52.4988581,13.4465244,Café Geschmackssache,10997,n_cafe
node,7966718455,52.4597227,13.3223633,Zimmer3,12163,n_cafe
node,7976386006,52.4933018,13.4311,La Maison,10999,n_cafe
node,7978440748,52.5708141,13.3609662,Café 21,,n_cafe
node,7998010522,52.485115,13.3526845,Nostoni,10823,n_cafe
node,8043741821,52.3389726,13.3534454,Bäckerei Café,,n_cafe
node,8071205637,52.4733599,13.3168286,Female Rocks,14197,n_cafe
node,8075137842,52.5449926,13.3664482,Little MARS,,n_cafe
node,8082877763,52.4616727,13.5180059,Café Date,12459,n_cafe
node,8119481804,52.4569373,13.3192761,Café Schwartzsche Villa,12165,n_cafe
node,8120989366,52.4578761,13.3203204,al teatro,,n_cafe
node,8120989392,52.4574937,13.3202234,Meyerbeer Coffee,,n_cafe
node,8147270778,52.480708,13.3514527,Café Dominicus,10827,n_cafe
node,8169541139,52.4411108,13.424127,Grünes Cafe,,n_cafe
node,8177206745,52.4625511,13.3264692,coffreez,12163,n_cafe
node,8223127025,52.4843265,13.3533019,Vivero,10827,n_cafe
node,8223127027,52.4850131,13.3546164,Bunter Panda,10827,n_cafe
node,8223127029,52.4848495,13.3543044,Velvet Coffee,10827,n_cafe
node,8223127044,52.4815324,13.3494947,Cafe Domino,,n_cafe
node,8227823435,52.5014792,13.3202829,Aurelia,,n_cafe
node,8237740647,52.4999601,13.4754252,soulbay Berlin,,n_cafe
node,8262111146,52.488411,13.4271741,Radikalecker,12047,n_cafe
node,8264913105,52.4996493,13.3349673,Cafe&more Europa,10789,n_cafe
node,8264923017,52.4954023,13.3349004,Café Flair,10779,n_cafe
node,8284410725,52.5317483,13.3443355,Moabogen,,n_cafe
node,8285124434,52.5309447,13.3681831,Exclusive Coffee,,n_cafe
node,8286083413,52.526449,13.3450833,coffee ela,10559,n_cafe
node,8318800266,52.553163,13.4077642,North Andes Coffee,10439,n_cafe
node,8330247317,52.4727419,13.3147039,Kaffeehaus am Platz,14197,n_cafe
node,8330505680,52.6048197,13.3553107,Café Züri,13435,n_cafe
node,8413213032,52.4608457,13.5023798,Junge,12439,n_cafe
node,8422865846,52.4879029,13.333551,Miss Minty,10715,n_cafe
node,8423129512,52.4880505,13.337268,Magic Bitte,10825,n_cafe
node,8423617306,52.4860778,13.3454146,Café Olea,10825,n_cafe
node,8446207955,52.6792564,13.5869685,Madlen,,n_cafe
node,8459440163,52.5351031,13.4962271,San Remo,13055,n_cafe
node,8491282927,52.5197066,13.1627867,Ati's Garten,13593,n_cafe
node,8510656515,52.506078,13.3233654,Chito Coffee,10623,n_cafe
node,8564372025,52.564439,13.3276093,Eis Café La Piazzetta,,n_cafe
node,8603169789,52.4835329,13.2900564,Bistro Grundschlag,14193,n_cafe
node,8618548372,52.5498589,13.563447,Bosforus,12679,n_cafe
node,8622320253,52.5109387,13.2928857,Saigon Baguette,,n_cafe
node,8625793647,52.4495535,13.2525068,Tricolore – Bistro und Eiscafé,14169,n_cafe
node,8637878912,52.4871582,13.3533281,Tumabé,10823,n_cafe
node,8637878915,52.4828798,13.3438141,Laax,10825,n_cafe
node,8647316810,52.4770977,13.4211655,Airport Café,,n_cafe
node,8658121118,52.4413787,13.2926792,Fuchs Curtis,12205,n_cafe
node,8662635815,52.5227745,13.4516255,Bob Murphy,10249,n_cafe
node,8668888717,52.4152491,13.5996059,Nino,12557,n_cafe
node,8696728216,52.4959716,13.5108063,Dana Cafe & Pizza,10319,n_cafe
node,8704670910,52.5474213,13.4012056,KURHAUS BERLIN,,n_cafe
node,8733485918,52.486643,13.3526263,Portier,,n_cafe
node,8740046964,52.5633423,13.0967458,Eismanufaktur Don Fra,14612,n_cafe
node,8755125357,52.473928,13.4503746,Sfera,12055,n_cafe
node,8783841686,52.5150576,13.4675406,Café Mampa,10247,n_cafe
node,8812122886,52.4788438,13.4272504,Espresso Bar,,n_cafe
node,8812635548,52.4723328,13.3365463,MoaMoa,12159,n_cafe
node,8839649642,52.4988108,13.2960555,Café Perlmutt,10711,n_cafe
node,8861496960,52.483976,13.4286457,Caffee Hamatt,,n_cafe
node,8864146716,52.5064079,13.3084903,WonderWaffel,10627,n_cafe
node,8865703416,52.4237955,13.704966,Hollands Pannekoekhuis,12559,n_cafe
node,8865733765,52.4991837,13.3040886,Blunck Pâtisserie,,n_cafe
node,8865917106,52.4995594,13.4624591,Café BRUDI,10245,n_cafe
node,8906750629,52.5001529,13.4181752,TOAST'cu,,n_cafe
node,8909368571,52.5414125,13.4129863,PuntaTime,,n_cafe
node,8911173847,52.4466058,13.5749932,Café Paul,,n_cafe
node,8917540608,52.5638698,13.2147925,Laila,,n_cafe
node,8930497566,52.618031,13.2409366,Sampor-Kaffee-Berlin,13503,n_cafe
node,8972510641,52.4842413,13.3841629,Paus,12101,n_cafe
node,8988223636,52.4650358,13.3289005,Bubble Tea Bar,12161,n_cafe
node,8989819200,52.4832915,13.3820845,Bolinas,12101,n_cafe
node,8994165512,52.4834505,13.383267,La Kentour,12101,n_cafe
node,8996370133,52.5237386,13.3692951,Coffee Fellows,,n_cafe
node,8999045067,52.4901789,13.3533803,Someone loves you,,n_cafe
node,8999104602,52.5962068,13.3531318,Café Apostel,13439,n_cafe
node,9006699817,52.5028072,13.3662512,Concierge Coffee,,n_cafe
node,9006934263,52.5523695,13.3872908,Cafe Dreizehn,,n_cafe
node,9018344814,52.5253298,13.4104329,Coffee Circle,10178,n_cafe
node,9029174217,52.5367612,13.4204938,44 Brekkie,10405,n_cafe
node,9031951438,52.4810137,13.4252162,Coffee Corner,,n_cafe
node,9037086310,52.5061906,13.333231,Einstein Kaffee,,n_cafe
node,9043430528,52.5008091,13.4398603,Guo Tea,,n_cafe
node,9046285206,52.5450518,13.3624594,Kado,,n_cafe
node,9066101185,52.6342495,13.2917134,Johannes Garten,,n_cafe
node,9073826793,52.5585726,13.4126898,Rocky Blue,,n_cafe
node,9073875617,52.5529588,13.4673241,Coffee House 168,13088,n_cafe
node,9073947337,52.5598462,13.466745,Sommerregen,,n_cafe
node,9083998942,52.5330313,13.3876194,Espresso House,10115,n_cafe
node,9092377879,52.5030302,13.4378721,Mon Chéri,,n_cafe
node,9122275031,52.5333515,13.3658647,Café Zuckersüss,10557,n_cafe
node,9138888336,52.5527448,13.4077455,Land Markt,,n_cafe
node,9140504017,52.4822211,13.4385242,Snaubar,,n_cafe
node,9155779778,52.5259607,13.3881315,Velvet 52,,n_cafe
node,9161995041,52.5032276,13.3440615,Hasty Pastry,,n_cafe
node,9164861867,52.4960535,13.3086063,Good Morning Kosher Café,10707,n_cafe
node,9180014319,52.5015478,13.3412126,Daluma,10789,n_cafe
node,9183226479,52.4592866,13.3232948,Mikro Café,,n_cafe
node,9187332407,52.5452644,13.3435694,Theke,,n_cafe
node,9187753963,52.4694594,13.429497,Gartencafé,,n_cafe
node,9215132935,52.4786255,13.2968823,Backstube Zuckersüß,,n_cafe
node,9235745703,52.4851463,13.3822687,The Meet Coffee,10965,n_cafe
node,9237900836,52.5148066,13.4633468,,,n_cafe
node,9251158519,52.5089263,13.4596629,Konditush,10245,n_cafe
node,9252938317,52.5243024,13.3960858,YUNA,,n_cafe
node,9261437462,52.4543658,13.5169589,Lories,12439,n_cafe
node,9271906587,52.5896338,13.2819201,Café Papa Nini,13507,n_cafe
node,9286971099,52.4959189,13.4677677,Kap Frida,10245,n_cafe
node,9293817161,52.5248449,13.4055296,The Alley Mitte,10178,n_cafe
node,9293885243,52.5300625,13.4902651,BoboQ,10365,n_cafe
node,9309752752,52.5597924,13.379896,Kahve Mavi Deniz,13359,n_cafe
node,9335466248,52.3918866,13.0916457,Alte Rösterei,,n_cafe
node,9371078317,52.5358889,13.4215137,Mataró,,n_cafe
node,9389606069,52.5652937,13.4044958,Daimi Bäckerei & Café,13187,n_cafe
node,9395437338,52.5191372,13.299412,KuchenZeit,10585,n_cafe
node,9395439117,52.5307473,13.38425,MarcAnn's,10115,n_cafe
node,9402061582,52.4901333,13.387649,Möge Tee,10961,n_cafe
node,9428068764,52.5665208,13.4140069,Familiencafé Bunter Elefant,,n_cafe
node,9429184185,52.4979914,13.2946912,Dong Nam Coffee Lab,10711,n_cafe
node,9439287621,52.5311625,13.1971277,Sönmez Baklava,,n_cafe
node,9441951387,52.4716407,13.3660226,Blumenfisch,,n_cafe
node,9451203428,52.5015683,13.320873,Exclusive Coffee,,n_cafe
node,9458740129,52.481241,13.3539065,Son Durak Endstation,10827,n_cafe
node,9481001852,52.5006574,13.3110425,Casa Belucci,10707,n_cafe
node,9495360250,52.497078,13.3123882,Cadôh,,n_cafe
node,9500044233,52.4866589,13.3212869,Okka,,n_cafe
node,9502948634,52.5529059,13.3662822,Soul of coffee,,n_cafe
node,9507916333,52.5031701,13.3296065,Starbucks,,n_cafe
node,9516157594,52.5540713,13.2104431,Restaurant Cafè Havelblick,13587,n_cafe
node,9516304097,52.548235,13.4526674,Cafe im Familienzentrum,13088,n_cafe
node,9532550380,52.5035428,13.3984937,Dix,10969,n_cafe
node,9543735487,52.4596524,13.3242366,hoshi,12163,n_cafe
node,9562206141,52.5087446,13.3081233,Zimt & Cafe,10625,n_cafe
node,9583641283,52.526365,13.3305908,Levant,10555,n_cafe
node,9591612950,52.5419017,13.3504847,Geh Veg,,n_cafe
node,9592062230,52.3735082,13.6193319,Cafe Josef,15732,n_cafe
node,9609273012,52.4242974,13.5754816,Guard Coffee,,n_cafe
node,9633555361,52.5305899,13.4115883,Junge,10119,n_cafe
node,9633744539,52.5349522,13.4221493,someday in HaNoi,10405,n_cafe
node,9656079781,52.5172015,13.4011771,Forum Café,10178,n_cafe
node,9656212596,52.4527257,13.3326451,Mon Amour bei Synopidis – Griechische Konditorei,12167,n_cafe
node,9667999777,52.5491071,13.6353561,Anni's Café,,n_cafe
node,9681190210,52.5535933,13.3657374,Redcard cafe,,n_cafe
node,9683154604,52.4718353,13.4292145,It's a long story,12051,n_cafe
node,9697984817,52.5012317,13.4211675,voo deli,,n_cafe
node,9703079917,52.5010234,13.3575351,Exclusive Coffee,,n_cafe
node,9704341066,52.4476451,13.3413796,Café Palu,,n_cafe
node,9709063834,52.4406987,13.3158925,Vakorama,12203,n_cafe
node,9711534862,52.4714651,13.3198038,Niki's Soul,14197,n_cafe
node,9721099214,52.5524486,13.3881865,Zuckerguss,,n_cafe
node,9724375217,52.4801131,13.3538766,Gorilla Bakery,10829,n_cafe
node,9733511949,52.5114808,13.2927124,Café Nokata,14059,n_cafe
node,9737008958,52.5105432,13.2866252,Voila Boutique,14057,n_cafe
node,9743275514,52.4860242,13.3763819,Oshione,10965,n_cafe
node,9746943258,52.5370574,13.4107375,Lia ppang,10435,n_cafe
node,9748408584,52.4972931,13.3239797,Goldmohn,,n_cafe
node,9749382416,52.4809579,13.3632491,Pretty Hill,10829,n_cafe
node,9762236058,52.4753597,13.2914255,Bubble Tree,14199,n_cafe
node,9766209381,52.5098886,13.3227406,Nuts Fruits Sweets and more,10623,n_cafe
node,9781203165,52.5468666,13.2024933,Café Paule,13585,n_cafe
node,9793638719,52.5140705,13.3907784,Bonanza Coffee Roasters Gendarmenmarkt,10117,n_cafe
node,9793656618,52.5341225,13.4159606,Zacharias,10405,n_cafe
node,9793667517,52.5468857,13.417617,Büro,10437,n_cafe
node,9793792717,52.4928999,13.4282831,Kitten Deli,12047,n_cafe
node,9806289453,52.5017155,13.6599721,Hogarts Circus Caffee,15366,n_cafe
node,9810591698,52.5281099,13.3394351,Miluli,10551,n_cafe
node,9812019597,52.4790967,13.3330515,Puzzle Coffee,10715,n_cafe
node,9815364440,52.4456835,13.3841364,Kaiserhütte,12105,n_cafe
node,9822691034,52.550052,13.2075037,Vivantes Bistro,,n_cafe
node,9846863893,52.499802,13.4170095,Geicha,,n_cafe
node,9853451895,52.4041514,13.2143203,Lisa`s,14532,n_cafe
node,9862135619,52.5216583,13.3945684,Café im Bode-Museum,,n_cafe
node,9862655130,52.4987096,13.469097,Urbayn,,n_cafe
node,9870917114,52.519892,13.2937447,Museumscafé,,n_cafe
node,9888789494,52.5326157,13.4694019,Tucano Eis Cafe&Bar,10369,n_cafe
node,9892264509,52.4381972,13.383436,Waffel Kingz,12107,n_cafe
node,9933325834,52.5267746,13.4526252,Café im Fenster,,n_cafe
node,9946027160,52.533515,13.3663705,Balu Coffee,10557,n_cafe
node,9954706571,52.4940718,13.3831502,Soul Food & Coffee,10965,n_cafe
node,9958605642,52.487722,13.4377144,Grünes Ufer,,n_cafe
node,9974869750,52.4206203,13.477264,Susam Café & Frühstückshaus,12353,n_cafe
node,9974915603,52.4581212,13.4200596,Café Bergholz,12099,n_cafe
node,9976849318,52.5076118,13.3915098,let's talk about juice!,10969,n_cafe
node,9983950190,52.5035919,13.3750823,Pinch,10963,n_cafe
node,9991258485,52.4981381,13.3532327,"Melody ""dein Spätcafe""",10777,n_cafe
node,9991400849,52.5511149,13.4500668,Kugelbahn Cafe,13086,n_cafe
node,10001315678,52.512455,13.2655453,LIEBO,,n_cafe
node,10002231081,52.4998982,13.3126875,LAP Coffee,,n_cafe
node,10003807500,52.513185,13.2887364,Cafe Feyza,,n_cafe
node,10016225165,52.5188277,13.3394219,Shakko Makko,,n_cafe
node,10035697094,52.5468381,13.4135675,179 Coffee Bar,10437,n_cafe
node,10035859800,52.5426908,13.4126569,Spro,10437,n_cafe
node,10046858842,52.4342989,13.3773049,deli im Markt,12107,n_cafe
node,10057200172,52.4644791,13.3267209,Bunter Panda,12163,n_cafe
node,10057200173,52.4644636,13.3271941,Eiscafé Di Russillo,,n_cafe
node,10080485096,52.4928591,13.4342743,La Tienda,,n_cafe
node,10092355835,52.531181,13.426766,Café Melon,10405,n_cafe
node,10100699116,52.5316265,13.4207073,Café Gentil,10405,n_cafe
node,10101327812,52.5453174,13.420613,N25,10437,n_cafe
node,10103287168,52.5328944,13.4246738,La Bohème,10405,n_cafe
node,10108299146,52.498435,13.3602987,Bistro FreiFläche,10783,n_cafe
node,10111578841,52.5028454,13.3955066,Bakery & Bistro by Schicksal,10969,n_cafe
node,10117030454,52.4712056,13.3322388,Berliner Kaffeerösterei,,n_cafe
node,10130124873,52.5375909,13.373612,Anka,,n_cafe
node,10132597656,52.5442854,13.359522,Seven Café und Lounge,,n_cafe
node,10139140236,52.5402645,13.2125768,,,n_cafe
node,10154127029,52.5266022,13.4075153,Bonanza Coffee Roasters,,n_cafe
node,10160853565,52.4306295,13.2592178,Marie's,,n_cafe
node,10161767633,52.5163893,13.460466,Bonpland,,n_cafe
node,10168877009,52.5067371,13.3233102,La Petite,10623,n_cafe
node,10180638417,52.5307781,13.4018796,Supercoff,,n_cafe
node,10180980032,52.4872984,13.3238099,Fechner Café,10717,n_cafe
node,10184428364,52.4866531,13.3262922,Les Baguettes,,n_cafe
node,10202743917,52.4911737,13.4477018,LA FÈVE,12435,n_cafe
node,10223983255,52.4980339,13.3625637,Einstein Kaffee,10783,n_cafe
node,10249332783,52.5300472,13.4017743,The Barn,,n_cafe
node,10262280005,52.5458432,13.3696629,Baraka,,n_cafe
node,10308747445,52.5480787,13.3556579,Öz Antep Baklavaria,,n_cafe
node,10309449688,52.5206963,13.4043897,Happy Tea,,n_cafe
node,10313585322,52.511438,13.4268672,Café Holzmarktperle,10243,n_cafe
node,10314816007,52.4892261,13.3595551,Lookma,10827,n_cafe
node,10314838611,52.5527024,13.3877771,Macchiato Rosen Cafe,,n_cafe
node,10559328373,52.5447216,13.3608387,KAWA Roastery,,n_cafe
node,10573015200,52.501218,13.6219796,Porta Café,,n_cafe
node,10574782154,52.4664202,13.2739757,CAFÉ IM KUNSTHAUS DAHLEM,14195,n_cafe
node,10594722937,52.5003431,13.3542799,Mahlwerk,,n_cafe
node,10600017438,52.4457928,13.3859679,Monkey D. Coffee,12109,n_cafe
node,10603797041,52.5350605,13.4536794,Bistro 125,,n_cafe
node,10608118503,52.5061499,13.3413148,Cafeteria Pekka,10787,n_cafe
node,10612720105,52.5311222,13.3451287,Unter den Birken,10559,n_cafe
node,10648363525,52.5054161,13.2973148,La Piadina,14057,n_cafe
node,10675984522,52.4805618,13.2987573,Café No.1528,14199,n_cafe
node,10678328264,52.5265313,13.3897981,Croissant Couture,,n_cafe
node,10678344201,52.5271198,13.3929721,good q,,n_cafe
node,10678661784,52.50673,13.3087699,Coffee Bar by Chon Thong,,n_cafe
node,10693118843,52.5081632,13.3746722,WonderWaffel,,n_cafe
node,10693118853,52.5083198,13.375049,Comebuy,,n_cafe
node,10704808953,52.5277467,13.3893628,Bella's Café,,n_cafe
node,10710987905,52.5293496,13.3884332,555CafeBar,10115,n_cafe
node,10739627444,52.5462254,13.3902257,Lucca,,n_cafe
node,10743283298,52.535787,13.4064406,Brunch Café Baobab,,n_cafe
node,10746789195,52.5514327,13.3821642,Cafe San,,n_cafe
node,10756051191,52.5072061,13.5037492,Café Weit.Blick,10315,n_cafe
node,10760911449,52.5450276,13.3767463,BSTW Kiezcafé,,n_cafe
node,10780033145,52.5092264,13.3116558,Moka Muli,10625,n_cafe
node,10800211947,52.5208209,13.4142012,Starbucks,,n_cafe
node,10819776430,52.4457722,13.3039661,Wagashi ejima,12203,n_cafe
node,10820248679,52.5478352,13.3458517,Back & Snack,13351,n_cafe
node,10821131635,52.548426,13.3472882,Wachmacher,13353,n_cafe
node,10834060636,52.4641941,13.3307223,Café Lilly,,n_cafe
node,10862201417,52.4772208,13.2892218,JoCaffè Kaffeehaus,14199,n_cafe
node,10867086634,52.5102162,13.3797106,Streuselbar,10117,n_cafe
node,10911174397,52.5501583,13.35842,Klee Back,,n_cafe
node,10913921509,52.5050586,13.3401526,Mamé Delizioso Café,10787,n_cafe
node,10926110294,52.5034467,13.4099958,rock-paper,10969,n_cafe
node,10942810706,52.661596,13.307158,Cafe & Bistro Herthasee,,n_cafe
node,10948641273,52.5126434,13.3189132,Quatsch & Latte,,n_cafe
node,10956460957,52.5371765,13.6204092,Louis Cafe,,n_cafe
node,10958626998,52.3667649,13.5082649,Goodman & Filippo,,n_cafe
node,10967992205,52.503865,13.374432,3st Coffee Roasters,10963,n_cafe
node,10967993605,52.5061205,13.3092548,Smoozery Berlin,10627,n_cafe
node,10971509337,52.5063463,13.302098,Shanti Lounge,,n_cafe
node,10973226344,52.4963598,13.3084874,Frozen Eats,10707,n_cafe
node,10977483099,52.4935419,13.3646314,Calypso,,n_cafe
node,10992900905,52.4865877,13.4468568,Hearts' Fear,,n_cafe
node,11003043005,52.4911843,13.4830802,Hafencafé,10245,n_cafe
node,11016468063,52.547871,13.4517117,Café am Antonplatz,13088,n_cafe
node,11022373962,52.5544176,13.3851547,Superstop,,n_cafe
node,11034086602,52.4797376,13.4316135,Cafe Praxis,12053,n_cafe
node,11035783627,52.4938172,13.3539615,Schmuckcafé,,n_cafe
node,11041970148,52.3926016,13.2708867,Cafe am Mühlendorf-See,14513,n_cafe
node,11046687305,52.4880044,13.5393299,Jäätelö,10318,n_cafe
node,11048612532,52.5339651,13.3502255,Brühgruppe,,n_cafe
node,11052496534,52.4927942,13.4219323,Pia Kaffee,,n_cafe
node,11060082861,52.549315,13.364251,Café Vildan,,n_cafe
node,11063047756,52.5899941,13.4013931,Mosubi,,n_cafe
node,11064324705,52.4994328,13.4275715,Steel Bean,,n_cafe
node,11077550173,52.5290567,13.4100352,Coffee Circle,10119,n_cafe
node,11079304440,52.4687052,13.4333242,Rote Lilly,,n_cafe
node,11090522920,52.4601509,13.1552845,Kaffeehaus9,14089,n_cafe
node,11112178238,52.5083944,13.4668616,Cebe Coffee Roasters,,n_cafe
node,11112693145,52.4881871,13.3939057,Brezelbar,10965,n_cafe
node,11119222516,52.5279346,13.3451727,KUKUMU,,n_cafe
node,11130931005,52.5281035,13.4336186,Kiosk Schoenbrunn,,n_cafe
node,11132216482,52.5309029,13.3510972,Mav Blueberry Cafe,10559,n_cafe
node,11141729205,52.5163455,13.445982,Nona Manis,,n_cafe
node,11145895905,52.5161485,13.4726696,kyo coffee,10247,n_cafe
node,11146585271,52.5598647,13.2203791,Heimaten,,n_cafe
node,11148685943,52.5296518,13.398976,Hou Cailei,10119,n_cafe
node,11162476132,52.5327225,13.3389748,Blumentischlerei,10551,n_cafe
node,11162849310,52.3650758,13.0934835,Chai Thai Bubble Tea,,n_cafe
node,11162885647,52.5231193,13.3358436,Café Liha - Familiencafé,,n_cafe
node,11165712771,52.542898,13.5951036,Family club,,n_cafe
node,11177273536,52.5167505,13.5702024,Café der Stille,,n_cafe
node,11187196683,52.4861167,13.4307223,Café Dreifünf,,n_cafe
node,11196172822,52.4546441,13.3291226,Latti Matti,,n_cafe
node,11197779294,52.3646873,13.5069926,Ständige Vertretung,12529,n_cafe
node,11199035262,52.6786236,13.5912543,Osteria Vicina,,n_cafe
node,11202111534,52.5114562,13.4525288,Catnip Coffee,,n_cafe
node,11207891154,52.5085894,13.3510084,Blue Nordic Coffee,,n_cafe
node,11224713383,52.5323504,13.3938887,Lisbeth,10115,n_cafe
node,11237734829,52.504353,13.4425865,Einstein Kaffee,,n_cafe
node,11240947425,52.4834967,13.5013668,Muschkebart,10317,n_cafe
node,11245285737,52.5158672,13.293811,&Coffee,14059,n_cafe
node,11245575377,52.5322735,13.3958096,allabout,10115,n_cafe
node,11253337889,52.4899283,13.4252308,Refugio,,n_cafe
node,11254826275,52.5395676,13.3713475,M3,,n_cafe
node,11257477734,52.3878289,13.397521,Malzcafé Alte Mälzerei,12307,n_cafe
node,11264494273,52.5496387,13.4142481,Starbucks,10439,n_cafe
node,11264656069,52.5138066,13.2787407,Café September Berlin,14050,n_cafe
node,11273812609,52.5467572,13.3590289,The Coffee Man,,n_cafe
node,11288307631,52.5251165,13.3914943,Generator,,n_cafe
node,11290917325,52.5306232,13.4022462,Croissant Couture,10119,n_cafe
node,11300921351,52.4672371,13.3304427,Rheinstein,12161,n_cafe
node,11301877232,52.3666687,13.5054096,Berlin Pub,,n_cafe
node,11302548737,52.4916157,13.411858,doppio,,n_cafe
node,11309276604,52.514108,13.3231469,Cafe A,,n_cafe
node,11329195453,52.5172414,13.3051371,VVE,,n_cafe
node,11350408810,52.5246872,13.3932556,L’oui Torcafe,,n_cafe
node,11376045613,52.4936927,13.35354,Sironi Café,10781,n_cafe
node,11380847469,52.5505059,13.4602191,Cafe SulReal,13088,n_cafe
node,11385082936,52.5044173,13.3965787,Café Nea,,n_cafe
node,11385540731,52.5257118,13.3943331,Art.City.People,10117,n_cafe
node,11405674877,52.458068,13.4527612,Cafeteria OSZ-IMT,,n_cafe
node,11407140470,52.537593,13.4116601,Auntie,,n_cafe
node,11452201269,52.4890368,13.42424,Sengüloglu,,n_cafe
node,11486568189,52.4969687,13.4190742,Kaffeeladen Loro,10999,n_cafe
node,11492276436,52.5146766,13.46718,Kupferkanne,10247,n_cafe
node,11514288411,52.4910229,13.3301239,ADAC Café,,n_cafe
node,11525057772,52.4996933,13.3314218,Fesi Coffee,10719,n_cafe
node,11543758158,52.4925239,13.4582683,Bakery Cult Coffee,,n_cafe
node,11556295688,52.4916436,13.3195086,Café Macaron,10719,n_cafe
node,11577101371,52.4526093,13.2879703,GalileA,,n_cafe
node,11578315925,52.504067,13.317522,44Brekkie,10629,n_cafe
node,11589887197,52.549382,13.4137007,LAP Coffee,10439,n_cafe
node,11598157313,52.5052807,13.4959202,deli am Markt,10317,n_cafe
node,11601387327,52.5513104,13.4430814,North Andes Coffee,13086,n_cafe
node,11626045299,52.5542801,13.4293863,Tortuga Cycles & Café,13189,n_cafe
node,11630220194,52.3642658,13.5091393,Starbucks,,n_cafe
node,11631002038,52.4974519,13.3323449,Kids Fun Palace,,n_cafe
node,11638237067,52.4607145,13.4348775,Gündem,,n_cafe
node,11638237809,52.4606517,13.4343378,Café Britz,,n_cafe
node,11639056688,52.5279709,13.4015522,738 Krema,,n_cafe
node,11648549436,52.4830854,13.4351486,Café Esto,,n_cafe
node,11649546802,52.4826307,13.4328823,Nutela Rosé,,n_cafe
node,11668641553,52.5090411,13.4259386,Coffee Yard,,n_cafe
node,11676759269,52.4641571,13.4335122,Tatlizade,12051,n_cafe
node,11677593829,52.5024155,13.3216429,The Visit Coffee & Eatery,,n_cafe
node,11687371074,52.4920526,13.3904254,kefinela cafe concept store,10961,n_cafe
node,11690717086,52.5295818,13.4098626,Cicala Caffetteria Italiana,,n_cafe
node,11690790054,52.5017281,13.3079397,Cafeterie,,n_cafe
node,11699970707,52.5071959,13.457382,Smart Kids,,n_cafe
node,11717339483,52.5250223,13.3877971,Starbucks,,n_cafe
node,11717554372,52.5265329,13.3869657,Seven Coffee Stay Green,10117,n_cafe
node,11745087444,52.5114654,13.4148762,Cafe Baobab,,n_cafe
node,11750210966,52.5062308,13.3118115,Einstein Kaffee,,n_cafe
node,11793730487,52.3915622,13.0909087,Miss Green Bean,,n_cafe
node,11800106649,52.498094,13.418481,Viyana Café,,n_cafe
node,11800119682,52.4979275,13.418561,Cafe Beylerbeyi,,n_cafe
node,11805189912,52.4692448,13.4358233,Café Ilser,,n_cafe
node,11809667892,52.5056205,13.2999002,Sonne,,n_cafe
node,11809897044,52.5088223,13.2941727,Manstein,,n_cafe
node,11813552551,52.516616,13.3320442,House of Healing Café,,n_cafe
node,11813937446,52.5023347,13.4671677,Naturgarten-Café,,n_cafe
node,11815606070,52.5023967,13.3293281,Coffee Circle,,n_cafe
node,11842937700,52.4556951,13.5131987,Café Flut,12439,n_cafe
node,11847301875,52.4637302,13.3852573,Kaffee Kirsche,12099,n_cafe
node,11853839469,52.530945,13.432955,Kaffeemomente Berlin,,n_cafe
node,11881287672,52.4421151,13.2385894,Café im Haus am Waldsee,,n_cafe
node,11881820439,52.488503,13.3531624,Korn Konzept,10823,n_cafe
node,11888971188,52.4839552,13.3553759,Kaffee Kurbel,,n_cafe
node,11892812624,52.5383781,13.4192581,Symple,10435,n_cafe
node,11896954523,52.538522,13.2059401,Bar Napoli,,n_cafe
node,11918100569,52.5302706,13.3922824,Cafe Schroeder,,n_cafe
node,11920383298,52.5035737,13.4863176,Eisfred,,n_cafe
node,11924748591,52.5112915,13.4566158,Cinnamon Waffel,,n_cafe
node,11933375713,52.4856355,13.3569556,Bubble & Bubble,,n_cafe
node,11942913081,52.5111559,13.2922707,Yum Cha - Teecafé,14059,n_cafe
node,11949873069,52.5053691,13.4386108,Anima,,n_cafe
node,11950187369,52.5356875,13.3562212,DYYD,10559,n_cafe
node,11957768722,52.5135573,13.4550909,Ella,,n_cafe
node,11973878376,52.548885,13.4197333,Flamingo - Tealicious,10439,n_cafe
node,11985971277,52.5399339,13.3591854,Dilo's,,n_cafe
node,11989948964,52.474281,13.4265991,soulcafé,,n_cafe
node,11994533291,52.5352483,13.3976274,Kolo Coffee,10115,n_cafe
node,12014614219,52.5306142,13.362274,Chroma,,n_cafe
node,12020388604,52.5301777,13.3969698,Studio Natura,,n_cafe
node,12022744463,52.5376083,13.5394995,Café Freiraum,12685,n_cafe
node,12029122937,52.4855003,13.4294381,Pankiez,,n_cafe
node,12037736884,52.5005335,13.4009153,westberlin,10969,n_cafe
node,12043815538,52.5427582,13.3661614,Yöre Bake & Food,,n_cafe
node,12049720068,52.5247978,13.5177908,Caffé Venera Backshop,,n_cafe
node,12057062543,52.4726934,13.3213395,DeBatchi,12161,n_cafe
node,12060857466,52.5002859,13.4136451,Cerebra Cafe,10969,n_cafe
node,12075643399,52.5697784,13.403873,Einstein Kaffee,,n_cafe
node,12078582249,52.44313,13.3860207,Cafe Bar Cosmos,,n_cafe
node,12088821992,52.4683258,13.3286046,velicious,12161,n_cafe
node,12091767473,52.6211158,13.3129704,Abelos,,n_cafe
node,12094161962,52.5324434,13.1976341,Cafe Lounge,,n_cafe
node,12098457001,52.5353486,13.4279457,Open House,,n_cafe
node,12101397735,52.5191242,13.4015539,Dom Café,,n_cafe
node,12115629242,52.4531866,13.1426473,2RadCafe,,n_cafe
node,12118950891,52.4876129,13.4209482,Le Petit,,n_cafe
node,12124923568,52.5058334,13.4697057,Prenzel Café,,n_cafe
node,12133394672,52.5242056,13.3295803,Aroma,,n_cafe
node,12138444601,52.5352488,13.4192525,Minoa,,n_cafe
node,12147663074,52.5006436,13.3247914,Lap,10719,n_cafe
node,12154803020,52.4931152,13.3237665,Uhland's Café,,n_cafe
node,12155952027,52.5178761,13.3917981,Café Felix,,n_cafe
node,12161920001,52.4379006,13.302633,Yasu,,n_cafe
node,12175194448,52.5216737,13.4099982,Coffee Fellows,,n_cafe
node,12183424941,52.5146255,13.463716,Sonntage,,n_cafe
node,12192600515,52.4520583,13.438729,Kiwi Lounge,,n_cafe
node,12198567781,52.4918894,13.3765009,42 Inspiring Coffee,,n_cafe
node,12205138433,52.4904084,13.4233,Thron,,n_cafe
node,12211856178,52.5100523,13.3744478,The Barn,10785,n_cafe
node,12224042630,52.5806837,13.3184988,Kaffeezeit,,n_cafe
node,12231379960,52.4979323,13.4215219,Pigeon,10999,n_cafe
node,12233179032,52.364596,13.5071212,Starbucks,,n_cafe
node,12245833355,52.4894552,13.4136716,Unkompress,10967,n_cafe
node,12248512905,52.4859159,13.464701,Alchemist,,n_cafe
node,12254992806,52.5549094,13.4113869,Lumia Gelato e Caffé,,n_cafe
node,12258271201,52.5405637,13.4032678,Kaffeebude,,n_cafe
node,12260461179,52.4379991,13.2951511,Frau Lüske,12205,n_cafe
node,12264464958,52.5023375,13.2957874,Schell Bistro,10711,n_cafe
node,12288027258,52.529121,13.4054982,Meier's,,n_cafe
node,12290061476,52.4573267,13.3217156,Starbucks,12165,n_cafe
node,12291397426,52.6038749,13.3974386,Tommys Café,13159,n_cafe
node,12292436532,52.5078991,13.2973375,Lotta Tagesbar,10627,n_cafe
node,12297672461,52.6371462,13.2047148,Madlen Kaffee-Haus,,n_cafe
node,12302094902,52.5099666,13.3771889,Exclusive Coffee,10117,n_cafe
node,12306666830,52.5175558,13.3885463,Steinecke,,n_cafe
node,12306736130,52.5142147,13.389069,Exclusive Coffee,,n_cafe
node,12323593976,52.4973934,13.4162348,Morgenstern,,n_cafe
node,12323846550,52.5509965,13.4433932,Happy Tea,,n_cafe
node,12323869355,52.54884,13.4502627,Tanzschule,,n_cafe
node,12329400639,52.5086351,13.3658488,Café am Kulturforum,,n_cafe
node,12345841462,52.5500959,13.2006304,Café Loup,,n_cafe
node,12359974127,52.3928652,13.0916483,Barista & Friends,,n_cafe
node,12361221853,52.4915415,13.4015616,Back Back,,n_cafe
node,12367635831,52.538892,13.4212598,Five Elephant,,n_cafe
node,12367864041,52.5015639,13.3454538,Coffee Fellows,,n_cafe
node,12377015303,52.5257124,13.3890139,Fotografiska Café Bar,10117,n_cafe
node,12388336901,52.5289026,13.4024449,soi & co.,,n_cafe
node,12388448484,52.5252232,13.3909973,Einstein Kaffee,,n_cafe
node,12404687623,52.4108747,13.4035369,Cafe Patras,,n_cafe
node,12420583454,52.5005528,13.3247721,Kaiser,,n_cafe
node,12430810352,52.4809949,13.3201339,Times Bistro,10713,n_cafe
node,12439666665,52.5285307,13.340119,SmooCaSa Salatbar und Café,10551,n_cafe
node,12471096323,52.4995699,13.3651496,Café Odor,,n_cafe
node,12486012875,52.5351361,13.419174,Heide's,,n_cafe
node,12495902393,52.5200925,13.3467375,Les Frères,,n_cafe
node,12497856042,52.3631004,13.508062,Traiteur,12529,n_cafe
node,12504464244,52.5107296,13.3808779,Twist Café,,n_cafe
node,12514116116,52.5101672,13.3797103,Café Lucré,,n_cafe
node,12514141512,52.5251991,13.3893013,Keyu,,n_cafe
node,12514173952,52.5106624,13.380143,BoboQ & Lymy,,n_cafe
node,12514173953,52.5106533,13.3800122,Fancy Donuts,,n_cafe
node,12514230423,52.5012817,13.4739759,Café am Wasser,,n_cafe
node,12529215652,52.4994683,13.4198845,Café Sehnsucht,,n_cafe
node,12535295172,52.5355329,13.4062995,Café Drop,10119,n_cafe
node,12536030265,52.5347303,13.4953268,Cafe Night & Day,,n_cafe
node,12537163503,52.5373669,13.4118821,Material,,n_cafe
node,12537466528,52.5327986,13.3499718,Kiez Kaffee Kraft,,n_cafe
node,12539866102,52.5389811,13.2827408,Cafe Jungfernheide,13627,n_cafe
node,12543898976,52.4753949,13.4268298,Anadolu Mutfagi,12049,n_cafe
node,12546031828,52.5067675,13.4705873,Stella,10245,n_cafe
node,12551346891,52.4842037,13.4243857,Giri,,n_cafe
node,12563463266,52.4940675,13.5181533,Perfect Timing,,n_cafe
node,12563785675,52.5040095,13.3299337,The Barn,,n_cafe
node,12568269136,52.5203883,13.4109964,Coffee Fellows,,n_cafe
node,12568491621,52.5033898,13.3316069,3st Coffee Roasters,,n_cafe
node,12571368502,52.5163866,13.4417307,Little Ones Cafe,10243,n_cafe
node,12584711819,52.4344515,13.5381239,Olivo Café & Bistro,12489,n_cafe
node,12587055701,52.4955824,13.3315011,La Coffeina CafeBar,10719,n_cafe
node,12594333296,52.5056211,13.3754253,Akka,,n_cafe
node,12600045729,52.4467527,13.281973,Café Schwarzer Freitag,14195,n_cafe
node,12600955552,52.5088666,13.3757594,Maxim,,n_cafe
node,12601250398,52.5036693,13.3386501,Starbucks,,n_cafe
node,12603539499,52.4996162,13.4295269,San Sebastian,,n_cafe
node,12615327301,52.5032831,13.3251554,Einstein Kaffee,,n_cafe
node,12629144675,52.4915595,13.4233532,She said,,n_cafe
node,12629179793,52.5317378,13.3992762,ocelot,,n_cafe
node,12630246701,52.5602357,13.4593536,B'ICED,,n_cafe
node,12633167797,52.5454302,13.4146362,nuaRasa,10437,n_cafe
node,12641684801,52.5286704,13.4019004,SammyS Berliner Donuts,10119,n_cafe
node,12645227438,52.5489546,13.4525074,Café Aroma,13086,n_cafe
node,12645513615,52.5023048,13.4296171,EEE Concept Store,,n_cafe
node,12656556701,52.5156474,13.2942383,ck lords café,14059,n_cafe
node,12656557401,52.513975,13.2945629,Café Komorebi,14059,n_cafe
node,12656788301,52.514579,13.290743,Café & Eis Manufaktur,14059,n_cafe
node,12658285942,52.5325969,13.4299564,Alirezas Patisserie,10407,n_cafe
node,12662734801,52.5540255,13.3746131,Cocoon,13357,n_cafe
node,12687181609,52.5486986,13.3520781,Mamas Küche,,n_cafe
node,12691745034,52.481506,13.123818,Der geheimnisvolle Garten,,n_cafe
node,12692640954,52.4850162,13.3616332,Le Bateau Ivre,,n_cafe
node,12708084649,52.5072594,13.2929748,Cafe Manna,,n_cafe
node,12709878988,52.493372,13.3298711,Levant Caféhaus,,n_cafe
node,12710008779,52.4691932,13.4354664,BC Lounge,,n_cafe
node,12710040485,52.4687163,13.4334138,Café Answer,,n_cafe
node,12710051624,52.4688481,13.4344826,Café Saray,,n_cafe
node,12710326862,52.4039005,13.1029855,AstroBistro,,n_cafe
node,12716550004,52.589566,13.2840227,Bacy's Coffee,13507,n_cafe
node,12721942101,52.4967658,13.3266441,Moii Café,10719,n_cafe
node,12732530873,52.5055825,13.4381323,Goodlyfe,10243,n_cafe
node,12734423451,52.5242538,13.331528,Café Klick,10555,n_cafe
node,12748036946,52.506678,13.3881593,Antakya,,n_cafe
node,12753676306,52.415199,13.5821007,Café Büxenstein,12527,n_cafe
node,12757833832,52.5144278,13.5674099,Augenblick,,n_cafe
node,12758505970,52.4559205,13.5123821,Yado,12439,n_cafe
node,12759089101,52.4804446,13.4385084,Frames Cafe,,n_cafe
node,12768992084,52.5284891,13.3305924,THE DROP,10551,n_cafe
node,12770066042,52.3650799,13.5088327,CaféCasa,,n_cafe
node,12770082492,52.3638548,13.5098701,marché mövenpick,,n_cafe
node,12771725300,52.5130021,13.4404727,Lesecafé Babett,,n_cafe
node,12791229340,52.5213239,13.4462479,Bonsoir Frühstückscafé,,n_cafe
node,12802486843,52.4776996,13.3403864,Friends Cafe,12159,n_cafe
node,12815173217,52.51382,13.4783449,Midori,,n_cafe
node,12820330126,52.5283915,13.4089499,SuperCoff Berlin,,n_cafe
node,12830932821,52.5529892,13.3479486,Onkel Café,,n_cafe
node,12834924618,52.5042499,13.3893967,Bistro Cleopatra,,n_cafe
node,12840139401,52.529962,13.4348917,Nook,,n_cafe
node,12866468883,52.4927763,13.4151823,zehn vor acht,,n_cafe
node,12871557601,52.6346212,13.2131346,Varuna Steg Café,,n_cafe
node,12878086787,52.5250632,13.3689117,Aida,,n_cafe
node,12896975968,52.4716847,13.4286319,Arakil,,n_cafe
node,12899177924,52.4962901,13.4284494,Ponterosa Café,,n_cafe
node,12899885031,52.4758317,13.3632948,Exclusive Coffee,10829,n_cafe
node,12909482862,52.5144543,13.325771,FLINTA*-Cafe,10587,n_cafe
node,12914401540,52.4658757,13.4369315,Coco Senol,,n_cafe
node,12945410942,52.5342707,13.3786969,Cafe Sapphire,,n_cafe
node,12956106263,52.5454559,13.3702808,Ooft,,n_cafe
node,12957639106,52.4218784,13.3845938,Kaffee Bohnenamt Bakery,12277,n_cafe
node,12959534558,52.5689351,13.3883872,Pinke-Panke,,n_cafe
node,12964239861,52.4516862,13.3353424,Café 4 elements,,n_cafe
node,12965184363,52.5347061,13.4193916,Sirene,,n_cafe
node,12965192060,52.5048479,13.394174,Akkurat,10969,n_cafe
node,12985025944,52.3608987,13.5094061,Mövenpick Café,,n_cafe
node,12985555747,52.4888755,13.4113018,Dandana,,n_cafe
node,12992824568,52.5308362,13.3479684,Casa Nila,,n_cafe
node,12997953059,52.5322144,13.4102909,Acid,,n_cafe
node,13001916654,52.5437879,13.3632486,MK Café,,n_cafe
node,13002075668,52.5070478,13.5121363,T`aroma,,n_cafe
node,13003929435,52.4936749,13.4271516,Coffee Circle Maybachufer,,n_cafe
node,13008956153,52.4935403,13.4252611,Loz,,n_cafe
node,13014016920,52.4841217,13.5119241,Sane,,n_cafe
node,13026970162,52.5111569,13.4485648,Il Focacciaio,,n_cafe
node,13028582701,52.5000461,13.384588,Agiori Eis Café,,n_cafe
node,13035540179,52.5472842,13.4104194,Metis,,n_cafe
node,13038381701,52.4955346,13.468347,Insel Cafe,,n_cafe
node,13041273100,52.5239443,13.4414987,Felino,10249,n_cafe
node,13043426722,52.4491183,13.5126143,Pinoli,12487,n_cafe
node,13061519901,52.516817,13.3439562,Café Tiergarten,,n_cafe
node,13061630301,52.5196863,13.4627258,Frau Honig,,n_cafe
node,13061757152,52.528507,13.4246052,Leo's,,n_cafe
node,13061785953,52.5180619,13.3005632,Café Ida,,n_cafe
node,13065136405,52.4925151,13.4211424,Barber Coffee Bar,,n_cafe
node,13070437801,52.4698754,13.4323027,Du Und Ich,12053,n_cafe
node,13070823570,52.4934032,13.4646747,La Créperie,,n_cafe
node,13070823571,52.4934204,13.4646276,Caffé Degli Angeli,,n_cafe
node,13070823572,52.49345,13.4645413,FroYo,,n_cafe
node,13070823573,52.4934691,13.4644958,,,n_cafe
node,13070823574,52.4935054,13.464411,Hafensüss,,n_cafe
node,13075778901,52.4879137,13.3748806,"monu - coffee, wine & snacks",10965,n_cafe
node,13076209736,52.448598,13.3388217,Albtecht's 48,,n_cafe
node,13077571101,52.4753703,13.4395293,Warawul Coffee,12043,n_cafe
node,13081389195,52.5176602,13.3227389,Cafe am Einsteinufer,,n_cafe
node,13093276639,52.5154696,13.3911942,Café Nénom,,n_cafe
node,13094080502,52.5385758,13.4091391,LAP Coffee,10435,n_cafe
node,13094093201,52.5316098,13.411969,LAP Coffee,10119,n_cafe
node,13094737888,52.4998876,13.4370025,Breakfast club,,n_cafe
node,13095868889,52.52664,13.3526244,Luwian,10559,n_cafe
node,13098352598,52.5264207,13.3875549,Mocca é,,n_cafe
node,13098814452,52.5098443,13.4983625,Tujêt Ân Văt,,n_cafe
node,13101566901,52.475596,13.2871207,Kuchen Rausch,,n_cafe
node,13108222601,52.4300977,13.1957424,Café Bistro Leopold,14129,n_cafe
node,13109366078,52.4927983,13.4173593,LAP Coffee,10967,n_cafe
node,13113081702,52.5552507,13.2188868,Havelspitze,,n_cafe
node,13125062243,52.6092545,13.2000939,Café Diadem,,n_cafe
node,13134844110,52.5578627,13.0909504,BALI,,n_cafe
node,13137984987,52.4643124,13.4219243,Café Lulo,,n_cafe
node,13143943238,52.472471,13.4194369,treppe,,n_cafe
node,13144931901,52.4649155,13.4404201,Lav&Maz Spielcafé,12051,n_cafe
node,13149259435,52.4820545,13.438957,Casino Cafe Clinic for Social Medicine,12045,n_cafe
node,13159374409,52.5453197,13.4213614,Fräulein Dickes,,n_cafe
node,13159540934,52.4811985,13.3447338,Brett & Spiele,10825,n_cafe
node,13161802980,52.4933752,13.3324592,Mayerbeer Coffee,10779,n_cafe
node,13175382201,52.5338048,13.4155757,Kaffee Käthe Breakfast und Brunch,10405,n_cafe
node,13180257039,52.3623394,13.5082572,east side berlin,12529,n_cafe
node,13180257045,52.3615832,13.5120622,in.gredienti,,n_cafe
node,13180257053,52.362197,13.514556,Deli Berlin,,n_cafe
node,13201131501,52.5448893,13.4122503,It’s Açaí,,n_cafe
node,13227475260,52.4969021,13.3542678,Moccas,,n_cafe
node,13227705801,52.5401105,13.4198123,Zeitlos Antik Café,,n_cafe
node,13228341512,52.5000694,13.4226247,café note,,n_cafe
node,13230923801,52.677093,13.3120465,Kleine Auszeit,,n_cafe
node,13243178166,52.5251107,13.4934655,,,n_cafe
node,13245901696,52.5085654,13.3722389,1838 Deli,,n_cafe
node,13247635466,52.4958549,13.3969919,toastasty,,n_cafe
node,13247877786,52.4956892,13.3973379,Coffee Deluxe,,n_cafe
node,13251941563,52.5495598,13.3878215,Maxim Kaffee,,n_cafe
node,13256790765,52.5382674,13.4163884,The Breakfast Story,10435,n_cafe
node,13259774665,52.536277,13.4206395,LAP Coffee,,n_cafe
node,13261604608,52.5072725,13.3738606,Sweet Capital,,n_cafe
node,13274011862,52.5429016,13.4178554,La Maison Pop-Up,10437,n_cafe
node,13274337116,52.4864093,13.3736298,Vej,,n_cafe
node,13275269211,52.5573145,13.3403806,Lemy's Café,,n_cafe
node,13275522124,52.5120838,13.2999354,Café Kunst Genuss,,n_cafe
node,13282621029,52.4821328,13.4339008,Coffee & Co.,,n_cafe
node,13296522301,52.5038741,13.3156823,The Coffee Club,10629,n_cafe
node,13298113431,52.499581,13.4403554,MAVI,,n_cafe
node,13301634535,52.5280107,13.3639146,Bistro Elsa,,n_cafe
node,13302388009,52.4557517,13.3823963,Piro Espressobar,12103,n_cafe
node,13306095411,52.5295579,13.4531595,,,n_cafe
node,13306129125,52.5357832,13.2022959,Cinnabun's,,n_cafe
node,13308160699,52.5294242,13.3929184,I&N Café,,n_cafe
node,13321847502,52.4975976,13.2905402,,10711,n_cafe
node,13324866876,52.5321463,13.3802651,Kaffeestube Alt-Berlin,,n_cafe
node,13341097368,52.4110064,13.2632786,Aux Delices Normands,14165,n_cafe
node,13361808097,52.4302965,13.1933922,Café Lohnia,,n_cafe
node,13361817705,52.4891882,13.428777,Passenger,,n_cafe
node,13363633254,52.5068223,13.3673459,Five Elephant,,n_cafe
node,13368176730,52.5286988,13.4155841,Strom,10405,n_cafe
node,13370714396,52.521671,13.4086525,Maxim,,n_cafe
node,13391008567,52.4763533,13.3618681,Rote Insel,,n_cafe
node,13395226851,52.5225743,13.4519715,Cello Café,10249,n_cafe
node,13415726980,52.5056528,13.3369759,Café am Zoo,,n_cafe
node,13421618627,52.4844108,13.4385256,Pastiche,12045,n_cafe
node,13423609076,52.5083243,13.4531306,Stilbruch Kitchen,,n_cafe
node,13426886801,52.4954325,13.4212999,Maybach,,n_cafe
node,13427513202,52.5239417,13.4073085,HoYoverse Cafe,10178,n_cafe
node,13432541226,52.5056454,13.3369056,Copper & Flint,,n_cafe
node,13434210492,52.5255167,13.4390587,Vivantes Café,,n_cafe
node,13437737799,52.4988352,13.2987421,Ginger Club,,n_cafe
node,13442524523,52.5269495,13.3793865,Café Rahel Hirsch,,n_cafe
node,13468118148,52.5444873,13.4247062,Coffee by SHRT,,n_cafe
node,13468585265,52.5043168,13.3200454,Leopold Bloom,,n_cafe
node,13472470507,52.4848509,13.3830514,Petit Café,,n_cafe
node,13511633764,52.4923679,13.3968872,The Mortimer's Social,,n_cafe
node,13512501983,52.506779,13.3735729,The Upside Down Hang Out & Karaoke,,n_cafe
node,13514027889,52.5134734,13.3240779,Planwirtschaft,,n_cafe
node,13514395319,52.5318292,13.3439339,Zui,,n_cafe
node,13519404519,52.490222,13.4026262,Scratch,10961,n_cafe
node,13563714693,52.5322074,13.4364126,BicaBerlin Mobiles Cafe,10407,n_cafe
node,13568291601,52.5161761,13.4146146,Calli. The coffee club,,n_cafe
node,13575901424,52.5367685,13.4075393,Sommers House,,n_cafe
node,13577468224,52.5173734,13.390088,doloopz,,n_cafe
node,13580141842,52.5115225,13.3019003,BeLuna Café,,n_cafe
node,13583119831,52.5137239,13.4545649,Reset 404,,n_cafe
node,13584207302,52.5423009,13.202577,Cake&Chill,13585,n_cafe
node,13584855317,52.5018433,13.3428534,Coffee Stop,,n_cafe
node,13585132601,52.5196565,13.3870558,Cotti Coffee,10117,n_cafe
node,13589871714,52.5250864,13.3881634,La Dolceria a Roma,,n_cafe
node,13598028204,52.5267126,13.3536398,California Coffee,,n_cafe
node,13605214392,52.5715895,13.3737706,Café Amor,,n_cafe
node,13606026465,52.5005075,13.3054374,Balaboosta,,n_cafe
node,13607713501,52.4907298,13.4219526,Vingot,,n_cafe
node,13617445373,52.4994407,13.3124622,perspresso,,n_cafe
node,13619597301,52.542375,13.3571256,Konditorei Torte,13353,n_cafe
node,13619950216,52.5279289,13.3794767,FAV' Coffee,10115,n_cafe
node,13624588419,52.50391,13.3218152,Lumara,,n_cafe
node,13633589801,52.4697742,13.4363211,Café Vito,12051,n_cafe
node,13644814088,52.497884,13.3597139,ZEIT Café,,n_cafe
node,13646163277,52.5274215,13.3440199,COTTI,,n_cafe
node,13688194846,52.4642481,13.4724957,Die Zimtschnecke,,n_cafe
node,13699667822,52.4649209,13.3302796,Movida Café,12161,n_cafe
node,13705571169,52.5260808,13.3284097,,,n_cafe
node,13713306671,52.525177,13.3033485,Café Marisa,,n_cafe
node,13716055904,52.5287636,13.3859992,Café Tonton,10115,n_cafe
node,13719443046,52.5122849,13.3810731,Mini Tea,,n_cafe
node,13723582751,52.4944919,13.3554939,Café Kuchenliebe,,n_cafe
node,13725328387,52.4915109,13.4880477,Ostbloc,,n_cafe
node,13725571301,52.5241006,13.4136646,Malu,,n_cafe
node,13725577691,52.4291535,13.4561711,San Sebastian Café,,n_cafe
node,13737405364,52.4192247,13.5423989,Cafè Pustekuchen,,n_cafe
node,13743024558,52.5032156,13.4381841,Eggjoy,,n_cafe
node,13746669665,52.4973402,13.3233462,Maikind,,n_cafe
node,13747795401,52.5248632,13.4019072,Dat Cookie,,n_cafe
node,13749126967,52.4809177,13.3600791,Isola Rossa,,n_cafe
node,13753275201,52.5002518,13.4242377,St. Oberholz Oranienstrasse,10997,n_cafe
node,13753745006,52.536658,13.4187861,Coffee Circle,10435,n_cafe
node,13759608305,52.5254265,13.3669346,Garçon de Café,,n_cafe
node,13764151601,52.5516096,13.2149264,Kaffeewelle,13585,n_cafe
node,13776613239,52.5859639,13.3669359,HOA asiatische Spezialitäten,,n_cafe
node,13788937281,52.5272976,13.4008215,Garten Mitte,10119,n_cafe
node,13798059105,52.4919855,13.3277012,Amo Café,10717,n_cafe
node,13806540301,52.5356461,13.40639,Espresso Time,10119,n_cafe
node,13811794301,52.6682023,13.2821315,Honigbrot,,n_cafe
node,13812137485,52.5252212,13.1950431,Ruby's,13595,n_cafe
node,13821376535,52.509728,13.3034685,Zitat.Coffee,,n_cafe
node,13824588710,52.4338188,13.2544071,Nachbarschaftscafé,,n_cafe
node,13825460301,52.5368797,13.2701884,Alya Wonderland,,n_cafe
node,13826776601,52.5272868,13.1956897,Al Reef Cafe,13595,n_cafe
node,13830593601,52.4981035,13.354584,Nou Nou,10777,n_cafe
node,13831198674,52.5310792,13.4183074,Lisa Kern,,n_cafe
node,13839308303,52.5117407,13.3894582,Kamps Bäckerei Cafe,10117,n_cafe
node,13849686101,52.5034526,13.490251,Mukashi Coffee,10317,n_cafe
node,13859085137,52.4847272,13.3461996,Visioneers Café,,n_cafe
node,13897866737,52.4428578,13.2410187,Kaffee Schwarz,14163,n_cafe
node,13900801646,52.5083279,13.3919677,North Andes Coffee,,n_cafe
node,13907595701,52.5002797,13.3387633,aurea.,10789,n_cafe
node,13916998201,52.5897656,13.2853284,Café al teatro,13507,n_cafe
node,13917039281,52.5901522,13.2869287,Coffee Topia,13507,n_cafe
node,13917628645,52.5269128,13.3698824,Café Amano,,n_cafe
node,13918455304,52.5474683,13.2093214,,,n_cafe
node,13923975302,52.5047408,13.3667966,Need A Break,10785,n_cafe
node,13932572401,52.4885388,13.429927,Frühstückerei,,n_cafe
node,13935504302,52.5495644,13.4576159,Smaragd,13383,n_cafe
node,13952716205,52.5373137,13.2031167,Exclusive Coffee,,n_cafe
node,13971620201,52.5721455,13.4137513,Café Delicias,13187,n_cafe
node,13974578501,52.66819,13.2820886,Honigbrot,,n_cafe
node,13986907018,52.678622,13.5842098,Café Stadtgärtner,16321,n_cafe
node,13987623361,52.5038731,13.4179748,Atelier 22 Coffee & Art,,n_cafe
node,13992266201,52.5188934,13.4132105,Bärlauch,10179,n_cafe
node,14006674402,52.4814224,13.4310082,klein 7 coffee,,n_cafe
node,14015077151,52.5228304,13.157854,Café Pi8,13593,n_cafe
node,14019822101,52.6691746,13.2889136,Tom's cafe,,n_cafe
node,14023726403,52.4427256,13.3804359,Herzstück,,n_cafe
node,14031988301,52.5653717,13.403796,Café Loubia,13187,n_cafe
node,14040174501,52.5786029,13.4258477,Café Acht,13187,n_cafe
node,14051810652,52.4415418,13.5929096,Eiscafé Bürgerle,12559,n_cafe
node,14052042991,52.4124999,13.6610213,Presso Café & Lounge,12559,n_cafe
node,14077369801,52.4933303,13.3221365,Selca Café,10717,n_cafe
node,14080101101,52.4954625,13.4179481,Petit Paris,10967,n_cafe
node,14080678443,52.5155649,13.4197884,PURE NOGLUTEN,10179,n_cafe
node,14095504568,52.5070286,13.3297691,Exclusive Coffee,10623,n_cafe
node,14115550515,52.5402154,13.3911809,Dark House,,n_cafe
node,14116155762,52.5096758,13.4310445,Café Amano,,n_cafe
node,14118545256,52.4883667,13.4297652,Le Brot,12047,n_cafe
node,14130552929,52.6388623,13.2085909,Gelateria Piccolo Mondo,,n_cafe
node,14141659586,52.4949441,13.3246014,My Sister's Love,,n_cafe
node,14141694706,52.4568108,13.625107,BaMiKa Café,,n_cafe
node,14143313278,52.5253573,13.3343644,Café Multi,10555,n_cafe
node,14152970701,52.495291,13.4174953,Solace,,n_cafe
node,14173578410,52.5100639,13.3728619,Kasuteira,,n_cafe
node,14178192740,52.5039822,13.4712011,Ostkreuz Lounge,,n_cafe
node,14191591602,52.5390721,13.4009473,Cafe Lile,,n_cafe
node,14192336781,52.4963937,13.3960545,Pandoras Cafe - Miranda - GOOD 1,,n_cafe
node,14206422101,52.5397246,13.4060293,Café Yohaku,,n_cafe
node,14206529970,52.4570357,13.3816806,"Molly Bücher, Café und mehr",12103,n_cafe
node,14209623196,52.3659715,13.5059037,Berlin Coffee,,n_cafe
node,14209623198,52.367373,13.5082294,Deli Berlin,,n_cafe
node,14232271001,52.5422215,13.6020931,Bistro,,n_cafe
way,11269694,52.4987571,13.526737,Terrassencafé Kakadu,,n_cafe
way,31636510,52.5907004,13.2698103,Café Sechserbrücke,13507,n_cafe
way,35464629,52.4585275,13.2994765,,,n_cafe
way,35605731,52.5426573,13.4197575,Kiezkind,10437,n_cafe
way,40432518,52.4322178,13.1649321,Babka & Krantz am Wannsee,,n_cafe
way,42716031,52.5299986,13.1287572,Florida Eis green Café 1927,13591,n_cafe
way,44504868,52.5118532,13.2408361,Olympia-Eck,14055,n_cafe
way,46193434,52.3878464,13.4097172,Café Obergfell,12309,n_cafe
way,47854129,52.4801105,13.6970557,Schloss-Café Schöneiche,15566,n_cafe
way,48071752,52.6795348,13.4264758,Café im alten Bahnhof,16348,n_cafe
way,48500802,52.5886427,13.2731231,Pavillon am See,13507,n_cafe
way,49705971,52.6331098,13.2899571,Picadilly,13465,n_cafe
way,50547080,52.5282903,13.5385666,,,n_cafe
way,51841179,52.5489595,13.4212589,Bornträger,10439,n_cafe
way,53163715,52.5468477,13.3576744,The Noir,13353,n_cafe
way,54452416,52.5199298,13.4593695,Kokon,,n_cafe
way,54633644,52.4471052,13.5072598,Yummy Moments,12487,n_cafe
way,65425822,52.4985484,13.4168312,Südblock,10999,n_cafe
way,83730481,52.5109373,13.4605892,Café Pavillon am Boxhagener Platz,,n_cafe
way,83809031,52.5246846,13.368966,DB Lounge,,n_cafe
way,93076197,52.4089151,13.1016168,Wartmanns Eismanufaktur & Eiscafe,14482,n_cafe
way,95308026,52.5249728,13.3198345,Exclusive Coffee,10553,n_cafe
way,103362734,52.4726985,13.3213387,DeBatchi,,n_cafe
way,111785717,52.3936149,13.2092525,Marktplatz Waldschänke,14532,n_cafe
way,113084569,52.5062646,13.4186304,Café am Engelbecken,10179,n_cafe
way,118400770,52.4874142,13.3818775,Cafe Viktoria,10965,n_cafe
way,118447789,52.470022,13.3403186,Auguste Hähnel,12159,n_cafe
way,123277423,52.3942776,13.2834552,Philantow Familienzentrum,14513,n_cafe
way,123834310,52.4173426,13.2263703,Klassen's Eiscafé & Restaurant,14532,n_cafe
way,150594230,52.4917185,13.4352839,Pavillon am Ufer,10999,n_cafe
way,162157131,52.6348677,13.7332525,,16356,n_cafe
way,163216864,52.4438341,13.5645249,Kiezcafé,,n_cafe
way,168904177,52.5208649,13.2556666,Eis-Emporio,,n_cafe
way,184564964,52.5323681,13.4110472,Bar-Cafe-Aedes,,n_cafe
way,205637619,52.4216433,13.7530932,Eiscafé Bürgerle,15537,n_cafe
way,215477048,52.3305978,13.403498,Philips Dang Restaurant,15827,n_cafe
way,219583107,52.4943952,13.3792181,Parkgenuss Café im Park,10963,n_cafe
way,229111008,52.5324617,13.4034043,Rosengarten,10119,n_cafe
way,231079885,52.4336746,13.4225556,Milchbar,,n_cafe
way,250834026,52.5088049,13.2926844,Bootshaus Stella am Lietzensee,14057,n_cafe
way,254301641,52.4762362,13.6000525,Café Seestraße,12623,n_cafe
way,267437586,52.6342274,13.7423454,Eiscafe Otte,16356,n_cafe
way,270880623,52.4604687,13.5185112,Café Schöneweile,12459,n_cafe
way,272457986,52.4581194,13.7434776,Bistro im Sport&Freizeitpark,,n_cafe
way,277865194,52.3515266,13.6314947,Dreißig,15738,n_cafe
way,297482160,52.3940475,13.1278658,La Stellino,,n_cafe
way,321610555,52.4570234,13.3626995,Cafe am See,,n_cafe
way,322301530,52.4916527,13.2363804,Bistro,14193,n_cafe
way,329558693,52.44408,13.5748846,Mutter Lustig,12555,n_cafe
way,380817133,52.461423,13.3241032,Thoben,12163,n_cafe
way,381240740,52.476457,13.3644429,Einstein Kaffee,,n_cafe
way,381418872,52.5098623,13.4341298,Espresso House,,n_cafe
way,382679222,52.4928363,13.3170128,La Creme Cafe,10707,n_cafe
way,383129391,52.5067467,13.3304292,CO Berlin,,n_cafe
way,386993636,52.5260083,13.3937555,Epic Comedy Berlin,10117,n_cafe
way,397579531,52.5202791,13.3880524,Haferkater,,n_cafe
way,402790815,52.5255323,13.368662,Einstein Kaffee,,n_cafe
way,414176552,52.5445832,13.3546144,Coffeebar,13353,n_cafe
way,429271489,52.5244047,13.3704074,DB Premium Lounge,,n_cafe
way,429271492,52.5246597,13.3701698,Starbucks,,n_cafe
way,469583788,52.4565005,13.2951036,Cafe XX,14195,n_cafe
way,493504241,52.4810679,13.4356614,La Grappa,12043,n_cafe
way,494975292,52.5145436,13.4011097,Kiosk Flussbad Garten,,n_cafe
way,635696154,52.4354986,13.1301874,Kaffeegarten auf der Pfaueninsel,,n_cafe
way,674271002,52.4777583,13.4488136,Herzberg Golf,,n_cafe
way,701122138,52.3688214,13.1389741,iCafé,14480,n_cafe
way,718931740,52.5348256,13.5810181,Wolke Sieben,,n_cafe
way,736826353,52.388525,13.1107596,Imbiss am Sportplatz Sandscholle,,n_cafe
way,740025150,52.5058224,13.445281,Starbucks,,n_cafe
way,755593166,52.3949762,13.1286997,Buena Vida Coffee Roasters,14482,n_cafe
way,923404856,52.4995512,13.3130693,The Visit,,n_cafe
way,925938615,52.5709014,13.105046,Da Giacomo,,n_cafe
way,958027001,52.5699176,13.407692,Kiez Kaffee Kraft,,n_cafe
way,978741857,52.4053432,13.2611038,Hafenbistro Kleine Freiheit,,n_cafe
way,1047617421,52.5070481,13.3325537,Starbucks,,n_cafe
way,1070309268,52.548887,13.2058305,Zur kleinen Oase,,n_cafe
way,1132006522,52.4341381,13.4342881,Maraş Eis Frühstückshaus,12349,n_cafe
way,1149360719,52.4994324,13.3021074,am 3eck,,n_cafe
way,1169660701,52.5053901,13.3374607,Einstein Kaffee,,n_cafe
way,1174000883,52.5057869,13.3356325,Einstein Kaffee,,n_cafe
way,1199404284,52.5587615,13.3866105,Speisekammer,13359,n_cafe
way,1221989390,52.5212558,13.5958557,Eiscafé Eiskönigin,12621,n_cafe
way,1330109191,52.5252929,13.3696824,Brammibal's Donuts,,n_cafe
way,1375592894,52.5092604,13.260286,Frühstücksaal,,n_cafe
way,1410961515,52.5264767,13.3435828,WonderWaffel,,n_cafe
way,1470397728,52.5191709,13.4163977,Tea One,,n_cafe
way,1489600961,52.5472041,13.3588394,Café Leo,,n_cafe
way,1495215109,52.5057031,13.4326883,kioski,10997,n_cafe
way,1511033747,52.4661839,13.4370639,,,n_cafe
way,1523350132,52.5756323,13.3145035,Café Birkenwäldchen,13403,n_cafe
way,1555241273,52.5841173,13.2867251,Chá Chá Tea,13507,n_cafe
way,1555241291,52.5851986,13.2865966,Segafredo,13507,n_cafe
relation,5650317,52.4985924,13.3517907,Panino & Coffee,10777,n_cafe
node,268916633,52.5707637,13.5552162,,,n_playground
node,268917387,52.5414241,13.2069566,,,n_playground
node,277803769,52.4819227,13.1518879,,,n_playground
node,279173970,52.5258649,13.4814245,,,n_playground
node,288744447,52.4513554,13.4501505,,,n_playground
node,296413606,52.3824723,13.0910288,,,n_playground
node,297409728,52.4950783,13.5000793,,,n_playground
node,299207667,52.4328749,13.3152314,,,n_playground
node,303001360,52.3867353,13.2827182,,,n_playground
node,309850243,52.6140455,13.2052878,,,n_playground
node,311482838,52.5926426,13.4468734,,,n_playground
node,319256341,52.3463683,13.4231714,,,n_playground
node,320943664,52.5218792,13.4224286,,,n_playground
node,320943667,52.521899,13.4207517,,,n_playground
node,320952198,52.5208996,13.4279211,,,n_playground
node,325032610,52.4932082,13.5362961,,,n_playground
node,326807347,52.5156849,13.4246178,,,n_playground
node,330399348,52.507273,13.4688175,,,n_playground
node,336246923,52.3656687,13.3072162,,,n_playground
node,336247002,52.3642923,13.3076535,,,n_playground
node,339587017,52.5726605,13.3560486,,,n_playground
node,339587018,52.5717517,13.3553248,,,n_playground
node,339587019,52.5711017,13.3568166,,,n_playground
node,339594491,52.5770247,13.2838394,,,n_playground
node,340393362,52.375011,13.2286511,,,n_playground
node,348321369,52.3820323,13.2808109,,,n_playground
node,355499424,52.4215671,13.3671808,,,n_playground
node,366626801,52.5638929,13.3579473,,,n_playground
node,371776064,52.5106317,13.3114126,,,n_playground
node,373432869,52.4338283,13.4218937,,,n_playground
node,388427612,52.5212937,13.1708427,Abenteuerspielplatz,,n_playground
node,388427824,52.5210249,13.1685961,,,n_playground
node,388427876,52.520675,13.1702612,,,n_playground
node,388428166,52.5213847,13.17763,,,n_playground
node,390351791,52.4643341,13.3583466,,,n_playground
node,415308246,52.4224599,13.6289789,Waldspielplatz Promenade Teufelssee,,n_playground
node,416562507,52.61754,13.3922659,,,n_playground
node,437289413,52.5296648,13.3010243,,,n_playground
node,450694942,52.5366713,13.2072562,,,n_playground
node,454172373,52.5589881,13.4024901,,,n_playground
node,454172374,52.5582907,13.4056446,,,n_playground
node,454172375,52.5583542,13.4046123,,,n_playground
node,469243944,52.5719814,13.4051367,,,n_playground
node,492018705,52.6395425,13.3236992,,,n_playground
node,492022212,52.617855,13.337092,,,n_playground
node,495253478,52.3630328,13.1352186,,,n_playground
node,503219429,52.6327209,13.3510997,,,n_playground
node,508540557,52.5100304,13.4869695,,,n_playground
node,525478172,52.5650477,13.4585854,Tommy's Tobewelt,13088,n_playground
node,533643498,52.4036604,13.2079368,,,n_playground
node,534726577,52.4451395,13.2712373,,,n_playground
node,536387498,52.4400669,13.6015811,,,n_playground
node,536387500,52.4389786,13.602345,,,n_playground
node,536387501,52.438785,13.6031948,,,n_playground
node,536387502,52.4406948,13.6027656,,,n_playground
node,559645650,52.5486643,13.4956692,,,n_playground
node,560832876,52.5366479,13.5552568,,,n_playground
node,568285574,52.5487779,13.5006124,,,n_playground
node,573599542,52.4349724,13.3606419,,,n_playground
node,654262461,52.5000849,13.4760625,,,n_playground
node,659386316,52.5306075,13.3958348,,,n_playground
node,661117344,52.6058342,13.3342296,,,n_playground
node,678456111,52.5960939,13.2238377,Waldspielplatz Rallenweg,,n_playground
node,715816177,52.4649933,13.5281734,,,n_playground
node,747557290,52.5869713,13.4036633,,,n_playground
node,801751867,52.5764014,13.3491679,,,n_playground
node,804680245,52.5266544,13.5410248,,,n_playground
node,817329941,52.5202488,13.176085,,,n_playground
node,822822363,52.5738191,13.3617007,,,n_playground
node,845297766,52.4928378,13.5108515,,,n_playground
node,845297778,52.4928237,13.5145599,,,n_playground
node,854443431,52.5473767,13.3669478,Zirkusspielplatz,13347,n_playground
node,874356018,52.5031206,13.4132244,KIPA,,n_playground
node,875381448,52.6664364,13.4936562,,,n_playground
node,890894442,52.4892623,13.2776898,,,n_playground
node,899722388,52.4385034,13.7214862,,,n_playground
node,908179086,52.5655057,13.3623462,,,n_playground
node,933602469,52.3812893,13.4603688,,,n_playground
node,936789710,52.4610531,13.7254759,,,n_playground
node,984114092,52.620457,13.485284,,,n_playground
node,984120137,52.6200492,13.4872113,,,n_playground
node,984579469,52.6273485,13.4928744,,,n_playground
node,992670271,52.619405,13.485909,,,n_playground
node,1008336888,52.4172473,13.4325417,,,n_playground
node,1010611439,52.4515636,13.3111461,,,n_playground
node,1018628963,52.5354971,13.490238,,,n_playground
node,1041694775,52.5366593,13.4922675,Spielplatz Neustrelitzer Str. 8-22,,n_playground
node,1054886718,52.4086095,13.2532777,,,n_playground
node,1059293614,52.4125755,13.257507,,,n_playground
node,1059363961,52.4138497,13.2563161,Inklusiver Abenteuerspielplatz (IASP),,n_playground
node,1059733860,52.4103674,13.2600418,,,n_playground
node,1064295514,52.4107,13.2550367,,,n_playground
node,1064295535,52.4118109,13.2600778,,,n_playground
node,1064295609,52.4114343,13.2587637,,,n_playground
node,1083287533,52.4105255,13.2609645,,,n_playground
node,1092222350,52.497796,13.4085121,,,n_playground
node,1096159661,52.4123659,13.256616,,,n_playground
node,1112645551,52.4225599,13.2417984,,,n_playground
node,1115319199,52.4026446,13.2584694,,,n_playground
node,1118397723,52.4889183,13.2963081,,,n_playground
node,1121520591,52.5398916,13.4905253,,,n_playground
node,1169625264,52.6027305,13.6120657,,,n_playground
node,1169918404,52.3936949,13.4148988,,,n_playground
node,1180858925,52.6125729,13.3449876,,,n_playground
node,1187881023,52.551133,13.342722,,,n_playground
node,1187881038,52.5508591,13.3422445,,,n_playground
node,1195426382,52.4079783,13.3566942,,,n_playground
node,1202732210,52.5242499,13.4563466,,,n_playground
node,1205570282,52.5388673,13.1756963,Wustermarker Straße,,n_playground
node,1214743752,52.6379393,13.1932621,,,n_playground
node,1214743761,52.6372156,13.197352,,,n_playground
node,1214743780,52.6372318,13.1953153,,,n_playground
node,1214981277,52.5269019,13.365276,,,n_playground
node,1216914909,52.5305431,13.6092822,,,n_playground
node,1216914912,52.5301192,13.6088739,,,n_playground
node,1216915007,52.5315802,13.6133366,,,n_playground
node,1216915072,52.5310261,13.6099248,,,n_playground
node,1220019281,52.4963063,13.4449243,,,n_playground
node,1220019321,52.4964662,13.4435349,,,n_playground
node,1220019323,52.4960449,13.444946,,,n_playground
node,1227688289,52.6131489,13.344435,,,n_playground
node,1227688844,52.6137612,13.3458136,,,n_playground
node,1227855122,52.5136039,13.3023022,,,n_playground
node,1246743440,52.3992693,13.269041,,,n_playground
node,1247539874,52.4327962,13.3940673,,,n_playground
node,1270212992,52.4328254,13.4224015,,,n_playground
node,1270522311,52.5405862,13.3600377,,,n_playground
node,1270801292,52.4867638,13.286431,,,n_playground
node,1275848635,52.3665921,13.1416813,,,n_playground
node,1275848691,52.3676332,13.1383986,,,n_playground
node,1275848733,52.3672713,13.1381958,,,n_playground
node,1275848803,52.3674014,13.1424591,,,n_playground
node,1289154937,52.5373536,13.578769,,,n_playground
node,1289504974,52.496023,13.4264628,,,n_playground
node,1332133753,52.4729574,13.3424446,,,n_playground
node,1349706918,52.5112123,13.5225985,,,n_playground
node,1356471158,52.4713607,13.3463021,,,n_playground
node,1357151817,52.5343774,13.4348561,,,n_playground
node,1359318973,52.3593191,13.0957678,,,n_playground
node,1359318985,52.3570634,13.0902893,Räuberspielplatz,,n_playground
node,1361502467,52.5771382,13.3952005,,,n_playground
node,1367322607,52.5445389,13.2418676,,,n_playground
node,1367322610,52.5439508,13.2420742,,,n_playground
node,1367322706,52.5441131,13.2425825,,,n_playground
node,1367322778,52.5445658,13.243013,,,n_playground
node,1367322804,52.5444964,13.2424711,,,n_playground
node,1367322842,52.5442281,13.2431028,,,n_playground
node,1382509128,52.43452,13.2651052,St. Ursula Schulhof,,n_playground
node,1389926124,52.5448461,13.2458495,,,n_playground
node,1389926129,52.5452106,13.2447662,,,n_playground
node,1389926133,52.5456567,13.2466773,,,n_playground
node,1394009801,52.5462855,13.238891,,,n_playground
node,1394013227,52.5447008,13.2405621,,,n_playground
node,1396422234,52.5398326,13.2394696,,,n_playground
node,1397487694,52.541231,13.2402715,,,n_playground
node,1399731800,52.5438511,13.2577916,,,n_playground
node,1401627780,52.5475155,13.2313961,,,n_playground
node,1412135727,52.5478616,13.2644657,,,n_playground
node,1412157967,52.547568,13.2610408,,,n_playground
node,1412157993,52.5477735,13.2633848,,,n_playground
node,1415785202,52.5009342,13.5740267,,,n_playground
node,1417050249,52.544222,13.2614971,,,n_playground
node,1419007974,52.5299079,13.1809248,,,n_playground
node,1419007975,52.5304601,13.1798144,,,n_playground
node,1427146152,52.5157349,13.5045759,,,n_playground
node,1436410601,52.5144517,13.4800779,,,n_playground
node,1438198683,52.479126,13.3206371,,,n_playground
node,1444967264,52.3398721,13.3879743,,,n_playground
node,1444967265,52.340533,13.394691,,,n_playground
node,1464502746,52.4958087,13.5022747,,,n_playground
node,1469238068,52.5001177,13.4980613,,,n_playground
node,1474024957,52.4515789,13.3364212,,,n_playground
node,1476399655,52.5860926,13.3035729,,,n_playground
node,1477769770,52.5098991,13.5129091,,,n_playground
node,1490221590,52.5148712,13.16991,,,n_playground
node,1506613246,52.6319765,13.4968945,,,n_playground
node,1508411499,52.4986964,13.3391577,,,n_playground
node,1508583185,52.4421912,13.5023129,,,n_playground
node,1509995615,52.6266233,13.4976232,,,n_playground
node,1534148113,52.5317749,13.5449882,,,n_playground
node,1534148160,52.5324496,13.5449525,,,n_playground
node,1534148195,52.532698,13.5455372,,,n_playground
node,1560584878,52.6448881,13.3592626,,,n_playground
node,1576580828,52.4694395,13.1060585,,,n_playground
node,1579881884,52.5248533,13.4811045,,,n_playground
node,1627255999,52.4460647,13.5392194,Kleiner Rodelberg,,n_playground
node,1675579218,52.4305563,13.3623385,,,n_playground
node,1681574212,52.5372909,13.4658611,,,n_playground
node,1682115199,52.3827745,13.2804094,,,n_playground
node,1682115213,52.3822441,13.283848,,,n_playground
node,1682115214,52.3831999,13.2841597,,,n_playground
node,1691020929,52.3643126,13.1329531,,,n_playground
node,1703464229,52.5702668,13.5047245,,,n_playground
node,1708942100,52.363285,13.1340954,,,n_playground
node,1708942175,52.3642757,13.1346661,,,n_playground
node,1731628942,52.6027277,13.2396389,,,n_playground
node,1732017629,52.5309217,13.5401488,,,n_playground
node,1757025319,52.5527757,13.3385042,,,n_playground
node,1762950875,52.5153195,13.4465543,,,n_playground
node,1770040485,52.6061647,13.3610445,,,n_playground
node,1773642934,52.5279952,13.3980193,,,n_playground
node,1773961567,52.5958034,13.3591203,,,n_playground
node,1775022597,52.6210556,13.2339307,,,n_playground
node,1777158333,52.5705026,13.5637213,,,n_playground
node,1777968241,52.5487013,13.5610859,,,n_playground
node,1779043947,52.5435889,13.3794796,,,n_playground
node,1782302622,52.5352159,13.4406328,,,n_playground
node,1783040024,52.4507723,13.309164,,,n_playground
node,1783518667,52.5966982,13.6951595,Spielplatz mit Seilbahn,,n_playground
node,1785639962,52.4658326,13.5979383,Waldspielplatz Däumlingsweg,,n_playground
node,1830502277,52.5853783,13.2833635,,,n_playground
node,1830502307,52.5855926,13.2861438,,,n_playground
node,1836347891,52.515314,13.4394775,,,n_playground
node,1845061518,52.5609835,13.3949125,,,n_playground
node,1848175380,52.5630227,13.392493,,,n_playground
node,1853277636,52.460128,13.3499336,,,n_playground
node,1853277653,52.4606706,13.349719,,,n_playground
node,1855197274,52.5164116,13.4624239,,,n_playground
node,1863556827,52.5335073,13.4329719,,,n_playground
node,1888655264,52.4941082,13.300562,,,n_playground
node,1904540845,52.545932,13.4771386,,,n_playground
node,1909984872,52.3943504,13.711989,,,n_playground
node,1946719408,52.3979638,13.2034872,Ameisengasse,,n_playground
node,2008623772,52.5447589,13.3962482,,,n_playground
node,2008716703,52.5306805,13.4215872,,,n_playground
node,2019486912,52.5523177,13.5660636,,,n_playground
node,2053253930,52.4021292,13.254817,,,n_playground
node,2091480495,52.5605625,13.4465112,,,n_playground
node,2091489555,52.5611612,13.44542,,,n_playground
node,2091489558,52.5615916,13.443022,,,n_playground
node,2094435227,52.5268552,13.6880354,,,n_playground
node,2109552890,52.5578819,13.4435633,,,n_playground
node,2137628923,52.4112421,13.7531013,,,n_playground
node,2187940730,52.415914,13.7590047,,,n_playground
node,2319706912,52.4349037,13.2771922,,,n_playground
node,2319706914,52.4357454,13.276352,,,n_playground
node,2333230671,52.5031683,13.3705601,,,n_playground
node,2348342282,52.361405,13.306035,,,n_playground
node,2348841626,52.354547,13.3014469,,,n_playground
node,2348841629,52.3550421,13.3017642,,,n_playground
node,2356047929,52.6656391,13.4918109,,,n_playground
node,2363347413,52.5833648,13.40496,,,n_playground
node,2374526230,52.4537549,13.5815889,,,n_playground
node,2374598867,52.4942277,13.3786537,,,n_playground
node,2375950696,52.4277882,13.4295176,,,n_playground
node,2376136705,52.6517346,13.3830482,,,n_playground
node,2376408426,52.5755427,13.4145798,,,n_playground
node,2379056392,52.677362,13.1773046,,,n_playground
node,2379071346,52.5418443,13.7548443,,,n_playground
node,2394280419,52.4309162,13.4180753,,,n_playground
node,2399721176,52.4326484,13.4159596,,,n_playground
node,2399755129,52.4356865,13.17784,Piratenschiff,,n_playground
node,2402229820,52.5808358,13.319023,Spielplatz der Wohnanlage am Windhalmweg,,n_playground
node,2431326720,52.5653617,13.4376843,,,n_playground
node,2432727153,52.5895385,13.3001231,,,n_playground
node,2440120734,52.6093618,13.4171934,,,n_playground
node,2458399611,52.6045887,13.4196357,,,n_playground
node,2459018145,52.6100167,13.4179886,,,n_playground
node,2459018182,52.6106238,13.4187428,,,n_playground
node,2459097526,52.6112986,13.4195141,,,n_playground
node,2462075727,52.613432,13.4254185,,,n_playground
node,2462075728,52.6138652,13.4245646,,,n_playground
node,2464217849,52.6106267,13.4295934,,,n_playground
node,2464217911,52.6128336,13.4297489,,,n_playground
node,2468915225,52.5049414,13.4039735,,,n_playground
node,2468915226,52.5049771,13.400616,,,n_playground
node,2469854990,52.5012406,13.4004291,,,n_playground
node,2469855040,52.5039881,13.403652,,,n_playground
node,2469855050,52.5043894,13.4022845,,,n_playground
node,2481751818,52.5007231,13.3663911,,,n_playground
node,2493770714,52.5665164,13.295436,,,n_playground
node,2513576754,52.5354272,13.4820897,Die Erbse,,n_playground
node,2514738518,52.5291878,13.5968433,,,n_playground
node,2514738530,52.5294893,13.5969483,,,n_playground
node,2524044638,52.5271394,13.5942603,,,n_playground
node,2524044668,52.5282164,13.5940488,,,n_playground
node,2525388470,52.5401588,13.4350618,,,n_playground
node,2541138497,52.537665,13.5789118,,,n_playground
node,2581028510,52.4684321,13.320738,,,n_playground
node,2587373472,52.5603626,13.4534221,,,n_playground
node,2587373473,52.5605583,13.4528776,,,n_playground
node,2587373474,52.5610409,13.4545674,,,n_playground
node,2627200319,52.5809093,13.3009062,,,n_playground
node,2637167639,52.5932539,13.4489242,,,n_playground
node,2637167640,52.5935114,13.4493091,,,n_playground
node,2640206856,52.409263,13.3033451,,,n_playground
node,2696783348,52.570691,13.2306512,,,n_playground
node,2712084275,52.3386971,13.3546845,Spielschloss Diedersdorf,,n_playground
node,2754044008,52.5646934,13.3869111,,,n_playground
node,2754778172,52.4143379,13.3607605,,,n_playground
node,2756088696,52.4283266,13.4272453,,,n_playground
node,2808646353,52.538016,13.5666205,,,n_playground
node,2823111744,52.3484139,13.6336103,,,n_playground
node,2826600841,52.5303841,13.4297608,,,n_playground
node,2838612285,52.5143527,13.4637289,,,n_playground
node,2849567103,52.600138,13.3579843,,,n_playground
node,2860757864,52.5014263,13.6225495,,,n_playground
node,2865013654,52.4069202,13.4384888,,,n_playground
node,2868283002,52.5685747,13.2026748,,,n_playground
node,2869107167,52.4140313,13.4236413,,,n_playground
node,2869107169,52.4147249,13.4235005,,,n_playground
node,2870917194,52.4631636,13.5215362,,,n_playground
node,2870917200,52.4634187,13.5189562,,,n_playground
node,2876974201,52.436405,13.2723412,,,n_playground
node,2882563080,52.4821182,13.3527957,,,n_playground
node,2882563083,52.4812062,13.3513226,,,n_playground
node,2882563084,52.4807827,13.3521447,,,n_playground
node,2883115636,52.4817243,13.3523549,,,n_playground
node,2888572205,52.5437731,13.2061783,,,n_playground
node,2888629202,52.5446363,13.2063872,,,n_playground
node,2892541689,52.5384433,13.1797243,,,n_playground
node,2895550271,52.5246732,13.1702801,,,n_playground
node,2895596013,52.525668,13.1838953,,,n_playground
node,2895596344,52.5258073,13.184075,,,n_playground
node,2896973449,52.5360921,13.1473424,,,n_playground
node,2896976814,52.5364075,13.1473837,,,n_playground
node,2898373771,52.4223102,13.4043613,,,n_playground
node,2898377230,52.4229306,13.4051451,,,n_playground
node,2899045010,52.4220698,13.4041956,,,n_playground
node,2899168404,52.4217899,13.4063095,,,n_playground
node,2899168406,52.4218243,13.4083498,,,n_playground
node,2899168802,52.4217062,13.4093935,,,n_playground
node,2899178301,52.4229142,13.4033153,,,n_playground
node,2899182603,52.4225132,13.4075157,,,n_playground
node,2899182802,52.422293,13.4095954,,,n_playground
node,2900110914,52.520113,13.1936212,,,n_playground
node,2900112015,52.520499,13.192008,,,n_playground
node,2901140247,52.5197656,13.2007879,,,n_playground
node,2901140249,52.5197687,13.200563,,,n_playground
node,2901141246,52.5201848,13.1992235,,,n_playground
node,2901141447,52.5203088,13.1992225,,,n_playground
node,2901182201,52.5203287,13.2006768,,,n_playground
node,2902760536,52.5176201,13.1888106,,,n_playground
node,2917958404,52.5790706,13.4812195,,,n_playground
node,2936830901,52.525089,13.507787,,,n_playground
node,2939748629,52.4668545,13.6999059,,,n_playground
node,2948733447,52.5768756,13.226591,,,n_playground
node,2960570641,52.6156729,13.4240465,,,n_playground
node,2962696740,52.6003452,13.7533338,Wilde Wiese e.V.,,n_playground
node,2963926340,52.4820179,13.3537218,,,n_playground
node,2975540217,52.4813466,13.5294571,,,n_playground
node,3021558153,52.4894207,13.3000721,,,n_playground
node,3028355014,52.4673364,13.6850841,,,n_playground
node,3042197676,52.4633302,13.6975768,,,n_playground
node,3043396983,52.4671559,13.684982,,,n_playground
node,3068214075,52.3629818,13.1309061,,,n_playground
node,3075422537,52.5674765,13.4989451,,,n_playground
node,3079319690,52.6306123,13.4944305,,,n_playground
node,3089542094,52.4668145,13.3609381,,,n_playground
node,3091294076,52.5423305,13.4041529,,,n_playground
node,3091294077,52.5426313,13.4039321,,,n_playground
node,3091294078,52.5427214,13.4038998,,,n_playground
node,3091294079,52.5429345,13.4038161,,,n_playground
node,3123738832,52.5404519,13.3586047,,,n_playground
node,3123738851,52.5407081,13.3599197,,,n_playground
node,3133050331,52.4186143,13.410899,,,n_playground
node,3133050332,52.418872,13.4106515,,,n_playground
node,3149851086,52.6103198,13.4834628,,,n_playground
node,3149851103,52.6106406,13.4836452,,,n_playground
node,3153547625,52.5860772,13.3282889,,,n_playground
node,3169517445,52.4776497,13.4356542,,,n_playground
node,3234515063,52.4729251,13.704596,,,n_playground
node,3245353661,52.3451,13.6193176,,,n_playground
node,3259746601,52.4775034,13.4811558,,,n_playground
node,3278257604,52.3601594,13.1350872,,,n_playground
node,3278257605,52.3582836,13.135967,,,n_playground
node,3278257606,52.3592516,13.1363953,,,n_playground
node,3278257608,52.3609898,13.1341023,,,n_playground
node,3278257609,52.3615788,13.1306325,,,n_playground
node,3278257610,52.3615802,13.1295117,,,n_playground
node,3278257611,52.3613278,13.1329675,,,n_playground
node,3284750904,52.4797737,13.7048291,,,n_playground
node,3290672034,52.4920606,13.2385091,,,n_playground
node,3303485117,52.5309465,13.3523365,,,n_playground
node,3310674000,52.5606671,13.4210778,,13189,n_playground
node,3332243448,52.5771159,13.282641,,,n_playground
node,3350321894,52.4350748,13.4585707,,,n_playground
node,3356951882,52.6050813,13.4210024,,,n_playground
node,3380966293,52.6057189,13.4281641,,,n_playground
node,3389545979,52.6293637,13.2290635,"Spielplatz, Basketball, Tischtennis",,n_playground
node,3393162798,52.4564493,13.0995028,,,n_playground
node,3397223793,52.4056134,13.506751,Robin Hood Spielplatz,12355,n_playground
node,3399663913,52.5202089,13.4648356,,,n_playground
node,3404933975,52.4551267,13.3880479,DockX,12099,n_playground
node,3439378293,52.5258465,13.5870414,,,n_playground
node,3457228603,52.519747,13.4471386,,,n_playground
node,3510222694,52.51231,13.437352,,,n_playground
node,3593105706,52.5044734,13.4882568,,,n_playground
node,3600559121,52.375085,13.0950268,,,n_playground
node,3666633587,52.497957,13.342935,,,n_playground
node,3714020438,52.4942161,13.3052223,,,n_playground
node,3722092463,52.5771837,13.2919118,,,n_playground
node,3722092483,52.5778556,13.2868478,,,n_playground
node,3722092484,52.5782731,13.2846728,,,n_playground
node,3755056313,52.4524168,13.3871133,,,n_playground
node,3792715363,52.4937294,13.6073409,,,n_playground
node,3792715379,52.4941242,13.6081639,,,n_playground
node,3823253554,52.4662014,13.4726418,,,n_playground
node,3873210882,52.5583652,13.4255102,,,n_playground
node,3881897124,52.4549885,13.5198701,,,n_playground
node,3882198350,52.4551116,13.5200371,,,n_playground
node,3882758345,52.5666056,13.2132241,,,n_playground
node,3921887889,52.4804844,13.4773213,,,n_playground
node,3925230091,52.3886149,13.5044197,,,n_playground
node,3972068386,52.4565346,13.5195234,,,n_playground
node,3987032545,52.5298387,13.3028755,,,n_playground
node,3996922338,52.5295905,13.3040585,,,n_playground
node,4097937037,52.5708913,13.1993146,,,n_playground
node,4136284715,52.5846481,13.3072913,,,n_playground
node,4147051984,52.5880448,13.2931792,,,n_playground
node,4153700971,52.5063582,13.3294964,,,n_playground
node,4156351865,52.4335205,13.5758996,,,n_playground
node,4172732089,52.475141,13.523358,,,n_playground
node,4183659864,52.502884,13.5297809,,,n_playground
node,4288410134,52.6242209,13.4950967,,,n_playground
node,4290842691,52.5760932,13.125368,Haydnallee,,n_playground
node,4293352989,52.458268,13.3513026,,,n_playground
node,4311533816,52.6250459,13.4978491,,,n_playground
node,4317971631,52.5425116,13.6903607,,,n_playground
node,4331039589,52.5276359,13.5917248,,,n_playground
node,4338653390,52.4319547,13.3898469,,,n_playground
node,4341056691,52.636253,13.4912422,Moorwiese,,n_playground
node,4347487177,52.4278967,13.4166213,,,n_playground
node,4358677389,52.5457503,13.2809131,,,n_playground
node,4361898139,52.3433127,13.6513116,Waldspielplatz Rauchfangswerder,,n_playground
node,4374356278,52.4283612,13.3608039,,,n_playground
node,4405477781,52.5007395,13.3049356,,,n_playground
node,4415989164,52.4761052,13.4799341,,,n_playground
node,4415989182,52.4772534,13.4770881,,,n_playground
node,4415989188,52.4776509,13.477488,,,n_playground
node,4415989727,52.4736813,13.4772973,,,n_playground
node,4415989732,52.4739966,13.4825805,,,n_playground
node,4415989752,52.4750256,13.4814375,,,n_playground
node,4415989994,52.4784769,13.4748044,,,n_playground
node,4425697972,52.630871,13.3302787,,,n_playground
node,4426813653,52.4670248,13.4808804,,,n_playground
node,4426813698,52.4676928,13.4860986,,,n_playground
node,4429133549,52.3863457,13.0985452,,,n_playground
node,4498221219,52.4916345,13.5098701,,,n_playground
node,4551104991,52.4288895,13.5941159,,,n_playground
node,4563484718,52.4979634,13.4985939,,,n_playground
node,4610249064,52.4808236,13.5333882,,,n_playground
node,4621963731,52.4928458,13.5093191,,,n_playground
node,4621978758,52.4934003,13.5125368,,,n_playground
node,4621982708,52.4935649,13.5140214,,,n_playground
node,4621996994,52.4930297,13.5165099,,,n_playground
node,4622626832,52.4794372,13.4516005,Kinderwald,,n_playground
node,4625164090,52.6445614,13.3170974,,,n_playground
node,4634471308,52.4946571,13.5082216,,,n_playground
node,4637528535,52.4890528,13.4548795,,,n_playground
node,4680157739,52.5098159,13.4782851,,,n_playground
node,4680160254,52.5092541,13.4794542,,,n_playground
node,4680171951,52.5080514,13.4813295,,,n_playground
node,4690115863,52.3801009,13.1264044,,,n_playground
node,4704975520,52.5034512,13.4925067,,,n_playground
node,4716440132,52.5723739,13.4893386,,,n_playground
node,4719440372,52.5229348,13.1644309,,,n_playground
node,4719440373,52.5228239,13.1652919,,,n_playground
node,4719440374,52.5231241,13.1664748,,,n_playground
node,4719440375,52.523036,13.1673063,,,n_playground
node,4730501442,52.4700968,13.5673309,,,n_playground
node,4784490022,52.4965998,13.6763283,,,n_playground
node,4793200054,52.6520767,13.5275616,"""Schillerpark""",,n_playground
node,4813372368,52.5673738,13.5333944,,,n_playground
node,4820070607,52.499476,13.513948,,,n_playground
node,4825235695,52.4952301,13.5043812,,,n_playground
node,4838779327,52.3755071,13.1034374,,,n_playground
node,4889402749,52.4867873,13.5178121,,,n_playground
node,4897199869,52.5331247,13.5456398,,,n_playground
node,4897211120,52.5335212,13.5476071,,,n_playground
node,4897228732,52.5337538,13.546951,,,n_playground
node,4908859784,52.4993169,13.500324,,,n_playground
node,4908859787,52.4997706,13.4996488,,,n_playground
node,4908977703,52.4993623,13.5050535,,,n_playground
node,4910533620,52.5026519,13.510675,,,n_playground
node,4910534427,52.5030024,13.5107026,,,n_playground
node,4910534428,52.5010163,13.5109596,,,n_playground
node,4910534432,52.501108,13.5103347,,,n_playground
node,4910534433,52.5012274,13.5097444,,,n_playground
node,4910939328,52.4954322,13.508483,,,n_playground
node,4910939350,52.4958565,13.5078946,,,n_playground
node,4918213494,52.6378258,13.2090881,,,n_playground
node,4918295011,52.6389749,13.2020688,,,n_playground
node,4918295012,52.6387096,13.2021171,,,n_playground
node,4918295013,52.6380918,13.2000031,,,n_playground
node,4918295014,52.6381562,13.2003173,,,n_playground
node,4918295015,52.6390547,13.2003951,,,n_playground
node,4918295016,52.6396485,13.2004437,,,n_playground
node,4919113987,52.6351612,13.1948698,,,n_playground
node,4928362080,52.6777416,13.1780657,,,n_playground
node,4928362081,52.6773822,13.1777358,,,n_playground
node,4928362082,52.6771334,13.1774622,,,n_playground
node,4928362083,52.6773448,13.1769499,,,n_playground
node,4928362084,52.6769936,13.1770921,,,n_playground
node,4928362085,52.6771204,13.1770465,,,n_playground
node,4928571073,52.6141396,13.2023397,,,n_playground
node,4928573025,52.6121592,13.1993678,,,n_playground
node,4948137829,52.5292367,13.3936677,,,n_playground
node,4949461837,52.5312357,13.4741452,Spielplatz Am Kleinen Fennpfuhl,,n_playground
node,4954651329,52.4619205,13.2689083,,,n_playground
node,4959864078,52.4982497,13.5153183,,,n_playground
node,4959892791,52.4970569,13.5078357,,,n_playground
node,4987665462,52.3866148,13.0987029,,,n_playground
node,4993228869,52.4500165,13.4505762,,,n_playground
node,4993228871,52.4506031,13.4504474,,,n_playground
node,4999316233,52.3867727,13.0974321,,,n_playground
node,5001523802,52.496446,13.5159684,,,n_playground
node,5001523806,52.4966766,13.5180322,Spielplatz An der Dathepromenade,,n_playground
node,5001733120,52.5640548,13.4411067,,,n_playground
node,5004532843,52.5013939,13.5021617,,,n_playground
node,5004568409,52.5020432,13.5063673,,,n_playground
node,5004568410,52.5023904,13.5069849,,,n_playground
node,5004568417,52.5020004,13.5071214,,,n_playground
node,5027237631,52.4811711,13.3631019,,,n_playground
node,5046270190,52.5062687,13.5109493,,,n_playground
node,5046287669,52.5070508,13.5103538,,,n_playground
node,5072747001,52.4947578,13.5044167,,,n_playground
node,5075144799,52.4900072,13.5132351,,,n_playground
node,5094750206,52.4966529,13.5163321,Spielplatz Osterwäldchen,,n_playground
node,5139356774,52.5130904,13.406246,,,n_playground
node,5167115409,52.5009482,13.3547239,,,n_playground
node,5168682624,52.449019,13.3503743,,,n_playground
node,5226844882,52.5758602,13.3684521,,,n_playground
node,5230542676,52.5679817,13.3644933,,,n_playground
node,5233720829,52.5749271,13.3687923,,,n_playground
node,5245841438,52.5704079,13.3594206,,,n_playground
node,5245877822,52.5678094,13.3458448,,,n_playground
node,5249512825,52.5439808,13.5717489,,,n_playground
node,5249512931,52.5438098,13.5717293,,,n_playground
node,5249513227,52.5419143,13.5753653,,,n_playground
node,5249513230,52.5434964,13.5745305,,,n_playground
node,5249513233,52.5435566,13.5717591,,,n_playground
node,5250276423,52.5447914,13.574966,,,n_playground
node,5262044332,52.3777412,13.1225994,,,n_playground
node,5279833068,52.57319,13.3606447,,,n_playground
node,5279833073,52.5719421,13.360982,,,n_playground
node,5282878880,52.5009962,13.6560114,,,n_playground
node,5291447009,52.498048,13.4781761,,,n_playground
node,5310869921,52.5001944,13.3904913,,,n_playground
node,5310869922,52.5001871,13.3935423,,,n_playground
node,5327159432,52.5579662,13.4126314,,,n_playground
node,5327159443,52.5607117,13.4205545,,13189,n_playground
node,5351787234,52.5253391,13.1486043,,,n_playground
node,5354313636,52.4197256,13.2824954,,,n_playground
node,5378770154,52.4918367,13.5112341,,,n_playground
node,5407237291,52.385744,13.3998286,,,n_playground
node,5413900654,52.5797983,13.3347317,,,n_playground
node,5413900655,52.5793086,13.3345087,,,n_playground
node,5413900656,52.5801405,13.3348306,,,n_playground
node,5416424791,52.4602765,13.3771251,,,n_playground
node,5418743296,52.5492544,13.4399311,,,n_playground
node,5420255665,52.5154924,13.4942031,,,n_playground
node,5449038032,52.5236317,13.4526261,,,n_playground
node,5449068124,52.5390782,13.4463264,,,n_playground
node,5454009615,52.4957544,13.535684,,,n_playground
node,5454087759,52.4902712,13.5254471,,,n_playground
node,5454990101,52.4898424,13.5253463,,,n_playground
node,5469267470,52.5198022,13.4840132,,,n_playground
node,5469267473,52.5197901,13.4833707,,,n_playground
node,5470079344,52.5419067,13.3993518,,,n_playground
node,5470079345,52.5420705,13.3992317,,,n_playground
node,5470079346,52.5422232,13.3990952,,,n_playground
node,5470825723,52.4607691,13.540561,,,n_playground
node,5471152655,52.5541789,13.4247592,,,n_playground
node,5477244417,52.4378025,13.4550944,,,n_playground
node,5486310639,52.4147703,13.6539976,,,n_playground
node,5489586032,52.4991078,13.434045,,,n_playground
node,5514235565,52.4987851,13.4633609,,,n_playground
node,5520762711,52.4589489,13.2736685,,,n_playground
node,5540839625,52.6031733,13.3649459,,,n_playground
node,5540839626,52.603126,13.3645116,,,n_playground
node,5540839628,52.605426,13.3621915,,,n_playground
node,5545383807,52.6026663,13.3662837,,,n_playground
node,5546273280,52.6047938,13.3510348,,,n_playground
node,5550508634,52.6022947,13.3614938,,,n_playground
node,5550508635,52.6038918,13.3636962,,,n_playground
node,5552441100,52.6001926,13.3609163,,,n_playground
node,5561700006,52.5989729,13.358566,,,n_playground
node,5561700007,52.5988446,13.3589909,,,n_playground
node,5561700008,52.5991956,13.3575022,,,n_playground
node,5587090715,52.459894,13.3770608,,,n_playground
node,5599915518,52.4595641,13.6113496,,,n_playground
node,5611408514,52.4840755,13.725699,Orgelpfeifen,,n_playground
node,5641930030,52.5020427,13.3508536,,,n_playground
node,5671118026,52.4600971,13.3768884,,,n_playground
node,5671118029,52.4596049,13.3755147,,,n_playground
node,5680352808,52.563613,13.0939811,,,n_playground
node,5693384408,52.5291974,13.1994915,,,n_playground
node,5718500315,52.5907758,13.3384928,,,n_playground
node,5725896555,52.5866614,13.3401222,,,n_playground
node,5725896556,52.5864163,13.3402998,,,n_playground
node,5732556679,52.6779042,13.5845531,,,n_playground
node,5745542314,52.5893336,13.3277804,,,n_playground
node,5747117177,52.5016867,13.5037841,,,n_playground
node,5749517707,52.5575815,13.4274195,,,n_playground
node,5755720028,52.3821312,13.0907321,,,n_playground
node,5755720030,52.3742467,13.1021067,,,n_playground
node,5769052442,52.5137873,13.4383799,,,n_playground
node,5777670113,52.4219545,13.3036966,,,n_playground
node,5779018019,52.5015424,13.5016993,,,n_playground
node,5784137480,52.499015,13.4857442,,,n_playground
node,5791479176,52.4732308,13.6994375,,,n_playground
node,5791479177,52.4728828,13.6993437,,,n_playground
node,5791479178,52.4724939,13.6992766,,,n_playground
node,5817322760,52.3983401,13.1161529,,,n_playground
node,5825013820,52.5349377,13.2796718,,,n_playground
node,5825383195,52.441715,13.5684802,,,n_playground
node,5825383198,52.4398415,13.5693776,,,n_playground
node,5825383199,52.4409722,13.5692297,,,n_playground
node,5825389565,52.4386432,13.5660993,,,n_playground
node,5829633761,52.5040033,13.4919789,,,n_playground
node,5859009108,52.5020034,13.5057161,,,n_playground
node,5910112949,52.5711641,13.5014572,,,n_playground
node,5910139885,52.5026215,13.5085724,,,n_playground
node,5911153085,52.4718514,13.4902072,,,n_playground
node,5911153185,52.4759268,13.4838127,,,n_playground
node,5922449271,52.5097924,13.4869624,,,n_playground
node,5935206974,52.538805,13.4308666,,,n_playground
node,5938286901,52.5483019,13.4390768,,,n_playground
node,5952121595,52.5619044,13.4094515,,,n_playground
node,5981180550,52.393352,13.3962332,,,n_playground
node,5995875376,52.492698,13.3783315,,,n_playground
node,6003537263,52.5655848,13.4204008,,,n_playground
node,6003537264,52.5656401,13.4201515,,,n_playground
node,6005882527,52.6030013,13.3268831,,,n_playground
node,6007016012,52.5614403,13.3979485,,,n_playground
node,6064794971,52.5506551,13.4087627,,,n_playground
node,6116376486,52.3473401,13.0980551,,,n_playground
node,6141513234,52.6746963,13.5692722,,,n_playground
node,6171061179,52.4817929,13.529224,,,n_playground
node,6171087336,52.4791292,13.5275522,,,n_playground
node,6205451516,52.570378,13.4369913,,,n_playground
node,6205593109,52.5177627,13.5043148,,,n_playground
node,6242084242,52.6046466,13.4248409,,,n_playground
node,6245921128,52.5471708,13.331708,,,n_playground
node,6268054923,52.4166601,13.3521352,,,n_playground
node,6268491099,52.5616728,13.4062906,,,n_playground
node,6268586277,52.4764189,13.4379319,,,n_playground
node,6269535928,52.5760217,13.4196504,,,n_playground
node,6269535929,52.5759032,13.4196843,,,n_playground
node,6270020078,52.5392998,13.4063716,,,n_playground
node,6284645090,52.5424381,13.4040857,,,n_playground
node,6291362648,52.3914152,13.2151261,,,n_playground
node,6291771331,52.57623,13.5747755,,,n_playground
node,6309068660,52.5550392,13.3548313,,,n_playground
node,6309068661,52.5543314,13.3537692,,,n_playground
node,6356175447,52.366851,13.4118643,,,n_playground
node,6372315447,52.4977674,13.5005403,,,n_playground
node,6421772581,52.381958,13.4445513,,,n_playground
node,6421772582,52.3820264,13.4448111,,,n_playground
node,6441316315,52.4216478,13.2223999,,,n_playground
node,6449627784,52.3651961,13.0950447,,,n_playground
node,6450633585,52.5043364,13.4891896,,,n_playground
node,6455931634,52.5115256,13.3136959,,,n_playground
node,6480265324,52.5564806,13.3666048,,,n_playground
node,6480793067,52.5002404,13.5329612,,,n_playground
node,6481794565,52.4132997,13.3624869,,,n_playground
node,6486438643,52.4847289,13.1855457,,,n_playground
node,6492179110,52.6050841,13.4261918,,,n_playground
node,6499784792,52.5489997,13.4663432,,,n_playground
node,6499784793,52.5487211,13.4640229,,,n_playground
node,6499784794,52.5487941,13.4651713,,,n_playground
node,6501710910,52.5099344,13.3131561,,,n_playground
node,6501821185,52.5495594,13.3736015,,,n_playground
node,6518931487,52.4577359,13.2665717,,,n_playground
node,6633175791,52.5015994,13.5070936,,,n_playground
node,6786677383,52.5154971,13.4655768,,,n_playground
node,6786740186,52.5157745,13.4656453,,,n_playground
node,6786740216,52.5156407,13.4660988,,,n_playground
node,6789165029,52.4903184,13.3714996,,,n_playground
node,6793843004,52.4899487,13.3713363,,,n_playground
node,6839751565,52.3894705,13.1077229,,,n_playground
node,6866124366,52.5251595,13.1968061,,,n_playground
node,6946329284,52.5165955,13.3342279,,,n_playground
node,6946329585,52.5162821,13.3338524,,,n_playground
node,6976518437,52.5160911,13.3153076,,,n_playground
node,6982417994,52.5048343,13.4086704,,,n_playground
node,7051881656,52.4860108,13.4682868,,,n_playground
node,7084886241,52.4825176,13.3749282,,,n_playground
node,7084886445,52.4825962,13.3760764,,,n_playground
node,7248094401,52.6381693,13.1968009,,,n_playground
node,7288829016,52.4859098,13.38281,,,n_playground
node,7289162253,52.4860021,13.391038,,,n_playground
node,7295018185,52.4969269,13.3860914,,,n_playground
node,7382754564,52.4321926,13.4513793,,,n_playground
node,7382896652,52.5638739,13.205958,,,n_playground
node,7382896653,52.5625695,13.2062517,,,n_playground
node,7388139912,52.3877999,13.1342306,,,n_playground
node,7411539138,52.45268,13.5703865,,,n_playground
node,7428410594,52.4375732,13.4598575,,,n_playground
node,7454939234,52.4968833,13.388456,,,n_playground
node,7455040806,52.4937645,13.3935928,,,n_playground
node,7517779794,52.4601067,13.3495472,,,n_playground
node,7528920469,52.4429171,13.3972719,,,n_playground
node,7617579477,52.5441003,13.3314298,,,n_playground
node,7656623296,52.5455885,13.4014072,,,n_playground
node,7677201785,52.5298657,13.5762538,,,n_playground
node,7677208485,52.5305921,13.5757209,,,n_playground
node,7713987322,52.559816,13.3724877,,,n_playground
node,7716589317,52.5569012,13.2250798,,,n_playground
node,7725384830,52.5568456,13.2254462,,,n_playground
node,7772999933,52.5598596,13.385036,,,n_playground
node,7803092515,52.4624856,13.4226908,,,n_playground
node,7803092517,52.4622041,13.4226927,,,n_playground
node,7834718789,52.5080739,13.4684859,Trampoline,,n_playground
node,7834718790,52.5085597,13.4681784,,,n_playground
node,7834718791,52.5083821,13.4683015,,,n_playground
node,7834718792,52.5087658,13.4678173,,,n_playground
node,7844017322,52.4947508,13.4575252,,,n_playground
node,7844017341,52.4959517,13.4572737,,,n_playground
node,7858496999,52.4340281,13.4544563,,,n_playground
node,7884690597,52.3662752,13.0966138,,,n_playground
node,7900045907,52.5609135,13.436227,,,n_playground
node,7918392228,52.63679,13.3183296,,,n_playground
node,7918392232,52.6367114,13.3181609,,,n_playground
node,7935334863,52.4419977,13.452802,,,n_playground
node,7947531161,52.5085471,13.5138407,,,n_playground
node,7959958888,52.5595478,13.3730667,,,n_playground
node,7968979286,52.4204619,13.1766146,,,n_playground
node,8032387357,52.6274463,13.7388069,,,n_playground
node,8037587009,52.6151542,13.6792177,,,n_playground
node,8043872050,52.4288101,13.2839271,,,n_playground
node,8048236235,52.3812765,13.1443204,,,n_playground
node,8094641889,52.364206,13.0982371,,,n_playground
node,8115194292,52.4525996,13.3871204,,,n_playground
node,8165603102,52.5013666,13.3898099,,,n_playground
node,8224119118,52.4961792,13.5221147,,,n_playground
node,8224119123,52.4966344,13.5210677,,,n_playground
node,8224232585,52.512101,13.5172857,,,n_playground
node,8231242766,52.4930884,13.5118633,,,n_playground
node,8231265725,52.4931946,13.5088717,,,n_playground
node,8290426027,52.5062425,13.423822,,,n_playground
node,8305752589,52.4404324,13.4655431,,,n_playground
node,8305805358,52.4401336,13.4648658,,,n_playground
node,8306106577,52.4411864,13.4670657,,,n_playground
node,8327592511,52.5117444,13.5099828,,,n_playground
node,8424346495,52.5641454,13.5692038,,,n_playground
node,8442795909,52.3627163,13.1331291,,,n_playground
node,8461402315,52.5290878,13.1914653,,,n_playground
node,8463700618,52.519579,13.5069572,,,n_playground
node,8463762717,52.5186345,13.5076731,,,n_playground
node,8483936657,52.3663115,13.1424165,,,n_playground
node,8491569876,52.495425,13.5169262,,,n_playground
node,8502577679,52.5558087,13.4725301,,,n_playground
node,8579739124,52.5140801,13.4798826,,,n_playground
node,8599286036,52.5709667,13.4152308,,,n_playground
node,8599286037,52.5719101,13.4148019,,,n_playground
node,8605200442,52.4807595,13.3835765,,,n_playground
node,8615202479,52.5640262,13.2056491,,,n_playground
node,8615202480,52.5627822,13.2048283,,,n_playground
node,8615202481,52.5623697,13.2014943,,,n_playground
node,8615202482,52.5649963,13.2054721,,,n_playground
node,8615202484,52.5644616,13.2101069,,,n_playground
node,8615202485,52.5640246,13.210005,,,n_playground
node,8615202486,52.5642741,13.2132987,,,n_playground
node,8615202487,52.5645692,13.2120542,,,n_playground
node,8615202488,52.5632762,13.21398,,,n_playground
node,8615202489,52.5628931,13.2133122,,,n_playground
node,8615202490,52.5629681,13.2127516,,,n_playground
node,8615202491,52.5633969,13.2132236,,,n_playground
node,8615202492,52.5635844,13.2117296,,,n_playground
node,8615202493,52.5637442,13.2105146,,,n_playground
node,8615202494,52.5616761,13.2061544,,,n_playground
node,8615202495,52.5574805,13.2044431,,,n_playground
node,8615202496,52.5558547,13.2030698,,,n_playground
node,8615202497,52.5567614,13.2189163,,,n_playground
node,8615202498,52.5574128,13.2194099,,,n_playground
node,8615202499,52.5580953,13.219611,,,n_playground
node,8615202500,52.5575359,13.2177496,,,n_playground
node,8615202501,52.5583382,13.2179293,,,n_playground
node,8615202503,52.5551485,13.2183128,,,n_playground
node,8615907567,52.5629827,13.2021543,,,n_playground
node,8615907569,52.5657202,13.2104343,,,n_playground
node,8615907570,52.5665272,13.2117861,,,n_playground
node,8615907571,52.5652555,13.2150557,,,n_playground
node,8615907572,52.5530046,13.2121616,,,n_playground
node,8615907574,52.5623419,13.2097262,,,n_playground
node,8615958060,52.5543076,13.196181,,,n_playground
node,8615958070,52.565337,13.2012826,,,n_playground
node,8615958071,52.56498,13.2033264,,,n_playground
node,8615958072,52.5645169,13.2036671,,,n_playground
node,8615958074,52.5640229,13.2033237,,,n_playground
node,8615958075,52.563599,13.2041713,,,n_playground
node,8617991615,52.4205709,13.4874743,,,n_playground
node,8625837415,52.6360972,13.4906259,"Naturerfahrungsraum ""Wilde Welt"" an der Moorwiese",,n_playground
node,8625837416,52.5339607,13.5783013,"Naturerfahrungsraum ""Wilde Welt"" am Kienberg",,n_playground
node,8625902217,52.5010258,13.3820576,Naturerfahrungsraum Robinienwäldchen,,n_playground
node,8668398377,52.5128558,13.5255834,,,n_playground
node,8668398379,52.5130431,13.5254091,,,n_playground
node,8668401648,52.5112743,13.525453,,,n_playground
node,8679689725,52.6167697,13.3096549,,13467,n_playground
node,8690715502,52.3712306,13.4737795,,,n_playground
node,8691121856,52.5390568,13.5068608,,,n_playground
node,8691121857,52.5390308,13.5060912,,,n_playground
node,8691121858,52.5390705,13.5075814,,,n_playground
node,8691121859,52.5391025,13.5082651,,,n_playground
node,8691121860,52.5391258,13.5089887,,,n_playground
node,8735321574,52.5365145,13.4891578,,,n_playground
node,8735321586,52.5360458,13.4901502,,,n_playground
node,8735321590,52.535193,13.4892091,,,n_playground
node,8735321611,52.5351409,13.4902279,,,n_playground
node,8745354754,52.5446356,13.2277404,,,n_playground
node,8745354755,52.5451879,13.228005,,,n_playground
node,8745354756,52.5444034,13.2289649,,,n_playground
node,8745354757,52.5450849,13.2259555,,,n_playground
node,8745354758,52.5456982,13.2258011,,,n_playground
node,8746879619,52.6270314,13.575079,,,n_playground
node,8774124583,52.52659,13.5333694,Kita Wirbelwind,,n_playground
node,8789825218,52.5017492,13.4017846,,,n_playground
node,8794109589,52.4650935,13.3500599,,,n_playground
node,8848328982,52.5085468,13.5015801,,,n_playground
node,8848368494,52.5086585,13.500467,,,n_playground
node,8869797510,52.5000894,13.3998732,,,n_playground
node,8875740401,52.5014901,13.401434,,,n_playground
node,8881142004,52.5144214,13.4833909,,,n_playground
node,8881142005,52.5144198,13.4836242,,,n_playground
node,8881142007,52.5143692,13.4840909,,,n_playground
node,8909436218,52.3983117,13.1348143,,,n_playground
node,8909644724,52.3947669,13.1218818,,,n_playground
node,8910129171,52.3958085,13.1237738,,,n_playground
node,8910129172,52.3954869,13.1235065,,,n_playground
node,8917549502,52.4996459,13.6142988,,,n_playground
node,8941239667,52.5249139,13.6773686,,,n_playground
node,8942569356,52.5286041,13.3567634,,,n_playground
node,8978078503,52.5007493,13.393113,,,n_playground
node,8985873243,52.4004422,13.2806855,,,n_playground
node,9071251639,52.5237956,13.1713369,,,n_playground
node,9071254738,52.5273777,13.1478957,,,n_playground
node,9097167172,52.4653796,13.4316488,,,n_playground
node,9198286173,52.5580676,13.3795866,,,n_playground
node,9206264177,52.4276308,13.3826017,,,n_playground
node,9206376568,52.506997,13.7585521,,,n_playground
node,9216020679,52.4154774,13.5427469,,,n_playground
node,9236549015,52.6208812,13.3575893,,,n_playground
node,9246050258,52.5190416,13.4516457,,,n_playground
node,9394480474,52.568749,13.4126609,,,n_playground
node,9394480475,52.5690957,13.4136015,,,n_playground
node,9394528842,52.5740453,13.4161042,,,n_playground
node,9394588414,52.5764729,13.3976959,,,n_playground
node,9430706042,52.5723568,13.4839342,,,n_playground
node,9433254272,52.493587,13.535378,,,n_playground
node,9455034700,52.5398711,13.5863566,,,n_playground
node,9455320835,52.5751708,13.3706566,,,n_playground
node,9455320836,52.5752276,13.369631,,,n_playground
node,9455320969,52.5750586,13.3676718,,,n_playground
node,9529413711,52.5298359,13.394361,,,n_playground
node,9574603795,52.521262,13.3576852,,,n_playground
node,9597988869,52.547112,13.452705,,,n_playground
node,9629544235,52.5199589,13.198452,,,n_playground
node,9629544236,52.5205073,13.1984573,,,n_playground
node,9650229357,52.5098345,13.227255,,,n_playground
node,9661577593,52.4172653,13.5477123,,,n_playground
node,9670542036,52.5202552,13.5994657,,,n_playground
node,9679841331,52.5965983,13.3362733,,,n_playground
node,9680061860,52.4084516,13.3305034,,,n_playground
node,9696742423,52.5079267,13.5336518,,,n_playground
node,9722703085,52.3381183,13.097142,,,n_playground
node,9772474263,52.4146219,13.75931,,,n_playground
node,9772474267,52.415025,13.7596206,,,n_playground
node,9852847853,52.5539125,13.4020906,,,n_playground
node,9852847854,52.5538897,13.4017398,,,n_playground
node,9852847855,52.5539522,13.4013856,,,n_playground
node,9862176098,52.4743878,13.4447613,,,n_playground
node,9883099763,52.4977071,13.4124029,,,n_playground
node,9887627032,52.4680755,13.5064301,,,n_playground
node,9908139381,52.6057891,13.3127569,,,n_playground
node,9933663366,52.5072604,13.5327179,,,n_playground
node,9960039093,52.5164804,13.466329,,,n_playground
node,9960039094,52.5164103,13.4666092,,,n_playground
node,9960039095,52.5165087,13.4668638,,,n_playground
node,9980045534,52.5665053,13.10357,,,n_playground
node,9986953847,52.4941722,13.3786402,,,n_playground
node,10015418019,52.5351687,13.1394035,,,n_playground
node,10038994052,52.4218253,13.25401,,,n_playground
node,10044090365,52.4633864,13.1104226,Tarzanseil,,n_playground
node,10050701383,52.5115606,13.5562655,,,n_playground
node,10050715516,52.5109521,13.5549462,,,n_playground
node,10050742218,52.5111661,13.5546875,,,n_playground
node,10050768982,52.5108684,13.5561508,,,n_playground
node,10064239466,52.3782621,13.126472,,,n_playground
node,10064239467,52.3779023,13.1265602,,,n_playground
node,10111489610,52.5045602,13.3973744,,,n_playground
node,10121306717,52.5218766,13.2717769,,,n_playground
node,10124113280,52.3741058,13.1385487,,,n_playground
node,10127779812,52.5500823,13.4120973,,,n_playground
node,10127779813,52.5500527,13.4124673,,,n_playground
node,10130302818,52.4991753,13.5272152,,,n_playground
node,10137505242,52.4899616,13.3583138,,,n_playground
node,10181658539,52.3733403,13.1404464,,,n_playground
node,10539271403,52.593667,13.4537178,,,n_playground
node,10574282513,52.5242559,13.4467185,,,n_playground
node,10699367316,52.4481886,13.5828104,,,n_playground
node,10721719500,52.5600509,13.3618412,,,n_playground
node,10745097831,52.4065336,13.358656,,,n_playground
node,10745134958,52.399324,13.3719525,,,n_playground
node,10748323118,52.434336,13.5250443,,,n_playground
node,10853224289,52.387607,13.1145631,,,n_playground
node,10860563913,52.5060753,13.2277439,,,n_playground
node,10963648976,52.4600182,13.363231,,,n_playground
node,10964227306,52.3961508,13.2679148,,,n_playground
node,10964227506,52.3960331,13.2686779,,,n_playground
node,10978446227,52.5215119,13.3535055,,,n_playground
node,11029922723,52.5320628,13.5170204,,10315,n_playground
node,11029964142,52.5316817,13.516936,,,n_playground
node,11060610605,52.5104813,13.5638742,,,n_playground
node,11060620005,52.5058496,13.5558633,,,n_playground
node,11060620105,52.5056602,13.5557523,,,n_playground
node,11074039812,52.3644128,13.3751171,,,n_playground
node,11078136007,52.5206608,13.2634062,,,n_playground
node,11111461723,52.5658528,13.4055634,,,n_playground
node,11138239492,52.6370213,13.3736071,,,n_playground
node,11141489274,52.5981036,13.380184,,,n_playground
node,11141489275,52.5984874,13.3805377,,,n_playground
node,11145790716,52.505901,13.4373203,,,n_playground
node,11160867845,52.4599639,13.7000084,Spielplatz Fichtenau,15566,n_playground
node,11165241405,52.4785238,13.5276007,,,n_playground
node,11166868570,52.4691182,13.5108797,,,n_playground
node,11187231281,52.5583152,13.3522317,,,n_playground
node,11195797269,52.4067054,13.5426954,,,n_playground
node,11224848837,52.5585231,13.3612715,,,n_playground
node,11248701732,52.360408,13.0945251,,,n_playground
node,11274453216,52.5350149,13.1395495,,,n_playground
node,11283076069,52.3927527,13.2708973,,,n_playground
node,11302399263,52.5406285,13.4322323,,,n_playground
node,11302400839,52.5417076,13.4300416,,,n_playground
node,11302405279,52.5395814,13.4306144,,,n_playground
node,11302405280,52.5397553,13.4307768,,,n_playground
node,11327533569,52.3987239,13.5224667,,,n_playground
node,11371282348,52.4468906,13.2697397,,,n_playground
node,11374896188,52.5601735,13.3314088,,,n_playground
node,11465389070,52.4282139,13.595998,,,n_playground
node,11465389117,52.6302741,13.286932,,,n_playground
node,11483603705,52.4867576,13.2767665,,,n_playground
node,11693543906,52.4340971,13.5483584,,,n_playground
node,11704533402,52.4183246,13.4480398,,,n_playground
node,11710858334,52.5225611,13.1719285,,,n_playground
node,11710858359,52.5227005,13.17116,,,n_playground
node,11711268194,52.3385169,13.3546389,KinderQuad,,n_playground
node,11711268195,52.3380859,13.354549,,,n_playground
node,11748690374,52.5722309,13.3112813,,,n_playground
node,11778472365,52.5956728,13.3465291,,,n_playground
node,11778567172,52.6061717,13.3506649,,,n_playground
node,11778567173,52.6062264,13.3516483,,,n_playground
node,11778567174,52.6065341,13.3522864,,,n_playground
node,11793704869,52.4321394,13.4493166,Bienenspielplatz,,n_playground
node,11818168204,52.3810377,13.1435261,,,n_playground
node,11818168205,52.3809247,13.1428421,,,n_playground
node,11818168206,52.3809345,13.1450898,,,n_playground
node,11878808665,52.4247445,13.4809742,,,n_playground
node,11881093404,52.5853248,13.4035926,,,n_playground
node,11881094412,52.4120834,13.300111,,,n_playground
node,11950724737,52.4781482,13.7085755,,,n_playground
node,11951745075,52.3982045,13.4073569,,,n_playground
node,11993640021,52.5021082,13.4872757,,,n_playground
node,12014478769,52.3739753,13.136638,,,n_playground
node,12014648241,52.3690067,13.1455936,,,n_playground
node,12014728969,52.3735203,13.1366564,,,n_playground
node,12014814131,52.5565285,13.3584553,,,n_playground
node,12043530755,52.5040079,13.3630968,,,n_playground
node,12046026980,52.3591447,13.0908059,,,n_playground
node,12077137169,52.5896685,13.3378488,,,n_playground
node,12094257581,52.5288776,13.396821,,,n_playground
node,12108103949,52.5578678,13.3287356,,,n_playground
node,12108106076,52.5565602,13.3297359,,,n_playground
node,12112530396,52.5511071,13.3297126,,,n_playground
node,12112970848,52.5515212,13.3374124,,,n_playground
node,12112970854,52.5500146,13.3378087,,,n_playground
node,12118900055,52.5036018,13.4130053,,,n_playground
node,12118900056,52.5037774,13.4131891,,,n_playground
node,12124138017,52.6352108,13.5006947,,,n_playground
node,12124172417,52.6347311,13.5010093,,,n_playground
node,12124969730,52.5164949,13.3436308,,,n_playground
node,12125377561,52.4204031,13.3653628,,,n_playground
node,12132449135,52.5292079,13.4769144,Spielplatz Fennpfuhlpark am Gemeindezentrum,,n_playground
node,12192684682,52.4861872,13.4407271,,,n_playground
node,12197472496,52.5069889,13.4668483,,,n_playground
node,12213880295,52.4958508,13.5101042,,,n_playground
node,12332796601,52.5508888,13.4351755,,,n_playground
node,12412364669,52.5513369,13.2143749,,,n_playground
node,12412923084,52.5329942,13.4018934,,,n_playground
node,12468983090,52.5748227,13.3426484,,,n_playground
node,12516406721,52.5647914,13.4117876,,,n_playground
node,12522793742,52.5681234,13.4061644,,,n_playground
node,12536030231,52.5362142,13.4986357,,,n_playground
node,12546378173,52.4459274,13.3698453,,,n_playground
node,12554063616,52.5181884,13.2667166,,,n_playground
node,12557626411,52.511361,13.426284,,,n_playground
node,12558727720,52.5424244,13.3423943,,,n_playground
node,12587770501,52.46359,13.5472671,,,n_playground
node,12589908395,52.5687565,13.3516309,,,n_playground
node,12589942336,52.570402,13.3497374,,,n_playground
node,12592820088,52.386901,13.2827476,,,n_playground
node,12647631390,52.4062101,13.5070243,Ritterburg,,n_playground
node,12666286901,52.4709451,13.4228846,,,n_playground
node,12690328101,52.4745182,13.4185092,Kletterholz,,n_playground
node,12694884920,52.427416,13.5834385,,,n_playground
node,12694884921,52.4271301,13.5840273,,,n_playground
node,12749608201,52.42718,13.4268396,Weidentipi,,n_playground
node,12750948599,52.4267913,13.4292437,Erdhaufen,,n_playground
node,12772158230,52.4226473,13.6290899,,,n_playground
node,12794468838,52.4934619,13.5015373,,,n_playground
node,12805723702,52.6704683,13.55388,Spielplatz,,n_playground
node,12847161748,52.3571338,13.1050434,,,n_playground
node,12859635321,52.4753534,13.438293,,,n_playground
node,12859637869,52.5692425,13.3267462,,,n_playground
node,12859637870,52.5694108,13.3268213,,,n_playground
node,12859637873,52.5685982,13.3254587,,,n_playground
node,12859637874,52.5694369,13.3256153,,,n_playground
node,12873172346,52.6755453,13.5979673,,,n_playground
node,12897007675,52.4710662,13.4239499,,,n_playground
node,12905445650,52.5566941,13.2097856,,,n_playground
node,12905445651,52.5564988,13.2109809,,,n_playground
node,12921481446,52.5699912,13.4914947,,,n_playground
node,12921481447,52.5699555,13.4929856,,,n_playground
node,12956111257,52.5457359,13.3699346,,,n_playground
node,12966204936,52.5425523,13.3609495,,,n_playground
node,13005817813,52.4761855,13.436263,Holz,,n_playground
node,13005817885,52.4754749,13.4382875,,,n_playground
node,13014871101,52.6703639,13.6013474,,,n_playground
node,13018588020,52.5569259,13.3061397,,,n_playground
node,13037421501,52.3672231,13.0979814,Spielplatz Friedrich-Wolf-Straße 5-8,,n_playground
node,13037436501,52.3657421,13.0986935,,,n_playground
node,13040918272,52.5205302,13.4322407,,,n_playground
node,13051824758,52.4344155,13.3869811,,,n_playground
node,13083959089,52.3575537,13.0935933,,,n_playground
node,13118867858,52.5587918,13.213114,,,n_playground
node,13144828156,52.6781091,13.6013648,,,n_playground
node,13227896910,52.5004855,13.3840029,,,n_playground
node,13234115509,52.402001,13.5059821,Blauer Spielplatz,,n_playground
node,13244671447,52.349254,13.3983187,Spielplatz Gershwinstraße,,n_playground
node,13277433507,52.4298959,13.5076724,,,n_playground
node,13277433508,52.4302317,13.506866,,,n_playground
node,13277433509,52.4305795,13.5060079,,,n_playground
node,13290674383,52.3943428,13.2102945,,,n_playground
node,13299300953,52.5306889,13.3128793,,,n_playground
node,13342791580,52.5909839,13.3462665,,,n_playground
node,13586337701,52.5315245,13.3125538,Slackline,,n_playground
node,13601978956,52.5557214,13.208816,,,n_playground
node,13602049117,52.5578987,13.210873,,,n_playground
node,13602049118,52.5576706,13.2109954,,,n_playground
node,13602055902,52.5450534,13.2305323,,,n_playground
node,13649985104,52.4591258,13.2888108,Spielplatz,,n_playground
node,13717372203,52.4531355,13.3832529,,,n_playground
node,13722555664,52.4478336,13.5647378,,,n_playground
node,13746084401,52.3884921,13.4168654,Spielplatz,,n_playground
node,13752528963,52.5664699,13.328074,,,n_playground
node,13752529000,52.5666743,13.3267122,,,n_playground
node,13786871463,52.5215588,13.4233427,,,n_playground
node,13786968986,52.5275966,13.4244932,,,n_playground
node,13817482527,52.5488392,13.599809,,,n_playground
node,13824588711,52.4338047,13.2546872,,,n_playground
node,13828861944,52.5263232,13.4505227,,,n_playground
node,13831601201,52.4443162,13.6278906,,,n_playground
node,13866720011,52.5256887,13.4837524,,,n_playground
node,13866720017,52.5249484,13.4832846,,,n_playground
node,13893210981,52.4365673,13.2784309,Parkour Anlage,,n_playground
node,13917711709,52.6720858,13.3158232,,,n_playground
node,13935121690,52.6303353,13.5088448,Kolibri Motorik Park,,n_playground
node,13969252624,52.4547464,13.5735868,,,n_playground
node,13987556352,52.4467329,13.6213704,Kinderspielplatz mit Schaukel  und Wippe,,n_playground
node,13997170979,52.6044738,13.3610892,,,n_playground
node,13997170980,52.6047754,13.3611901,,,n_playground
node,14004289639,52.5507426,13.2145769,,,n_playground
node,14010905601,52.4773665,13.4497891,Reifen-Schaukel,,n_playground
node,14047811865,52.4426747,13.5496792,,,n_playground
node,14052311022,52.5527854,13.4583572,Spielplatz,,n_playground
node,14054241010,52.5065237,13.406562,,,n_playground
node,14067507409,52.413676,13.4219309,,,n_playground
node,14099247488,52.5358794,13.4888183,,,n_playground
node,14100920835,52.5353202,13.3586539,,,n_playground
node,14127274655,52.5159322,13.419655,,,n_playground
node,14129578419,52.4855652,13.3825808,,,n_playground
node,14158053130,52.4989933,13.4779089,,,n_playground
node,14158068627,52.4994371,13.4769269,,,n_playground
node,14160393303,52.5629991,13.3894104,,,n_playground
node,14160393320,52.563348,13.3888833,,,n_playground
node,14173170742,52.5713505,13.4014599,,,n_playground
node,14209785835,52.5054334,13.4139846,,,n_playground
node,14215919470,52.5207605,13.4365723,,,n_playground
way,4675776,52.5330845,13.3463428,,,n_playground
way,4675787,52.5341545,13.344207,,,n_playground
way,4687127,52.5250678,13.4737503,,,n_playground
way,4707958,52.5258707,13.3292379,Spielplatz Zwinglistraße,10555,n_playground
way,4720634,52.5175288,13.3337522,,,n_playground
way,4751138,52.5393384,13.3585728,,,n_playground
way,5133265,52.5423358,13.3600072,,,n_playground
way,10090864,52.5713257,13.3078801,,,n_playground
way,10091150,52.5686828,13.3180632,,,n_playground
way,10476759,52.5758186,13.3074978,,,n_playground
way,10557506,52.5705245,13.3089273,,,n_playground
way,12236474,52.5728086,13.3209171,,,n_playground
way,12773361,52.5009658,13.3830568,,,n_playground
way,13629808,52.4807314,13.3361913,Zauberspielplatz,,n_playground
way,13782119,52.4881173,13.3199715,Habermannplatz,,n_playground
way,13840573,52.484833,13.3499082,Märchenspielplatz,,n_playground
way,13840574,52.4850778,13.3487174,,,n_playground
way,13863282,52.4874569,13.3611756,,,n_playground
way,14669340,52.4835848,13.3892266,,,n_playground
way,16922131,52.5948044,13.3302287,Spielplatz Eichborndamm,,n_playground
way,17972406,52.5939001,13.2682651,Spielplatz Robinson Crusoe,,n_playground
way,18178083,52.5280468,13.2929665,,,n_playground
way,19880541,52.5708256,13.3527134,,,n_playground
way,21849644,52.4819598,13.3327151,,,n_playground
way,22495197,52.4871843,13.3785291,,,n_playground
way,22566028,52.4587435,13.3474469,Abenteueroase,12169,n_playground
way,22962654,52.5669748,13.5060518,,,n_playground
way,22962733,52.57003,13.4996394,,,n_playground
way,22981888,52.5223493,13.5426373,,,n_playground
way,23054976,52.6007103,13.3012305,,,n_playground
way,23323704,52.5729863,13.3104898,,,n_playground
way,23418643,52.5115135,13.4662463,,,n_playground
way,23418650,52.5107526,13.459048,Boxi-Spielplatz,,n_playground
way,23418675,52.5108075,13.4642403,,,n_playground
way,23453349,52.4871648,13.3579943,,,n_playground
way,23453740,52.4982095,13.367767,,,n_playground
way,23462390,52.4860253,13.3589538,,,n_playground
way,23462391,52.4855599,13.3590839,,,n_playground
way,23482445,52.4628926,13.5474868,,,n_playground
way,23691663,52.5634422,13.3683432,,,n_playground
way,23699247,52.5722093,13.3098504,,,n_playground
way,23699248,52.5721756,13.3093867,,,n_playground
way,23699539,52.572506,13.3089567,,,n_playground
way,23725492,52.5364448,13.2915043,,,n_playground
way,23861011,52.4833683,13.3593444,,,n_playground
way,23913847,52.4508555,13.5611255,,,n_playground
way,24042747,52.5681341,13.3159292,,,n_playground
way,24055662,52.4934769,13.3109632,,,n_playground
way,24215630,52.5439639,13.4233866,Elefanten-Spielplatz,,n_playground
way,24219691,52.4644611,13.4821751,,,n_playground
way,24248081,52.510101,13.3967519,,,n_playground
way,24263288,52.5031159,13.4552502,Ritter Rudis Burgenland,,n_playground
way,24279116,52.3701856,13.6432127,,,n_playground
way,24349103,52.5631323,13.1928286,Waldspielplatz Goldfischteich,,n_playground
way,24575796,52.5354675,13.4244745,Abenteuerspielplatz an der Marie,,n_playground
way,24585708,52.5118219,13.1878264,,,n_playground
way,24585714,52.5023813,13.1852526,Havelfischer,,n_playground
way,24597484,52.5171723,13.1911084,,,n_playground
way,24667301,52.5728741,13.333388,,,n_playground
way,24837130,52.5202072,13.3040994,,,n_playground
way,24902641,52.5567153,13.3939504,,,n_playground
way,24911673,52.5165926,13.3585726,,,n_playground
way,24911694,52.510885,13.3667027,,,n_playground
way,25023544,52.5712362,13.3232886,,,n_playground
way,25132538,52.4612341,13.338526,1001 Nacht,,n_playground
way,25271723,52.5731906,13.3091393,,,n_playground
way,25415847,52.5092166,13.3383157,Kinderspielplatz,,n_playground
way,25683837,52.5973336,13.3501829,Forum NaturFreundeJugend Berlin e.V.,,n_playground
way,25782468,52.634064,13.4985239,,,n_playground
way,25782469,52.6330567,13.4971816,,,n_playground
way,25842778,52.5393702,13.5668216,,,n_playground
way,25972896,52.5248955,13.3140297,,,n_playground
way,25993103,52.5691652,13.3434274,,,n_playground
way,26085172,52.4498098,13.4471997,Mining-Spielplatz,,n_playground
way,26355249,52.4484874,13.4517406,,,n_playground
way,26364389,52.6005586,13.1328507,,,n_playground
way,26462963,52.5149865,13.3254949,,,n_playground
way,26627001,52.4486981,13.6352879,Spielplatz Löcknitzstraße,,n_playground
way,26949866,52.5321548,13.2032327,,,n_playground
way,27027119,52.4756629,13.3346612,,,n_playground
way,27033912,52.5054853,13.3165451,Spielplatz Schlüterstraße,,n_playground
way,27073114,52.4464725,13.5770896,,,n_playground
way,27155997,52.414631,13.2969257,,,n_playground
way,27357396,52.5247943,13.4713004,,,n_playground
way,27370223,52.4876012,13.3465602,,,n_playground
way,27370385,52.4874157,13.3469094,,,n_playground
way,27433749,52.4887602,13.3524481,,,n_playground
way,27489343,52.4122857,13.3289753,,,n_playground
way,27528231,52.5585006,13.3778944,,,n_playground
way,27810864,52.5369985,13.4013644,,,n_playground
way,27947830,52.4218773,13.4054685,,,n_playground
way,27947847,52.4219916,13.4114794,,,n_playground
way,27947848,52.4212804,13.4098056,,,n_playground
way,28023834,52.5446197,13.388523,Abenteuerspielplatz Humboldthain,,n_playground
way,28036796,52.5498767,13.3633127,Spielplatz Maxplatz,,n_playground
way,28036889,52.5521899,13.3677239,,,n_playground
way,28268577,52.5897873,13.273885,,,n_playground
way,28338139,52.4020615,13.5059545,,,n_playground
way,28364138,52.5010854,13.3051082,,,n_playground
way,28428431,52.5253711,13.4543708,Spielplatz Hausburgpark,,n_playground
way,28431781,52.4952523,13.3005299,Spielplatz Hochmeisterplatz - Tausendundeine Nacht,,n_playground
way,28450543,52.5269835,13.4522551,,,n_playground
way,28505062,52.4928946,13.3245356,,,n_playground
way,28517020,52.5215173,13.4598958,,,n_playground
way,28617655,52.5285014,13.4503842,,,n_playground
way,28619129,52.5520092,13.4635707,,13088,n_playground
way,28682970,52.5389558,13.5664537,,,n_playground
way,28762150,52.5650066,13.5732715,Wasserspielplatz,,n_playground
way,28905380,52.5873023,13.2743522,,,n_playground
way,29026260,52.5215102,13.4502712,,,n_playground
way,29026267,52.5265671,13.4286716,,,n_playground
way,29026268,52.5275044,13.4308664,,,n_playground
way,29090594,52.5741923,13.3055165,,,n_playground
way,29400789,52.4249232,13.4010532,,,n_playground
way,29599058,52.5707186,13.3246057,,,n_playground
way,29694442,52.5764388,13.3202724,,,n_playground
way,29694444,52.5753996,13.3201809,,,n_playground
way,29979699,52.5766908,13.349097,,,n_playground
way,30218680,52.5511247,13.3296407,,,n_playground
way,30279552,52.4182977,13.3560432,,,n_playground
way,30441431,52.5479334,13.4004201,Jugendfarm Moritzhof,10437,n_playground
way,30504621,52.5760847,13.3356334,,,n_playground
way,30504622,52.5762503,13.3370333,,,n_playground
way,30566775,52.5420857,13.5782802,Blauer Wuhl,,n_playground
way,30566776,52.5433225,13.5789141,Wiesentraum,,n_playground
way,30634457,52.5422935,13.5657394,,,n_playground
way,30634459,52.5440818,13.5675722,,,n_playground
way,30634463,52.5414992,13.5673828,,,n_playground
way,30729512,52.5731955,13.3773289,,,n_playground
way,30791847,52.4969136,13.3260662,,,n_playground
way,30885672,52.5508557,13.3770127,,,n_playground
way,30914475,52.5598717,13.3620721,,,n_playground
way,30914571,52.5593941,13.3637393,,,n_playground
way,31016345,52.4891547,13.3962086,,,n_playground
way,31282196,52.5316689,13.3254142,,,n_playground
way,31308177,52.5526952,13.3903979,Euler Spielplatz,,n_playground
way,31309500,52.5532745,13.3878239,Kleinkinderspielplatz,,n_playground
way,31309502,52.5543699,13.3896164,Kletterspielplatz,,n_playground
way,31345306,52.3971266,13.2490488,,,n_playground
way,31391616,52.5536805,13.1238283,,,n_playground
way,31391660,52.5537455,13.1263453,,,n_playground
way,31428264,52.5862977,13.3619912,,,n_playground
way,31536440,52.4915319,13.367705,,10829,n_playground
way,31537643,52.4223126,13.4043569,,,n_playground
way,31537645,52.4217884,13.4063141,,,n_playground
way,31537646,52.4225087,13.4075213,,,n_playground
way,31539535,52.4920922,13.3670608,,,n_playground
way,31541098,52.4911516,13.3693965,,,n_playground
way,31565565,52.4880292,13.3911152,,,n_playground
way,31762801,52.4381284,13.3388871,Spielplatz Kaulbachstraße/Nicolaistraße,12247,n_playground
way,31967216,52.5189943,13.469672,,,n_playground
way,31967334,52.5195322,13.4617207,,,n_playground
way,31967701,52.5200906,13.4552422,Hübner,,n_playground
way,32022475,52.5375271,13.5657798,,,n_playground
way,32132321,52.4658163,13.3258692,Zirkusspielplatz,,n_playground
way,32208296,52.5301802,13.4719848,Spielplatz Goldgräberstadt,,n_playground
way,32239248,52.5374915,13.5649565,,,n_playground
way,32293939,52.556668,13.1243106,,,n_playground
way,32339204,52.4673581,13.3484258,,,n_playground
way,32341310,52.3965942,13.3972121,Ekensunder Platz,,n_playground
way,32349391,52.5431887,13.4185632,,,n_playground
way,32388499,52.5012833,13.4575328,,,n_playground
way,32617305,52.489522,13.4809122,,,n_playground
way,32697331,52.4968582,13.4721003,,,n_playground
way,32772581,52.467795,13.3344006,,,n_playground
way,32960191,52.6320744,13.198512,,,n_playground
way,32961576,52.4570593,13.3181296,,,n_playground
way,33543307,52.3888301,13.4020638,,,n_playground
way,33686451,52.5735028,13.3056619,,,n_playground
way,33688209,52.5768512,13.3085666,,,n_playground
way,33775938,52.5609961,13.4142986,,,n_playground
way,33896156,52.5458331,13.5626437,,,n_playground
way,33901991,52.5620517,13.4149998,,,n_playground
way,33902838,52.5212916,13.1708686,,,n_playground
way,33915137,52.5009091,13.459888,,,n_playground
way,34001260,52.54647,13.5551736,,,n_playground
way,34001262,52.5455228,13.5555075,,,n_playground
way,34064800,52.4819257,13.3629533,,,n_playground
way,34216855,52.5179241,13.4669334,,,n_playground
way,34346633,52.508456,13.5085955,Spielplatz Einbecker Str. 71/85,,n_playground
way,34428984,52.49539,13.1814714,,,n_playground
way,34652387,52.4745696,13.4431152,,,n_playground
way,34719207,52.5021595,13.504824,"Spielplatz ""Elefant""",,n_playground
way,34774926,52.5092846,13.5100487,,,n_playground
way,34782095,52.4968031,13.3444318,,,n_playground
way,34912004,52.4930645,13.4322941,,,n_playground
way,34923228,52.4984661,13.2911623,Indiana Bones,,n_playground
way,34926762,52.6707173,13.5583789,,,n_playground
way,34940861,52.448952,13.2287448,,,n_playground
way,35043007,52.3797611,13.3949881,Waldspielplatz,,n_playground
way,35134790,52.4370802,13.2199787,,,n_playground
way,35200832,52.5082711,13.503451,Spielplatz Marie-Curie-Allee 12-14,,n_playground
way,35269640,52.4936223,13.1813859,,,n_playground
way,35588503,52.5899931,13.27569,,,n_playground
way,35588504,52.5903151,13.2773895,,,n_playground
way,35588506,52.5904279,13.2752308,,,n_playground
way,35610632,52.5412975,13.420338,,10437,n_playground
way,35723596,52.5584677,13.3814689,,,n_playground
way,35796294,52.5204593,13.6587612,,,n_playground
way,35897145,52.4813865,13.4890112,Plansche Plänterwald,12437,n_playground
way,36664114,52.3942825,13.3865775,,,n_playground
way,36664228,52.397524,13.3866784,,,n_playground
way,36932531,52.5044686,13.4819132,Im Schilf,10317,n_playground
way,36970015,52.4887052,13.5187616,,,n_playground
way,36970016,52.4893101,13.5177641,,,n_playground
way,37071166,52.554343,13.4563216,Spielplatz Amalienstraße,,n_playground
way,37141490,52.4120896,13.4069151,,,n_playground
way,37901854,52.4160873,13.3921158,Ritterland,12277,n_playground
way,38004336,52.483753,13.378673,,,n_playground
way,38045009,52.4935892,13.5850162,,,n_playground
way,38231064,52.5619811,13.2374241,,,n_playground
way,38985112,52.6602154,13.5258211,"Kinderspielplatz Robert-Koch-Park, Bebelstraße",,n_playground
way,39470723,52.4648643,13.4374372,,12051,n_playground
way,39473087,52.5426956,13.2721769,,,n_playground
way,39607537,52.5899777,13.2674365,,,n_playground
way,39633971,52.5576895,13.391285,,,n_playground
way,39648235,52.4769582,13.4301065,,,n_playground
way,39691685,52.5002067,13.4266143,,10997,n_playground
way,39757102,52.4682652,13.495494,,,n_playground
way,39893807,52.3383233,13.3545726,Hüpfblase,,n_playground
way,39907052,52.5570383,13.3604759,,,n_playground
way,40280344,52.5491164,13.4101424,,,n_playground
way,40366140,52.5368322,13.4101562,,,n_playground
way,40451855,52.4918071,13.3529182,Lindenspielplatz,,n_playground
way,40587780,52.48183,13.3548054,Drachenburg,,n_playground
way,40587867,52.4877967,13.36115,,,n_playground
way,40588535,52.5172807,13.455034,,,n_playground
way,40589944,52.4644496,13.3571429,,,n_playground
way,40696415,52.5480273,13.4071828,,,n_playground
way,40748391,52.4828332,13.4551168,Spielplatz Treptower Straße,,n_playground
way,40750122,52.4729494,13.3166912,,,n_playground
way,40944397,52.4218233,13.4083576,,,n_playground
way,40944403,52.4229054,13.4033055,,,n_playground
way,41179006,52.5529913,13.4104723,,,n_playground
way,41198493,52.5783598,13.4614178,,,n_playground
way,41198494,52.5720178,13.4629075,,,n_playground
way,41236150,52.4736572,13.303602,Abenteuerspielplatz,,n_playground
way,41380772,52.5062039,13.5172497,Spielplatz Weltraumpiraten,,n_playground
way,41424302,52.4707664,13.4489528,,,n_playground
way,41455295,52.4739005,13.4383088,Spielplatz Thomashöhe,,n_playground
way,41468563,52.470434,13.4373813,,,n_playground
way,41535052,52.5661552,13.3540805,,,n_playground
way,41591424,52.5217801,13.6865023,"Spielplatz ""Biene"" Am Friedensplatz",,n_playground
way,41606767,52.4980022,13.5192339,,,n_playground
way,41642488,52.4701391,13.4343047,,,n_playground
way,41642489,52.4701789,13.4358894,,,n_playground
way,41662050,52.4198985,13.40565,,,n_playground
way,41898758,52.543007,13.4242431,,,n_playground
way,42030825,52.5128544,13.5355479,,,n_playground
way,42034733,52.5530229,13.3848565,,,n_playground
way,42107005,52.5408604,13.4210927,,,n_playground
way,42136564,52.5318829,13.5954505,,,n_playground
way,42284346,52.4733551,13.3087083,Eberbacher Spielplatz,,n_playground
way,42284360,52.4727326,13.3120206,,,n_playground
way,42284432,52.4743086,13.3160981,Homburger Spielplatz,,n_playground
way,42493971,52.5311635,13.372406,,,n_playground
way,42713399,52.4753451,13.3040803,,,n_playground
way,42714237,52.5377249,13.2772116,,,n_playground
way,42742088,52.3692417,13.0934417,,,n_playground
way,42753092,52.4408104,13.6037653,,,n_playground
way,42753093,52.4408174,13.6033301,,,n_playground
way,42778927,52.5469151,13.5854921,,,n_playground
way,42871787,52.461479,13.5246026,,,n_playground
way,42987087,52.5431224,13.3593235,,,n_playground
way,43128508,52.4565019,13.5716528,,,n_playground
way,43152964,52.4752557,13.4218931,,12049,n_playground
way,43157141,52.479681,13.4243297,,12049,n_playground
way,43162751,52.4760775,13.4209089,,12049,n_playground
way,43217644,52.6058642,13.242548,Spielplatz im Erpelgrund,,n_playground
way,43328494,52.5367724,13.2811343,,,n_playground
way,43328495,52.5395608,13.2765784,,,n_playground
way,43340228,52.5411291,13.3535382,,,n_playground
way,43513130,52.5481949,13.5023183,,,n_playground
way,43525339,52.5475942,13.5070438,,,n_playground
way,43662750,52.5732764,13.3194171,,,n_playground
way,43662758,52.5718475,13.3218945,,,n_playground
way,43662760,52.5725585,13.3221317,,,n_playground
way,43877412,52.4535272,13.5848512,Friedrichshag.Straße/Plateau Köp KSP,,n_playground
way,43890640,52.5400386,13.3546001,,,n_playground
way,44016424,52.5356638,13.5520105,,,n_playground
way,44016425,52.5365219,13.5519436,,,n_playground
way,44026119,52.5044726,13.2995891,,,n_playground
way,44141533,52.5401477,13.5593001,,,n_playground
way,44578429,52.5131239,13.4354924,,,n_playground
way,44851258,52.4457139,13.5907283,,,n_playground
way,44851675,52.5227215,13.4446261,,,n_playground
way,45042554,52.5005204,13.4305788,,,n_playground
way,45250598,52.5479731,13.4844362,,,n_playground
way,45338350,52.5467234,13.4918386,,,n_playground
way,45663802,52.3941748,13.1018307,,,n_playground
way,45665674,52.4955531,13.4748463,Palmkernzeile,,n_playground
way,45741089,52.4909249,13.3627372,,,n_playground
way,45869057,52.5687894,13.4470361,Heinersdorfer Zwergen-Platz,,n_playground
way,45994855,52.440867,13.5779159,,,n_playground
way,46150886,52.4555053,13.5635334,Skatebowl,12459,n_playground
way,46248554,52.3785144,13.4117115,,,n_playground
way,46830119,52.4450567,13.5820172,,,n_playground
way,46968730,52.5442601,13.4242961,,,n_playground
way,47023437,52.4724499,13.4525803,,,n_playground
way,47057102,52.4872242,13.4348487,,12045,n_playground
way,47281590,52.5202395,13.5808127,,,n_playground
way,47380345,52.5153192,13.4494,Pinguin Spielplatz,,n_playground
way,47423329,52.5118296,13.3801268,,,n_playground
way,47423333,52.5113597,13.3820763,,,n_playground
way,47653484,52.490634,13.3412339,,,n_playground
way,47796718,52.5303842,13.6065287,,,n_playground
way,47796725,52.5301606,13.6043394,,,n_playground
way,47796726,52.5306474,13.6064688,,,n_playground
way,47796729,52.533511,13.5992534,,,n_playground
way,47796730,52.5323799,13.6009878,,,n_playground
way,47854118,52.4738354,13.6967942,,,n_playground
way,47942780,52.4811509,13.7038965,,,n_playground
way,47944845,52.4777034,13.3447261,,,n_playground
way,48122779,52.5074322,13.3417133,,,n_playground
way,48144663,52.5080061,13.4087115,,,n_playground
way,48299212,52.5212642,13.4265158,Spielplatz Berolinastraße,,n_playground
way,48378844,52.5233458,13.4226684,,,n_playground
way,48379470,52.572811,13.3428581,,,n_playground
way,48379476,52.5715454,13.3430387,,,n_playground
way,48379478,52.5725688,13.3431548,,,n_playground
way,48379479,52.5727816,13.3433477,,,n_playground
way,48379480,52.5727219,13.3438965,,,n_playground
way,48440778,52.541403,13.6117264,„Der Fabelhafte Drache“,,n_playground
way,48469431,52.5627418,13.3365038,,,n_playground
way,48577840,52.5990333,13.294427,,,n_playground
way,48714739,52.5279683,13.4119091,,,n_playground
way,48743735,52.5043578,13.3227426,Robin Hood-Spielplatz,10623,n_playground
way,48894845,52.4959709,13.4302123,,,n_playground
way,49139522,52.5477367,13.3976859,,,n_playground
way,49208376,52.5464945,13.4035377,Spielplatz am Falkplatz,,n_playground
way,49208697,52.5447719,13.4016147,Regenbogenspielplatz im Mauerpark,,n_playground
way,49214160,52.5356569,13.4025026,,,n_playground
way,49217749,52.5329289,13.4030449,Blauer Spielplatz,,n_playground
way,49275955,52.5518311,13.4087194,,,n_playground
way,49435913,52.4240074,13.4962097,,,n_playground
way,49676307,52.600294,13.3208638,,,n_playground
way,49771677,52.5513577,13.409389,,,n_playground
way,49782370,52.4736733,13.305588,,,n_playground
way,49786252,52.4719708,13.3022911,,,n_playground
way,49896139,52.5065845,13.3437155,,,n_playground
way,49905084,52.3909838,13.4188344,,,n_playground
way,49905085,52.390957,13.4175135,,,n_playground
way,50012617,52.5035453,13.3788669,,,n_playground
way,50161368,52.496678,13.5053174,,,n_playground
way,50161415,52.4969261,13.5048191,,,n_playground
way,50175267,52.4473399,13.4404567,Fulhamer Allee / Gutspark Britz,,n_playground
way,50228567,52.5122844,13.4797582,Spielplatz John-Sieg-Str.,,n_playground
way,50249122,52.5054413,13.4971013,Spielplatz Wönnich/Sophien,,n_playground
way,50249315,52.5042089,13.4960021,,,n_playground
way,50318199,52.6033873,13.3618529,,,n_playground
way,50727111,52.4611379,13.3349986,,12157,n_playground
way,50727412,52.4631641,13.3405128,Bienen Spielplatz,,n_playground
way,50727413,52.4645639,13.3422484,,,n_playground
way,50738707,52.4381452,13.4476219,Kita Erdmännchen,,n_playground
way,51017383,52.4390275,13.4500441,,,n_playground
way,51017416,52.4413767,13.4516382,,,n_playground
way,51017433,52.4423616,13.4550688,,,n_playground
way,51017442,52.4426594,13.4547602,,,n_playground
way,51017443,52.4422986,13.4547282,,,n_playground
way,51155391,52.4885648,13.3112118,,,n_playground
way,51387951,52.4405697,13.4443086,,,n_playground
way,51387954,52.4400378,13.4446918,Bolzplatz,,n_playground
way,51387955,52.4414168,13.4425649,,,n_playground
way,51391196,52.4377284,13.4453213,,,n_playground
way,51459554,52.5040887,13.4770376,Spielplatz Bahnhof,,n_playground
way,51459995,52.5169544,13.470524,,,n_playground
way,51503988,52.4884816,13.4392508,Weichselstr Spielplatz ,,n_playground
way,51511945,52.4533353,13.3266759,,,n_playground
way,51518157,52.4435671,13.4454471,,,n_playground
way,51563455,52.4190484,13.3839326,Fantasia Spielplatz,,n_playground
way,51691065,52.5420455,13.4428779,Kinderspielplatz Thomas-Mann-Straße,,n_playground
way,51735934,52.5064084,13.4271516,,,n_playground
way,51799144,52.5004899,13.4168038,,,n_playground
way,51799158,52.5031501,13.4229413,,,n_playground
way,51804422,52.5302652,13.3753498,,,n_playground
way,51817613,52.5486422,13.4103026,,,n_playground
way,51841185,52.5489704,13.4221816,,,n_playground
way,51844133,52.4963401,13.4099131,,,n_playground
way,51851691,52.5637112,13.3872193,,,n_playground
way,51851775,52.5669671,13.3873834,,,n_playground
way,51903494,52.5145428,13.4606442,,,n_playground
way,52045629,52.5083225,13.5111115,,,n_playground
way,52049841,52.478173,13.4340743,,,n_playground
way,52060131,52.3770093,13.091642,,,n_playground
way,52087489,52.4796942,13.4278335,,,n_playground
way,52091271,52.5132953,13.4431883,,,n_playground
way,52166451,52.501204,13.3904884,,,n_playground
way,52175079,52.3777729,13.0917071,,,n_playground
way,52205898,52.5041512,13.3934856,,,n_playground
way,52492444,52.5269927,13.4283472,,,n_playground
way,52492466,52.5290678,13.4350778,,,n_playground
way,52518485,52.5026966,13.4289419,,,n_playground
way,52525494,52.5023827,13.4176586,,,n_playground
way,52595439,52.4912556,13.5972113,,,n_playground
way,53003665,52.5243995,13.5436242,,,n_playground
way,53003668,52.5224565,13.5467618,,,n_playground
way,53015614,52.5427038,13.4450217,,,n_playground
way,53155300,52.5236345,13.5452115,,,n_playground
way,53275702,52.4912805,13.4217977,,,n_playground
way,53282885,52.3976563,13.0903118,,,n_playground
way,53332579,52.5359644,13.390015,,,n_playground
way,53378751,52.502853,13.4176262,,,n_playground
way,53506549,52.5401035,13.3803979,,,n_playground
way,53513425,52.538238,13.3833459,,,n_playground
way,53543130,52.5393598,13.3744891,,,n_playground
way,53543132,52.5393482,13.3749263,,,n_playground
way,53577194,52.5402481,13.401708,,,n_playground
way,54039592,52.4371406,13.5026521,,,n_playground
way,54039643,52.4394107,13.4981548,,,n_playground
way,54039706,52.4434553,13.5015572,,,n_playground
way,54242836,52.6229987,13.2347643,,,n_playground
way,54436330,52.5069445,13.4210973,,,n_playground
way,54440737,52.5414211,13.4180524,,,n_playground
way,54633600,52.4445736,13.5066786,,,n_playground
way,54732726,52.4530443,13.5058372,Spielplatz Brombeerwinkel,,n_playground
way,54733468,52.6087242,13.221672,,,n_playground
way,54739007,52.4912595,13.2944346,,,n_playground
way,54930133,52.5496671,13.4519002,Grüner Hering,13086,n_playground
way,55287186,52.4976865,13.4090514,,,n_playground
way,55386007,52.5335858,13.4144043,Abenteuerlicher Bauspielplatz Kolle 37,,n_playground
way,55414175,52.5073776,13.2690714,,,n_playground
way,55464110,52.49465,13.4416013,,,n_playground
way,55520996,52.5468295,13.398465,,,n_playground
way,55533151,52.545901,13.400821,,,n_playground
way,55682911,52.5184445,13.291495,,,n_playground
way,55937334,52.5635251,13.4243658,,,n_playground
way,57115121,52.6508515,13.3833277,,,n_playground
way,57388178,52.5295334,13.345764,,,n_playground
way,58008494,52.5567826,13.3276539,,,n_playground
way,58729724,52.6673986,13.2783948,,,n_playground
way,58980572,52.4879422,13.3518214,,,n_playground
way,59096767,52.4901715,13.317655,,,n_playground
way,59115558,52.5228132,13.4256622,,,n_playground
way,59285106,52.4972264,13.3824751,,,n_playground
way,59361026,52.4933271,13.3771183,Naturerfahrungsraum Gleisdreieck,,n_playground
way,59431390,52.5597469,13.4405753,,,n_playground
way,59524698,52.4967551,13.3593186,,,n_playground
way,59546574,52.3691865,13.7001727,,,n_playground
way,59755603,52.4877281,13.3410523,,,n_playground
way,60172887,52.575695,13.3584261,,,n_playground
way,60177970,52.4901967,13.3242386,Abenteuerspielplatz im Güntzelkiez,,n_playground
way,60183920,52.4854087,13.3251777,Spielplatz Wilhelmsaue,,n_playground
way,60193534,52.4836737,13.3089426,,,n_playground
way,60443941,52.4744335,13.4478622,,,n_playground
way,60448837,52.466346,13.3467751,,,n_playground
way,60541815,52.5778898,13.2815162,,,n_playground
way,60541818,52.5773511,13.2803175,,,n_playground
way,60697773,52.4487929,13.2460258,,,n_playground
way,61407042,52.5820645,13.4186615,,,n_playground
way,61407049,52.5825986,13.418514,,,n_playground
way,61407056,52.5824189,13.420508,,,n_playground
way,61409991,52.4634635,13.3139394,,,n_playground
way,61410744,52.5845977,13.4235715,,,n_playground
way,61882759,52.495799,13.4482817,,,n_playground
way,62187042,52.4999169,13.3685608,Pohlstraße,,n_playground
way,62197932,52.5977406,13.3063435,Spielplatz Steinbergpark,,n_playground
way,62237471,52.5693121,13.3896086,,,n_playground
way,64442646,52.54943,13.5058491,,,n_playground
way,64781927,52.4926405,13.4089402,,,n_playground
way,64781933,52.492137,13.4084375,,,n_playground
way,64781939,52.4926868,13.4087203,,,n_playground
way,65582682,52.491324,13.338675,,,n_playground
way,65622871,52.4291117,13.3169403,,,n_playground
way,66325819,52.5075761,13.4668419,Frosch-Spielplatz,10245,n_playground
way,66326300,52.5070736,13.4668547,,,n_playground
way,66751310,52.5169325,13.423552,Plansche,,n_playground
way,67361468,52.4793441,13.3750603,,,n_playground
way,67919536,52.5040494,13.5105332,,,n_playground
way,68440634,52.4775547,13.3814072,Fliegerspielplatz,,n_playground
way,68608095,52.5674882,13.407796,,,n_playground
way,68991857,52.5690148,13.4050813,,,n_playground
way,69245896,52.5493901,13.432591,,,n_playground
way,69245898,52.5500103,13.430773,,,n_playground
way,69607690,52.4479874,13.5095591,,,n_playground
way,69724811,52.5026791,13.4843222,Spielplatz Nöldnerplatz,,n_playground
way,69923091,52.4392864,13.4948386,,,n_playground
way,69923098,52.4370464,13.4982462,,,n_playground
way,69923158,52.4365028,13.4984514,,,n_playground
way,69923214,52.439066,13.4940483,,,n_playground
way,69923233,52.4376032,13.496324,,,n_playground
way,69923241,52.4375455,13.4980362,,,n_playground
way,69992970,52.4946549,13.4423087,,,n_playground
way,70526056,52.5554935,13.4608589,,,n_playground
way,71080703,52.5126563,13.5552011,,,n_playground
way,71175211,52.3990846,13.5662795,Rübenbahn,,n_playground
way,71396686,52.4336445,13.4227987,Wasserspielplatz Britzer Garten,,n_playground
way,71527199,52.4110145,13.3965673,,,n_playground
way,71588348,52.4214528,13.4025427,,,n_playground
way,71806639,52.4348314,13.5138379,,,n_playground
way,71895345,52.5474716,13.367603,,,n_playground
way,72045346,52.544592,13.3751776,Spielplatz Kolberger Straße,,n_playground
way,72136519,52.4197103,13.4205295,,,n_playground
way,73357603,52.3854359,13.4184973,,,n_playground
way,73357605,52.3858442,13.4182736,,,n_playground
way,73529348,52.5126233,13.4554833,Schlangenspielplatz,,n_playground
way,73669163,52.5848237,13.3696163,,,n_playground
way,73669169,52.5838644,13.3711417,,,n_playground
way,73673074,52.5863381,13.3606223,,,n_playground
way,73817544,52.450931,13.5269337,,,n_playground
way,73852969,52.5796203,13.4093574,,,n_playground
way,74073610,52.6740701,13.3230433,,,n_playground
way,74078249,52.5117605,13.4482003,,,n_playground
way,74089470,52.6740015,13.3173474,,,n_playground
way,74577324,52.6773033,13.4342876,,,n_playground
way,75120227,52.6134505,13.3040889,,,n_playground
way,75120228,52.6131857,13.304111,,,n_playground
way,75619189,52.5298845,13.4591871,,,n_playground
way,75619219,52.530587,13.4583732,,,n_playground
way,75687598,52.5343704,13.4096685,,,n_playground
way,75720124,52.4974745,13.3292332,,,n_playground
way,76240277,52.507744,13.3009358,Günter-Schwannecke-Spielplatz,,n_playground
way,77466247,52.570156,13.4163321,,,n_playground
way,78242289,52.589585,13.4345747,,,n_playground
way,79611139,52.4833191,13.4460227,,,n_playground
way,80150161,52.5837933,13.4055934,,,n_playground
way,80500822,52.5518555,13.5804694,,,n_playground
way,80883602,52.3424557,13.5184322,,,n_playground
way,81283703,52.3955607,13.4467325,,,n_playground
way,81526215,52.551417,13.4005,Wikinger-Spielplatz,,n_playground
way,82821734,52.6301392,13.2887289,Märchenspielplatz Welfenallee,,n_playground
way,83157823,52.4836173,13.417596,"Spielplatz ""Märchen aus 1001 Nacht""",,n_playground
way,83396045,52.4929316,13.3989869,,,n_playground
way,83730484,52.5110693,13.4592088,Plansche,,n_playground
way,83822429,52.4933391,13.403038,,,n_playground
way,83823514,52.4955731,13.4062797,,,n_playground
way,83824051,52.4937966,13.4143414,,,n_playground
way,84673457,52.5787964,13.4149668,Eisenbahnspielplatz,,n_playground
way,84792324,52.5356605,13.4291911,,,n_playground
way,84807754,52.5296829,13.4070634,,,n_playground
way,85609096,52.4115197,13.1367575,,,n_playground
way,85642674,52.5125117,13.473424,,,n_playground
way,85642683,52.5132826,13.4740489,,,n_playground
way,86206401,52.3752578,13.6183128,,,n_playground
way,86381484,52.486291,13.3622372,,,n_playground
way,87822519,52.5296125,13.1566163,,,n_playground
way,87845345,52.436419,13.555796,,,n_playground
way,87969268,52.482023,13.2946917,,,n_playground
way,88694280,52.4127327,13.3528616,,,n_playground
way,89646391,52.6104092,13.2474422,,,n_playground
way,89660811,52.6112048,13.25063,,,n_playground
way,90273942,52.4916855,13.4254654,Schneewittchen und die 7 Zwerge,12047,n_playground
way,90589714,52.5060107,13.3954865,,,n_playground
way,90596103,52.4091105,13.2535738,,,n_playground
way,90596122,52.4095411,13.2561557,,,n_playground
way,90596136,52.4107332,13.2532652,,,n_playground
way,91262777,52.4139866,13.2555794,Abenteuerspielplatz Ramsteinweg SP,,n_playground
way,92481946,52.4991312,13.3491653,,,n_playground
way,93258357,52.5753646,13.3077709,,,n_playground
way,93333451,52.6129648,13.2280279,,,n_playground
way,93333453,52.6123525,13.2276096,,,n_playground
way,93478911,52.4812405,13.2835387,,,n_playground
way,94368755,52.4761207,13.3163128,,,n_playground
way,94565940,52.3982838,13.2447656,Monkey Town,14513,n_playground
way,96137637,52.5352114,13.4381286,,,n_playground
way,96259005,52.5337811,13.4188053,,,n_playground
way,96860033,52.6138122,13.1963082,,,n_playground
way,97094929,52.5371985,13.3667906,,,n_playground
way,97242961,52.4430264,13.3868924,,,n_playground
way,97683402,52.5490826,13.2108891,Eine Welt,,n_playground
way,97947338,52.5734476,13.2231569,,,n_playground
way,98034515,52.4116537,13.5822383,Waldspielplatz Grünau,,n_playground
way,98158652,52.5275103,13.3811868,,,n_playground
way,98599370,52.5037787,13.4169787,,,n_playground
way,98669360,52.5893224,13.295238,,,n_playground
way,98891334,52.4325982,13.3847487,Spielplatz hinter der Kita,,n_playground
way,99664566,52.4699991,13.3451865,,,n_playground
way,100946114,52.5500464,13.3431057,,,n_playground
way,100983541,52.433821,13.3025706,,,n_playground
way,101165229,52.5499876,13.3755887,,,n_playground
way,101165233,52.5466521,13.3717475,,,n_playground
way,101206110,52.4101529,13.4155175,Roseneck Spielplatz,,n_playground
way,101261630,52.5272035,13.4481306,,,n_playground
way,101311946,52.5662328,13.5704935,,,n_playground
way,101413902,52.518534,13.3189977,,,n_playground
way,102688074,52.5177848,13.3020334,,,n_playground
way,102696345,52.5149784,13.2984164,,,n_playground
way,102806638,52.5578918,13.3288209,,,n_playground
way,102862986,52.5513221,13.3439843,,,n_playground
way,102864237,52.5506492,13.3451851,,,n_playground
way,102864242,52.5492832,13.3475628,,,n_playground
way,104397330,52.5386327,13.194282,,,n_playground
way,104397332,52.540767,13.1926123,,,n_playground
way,104648000,52.5105241,13.4689321,Müggel-Dschungel,,n_playground
way,104800525,52.4210823,13.461857,,,n_playground
way,104850373,52.4959326,13.4389208,,,n_playground
way,105210554,52.5271621,13.4039566,Abenteuerspielplatz Stadt der Kinder,10119,n_playground
way,105210564,52.527108,13.4004333,,,n_playground
way,105210644,52.5274705,13.4005726,,,n_playground
way,105213453,52.5488515,13.1924006,Spielplatz am Falkenhagener Tor,,n_playground
way,105277026,52.5485383,13.405085,,,n_playground
way,105481692,52.5390224,13.3483153,,,n_playground
way,105493885,52.4886995,13.429466,,,n_playground
way,105680261,52.5321373,13.61057,,,n_playground
way,105680292,52.5315748,13.6133289,,,n_playground
way,105680385,52.530496,13.6176858,,,n_playground
way,106654708,52.5156173,13.2992057,,,n_playground
way,106705221,52.5132122,13.3035165,Pippi Langstrumpf,,n_playground
way,106989153,52.5273394,13.1876123,,,n_playground
way,107311000,52.5449063,13.4343702,Spielplatz Preußstraße,,n_playground
way,107438657,52.5398726,13.4273343,,,n_playground
way,107509063,52.6241665,13.2223782,,,n_playground
way,107630004,52.5712322,13.3168528,,,n_playground
way,107630015,52.5715852,13.31893,,,n_playground
way,107667999,52.6147267,13.2176847,,,n_playground
way,107686637,52.488797,13.4637634,,,n_playground
way,107686644,52.4907112,13.4617053,,,n_playground
way,107688351,52.6149143,13.2241472,,,n_playground
way,107747048,52.4903233,13.4163114,,,n_playground
way,107822681,52.5266055,13.4038691,,,n_playground
way,108071186,52.4793268,13.2962693,,,n_playground
way,108090827,52.54152,13.3582303,,,n_playground
way,108230601,52.547703,13.3500691,,,n_playground
way,108475285,52.5038936,13.4284724,,,n_playground
way,108623074,52.4954791,13.446923,Lohmühlenspielplatz,,n_playground
way,108642913,52.4968619,13.4143642,,,n_playground
way,108958048,52.5357926,13.4446193,,,n_playground
way,109070721,52.567295,13.3122417,,,n_playground
way,109431974,52.5323229,13.4840526,,,n_playground
way,109849716,52.5552078,13.3053969,,,n_playground
way,109849719,52.5554916,13.3039493,,,n_playground
way,110433075,52.565925,13.3178268,,,n_playground
way,110729962,52.5151477,13.4452801,,,n_playground
way,111459041,52.5687025,13.3080517,,,n_playground
way,111544722,52.5485781,13.3415533,,,n_playground
way,112055701,52.3690577,13.142435,,,n_playground
way,112055756,52.3690911,13.1426455,,,n_playground
way,112055768,52.3692476,13.1429295,,,n_playground
way,112055789,52.3692688,13.1423115,,,n_playground
way,112071253,52.5345708,13.1398506,,,n_playground
way,112448327,52.3666384,13.1406773,,,n_playground
way,113507130,52.4930707,13.3501915,Hexenspielplatz,,n_playground
way,113589278,52.5245922,13.3969083,,,n_playground
way,113706746,52.5152687,13.4292011,,,n_playground
way,114102632,52.5266063,13.1482764,,,n_playground
way,114102633,52.5255844,13.1473388,,,n_playground
way,114102634,52.5266821,13.147807,,,n_playground
way,114102635,52.5258878,13.1481302,,,n_playground
way,114102636,52.5259887,13.1476464,,,n_playground
way,114111989,52.5691731,13.3242399,,,n_playground
way,114285335,52.4270227,13.543075,,,n_playground
way,114380411,52.4606867,13.3876008,,,n_playground
way,115100428,52.5074736,13.4648143,,,n_playground
way,115732572,52.529476,13.3186568,Kleinkinderspielplatz Wiebestraße,10553,n_playground
way,115738379,52.527161,13.3249985,,10553,n_playground
way,115740099,52.5257397,13.3331712,Spielplatz Zick-Zack Zwingli,10555,n_playground
way,115742761,52.5257942,13.3375101,,,n_playground
way,115742762,52.5255684,13.3366582,Spielplatz Ottopark,10555,n_playground
way,115743048,52.5232163,13.3364628,,,n_playground
way,115743470,52.5236209,13.3314896,,10555,n_playground
way,115749617,52.5211765,13.3326263,,10555,n_playground
way,115750040,52.5216718,13.3386491,Spielplatz mit Flusspferd,,n_playground
way,115751167,52.5201217,13.3516115,,10557,n_playground
way,115751740,52.5204562,13.357914,,,n_playground
way,115849396,52.597592,13.3382516,,,n_playground
way,116039912,52.6074754,13.3658392,Spielplatz Freizeitpark Lübars,13469,n_playground
way,116517353,52.4344634,13.5138927,,,n_playground
way,116651063,52.4911489,13.3798822,,,n_playground
way,116663278,52.632511,13.3692919,,,n_playground
way,116676295,52.5431806,13.3830412,,,n_playground
way,116676296,52.5458283,13.3845616,,,n_playground
way,116683853,52.546708,13.3824739,,,n_playground
way,116701403,52.5441602,13.3782652,,,n_playground
way,116702793,52.5435459,13.3733481,,,n_playground
way,116789574,52.5392376,13.3861759,,,n_playground
way,117061127,52.5037303,13.3605973,,,n_playground
way,117690179,52.5352406,13.3960869,Flugzeugspielplatz,,n_playground
way,117694386,52.5342332,13.3967337,Dinospielplatz,,n_playground
way,117762354,52.5107393,13.4736047,,,n_playground
way,117915389,52.5450296,13.4177972,Schneckenspielplatz,,n_playground
way,117949245,52.6332402,13.365476,,,n_playground
way,118447554,52.4643274,13.2979266,,,n_playground
way,118456741,52.4642686,13.3328984,,,n_playground
way,118514704,52.5519212,13.1755732,,,n_playground
way,118573975,52.5353229,13.4366364,,,n_playground
way,118603640,52.5152736,13.3462709,,,n_playground
way,118651173,52.546349,13.4198049,,,n_playground
way,118686810,52.5102481,13.3482227,,,n_playground
way,118758844,52.5369885,13.4324621,,,n_playground
way,119293387,52.4822882,13.3024595,,,n_playground
way,119760340,52.5890699,13.2896548,,,n_playground
way,119889981,52.472172,13.291492,Spielplatz am Krampasplatz,,n_playground
way,119889982,52.4722277,13.2955248,,,n_playground
way,119891688,52.4707688,13.2943342,,,n_playground
way,120315947,52.4621385,13.3952057,,,n_playground
way,120447355,52.5127818,13.415036,Spielplatz Köllnischer Park,,n_playground
way,120735540,52.5247153,13.2178366,,,n_playground
way,120853581,52.5318238,13.4217982,Raabeplatz,,n_playground
way,121068795,52.5265185,13.3587033,Moabiter Kinder-Hof,10557,n_playground
way,121219262,52.5259152,13.3568273,Spielplatz Seydlitzstraße,,n_playground
way,121284945,52.4439599,13.3934204,Wasserspielplatz,,n_playground
way,121284947,52.4440105,13.3938143,,,n_playground
way,121284948,52.4474956,13.3824749,,,n_playground
way,121380489,52.5361191,13.4290933,,,n_playground
way,121542647,52.3968891,13.2702913,,,n_playground
way,121543497,52.3985495,13.2715431,,,n_playground
way,121815309,52.5258418,13.3511741,,,n_playground
way,122302381,52.4293094,13.2576279,,,n_playground
way,122523907,52.586479,13.3011517,,,n_playground
way,122523908,52.574823,13.3427601,,,n_playground
way,122683247,52.5163192,13.4697892,Wiesenspielplatz,,n_playground
way,122684962,52.5106701,13.4708537,,,n_playground
way,122955715,52.4695211,13.4241153,,,n_playground
way,123000069,52.51535,13.4725402,Schleidenplatz,,n_playground
way,123012119,52.3874475,13.326014,,,n_playground
way,123216716,52.4128041,13.2998944,,,n_playground
way,123241775,52.4610603,13.4404533,,,n_playground
way,123277355,52.3948114,13.2757393,,,n_playground
way,123277413,52.3949968,13.2799445,,,n_playground
way,124081272,52.5564699,13.2280033,,,n_playground
way,124081273,52.5571118,13.2280139,,,n_playground
way,124081279,52.5483244,13.2336597,,,n_playground
way,124219992,52.4614426,13.4392899,,12347,n_playground
way,124266858,52.3312574,13.6345988,Spielplatz Kurpark Wildau,,n_playground
way,124350214,52.3567409,13.3978318,,,n_playground
way,124545302,52.5048981,13.3577488,,,n_playground
way,124700085,52.524055,13.2599797,,,n_playground
way,124773937,52.4792518,13.2942557,,,n_playground
way,124798551,52.603369,13.2213863,,,n_playground
way,125142524,52.4600728,13.4312975,,,n_playground
way,125156195,52.4770537,13.2914677,Spielplatz am Kolberger Platz,,n_playground
way,125163777,52.5095452,13.4564621,"Spielplatz ""El Hispano""",,n_playground
way,125513029,52.5353257,13.3546392,,,n_playground
way,125514386,52.5350603,13.3520332,,,n_playground
way,125567976,52.544784,13.2335305,,,n_playground
way,125649205,52.5551548,13.2158164,,,n_playground
way,125681302,52.5437131,13.2673037,Spielplatz im Siemenspark,,n_playground
way,125681308,52.5430971,13.2710137,,,n_playground
way,125744008,52.5443793,13.2863786,Spielplatz Jungfernheidepark,,n_playground
way,125787593,52.5411239,13.2345441,,,n_playground
way,125787594,52.5430395,13.2338037,,,n_playground
way,125813224,52.5454316,13.2496689,,,n_playground
way,125813225,52.545605,13.2494321,,,n_playground
way,125938656,52.5438446,13.2449638,,,n_playground
way,125938658,52.5438216,13.2451418,,,n_playground
way,125955240,52.5405633,13.2384545,,,n_playground
way,125955242,52.5402599,13.2374273,,,n_playground
way,125955243,52.5400706,13.2413911,,,n_playground
way,125955244,52.5397824,13.2403039,,,n_playground
way,126200887,52.5247158,13.3607559,,,n_playground
way,126247270,52.4494122,13.4529839,,12359,n_playground
way,126265091,52.5469028,13.2361569,,,n_playground
way,126441941,52.5479762,13.2338553,,,n_playground
way,127232367,52.4500779,13.511822,,,n_playground
way,127232370,52.4498418,13.5120427,,,n_playground
way,127232373,52.4503739,13.5115499,,,n_playground
way,127232383,52.4580114,13.4997158,,,n_playground
way,127521268,52.547375,13.2638418,,,n_playground
way,127729677,52.5441649,13.2650615,,,n_playground
way,128782666,52.4940408,13.3790334,Spielplatz Stangenwald,,n_playground
way,128782668,52.4937831,13.3784596,,,n_playground
way,128792270,52.4941692,13.3812145,,,n_playground
way,128821534,52.4510205,13.4089023,,,n_playground
way,128912359,52.4444926,13.4512701,,,n_playground
way,128959190,52.496701,13.3792522,Spielplatz Kinderzimmer,,n_playground
way,128997832,52.3746775,13.0992912,,,n_playground
way,129129181,52.5016276,13.3571041,,,n_playground
way,129217157,52.5363513,13.4659948,,,n_playground
way,129452928,52.5304026,13.1387685,,,n_playground
way,129737258,52.4950728,13.3054495,,,n_playground
way,129925165,52.5065126,13.4031582,,,n_playground
way,129925166,52.5064984,13.4034716,,,n_playground
way,130002115,52.4877472,13.3653657,,,n_playground
way,130467717,52.5681362,13.5262741,,,n_playground
way,130573019,52.5647172,13.4987848,,,n_playground
way,130697873,52.5893977,13.3008808,,,n_playground
way,130893928,52.49789,13.41803,,,n_playground
way,130893929,52.4981111,13.4158506,,,n_playground
way,130893931,52.4979182,13.4157114,,,n_playground
way,131252106,52.3379309,13.3917636,Am Anger,,n_playground
way,131475153,52.5384661,13.5795457,,,n_playground
way,131578009,52.4947385,13.4221892,Storchenspielplatz,,n_playground
way,131892620,52.5964258,13.3301964,Spielplatz Volkspark Wittenau,,n_playground
way,132208481,52.4485818,13.5288945,,,n_playground
way,132600965,52.4096587,13.3002548,,,n_playground
way,132631373,52.4992875,13.516547,,,n_playground
way,132917077,52.4914467,13.4393304,Ritterspielplatz,,n_playground
way,133267729,52.4890149,13.4312837,,,n_playground
way,133370848,52.5268727,13.4127834,Spielplatz an der Volksbühne,,n_playground
way,133468068,52.5791389,13.2879495,,,n_playground
way,134240816,52.4265618,13.6307347,Abenteuerspielplatz Rübezahl,,n_playground
way,134386517,52.3879139,13.2928164,,,n_playground
way,136124606,52.5954907,13.3873664,,,n_playground
way,136752883,52.538703,13.5790837,,,n_playground
way,137041458,52.4568103,13.4310873,,,n_playground
way,137050308,52.4616386,13.4285151,,,n_playground
way,137129702,52.4598857,13.4294027,,,n_playground
way,137168402,52.4915374,13.4263502,,12047,n_playground
way,137171681,52.4617257,13.421403,Spielplatz Hattenheimer Straße,12099,n_playground
way,137280614,52.443177,13.4343646,,,n_playground
way,137475509,52.4612969,13.4320842,,,n_playground
way,137970578,52.491792,13.4318455,,,n_playground
way,139227740,52.4946716,13.4306325,,,n_playground
way,139227741,52.4946778,13.4318583,Das Schiff,,n_playground
way,139712045,52.510819,13.5160916,,,n_playground
way,139825345,52.4523978,13.3520163,,,n_playground
way,140260907,52.4960317,13.2803926,,,n_playground
way,140383525,52.4670926,13.3086623,,,n_playground
way,141124501,52.4943388,13.4710779,Spielplatz Alt-Stralau 50,,n_playground
way,141534646,52.540629,13.5456154,,,n_playground
way,141546717,52.5369934,13.5466459,,,n_playground
way,141771169,52.5363805,13.1525569,,,n_playground
way,142689380,52.5161672,13.4971437,,,n_playground
way,142910814,52.4164713,13.575771,,,n_playground
way,143067855,52.4943837,13.4687777,Wasserspielplatz Alt-Stralau,,n_playground
way,143732123,52.4157912,13.3721463,,,n_playground
way,143737390,52.5564794,13.4398158,,,n_playground
way,144111009,52.4417414,13.5040043,,,n_playground
way,144256237,52.5116977,13.5779987,,,n_playground
way,145197464,52.4402791,13.5036477,,,n_playground
way,145420391,52.5378383,13.4222187,,,n_playground
way,145915296,52.4730048,13.2840277,,,n_playground
way,146765907,52.5275647,13.405913,Wunsch-Garten,,n_playground
way,146979103,52.5907481,13.4276142,,,n_playground
way,147228425,52.5119021,13.3989696,,,n_playground
way,147395496,52.4998163,13.3595886,,,n_playground
way,147433120,52.5480655,13.3603893,Kinderspielplatz,,n_playground
way,147585733,52.4897665,13.3441328,,,n_playground
way,148002542,52.5520865,13.5608275,Seilbahn,,n_playground
way,148006870,52.5582166,13.5567978,,,n_playground
way,148009437,52.5592119,13.5577391,,,n_playground
way,148009440,52.5591486,13.5580923,,,n_playground
way,148009442,52.5589711,13.5585676,,,n_playground
way,148009444,52.556042,13.5564443,,,n_playground
way,148010099,52.5593377,13.5601092,,,n_playground
way,148055413,52.424027,13.3212289,,,n_playground
way,148090095,52.4084217,13.3548301,,,n_playground
way,148090908,52.4037433,13.3526878,,,n_playground
way,148117219,52.4038832,13.5455219,,,n_playground
way,148334096,52.6765432,13.2568705,,,n_playground
way,148369345,52.488287,13.3293537,,,n_playground
way,148420345,52.3572935,13.3015363,Alter Knacker,,n_playground
way,148614192,52.4466804,13.5788249,,,n_playground
way,148685910,52.6787609,13.242503,,,n_playground
way,148870945,52.5120977,13.4003308,,,n_playground
way,148885044,52.4693831,13.3003911,,,n_playground
way,148965550,52.5602024,13.5641108,,,n_playground
way,150107793,52.4743959,13.2847795,,,n_playground
way,150108870,52.472246,13.2818892,,,n_playground
way,150108871,52.4725732,13.281482,,,n_playground
way,150733433,52.4218511,13.2448098,,,n_playground
way,151379870,52.3660856,13.1369374,"Spielwelt, Slatan-Dudow-Straße/Priesterweg, 14480 Potsdam",,n_playground
way,151483009,52.4916143,13.4422014,,,n_playground
way,151742545,52.4060495,13.507229,,,n_playground
way,151822601,52.503551,13.2605343,,,n_playground
way,152192707,52.4847603,13.4388627,,,n_playground
way,152495110,52.4202027,13.5341621,Zentralpark Altglienicke mit Spielplatz Rapunzelstraße/Zum alten Windmühlenberg,,n_playground
way,152495122,52.4206733,13.5318266,,,n_playground
way,152709277,52.4045603,13.5449966,,,n_playground
way,153094324,52.5461234,13.5994395,,,n_playground
way,153101908,52.5421158,13.5974157,,,n_playground
way,153260635,52.393323,13.5831489,Eichbuschplatz,,n_playground
way,153991931,52.5188397,13.5907998,,,n_playground
way,154376779,52.4752569,13.3324401,,,n_playground
way,154687890,52.4058504,13.3921303,,,n_playground
way,154850124,52.4183434,13.5459337,,,n_playground
way,154946208,52.5067537,13.4634162,,,n_playground
way,155090867,52.5031591,13.5669339,,,n_playground
way,155090868,52.5033169,13.5664149,,,n_playground
way,155090869,52.5033919,13.566788,,,n_playground
way,155496705,52.5114426,13.4869633,,,n_playground
way,155841536,52.5602624,13.1526099,,,n_playground
way,156817095,52.433649,13.4848021,,,n_playground
way,157214107,52.5123895,13.5352345,,,n_playground
way,157214109,52.5120745,13.5356068,,,n_playground
way,157367058,52.415166,13.4890916,,,n_playground
way,157449821,52.4124303,13.4843332,,,n_playground
way,157913767,52.5040505,13.3553757,,,n_playground
way,158419821,52.5261967,13.4726305,Rudolf-Seiffert-Straße Grünzug Sprühanlage,,n_playground
way,158447962,52.5346311,13.2891419,,,n_playground
way,158904224,52.6616642,13.2737331,Osramplatz,,n_playground
way,159073669,52.5636134,13.4265463,,,n_playground
way,159249218,52.420552,13.280457,,,n_playground
way,159265266,52.4193088,13.2813151,,,n_playground
way,159270098,52.4201436,13.2793394,,,n_playground
way,159378937,52.5402409,13.4236936,,,n_playground
way,159390581,52.4190366,13.2751154,,,n_playground
way,159390582,52.4194004,13.2765427,,,n_playground
way,160039357,52.5628995,13.4195529,,,n_playground
way,160395197,52.5207044,13.3188222,,,n_playground
way,160395199,52.5204986,13.3184974,,,n_playground
way,160416767,52.5605374,13.424997,,,n_playground
way,160464960,52.6093385,13.4214664,,,n_playground
way,160976151,52.5091246,13.3198117,,,n_playground
way,161213979,52.5542387,13.5801099,,,n_playground
way,161213981,52.5400142,13.5439365,,,n_playground
way,161213983,52.5451171,13.5472344,,,n_playground
way,161213986,52.553711,13.5574609,,,n_playground
way,161213987,52.53502,13.5878417,,,n_playground
way,161213988,52.5585403,13.5662303,,,n_playground
way,161213991,52.5486621,13.5780911,,,n_playground
way,161213993,52.5318559,13.5395089,,,n_playground
way,161213994,52.5576476,13.5702996,,,n_playground
way,161213996,52.5520435,13.5839858,,,n_playground
way,161797960,52.413981,13.4902872,,,n_playground
way,161887381,52.4938206,13.3288858,Zirkus Aladin,,n_playground
way,161955636,52.4992771,13.3334107,Spielplatz der Kita KWG,,n_playground
way,162122449,52.4386258,13.5041225,,,n_playground
way,162122450,52.4385259,13.503793,,,n_playground
way,162277345,52.334443,13.6499771,,,n_playground
way,163232157,52.5250872,13.5721874,,,n_playground
way,163232158,52.5251897,13.5699026,,,n_playground
way,163232159,52.526458,13.5740141,,,n_playground
way,163232318,52.5273637,13.5716946,,,n_playground
way,163244676,52.5262204,13.4550146,,,n_playground
way,163475866,52.5597102,13.4091334,KiezKlub Pankow,,n_playground
way,164084143,52.3961383,13.6311036,,,n_playground
way,164116938,52.4738562,13.3707328,,,n_playground
way,164178992,52.5279583,13.414451,,,n_playground
way,164199811,52.47346,13.3746778,,,n_playground
way,165306401,52.4398084,13.4684082,,,n_playground
way,165306402,52.4427056,13.4633342,,,n_playground
way,165832995,52.5243074,13.4054138,,,n_playground
way,165884883,52.5957049,13.3577059,,,n_playground
way,166193674,52.5303323,13.4328425,,,n_playground
way,166305581,52.4109197,13.4219016,,,n_playground
way,166307564,52.4125359,13.4236978,,,n_playground
way,166307566,52.412452,13.4241056,,,n_playground
way,167517807,52.4691207,13.346405,,,n_playground
way,168311098,52.5151433,13.4518069,,,n_playground
way,169622411,52.5256115,13.3490965,,,n_playground
way,169697778,52.6092272,13.2837443,Waldspielplatz Hermsdorf,,n_playground
way,169711536,52.5447781,13.3980626,degewo Graunstraße,,n_playground
way,169774952,52.4996734,13.510011,,,n_playground
way,169777210,52.5470119,13.3960002,,,n_playground
way,169926969,52.5183553,13.6999552,Piratenspielplatz,,n_playground
way,170127928,52.4703194,13.5849471,,,n_playground
way,170174807,52.4676786,13.3840482,,,n_playground
way,170174808,52.4666554,13.3713158,,,n_playground
way,170244084,52.5049139,13.464845,S-Bahn Spielplatz,,n_playground
way,171168226,52.4539053,13.3662561,,,n_playground
way,171438361,52.4896884,13.3364131,,,n_playground
way,171461688,52.5538682,13.3394912,,,n_playground
way,171461690,52.5522305,13.342371,,,n_playground
way,172077477,52.5311268,13.4746556,,,n_playground
way,173300603,52.4190161,13.4999809,,,n_playground
way,173928337,52.5852944,13.3670604,,,n_playground
way,173954097,52.4727789,13.3335097,,,n_playground
way,173954725,52.4722724,13.3323077,,,n_playground
way,174198762,52.5035638,13.3863795,,10963,n_playground
way,174788182,52.6691895,13.2669474,,,n_playground
way,175567439,52.4678345,13.3225017,,,n_playground
way,175763296,52.5102294,13.5881496,,,n_playground
way,176501762,52.5025919,13.3771198,,,n_playground
way,177092243,52.5259699,13.590369,,,n_playground
way,177148320,52.5193398,13.6024506,,,n_playground
way,177148704,52.5195323,13.6023634,,,n_playground
way,177338091,52.5458522,13.2628675,,,n_playground
way,177861193,52.4424581,13.5404242,Waldspielplatz,,n_playground
way,177947764,52.4480952,13.6350316,,,n_playground
way,178153623,52.5385286,13.3917397,,,n_playground
way,178229733,52.5633792,13.5222988,,,n_playground
way,178489010,52.4941067,13.5114544,,,n_playground
way,178489011,52.4940546,13.5108413,Wasserspielplatz,,n_playground
way,178621262,52.5393117,13.3849283,,,n_playground
way,178676104,52.4198521,13.4786687,,,n_playground
way,178676106,52.4201319,13.4797689,,,n_playground
way,178693996,52.4219406,13.4749216,,,n_playground
way,179159036,52.6563098,13.2833495,,,n_playground
way,179245504,52.539798,13.3867688,,,n_playground
way,179245505,52.539939,13.386159,,,n_playground
way,179245506,52.5399865,13.3865915,,,n_playground
way,179245509,52.5400879,13.3867555,,,n_playground
way,179251783,52.5376821,13.3877983,,,n_playground
way,179304088,52.5328316,13.4362294,Spielplatz Arnswalder Platz 1,,n_playground
way,179304090,52.5324595,13.4371142,Spielplatz Arnswalder Platz 2,,n_playground
way,179419116,52.3916523,13.2697788,,,n_playground
way,179751595,52.4989616,13.431446,,,n_playground
way,180145288,52.5173256,13.4668286,Drachenspielplatz,,n_playground
way,180232878,52.5220776,13.6216584,,,n_playground
way,180239929,52.3884781,13.4989432,,,n_playground
way,180535662,52.551222,13.4337258,,,n_playground
way,180867768,52.4724306,13.3849033,Kinderspielplatz Bonifatius Buchenblatt,,n_playground
way,181087586,52.41558,13.4882693,,,n_playground
way,181471191,52.5024,13.1873488,,,n_playground
way,181481745,52.4899832,13.4825254,,,n_playground
way,181669495,52.5646458,13.5228671,,,n_playground
way,181669496,52.5543015,13.518812,,,n_playground
way,181669497,52.5621923,13.529001,Vincent-Spielplatz,,n_playground
way,182067053,52.5308766,13.4990454,,,n_playground
way,182084276,52.5385309,13.4328934,,,n_playground
way,182088951,52.5487811,13.4457327,,,n_playground
way,183383745,52.4467137,13.271232,,,n_playground
way,183383765,52.4554904,13.2710249,,,n_playground
way,183476775,52.6302797,13.1904822,Waldspielplatz,,n_playground
way,184132074,52.4926446,13.4393554,,,n_playground
way,184622462,52.497568,13.3221862,,,n_playground
way,184921522,52.5256864,13.5678214,,,n_playground
way,185356502,52.4775362,13.296383,,,n_playground
way,185403286,52.5181101,13.320174,,,n_playground
way,185403646,52.5181488,13.3114392,Löwenspielplatz,,n_playground
way,185426376,52.5220647,13.3045497,Spielplatz Caprivibrücke,,n_playground
way,185426868,52.5210733,13.3027122,Spielplatz Charlottenburger Ufer 7,10587,n_playground
way,185427163,52.5167727,13.31834,Spielplatz Kohlrauschstraße,,n_playground
way,185427361,52.5179364,13.3132896,Spielplatz Dorfkirche Lietzow,,n_playground
way,185867139,52.4406582,13.5919145,,,n_playground
way,185950724,52.4844476,13.4218964,,,n_playground
way,186003343,52.5129736,13.3178365,Spielplatz Marie-Elisabeth-Lüders-Straße,,n_playground
way,186004300,52.5155998,13.3169771,,,n_playground
way,186070313,52.4803823,13.385472,,,n_playground
way,186074029,52.4814163,13.3818707,,,n_playground
way,186105679,52.5167678,13.3177415,,,n_playground
way,186559475,52.518114,13.3263436,,,n_playground
way,187102246,52.503133,13.3098588,,,n_playground
way,187115298,52.4368852,13.5424825,Anna-Seghers-Straße,12489,n_playground
way,187200393,52.5194446,13.3159489,,,n_playground
way,187702520,52.5312782,13.3931658,,,n_playground
way,188664603,52.552615,13.3632029,Spielplatz Liebenwalder Straße,,n_playground
way,188664604,52.550284,13.3594777,Malplaquestraße Spielplatz,,n_playground
way,188664605,52.5510535,13.3608417,Kleinkinderspielplatz,,n_playground
way,188985940,52.6038347,13.4178847,,,n_playground
way,188985941,52.607904,13.4202591,,,n_playground
way,191158071,52.5357465,13.5049357,,,n_playground
way,191362775,52.547831,13.5514924,Verkehrsgarten der Peter-Pan-Grundschule,,n_playground
way,191363096,52.5199288,13.4671692,,,n_playground
way,192989137,52.4895774,13.3206932,,,n_playground
way,193113142,52.5195364,13.5820498,,,n_playground
way,193315140,52.5191191,13.5818876,,,n_playground
way,194097248,52.4984038,13.5101025,,,n_playground
way,194114330,52.5010916,13.3525004,,,n_playground
way,194793329,52.4196345,13.5074204,Spielplatz Pfarrer-Heß-Weg,12355,n_playground
way,194831349,52.4842987,13.3150673,,,n_playground
way,195100350,52.5004662,13.3720857,Holzspielplatz im Gleisdreieckpark,,n_playground
way,195257585,52.43678,13.2783449,,,n_playground
way,195712047,52.4698675,13.3218464,,,n_playground
way,198756373,52.5210092,13.2749291,,,n_playground
way,198768678,52.5350458,13.2072309,,,n_playground
way,199139835,52.6721653,13.5549312,,,n_playground
way,199206848,52.4867704,13.4174263,Volkspark Hasenheide - Spielplatz III,,n_playground
way,199769073,52.4632455,13.5118536,,,n_playground
way,199903778,52.4626949,13.4176654,Spielplatz Rohrbeckstraße,12099,n_playground
way,200000332,52.5370387,13.4412829,,,n_playground
way,201509105,52.432908,13.3009803,,,n_playground
way,201540387,52.4808941,13.4400892,,,n_playground
way,202393751,52.525314,13.1790165,,,n_playground
way,203193478,52.5589617,13.500879,,,n_playground
way,203844168,52.3901968,13.1285973,,,n_playground
way,203844234,52.5912713,13.3518652,,,n_playground
way,204666794,52.5259416,13.3918704,,,n_playground
way,204912045,52.5669712,13.313411,,,n_playground
way,204969979,52.5455657,13.4250783,,,n_playground
way,205630107,52.4203991,13.7553976,,,n_playground
way,205726271,52.4933626,13.195001,,,n_playground
way,206197701,52.4329483,13.2803614,,,n_playground
way,206197714,52.432718,13.2779476,,,n_playground
way,206197959,52.432952,13.2783466,,,n_playground
way,206259762,52.5346378,13.2883638,,,n_playground
way,208507097,52.4437882,13.2807,,,n_playground
way,209055115,52.5551284,13.3818376,,,n_playground
way,213264223,52.5404078,13.5895672,,,n_playground
way,213266983,52.5411826,13.5927201,,,n_playground
way,213267787,52.5400052,13.5877764,,,n_playground
way,213273446,52.4146329,13.3520942,,,n_playground
way,213883715,52.400232,13.5041226,,,n_playground
way,214334969,52.4682194,13.3832466,,,n_playground
way,215134647,52.4911901,13.3929324,,10961,n_playground
way,215167450,52.490021,13.393433,,,n_playground
way,215232400,52.5381593,13.2645915,,,n_playground
way,216046667,52.4197818,13.3438848,,,n_playground
way,216060880,52.6488246,13.53154,"Spielplatz ""Küßnachter Straße""",,n_playground
way,216737262,52.6020494,13.4237662,,,n_playground
way,216928031,52.4287637,13.2963059,,,n_playground
way,217186476,52.4876965,13.5291682,,,n_playground
way,217779677,52.663343,13.5454871,"Spielplatz ""Pfingstberg""",,n_playground
way,218037703,52.4450892,13.3781357,,,n_playground
way,218388497,52.4794641,13.4431867,,,n_playground
way,218774519,52.443581,13.3778149,,,n_playground
way,218949535,52.4757467,13.3720757,,,n_playground
way,218950653,52.4761829,13.3742597,Buddelkiste,,n_playground
way,219674514,52.5185698,13.3566783,,,n_playground
way,219699293,52.5687773,13.3887408,Kinderbauernhof Pinke-Panke,13156,n_playground
way,219999209,52.4949853,13.5216933,,,n_playground
way,220076636,52.4510805,13.3108516,,,n_playground
way,220076637,52.4508057,13.3119935,,,n_playground
way,220369457,52.6653869,13.583603,,,n_playground
way,220543463,52.5680299,13.3697648,Spielplatz Amendestraße/Hausotterstraße,,n_playground
way,220543465,52.569171,13.3693385,Spielplatz Amendestraße/ Raschdorffstraße,,n_playground
way,220667012,52.4922696,13.3356247,,,n_playground
way,220753253,52.4548676,13.3098185,,,n_playground
way,220802670,52.5473439,13.3671881,Spielplatz Adolfpark,,n_playground
way,221138856,52.6004378,13.288912,,,n_playground
way,221316587,52.5176164,13.4981143,,,n_playground
way,221320737,52.5157209,13.5817787,,,n_playground
way,221397281,52.4996621,13.372033,,,n_playground
way,221444741,52.5000515,13.3723592,,,n_playground
way,221444742,52.4984881,13.3700104,Wasserspielplatz im Gleisdreieckpark,,n_playground
way,221497938,52.5109333,13.6153225,,,n_playground
way,221882941,52.5514363,13.3631143,Spielplatz Groninger Straße,,n_playground
way,221952976,52.4510545,13.3842185,,,n_playground
way,221991737,52.447025,13.3837002,,,n_playground
way,221991740,52.4474367,13.3834105,,,n_playground
way,222001863,52.4522706,13.3857247,,,n_playground
way,222533674,52.5593055,13.3489268,,,n_playground
way,222533675,52.5597504,13.3481004,,,n_playground
way,222533676,52.5600406,13.3466787,Wasserspielplatz Plansche,,n_playground
way,222568148,52.5870995,13.3975096,Spielplatz Uhlandstraße/Waldstraße,,n_playground
way,222622338,52.4459246,13.392181,,,n_playground
way,222938367,52.5742245,13.4055289,,,n_playground
way,223298146,52.519951,13.6137422,,,n_playground
way,223426538,52.5188882,13.359231,,,n_playground
way,223441572,52.3616058,13.32952,,,n_playground
way,224727444,52.531203,13.4575786,,,n_playground
way,225052059,52.5143458,13.4325053,,,n_playground
way,225913108,52.4569021,13.3317204,,,n_playground
way,225913361,52.4320303,13.4079398,"Sonne, Mond und Sterne",,n_playground
way,226947016,52.6223547,13.2343907,,,n_playground
way,226982004,52.4072185,13.567101,,,n_playground
way,227333112,52.5435669,13.5638508,,,n_playground
way,227345117,52.4653768,13.3894243,,,n_playground
way,227354342,52.3761274,13.1380203,,,n_playground
way,227479795,52.4548367,13.5133286,,,n_playground
way,228652478,52.4983544,13.3705787,,,n_playground
way,228652480,52.4980544,13.3697235,Waldspielplatz,,n_playground
way,229167129,52.4150539,13.3931628,,,n_playground
way,229274353,52.4025498,13.4155626,,,n_playground
way,229329302,52.3935287,13.4206976,,,n_playground
way,230038047,52.451782,13.5761518,,,n_playground
way,230101623,52.5332822,13.5396858,,,n_playground
way,230116163,52.5071758,13.6113922,,,n_playground
way,230116167,52.5070433,13.6102955,,,n_playground
way,230559087,52.4903632,13.5184108,,,n_playground
way,230559094,52.4883507,13.5190474,,,n_playground
way,231098230,52.4937034,13.5047543,,,n_playground
way,231191361,52.5565625,13.3297652,,,n_playground
way,231649907,52.4635533,13.3216287,,,n_playground
way,231649911,52.4636923,13.3210937,,,n_playground
way,232040762,52.4915737,13.4385543,,,n_playground
way,232278534,52.4630024,13.3231542,,,n_playground
way,233129441,52.4378123,13.3438819,,,n_playground
way,233154343,52.4161088,13.3675236,Piratenspielplatz,,n_playground
way,233425630,52.4165737,13.2383117,,,n_playground
way,234463944,52.5221531,13.4065131,,,n_playground
way,234756135,52.5575782,13.4626838,,,n_playground
way,234796499,52.5568583,13.4317406,,,n_playground
way,234796500,52.5571613,13.4322833,,,n_playground
way,234796501,52.5564952,13.4312272,,,n_playground
way,234798426,52.5547748,13.4310749,,,n_playground
way,234807299,52.5590082,13.4343482,,,n_playground
way,235025895,52.5653747,13.4376954,,,n_playground
way,235287307,52.5574025,13.4736588,,,n_playground
way,235414360,52.5567936,13.4754497,,,n_playground
way,235452832,52.4651092,13.4382359,,,n_playground
way,235923608,52.5007756,13.3562889,Else Lasker-Schüler Spielplatz,,n_playground
way,236675515,52.5399734,13.1353708,,,n_playground
way,236677394,52.5439116,13.1704157,,,n_playground
way,236787847,52.5019812,13.4424959,Spielplatz Bevernstraße,,n_playground
way,237484637,52.4672708,13.3046128,,,n_playground
way,237510862,52.5106242,13.4600214,,,n_playground
way,237986196,52.4421606,13.5690605,,,n_playground
way,238041970,52.6083321,13.4265058,,,n_playground
way,238081409,52.6074691,13.4190645,,,n_playground
way,238307028,52.4929849,13.4116403,,,n_playground
way,238428388,52.6125641,13.4249775,,,n_playground
way,238481668,52.6122888,13.4293892,,,n_playground
way,238804617,52.5104238,13.4486988,Dschungelspielplatz,,n_playground
way,238861089,52.556201,13.303785,,,n_playground
way,239049142,52.5050562,13.4290146,,,n_playground
way,239049143,52.5050484,13.4278447,,,n_playground
way,239049144,52.5044155,13.429661,,,n_playground
way,239049145,52.5046367,13.4291815,,,n_playground
way,239049147,52.5049049,13.4297707,,,n_playground
way,239341517,52.5285629,13.5925743,,,n_playground
way,239390501,52.5296951,13.5775874,,,n_playground
way,239390596,52.5281453,13.575556,,,n_playground
way,239390603,52.5281348,13.5764385,,,n_playground
way,239390606,52.5289523,13.5763285,,,n_playground
way,239390608,52.5297118,13.5756405,,,n_playground
way,239390610,52.5289661,13.5754045,,,n_playground
way,239398434,52.5003995,13.4183355,,,n_playground
way,239574680,52.6091226,13.4158981,Aktivspielplatz Franz B.,,n_playground
way,240350183,52.5745662,13.3096231,,,n_playground
way,241922286,52.5294572,13.681944,,,n_playground
way,242176033,52.3556061,13.4157059,,,n_playground
way,242834239,52.5516468,13.3853775,,,n_playground
way,243123037,52.6060628,13.3579159,,,n_playground
way,243123131,52.6061382,13.3586295,,,n_playground
way,243125334,52.5705558,13.3745787,,,n_playground
way,243125335,52.5690082,13.3637257,,,n_playground
way,243911465,52.5245919,13.39802,,,n_playground
way,244919687,52.5147379,13.5788689,,,n_playground
way,245215222,52.5145207,13.4616721,,,n_playground
way,246466879,52.4933312,13.4760361,,,n_playground
way,246466880,52.4933865,13.4763873,,,n_playground
way,246466881,52.4933378,13.4766529,,,n_playground
way,246909705,52.5411762,13.4505515,,,n_playground
way,248211891,52.508559,13.2892667,,,n_playground
way,248318378,52.531143,13.3321353,Spielplatz am Kinderdorf,,n_playground
way,251950319,52.4886474,13.3713258,,,n_playground
way,252601899,52.5309469,13.4828038,Spielplatz Elli,,n_playground
way,252729160,52.6710159,13.5517358,,,n_playground
way,252729501,52.6710007,13.5507988,,,n_playground
way,252729620,52.6712446,13.5529523,,,n_playground
way,253117626,52.4382501,13.2730354,,,n_playground
way,253117627,52.4390099,13.2755463,,,n_playground
way,253117628,52.4386398,13.2742441,,,n_playground
way,253472880,52.4397473,13.3186163,,,n_playground
way,254660680,52.4275065,13.209112,,,n_playground
way,255518624,52.3624371,13.4389297,,,n_playground
way,255707832,52.5655491,13.5928145,,,n_playground
way,258171857,52.5671598,13.3705155,,,n_playground
way,258926532,52.5393385,13.6455909,,,n_playground
way,260204856,52.3892443,13.095877,,,n_playground
way,260428139,52.5642051,13.4059643,,,n_playground
way,260653427,52.5165701,13.4393315,,,n_playground
way,260826793,52.4252379,13.3693525,,,n_playground
way,261525582,52.5247988,13.4583587,,,n_playground
way,261869096,52.4454846,13.3122971,,,n_playground
way,261876950,52.4694779,13.3264107,,,n_playground
way,263377355,52.4772018,13.7002085,,,n_playground
way,263805622,52.5148988,13.4550213,,,n_playground
way,263825994,52.5211815,13.4274618,Spielplatz und Plansche Weydemeyerstraße,,n_playground
way,265221200,52.4527283,13.5176213,,,n_playground
way,265498171,52.3920849,13.4174789,,,n_playground
way,265772231,52.4309605,13.3546866,,,n_playground
way,266087430,52.5086733,13.3104734,,,n_playground
way,266087432,52.5080589,13.3104568,Spielplatz Karl-August-Platz,,n_playground
way,266153210,52.5082323,13.3030433,,,n_playground
way,266700572,52.4997654,13.4187784,,,n_playground
way,266772102,52.5110997,13.2451058,,,n_playground
way,266804712,52.5024421,13.258395,,,n_playground
way,266827027,52.4965981,13.5359673,Spielplatz Roßmäßlerstraße,,n_playground
way,266857091,52.5183112,13.581995,,,n_playground
way,266886276,52.5550334,13.3809269,,,n_playground
way,267253950,52.5048314,13.3150012,Klein Lummerland,10629,n_playground
way,267329618,52.5567738,13.386362,,,n_playground
way,267769509,52.5251803,13.3190169,,,n_playground
way,267914196,52.6391845,13.7223081,,,n_playground
way,268062132,52.6314041,13.3947004,Waldspielplatz Blankenfelde,,n_playground
way,269127507,52.5113033,13.474431,Affenspielplatz,,n_playground
way,269224432,52.5585437,13.3832897,,,n_playground
way,269224434,52.5581216,13.3832,,,n_playground
way,269800526,52.5422235,13.4293666,,,n_playground
way,270067984,52.5578292,13.3958334,,,n_playground
way,270653824,52.5596192,13.3838876,,,n_playground
way,270849466,52.5048604,13.4663582,,,n_playground
way,271412608,52.5271451,13.4693208,,,n_playground
way,271744532,52.5273251,13.4694174,,,n_playground
way,271964818,52.466257,13.5106415,Spielplatz Schöne Weide,,n_playground
way,272433670,52.5165087,13.4352906,,,n_playground
way,273012226,52.5225726,13.5312134,,,n_playground
way,273012227,52.5229264,13.5311593,,,n_playground
way,274678419,52.5169205,13.4343357,,,n_playground
way,274816435,52.5155639,13.4336905,,,n_playground
way,275251362,52.545018,13.1793793,,,n_playground
way,275959355,52.5616477,13.3848939,,,n_playground
way,275982860,52.5126142,13.5921537,,,n_playground
way,276957993,52.5242616,13.7583966,,,n_playground
way,278278489,52.4996267,13.5300849,,,n_playground
way,278803234,52.3603735,13.0899562,,,n_playground
way,279972909,52.5471141,13.3551904,,,n_playground
way,280295792,52.4151513,13.7580286,,,n_playground
way,280419185,52.4403674,13.3930098,,,n_playground
way,281249216,52.5682192,13.4200691,,,n_playground
way,281402612,52.5663859,13.5577664,,,n_playground
way,281402870,52.5665943,13.5570726,,,n_playground
way,281412258,52.5675135,13.5574478,,,n_playground
way,281412259,52.5673493,13.5582664,,,n_playground
way,281414680,52.567372,13.5514322,,,n_playground
way,281415159,52.5678004,13.5511314,,,n_playground
way,281422024,52.5678283,13.5528327,,,n_playground
way,281422926,52.5670614,13.5534539,,,n_playground
way,281610127,52.4897007,13.5223268,,,n_playground
way,281649127,52.5682941,13.5593556,,,n_playground
way,281651046,52.5708876,13.5615639,,,n_playground
way,281654200,52.5685971,13.5613784,,,n_playground
way,281996701,52.4722133,13.1280515,,,n_playground
way,281996702,52.4720392,13.1281416,,,n_playground
way,282047697,52.4731935,13.1310467,,,n_playground
way,282047699,52.4733474,13.1312144,,,n_playground
way,282047700,52.4733575,13.1309514,,,n_playground
way,282047701,52.4731382,13.1297279,,,n_playground
way,282157583,52.5324215,13.3373776,,,n_playground
way,282158854,52.5318683,13.3379561,,,n_playground
way,282430581,52.6182421,13.3384145,,,n_playground
way,282430582,52.6176789,13.3381621,,,n_playground
way,282505993,52.4196457,13.4334688,,,n_playground
way,282593027,52.4235797,13.4327148,,,n_playground
way,282632556,52.467281,13.5760007,,,n_playground
way,282635022,52.4660952,13.5780708,,,n_playground
way,282669869,52.5162992,13.714435,,,n_playground
way,282792413,52.4168157,13.4335778,,,n_playground
way,282792415,52.4175021,13.4336441,,,n_playground
way,283098143,52.4958383,13.364558,Spielplatz Kirchbachspitze,,n_playground
way,283421915,52.4621802,13.5247352,,,n_playground
way,283587375,52.5045499,13.467069,,,n_playground
way,283587771,52.5276461,13.70636,,,n_playground
way,283624424,52.4961914,13.3645156,,,n_playground
way,283657855,52.5094232,13.6920455,,,n_playground
way,283858476,52.5217964,13.7041907,,,n_playground
way,283922889,52.517022,13.2000174,,,n_playground
way,284556876,52.5370953,13.2014068,,,n_playground
way,284567990,52.543416,13.2086231,,,n_playground
way,284591204,52.4815213,13.3531438,,,n_playground
way,284942647,52.529286,13.3256296,,,n_playground
way,285187028,52.5464515,13.2042443,Költzepark,,n_playground
way,285603910,52.5298587,13.1897392,,,n_playground
way,285823376,52.5293141,13.3263984,,,n_playground
way,285892248,52.4230291,13.4795268,Pippi-Langstrumpf-Spielplatz,,n_playground
way,285920761,52.5221255,13.1681324,,,n_playground
way,285920809,52.5223136,13.168636,,,n_playground
way,286062830,52.5363944,13.1447771,,,n_playground
way,286198282,52.4211079,13.4046645,,,n_playground
way,286230692,52.4184197,13.4050216,,,n_playground
way,286401101,52.6383409,13.5255008,Kinderspielplatz Genfer Platz,,n_playground
way,286401924,52.6428026,13.5588936,"Spielplatz ""Deutsche Eiche"", Birkholzer Straße",,n_playground
way,286598045,52.5187955,13.1910308,,,n_playground
way,286879846,52.5200258,13.1597704,,,n_playground
way,287719939,52.5883833,13.2882416,,,n_playground
way,288201824,52.5573418,13.3470034,,,n_playground
way,288966847,52.5765775,13.5774626,,,n_playground
way,288980755,52.4981977,13.4133409,,,n_playground
way,288980757,52.4995298,13.4138231,,,n_playground
way,289112663,52.5138849,13.4275216,,,n_playground
way,289151733,52.55548,13.4552391,,,n_playground
way,289597983,52.4983449,13.4162501,,,n_playground
way,289674751,52.5917141,13.4539885,,,n_playground
way,290326204,52.5785859,13.506479,Klettertrapez Windstärke 10,,n_playground
way,290326311,52.5778167,13.5064818,,,n_playground
way,291302890,52.4681317,13.4690748,Gebrüder-Grimm-Spielplatz,,n_playground
way,291847407,52.5711704,13.3697183,,,n_playground
way,292900920,52.5895709,13.3047743,,,n_playground
way,292900922,52.5883846,13.3062691,,,n_playground
way,293152163,52.5689071,13.7277419,,,n_playground
way,293293115,52.5098839,13.3906398,,,n_playground
way,293316423,52.450836,13.5249049,,,n_playground
way,293331690,52.6025495,13.7514405,,,n_playground
way,293668193,52.4438321,13.4711939,,,n_playground
way,294315573,52.5122278,13.6589953,,,n_playground
way,295338928,52.5316892,13.3957469,,,n_playground
way,295362535,52.5433696,13.3983064,,,n_playground
way,295362536,52.542834,13.398591,,,n_playground
way,295792912,52.4921108,13.508625,Aktivspielplatz,,n_playground
way,295809680,52.4577445,13.7449531,,,n_playground
way,296144143,52.4405905,13.5991829,,,n_playground
way,296144487,52.4389975,13.588271,,,n_playground
way,296151520,52.4390937,13.6062269,,,n_playground
way,296151532,52.4387827,13.605316,,,n_playground
way,296325492,52.5405515,13.3994537,,,n_playground
way,298450992,52.4957253,13.4755489,,,n_playground
way,298764662,52.5369381,13.2998759,,,n_playground
way,299872382,52.4529413,13.3165551,Saurier im Urstromtal,,n_playground
way,300288135,52.3504331,13.3029059,,,n_playground
way,300419002,52.5163967,13.4200598,,,n_playground
way,300600630,52.5170018,13.2710067,,,n_playground
way,302039642,52.5033567,13.2641295,,,n_playground
way,302047214,52.4514958,13.5217109,,,n_playground
way,302644527,52.3897105,13.1012073,,,n_playground
way,303438883,52.5334529,13.3360141,,,n_playground
way,303463539,52.5336294,13.335914,"Spielplatz ""Güterbahnhof""",,n_playground
way,304446868,52.539957,13.4081298,Hirschhof,10435,n_playground
way,304447792,52.5310962,13.3875962,Planschepark,,n_playground
way,304447793,52.5311546,13.3888215,,,n_playground
way,304976502,52.5231529,13.3049358,,,n_playground
way,305101804,52.4842276,13.2900252,,,n_playground
way,305475815,52.5462509,13.452028,,,n_playground
way,305798502,52.5289889,13.3187401,,,n_playground
way,305798504,52.528816,13.3189874,,,n_playground
way,305974452,52.5754557,13.4154903,Spinnenspielplatz,,n_playground
way,305975176,52.5728973,13.4092618,Bergspielplatz,,n_playground
way,305986810,52.5383972,13.2900462,,,n_playground
way,306173284,52.4826492,13.7075287,,,n_playground
way,306725493,52.4639872,13.3872126,,,n_playground
way,306739670,52.4771398,13.4316145,,,n_playground
way,307284991,52.5411454,13.3584535,,,n_playground
way,307854347,52.441603,13.4026877,,,n_playground
way,308245395,52.631594,13.4953543,,,n_playground
way,308641693,52.4427454,13.408785,,,n_playground
way,308725377,52.5395393,13.3543364,,,n_playground
way,308788662,52.4507296,13.4772103,,,n_playground
way,310109407,52.4396268,13.5515992,,,n_playground
way,310954925,52.6761096,13.1463912,,,n_playground
way,311072326,52.4743102,13.4466648,Schmiede,,n_playground
way,312268013,52.4646577,13.3502988,,,n_playground
way,312448645,52.4093348,13.3559083,,,n_playground
way,314735042,52.4866091,13.3670029,Robin Hood,,n_playground
way,316133666,52.5769146,13.2764094,,,n_playground
way,316205564,52.5444933,13.1876936,,,n_playground
way,316738106,52.5056041,13.4761467,,,n_playground
way,316974074,52.561969,13.5275126,,,n_playground
way,317350501,52.4757042,13.4327804,,,n_playground
way,318095595,52.4653655,13.425557,,12051,n_playground
way,319567841,52.4873577,13.3730459,,,n_playground
way,320005763,52.4178534,13.5187197,,,n_playground
way,320070973,52.4729066,13.4788445,,,n_playground
way,320175908,52.4499248,13.5288677,,,n_playground
way,320398422,52.4769112,13.4328836,,,n_playground
way,320462162,52.5143584,13.3808655,,,n_playground
way,320664326,52.4253378,13.7267277,,,n_playground
way,320784280,52.6767837,13.5386303,"Spielplatz ""Blaue Insel"" Bernau Schönow",,n_playground
way,321034939,52.5361026,13.417408,,,n_playground
way,321034943,52.5364598,13.4177426,Kolle,,n_playground
way,321034946,52.5357939,13.4170847,,,n_playground
way,321666344,52.5226245,13.3555165,,,n_playground
way,321738279,52.4594809,13.7288535,,,n_playground
way,321738280,52.4606902,13.7283996,,,n_playground
way,322197523,52.4875355,13.5393804,,,n_playground
way,322197877,52.4887025,13.5403002,,,n_playground
way,322301535,52.4913915,13.2355267,Kindererlebnisbereich,,n_playground
way,323225958,52.6097898,13.4976654,Abenteuerspielplatz,,n_playground
way,323366727,52.5293135,13.3549825,Bergspielplatz,,n_playground
way,323827329,52.5551458,13.3333151,,,n_playground
way,324970242,52.5144812,13.2895785,,,n_playground
way,325245182,52.341228,13.356017,,,n_playground
way,325302258,52.561955,13.4288836,,,n_playground
way,325347078,52.4154749,13.6500511,,,n_playground
way,325820238,52.5338399,13.3600436,Klara-Franke-Spielplatz,,n_playground
way,326237074,52.4472951,13.5950179,,,n_playground
way,326993909,52.5612987,13.417073,,,n_playground
way,327054207,52.4709502,13.1109089,,,n_playground
way,327433046,52.5052886,13.5281321,Fabelwald,,n_playground
way,327586468,52.5117397,13.328965,,,n_playground
way,327941670,52.5124141,13.3817052,,,n_playground
way,327941671,52.5133455,13.3814351,,,n_playground
way,328395742,52.4587545,13.6248189,,,n_playground
way,328585503,52.4746082,13.3267706,,,n_playground
way,328670355,52.5410309,13.3997448,,,n_playground
way,329650777,52.5365447,13.7419378,,,n_playground
way,329866301,52.4530928,13.2708296,,,n_playground
way,331219858,52.4946716,13.5052623,,,n_playground
way,331807082,52.5791428,13.3947146,,,n_playground
way,331813665,52.580088,13.3946154,,,n_playground
way,333061681,52.4510295,13.3755582,,,n_playground
way,333903245,52.6082082,13.32976,,,n_playground
way,333916066,52.5189666,13.1736382,,,n_playground
way,334086496,52.6089384,13.3341275,,,n_playground
way,334272917,52.5510939,13.474252,,,n_playground
way,334642254,52.5467071,13.4592812,"Kleinkinderspielplatz Gouodstraße 58, ehemalige Kita",,n_playground
way,334800693,52.5492374,13.4624672,,,n_playground
way,334800958,52.5464829,13.4619387,,,n_playground
way,334800972,52.5469198,13.4638461,,,n_playground
way,334801088,52.5466397,13.4562547,,,n_playground
way,334801420,52.5462939,13.4536259,,,n_playground
way,334801421,52.546466,13.4543818,,,n_playground
way,334801480,52.5462268,13.4541356,,,n_playground
way,334801757,52.545372,13.4493973,,,n_playground
way,334801842,52.5434878,13.4513127,,,n_playground
way,334802117,52.5509239,13.4533707,,,n_playground
way,334802118,52.5534884,13.4517031,Kreuzpfuhlspielplatz,,n_playground
way,334802240,52.557013,13.4567048,,,n_playground
way,334803233,52.5543574,13.4718235,,,n_playground
way,334824473,52.3782779,13.1231104,,,n_playground
way,336154160,52.5190875,13.4325215,,,n_playground
way,336154163,52.5196857,13.4299852,,,n_playground
way,336727387,52.4557193,13.7399079,,,n_playground
way,336875169,52.5548716,13.4763837,,,n_playground
way,336875170,52.5548008,13.4752205,,,n_playground
way,336875171,52.554617,13.4755576,,,n_playground
way,337363591,52.4449981,13.2281125,,,n_playground
way,337366525,52.4793679,13.3621086,,,n_playground
way,337595252,52.4852868,13.3608882,,,n_playground
way,338284887,52.5254764,13.442174,,,n_playground
way,338412113,52.4840497,13.3749086,,,n_playground
way,338615948,52.5228767,13.4547924,,,n_playground
way,339406527,52.5709674,13.6165579,,,n_playground
way,340069578,52.3762816,13.1030535,,,n_playground
way,340069596,52.3785084,13.0986828,Gerätegruppe Balancieren,,n_playground
way,340069644,52.3765693,13.0986813,,,n_playground
way,340829587,52.4524725,13.106119,,,n_playground
way,341796226,52.4958546,13.3487493,,,n_playground
way,341796282,52.4950829,13.351686,,,n_playground
way,342136262,52.5507548,13.5518781,,,n_playground
way,342339377,52.5514455,13.1755002,,,n_playground
way,342596929,52.406936,13.5624339,,,n_playground
way,343749956,52.5413793,13.1784626,,,n_playground
way,343760102,52.3689539,13.1392427,Spielplatz im Konrad-Wolf-Park,,n_playground
way,344292155,52.3685586,13.1385794,,,n_playground
way,344292156,52.3674833,13.1368814,,,n_playground
way,344292158,52.3673034,13.1366243,,,n_playground
way,344526764,52.4847663,13.2653853,,,n_playground
way,347774721,52.3896245,13.4170288,,,n_playground
way,349526270,52.5055656,13.2418167,,,n_playground
way,349812053,52.3772194,13.0962455,,,n_playground
way,350598455,52.4429246,13.5623369,,,n_playground
way,350602584,52.4433345,13.5619298,,,n_playground
way,350602996,52.4438007,13.5659816,,,n_playground
way,350949264,52.4546284,13.4399154,,,n_playground
way,351203171,52.465378,13.4828009,,,n_playground
way,351597585,52.5185992,13.4758136,,,n_playground
way,351877704,52.4439284,13.5639475,,,n_playground
way,351877705,52.4436612,13.5639298,,,n_playground
way,352972101,52.5823731,13.3209472,,,n_playground
way,353390116,52.6342466,13.2213362,,,n_playground
way,353858058,52.5223005,13.5854516,,,n_playground
way,354799019,52.4473866,13.3355138,Spielplatz am Stadtpark,,n_playground
way,354802402,52.4449474,13.3264713,Dschungel-Spielplatz,,n_playground
way,354851922,52.5411922,13.4484896,,,n_playground
way,354851923,52.541875,13.4493466,,,n_playground
way,355061622,52.5063046,13.3956877,,,n_playground
way,355333453,52.4883287,13.4509565,,,n_playground
way,355335576,52.4639363,13.5422494,,,n_playground
way,355345456,52.451241,13.6228662,,,n_playground
way,355358375,52.4546768,13.6223707,,,n_playground
way,358708522,52.5552649,13.5648791,,,n_playground
way,358713820,52.5575539,13.5636168,,,n_playground
way,359947217,52.442364,13.463716,,,n_playground
way,359947218,52.4425306,13.4641128,,,n_playground
way,360026485,52.4975769,13.5103324,,,n_playground
way,360026487,52.4976664,13.5106645,"Spiel- und Liegewiese ""Die Welle""",,n_playground
way,360106701,52.4971218,13.4974498,,,n_playground
way,360312052,52.5626967,13.4019731,,,n_playground
way,361138342,52.5543531,13.5761937,,,n_playground
way,361285415,52.5358784,13.3863273,,,n_playground
way,361286782,52.4538874,13.4499787,,,n_playground
way,361286783,52.4549746,13.4499414,,,n_playground
way,361915550,52.5151589,13.4697358,,,n_playground
way,361915553,52.5196701,13.4608639,Plansche,,n_playground
way,363338056,52.3912689,13.4219822,,,n_playground
way,363338072,52.3921694,13.4223127,,,n_playground
way,363387067,52.5462084,13.4011261,,,n_playground
way,363763441,52.5980033,13.3477862,,,n_playground
way,363763443,52.5987069,13.3466286,,,n_playground
way,364130413,52.4814869,13.4897574,,,n_playground
way,364130414,52.4812843,13.4885204,,,n_playground
way,364431985,52.5058368,13.5652453,,,n_playground
way,364431986,52.5054793,13.5666079,,,n_playground
way,364547906,52.4874661,13.6720837,Spielplatz Münchehofe,,n_playground
way,365160608,52.4544051,13.1472065,Räuberland,,n_playground
way,365160629,52.4537122,13.1485418,Piratenschiff,,n_playground
way,365869918,52.4195272,13.5165198,,,n_playground
way,366146625,52.6008623,13.3526321,Spielplatz Senftenberger Ring,,n_playground
way,366146629,52.6013242,13.3559184,Abenteuerspielplatz Märkisches Viertel,13435,n_playground
way,366206846,52.5680555,13.5691122,,,n_playground
way,366206848,52.5647957,13.5693353,,,n_playground
way,366371562,52.4614637,13.5753587,Natur- und Abenteuerspielplatz Köpenick,12555,n_playground
way,366667890,52.5347889,13.2856532,,,n_playground
way,366667894,52.5347647,13.2839448,,,n_playground
way,366675235,52.5392221,13.2904447,,,n_playground
way,366690372,52.5415402,13.2968029,,,n_playground
way,366690374,52.5415352,13.2968262,,,n_playground
way,367478733,52.4936327,13.3064412,Pädagogisch betreuter Abenterspielplatz Spirale,10709,n_playground
way,367611966,52.5605086,13.3758043,,,n_playground
way,367612224,52.5608661,13.3794593,Spielplatz & Park Street Workout,,n_playground
way,367890057,52.5167049,13.5005634,,,n_playground
way,367995030,52.4158546,13.506324,,,n_playground
way,367995033,52.4170944,13.5053548,,,n_playground
way,367995043,52.417474,13.5112458,,,n_playground
way,367995044,52.4145068,13.511419,,,n_playground
way,368041499,52.6720624,13.2844788,,,n_playground
way,368042835,52.6717505,13.2836084,,,n_playground
way,368184157,52.5003776,13.3865313,,,n_playground
way,368290969,52.5395256,13.2132937,,,n_playground
way,368342513,52.4688625,13.4655289,,,n_playground
way,368408401,52.6080956,13.2336053,,,n_playground
way,368409872,52.5743834,13.2835148,,,n_playground
way,368542538,52.5156803,13.3080311,,,n_playground
way,368605735,52.5136609,13.3074821,,,n_playground
way,368605737,52.5140042,13.3075586,,,n_playground
way,368605738,52.5139951,13.307932,,,n_playground
way,368631783,52.5352511,13.2964233,,,n_playground
way,368631784,52.5353267,13.2954405,,,n_playground
way,368634365,52.5360829,13.2947951,,,n_playground
way,368634366,52.53686,13.2957048,,,n_playground
way,368936438,52.4299379,13.3092998,,,n_playground
way,369223453,52.5273476,13.4086634,,,n_playground
way,370156023,52.3917863,13.0902796,,,n_playground
way,370284992,52.4159329,13.3936971,,,n_playground
way,370284993,52.4157803,13.3938877,,,n_playground
way,370284994,52.4172392,13.3945984,,,n_playground
way,370340517,52.5031021,13.5665594,,,n_playground
way,370615697,52.5173546,13.4259268,,,n_playground
way,370615699,52.518378,13.4461305,,,n_playground
way,371860328,52.4522828,13.3871395,,,n_playground
way,371895124,52.538477,13.6091735,,,n_playground
way,371901311,52.462282,13.5479097,,,n_playground
way,371942371,52.5071425,13.3994601,,,n_playground
way,372070292,52.4508501,13.5425863,,,n_playground
way,372070293,52.4506011,13.5417337,,,n_playground
way,372070294,52.450918,13.5411403,,,n_playground
way,372070295,52.4509247,13.5404814,,,n_playground
way,372083834,52.4138333,13.2640797,,,n_playground
way,372084432,52.4515933,13.5406672,,,n_playground
way,372084434,52.4518734,13.5431019,,,n_playground
way,372084435,52.4521519,13.5420955,,,n_playground
way,372084436,52.4519756,13.5407715,,,n_playground
way,372084437,52.4506467,13.5431,,,n_playground
way,372473881,52.421087,13.1871604,,,n_playground
way,372579129,52.5455484,13.3490463,,,n_playground
way,372758198,52.4211883,13.4706482,,,n_playground
way,372758200,52.4204666,13.4707394,Abenteuerspielplatz Wutzkyallee,,n_playground
way,373167843,52.5493843,13.1647701,,,n_playground
way,373627014,52.450434,13.4409677,,,n_playground
way,373875034,52.5057108,13.565578,,,n_playground
way,374737473,52.5108495,13.4781899,,,n_playground
way,374856029,52.5088528,13.5219766,,,n_playground
way,376290982,52.5314242,13.3392328,,,n_playground
way,376351713,52.5326637,13.3355382,,,n_playground
way,376498855,52.3778686,13.094654,,,n_playground
way,377033853,52.4638581,13.5740635,,,n_playground
way,378342714,52.4388018,13.5996124,,,n_playground
way,378931675,52.4675742,13.4745064,,,n_playground
way,378933245,52.4663238,13.4748218,,,n_playground
way,378952998,52.4662146,13.4768792,,,n_playground
way,378953001,52.4693427,13.479499,,,n_playground
way,378954274,52.4657098,13.4728201,,,n_playground
way,379300135,52.4912911,13.3504782,,,n_playground
way,379300137,52.4927697,13.3469262,,,n_playground
way,379563217,52.396617,13.4159275,,,n_playground
way,379599552,52.529001,13.33317,Spielplatz Waldenserstraße,,n_playground
way,379695767,52.5045746,13.3541321,,,n_playground
way,379695773,52.5048427,13.3543185,,,n_playground
way,379695782,52.5051361,13.3565192,,,n_playground
way,379695783,52.504353,13.3551788,,,n_playground
way,379695800,52.5047061,13.3590241,,,n_playground
way,379842935,52.5296587,13.3351089,Spielplatz Emmi,,n_playground
way,380000755,52.4871543,13.3613206,,,n_playground
way,380301550,52.4085336,13.5671948,,,n_playground
way,380301553,52.4082131,13.5672971,,,n_playground
way,380426977,52.5027629,13.3634404,,,n_playground
way,381929453,52.4483853,13.33331,,,n_playground
way,381929456,52.44739,13.3228129,,,n_playground
way,381935626,52.428491,13.30616,,,n_playground
way,382122969,52.5506207,13.57777,,,n_playground
way,382123041,52.5515167,13.5764795,,,n_playground
way,383545071,52.5022686,13.5195716,,,n_playground
way,383545075,52.502522,13.5194393,,,n_playground
way,384838833,52.5480994,13.2045928,,,n_playground
way,384908807,52.537121,13.1983438,,,n_playground
way,385187415,52.5455383,13.2092507,,,n_playground
way,385190752,52.5392573,13.208184,,,n_playground
way,385190766,52.5543389,13.1961111,,,n_playground
way,385207008,52.5516389,13.5514819,,,n_playground
way,385255308,52.5544701,13.208207,Fischerbucht,,n_playground
way,385720110,52.4873073,13.5171535,,,n_playground
way,385888111,52.4891989,13.4155851,,,n_playground
way,387106847,52.4815008,13.3769862,,,n_playground
way,387479424,52.4379147,13.2757202,,,n_playground
way,387648856,52.438396,13.4482853,,,n_playground
way,387893756,52.5289941,13.6000971,,,n_playground
way,388150443,52.4162403,13.4104198,,,n_playground
way,388723460,52.6113725,13.4946245,,,n_playground
way,388777348,52.5429393,13.4163349,,,n_playground
way,389129040,52.5070953,13.3199587,,10623,n_playground
way,389513336,52.5975271,13.3761721,,,n_playground
way,389734593,52.6321674,13.3668115,,,n_playground
way,390401058,52.5181317,13.4259262,,,n_playground
way,390545059,52.5164394,13.419166,,,n_playground
way,390545069,52.5194052,13.420805,,,n_playground
way,390998796,52.5451452,13.3959393,,,n_playground
way,390998897,52.5444928,13.3964482,,,n_playground
way,391126620,52.5389323,13.3844789,,,n_playground
way,393025889,52.376204,13.6268144,,,n_playground
way,394288096,52.5674567,13.3159012,,,n_playground
way,394288097,52.567428,13.3158492,,,n_playground
way,395475530,52.4381508,13.2956423,Karlplatz,,n_playground
way,396118085,52.4471194,13.3473375,Spielplatz KiTa Julikinder,,n_playground
way,396200882,52.4656261,13.3382387,,,n_playground
way,396410300,52.330473,13.3912498,,,n_playground
way,396510705,52.4749659,13.3418173,,,n_playground
way,396891228,52.4594462,13.2955502,,,n_playground
way,397269778,52.4830649,13.3519028,,,n_playground
way,397833917,52.3921799,13.1173174,,,n_playground
way,399248240,52.5097209,13.483952,,,n_playground
way,399248599,52.5136019,13.4835731,,,n_playground
way,399658718,52.4652825,13.4827435,,,n_playground
way,399777246,52.4616678,13.4876946,,,n_playground
way,399777250,52.4630475,13.4876303,,,n_playground
way,399777252,52.4626074,13.4883011,,,n_playground
way,399777253,52.46306,13.4868061,,,n_playground
way,400752651,52.5465349,13.546631,,,n_playground
way,400752653,52.5468533,13.5485776,,,n_playground
way,400752654,52.5475238,13.5477131,,,n_playground
way,400752657,52.5455788,13.5490845,,,n_playground
way,400752658,52.5457161,13.5497347,,,n_playground
way,401830679,52.4526137,13.273947,,,n_playground
way,401913459,52.4384722,13.6008532,,,n_playground
way,401915301,52.4421256,13.5917408,,,n_playground
way,401915667,52.4395196,13.5918459,,,n_playground
way,401926032,52.4419843,13.5897619,,,n_playground
way,401926380,52.4430551,13.5921352,,,n_playground
way,401926395,52.4444047,13.5922258,,,n_playground
way,402098122,52.4419116,13.5895783,,,n_playground
way,403180997,52.3743346,13.1348477,,,n_playground
way,403703190,52.5096064,13.4610243,,,n_playground
way,403959335,52.5181601,13.4819643,,,n_playground
way,404320737,52.5170452,13.5011524,,,n_playground
way,404320752,52.5173489,13.500779,Spielplatz Hagenstraße,,n_playground
way,404387290,52.5121826,13.5274694,,,n_playground
way,404457877,52.5115737,13.5342899,,,n_playground
way,404693563,52.4415915,13.338734,,,n_playground
way,404794536,52.4953336,13.3585193,,,n_playground
way,404924768,52.4952634,13.3596646,,,n_playground
way,405537074,52.5083187,13.3242906,,,n_playground
way,405711249,52.4265987,13.2197312,,,n_playground
way,405711257,52.4262675,13.2201576,,,n_playground
way,405912100,52.4107579,13.3186938,,,n_playground
way,405912101,52.4107891,13.318365,,,n_playground
way,405997868,52.436121,13.2772442,,,n_playground
way,407446601,52.4588972,13.5293503,,,n_playground
way,409325954,52.5246086,13.5599353,,,n_playground
way,409588128,52.456807,13.378858,,,n_playground
way,409588139,52.4566294,13.3786809,,,n_playground
way,409588142,52.463425,13.382585,,,n_playground
way,409757814,52.4599879,13.3689706,,,n_playground
way,410074467,52.5684863,13.5769943,,,n_playground
way,411172232,52.512092,13.5224805,,,n_playground
way,411172234,52.5127902,13.522552,,,n_playground
way,411177133,52.5119883,13.5221554,,,n_playground
way,411610097,52.5103366,13.3994779,,,n_playground
way,411610101,52.5102529,13.3985508,,,n_playground
way,413716741,52.5450895,13.4354398,,,n_playground
way,413723502,52.4094314,13.3491737,,,n_playground
way,413723504,52.4099985,13.3485498,,,n_playground
way,414832351,52.5676112,13.4040823,,,n_playground
way,415077019,52.5169725,13.4316536,,,n_playground
way,417621708,52.5485208,13.5736584,,,n_playground
way,418102390,52.4530327,13.148835,Räuberland,,n_playground
way,418573672,52.5452927,13.3339597,,,n_playground
way,418573673,52.5454991,13.333574,,,n_playground
way,418576082,52.5457833,13.3386717,,,n_playground
way,420029615,52.5384852,13.3761333,Spielplatz Liesenstraße,,n_playground
way,420350031,52.5333256,13.4420481,,,n_playground
way,420623970,52.5221077,13.4814035,,,n_playground
way,420627411,52.5264067,13.4746568,,,n_playground
way,420870978,52.4851868,13.4523327,Sinsheimer Spielplatz,,n_playground
way,422205272,52.5212535,13.3673148,,,n_playground
way,422877054,52.5199896,13.5941573,,,n_playground
way,422877060,52.5200433,13.5937344,,,n_playground
way,423157452,52.5209054,13.5925754,,,n_playground
way,423204562,52.5176364,13.5913611,,,n_playground
way,423220660,52.5245039,13.5907848,,,n_playground
way,423220661,52.5236023,13.5903492,,,n_playground
way,423221224,52.5233524,13.5926534,,,n_playground
way,423433296,52.4968578,13.4403029,,10997,n_playground
way,423494183,52.5318056,13.3618783,,,n_playground
way,423576717,52.4460294,13.4540784,,,n_playground
way,423625489,52.4948462,13.4383629,,10999,n_playground
way,423670103,52.5203676,13.5911198,,,n_playground
way,423670105,52.5198995,13.5901059,,,n_playground
way,423670106,52.5222475,13.5920062,,,n_playground
way,424766966,52.5226368,13.5947026,,,n_playground
way,424766967,52.5230642,13.5947683,,,n_playground
way,424802337,52.5242294,13.5952845,,,n_playground
way,425279868,52.5101624,13.6600081,,,n_playground
way,425294135,52.5148485,13.6606752,,,n_playground
way,427488358,52.5020993,13.3345383,,,n_playground
way,427590163,52.4643588,13.5176599,,,n_playground
way,427590164,52.4645607,13.5162429,,,n_playground
way,427590302,52.4639651,13.5203213,,,n_playground
way,428657607,52.5260972,13.3055962,,,n_playground
way,429526580,52.511359,13.2577495,,,n_playground
way,430357577,52.5261566,13.4761963,,,n_playground
way,431571649,52.4502057,13.5858532,,,n_playground
way,432834308,52.5069274,13.4596939,,,n_playground
way,433006478,52.5150608,13.4463726,,,n_playground
way,434770822,52.496915,13.2954992,,,n_playground
way,435447550,52.4306112,13.2249238,,,n_playground
way,435448279,52.4350554,13.2213175,,,n_playground
way,435449465,52.4154868,13.2535377,,,n_playground
way,435668930,52.4365792,13.526727,,,n_playground
way,437136259,52.4324124,13.2256606,,,n_playground
way,437136260,52.4325328,13.2261903,,,n_playground
way,437298610,52.6079366,13.4409664,,,n_playground
way,437658748,52.4253571,13.5897347,,,n_playground
way,437658749,52.4242297,13.5897343,,,n_playground
way,437658799,52.4246169,13.5910255,,,n_playground
way,437684196,52.5479227,13.3980165,,,n_playground
way,438392615,52.4391457,13.2169781,,,n_playground
way,438468503,52.5091429,13.6502133,,,n_playground
way,438472134,52.5061024,13.6106273,,,n_playground
way,439075060,52.5797718,13.38303,,,n_playground
way,439377567,52.5516559,13.5816334,,,n_playground
way,439378784,52.549764,13.5799239,,,n_playground
way,439790571,52.5252105,13.3484153,Schräge Vögel,,n_playground
way,439884081,52.6030084,13.3221234,,,n_playground
way,439929147,52.5176386,13.1616466,,,n_playground
way,440076569,52.4766425,13.4320022,,,n_playground
way,440083406,52.4761961,13.4284495,,,n_playground
way,440083407,52.4775588,13.4298448,,,n_playground
way,440083408,52.4777853,13.4315486,,,n_playground
way,440083409,52.4764281,13.4301531,,,n_playground
way,440509116,52.6364877,13.3171744,,,n_playground
way,440509117,52.6363195,13.3170955,,,n_playground
way,440748311,52.5455658,13.2058983,,,n_playground
way,440816307,52.4015977,13.4101209,,,n_playground
way,441442654,52.5418852,13.373709,,,n_playground
way,442671372,52.447086,13.4506975,,,n_playground
way,444015554,52.5525556,13.3417939,,,n_playground
way,444637405,52.4763018,13.4361351,,,n_playground
way,445723004,52.4374883,13.5561373,,,n_playground
way,445726785,52.4958838,13.5590211,,,n_playground
way,445726789,52.4954116,13.5590813,,,n_playground
way,446577052,52.5208009,13.5950477,,,n_playground
way,447015519,52.4475383,13.2674811,,,n_playground
way,447101405,52.4785036,13.419353,,,n_playground
way,447104584,52.4770849,13.4193783,,12049,n_playground
way,447172647,52.4779703,13.4419367,,12043,n_playground
way,447172648,52.4763525,13.4420189,Möhrchenspielplatz,,n_playground
way,447180359,52.4784988,13.4216593,,,n_playground
way,447180360,52.4816408,13.4427504,Finowstraße,,n_playground
way,447232581,52.4923556,13.4443782,Katzenspielplatz,,n_playground
way,447591590,52.4275282,13.2934143,,,n_playground
way,447591591,52.4280459,13.2938392,,,n_playground
way,449121175,52.4756617,13.4345457,,,n_playground
way,449705871,52.5250319,13.2988284,,,n_playground
way,449922064,52.6690203,13.2141125,Veltinchen,16727,n_playground
way,450049911,52.5170861,13.3027621,,,n_playground
way,451372245,52.395689,13.311445,,,n_playground
way,452480609,52.5240603,13.5581446,,,n_playground
way,452484761,52.5349059,13.5537351,,,n_playground
way,452942254,52.4983784,13.4782221,Zillepromenade,,n_playground
way,453773270,52.585913,13.4257267,,,n_playground
way,453776885,52.584416,13.426774,,,n_playground
way,454297527,52.5235665,13.4439386,,,n_playground
way,454297536,52.5242491,13.4457005,,,n_playground
way,454447130,52.401737,13.4536705,,,n_playground
way,455043008,52.5228886,13.4463752,,,n_playground
way,455525032,52.3572231,13.1359403,,,n_playground
way,456618216,52.5276646,13.5544001,,,n_playground
way,456776102,52.504767,13.3921482,,,n_playground
way,456810294,52.5335556,13.4692757,,,n_playground
way,456810295,52.5331131,13.4669953,,,n_playground
way,457024341,52.5311323,13.4609063,,,n_playground
way,457267708,52.4458589,13.6289514,,,n_playground
way,457625384,52.3970865,13.1098148,Spielplatz Domstraße,,n_playground
way,457625387,52.3995203,13.1076964,Gertrud-Droste-Platz,,n_playground
way,458719123,52.5378182,13.4462465,,,n_playground
way,458719124,52.5373952,13.4466807,,,n_playground
way,459205320,52.5645534,13.5018005,,,n_playground
way,459427922,52.4536218,13.6020244,,,n_playground
way,460084302,52.442312,13.5842289,,,n_playground
way,460508611,52.5176984,13.6475147,Verkehrsschule,,n_playground
way,460960148,52.4487321,13.6287758,,,n_playground
way,461400168,52.5594219,13.5725501,,,n_playground
way,461400170,52.5587744,13.5743685,,,n_playground
way,461445255,52.5296367,13.7486801,,,n_playground
way,461445256,52.5302091,13.7495345,,,n_playground
way,461766520,52.5265816,13.7581109,,,n_playground
way,461980344,52.5009206,13.4268588,,,n_playground
way,462611991,52.4593459,13.3621194,,,n_playground
way,463129280,52.534507,13.6144751,,,n_playground
way,463129282,52.5347218,13.611397,,,n_playground
way,463129283,52.5356695,13.6136957,,,n_playground
way,463274836,52.5181178,13.6019849,,,n_playground
way,463278369,52.5326905,13.6209167,,,n_playground
way,463278371,52.5327645,13.6201749,,,n_playground
way,463278373,52.5318484,13.6197153,,,n_playground
way,463280113,52.5343422,13.6220567,,,n_playground
way,463469290,52.590028,13.4539436,,,n_playground
way,463475934,52.533208,13.5478393,,,n_playground
way,464858366,52.3890415,13.4061221,,,n_playground
way,464858367,52.3903494,13.4041059,,,n_playground
way,464858368,52.389747,13.4063368,,,n_playground
way,464861819,52.392045,13.3990177,,,n_playground
way,465155712,52.3929063,13.399874,,,n_playground
way,465437429,52.4242864,13.5123393,,,n_playground
way,465906818,52.559728,13.5142599,,,n_playground
way,465911951,52.561012,13.5062716,,,n_playground
way,466130919,52.3890991,13.3979748,Steinplatz,,n_playground
way,466135727,52.5226316,13.1584397,,,n_playground
way,466135735,52.5224614,13.1597643,,,n_playground
way,466135736,52.5222899,13.1604951,,,n_playground
way,466135756,52.5211669,13.1600697,,,n_playground
way,466340463,52.5202937,13.1904051,,,n_playground
way,466420447,52.5604639,13.419241,,,n_playground
way,466420450,52.5615651,13.4188618,,,n_playground
way,466652696,52.538816,13.5996052,,,n_playground
way,466691528,52.4119432,13.6605903,,,n_playground
way,466941162,52.3972918,13.5229834,,,n_playground
way,466944469,52.3974001,13.5223569,,,n_playground
way,466944470,52.3976916,13.5217947,,,n_playground
way,466944471,52.3980519,13.5215093,,,n_playground
way,466944473,52.3985285,13.5212285,,,n_playground
way,466946695,52.4009398,13.5232319,,,n_playground
way,466948214,52.4043288,13.5259118,,,n_playground
way,466948215,52.4043729,13.5253794,,,n_playground
way,466948222,52.402732,13.5269043,,,n_playground
way,466948226,52.4037517,13.5270432,,,n_playground
way,466948227,52.4034658,13.524824,,,n_playground
way,466948228,52.4037036,13.5246802,,,n_playground
way,466951153,52.4795635,13.4772212,,,n_playground
way,466951154,52.4795765,13.4767532,,,n_playground
way,466951157,52.4798801,13.4769097,,,n_playground
way,466951162,52.4812794,13.480167,,,n_playground
way,466951164,52.4799314,13.4820526,,,n_playground
way,466955400,52.5280905,13.6209067,,,n_playground
way,466955401,52.5281205,13.620444,,,n_playground
way,467479827,52.5493434,13.5760325,,,n_playground
way,467612612,52.5650973,13.5264214,,,n_playground
way,467612732,52.5642304,13.5277715,,,n_playground
way,467612947,52.5657555,13.5216478,,,n_playground
way,467614231,52.5711109,13.51912,,,n_playground
way,467614232,52.571742,13.51883,,,n_playground
way,467719257,52.5696411,13.5175733,,,n_playground
way,467719262,52.5695195,13.5188395,,,n_playground
way,467743642,52.5691899,13.5136272,,,n_playground
way,467743651,52.5687175,13.5128377,,,n_playground
way,467746256,52.5714675,13.5130292,,,n_playground
way,467746829,52.5704089,13.515969,,,n_playground
way,467746830,52.5712816,13.5168984,,,n_playground
way,467746831,52.5717002,13.517073,,,n_playground
way,467748044,52.5717445,13.5095406,,,n_playground
way,467748045,52.571045,13.5099908,,,n_playground
way,467748046,52.5714926,13.5090044,,,n_playground
way,467748047,52.5712666,13.5088517,,,n_playground
way,467748399,52.571779,13.5139396,,,n_playground
way,467750576,52.5745348,13.5117662,,,n_playground
way,467752035,52.572285,13.5083028,,,n_playground
way,467752036,52.5724837,13.5074625,,,n_playground
way,467752335,52.5738111,13.5083965,,,n_playground
way,467752729,52.574495,13.5071494,,,n_playground
way,467752730,52.5750423,13.506856,,,n_playground
way,467752738,52.5742671,13.5051137,,,n_playground
way,467752739,52.5748755,13.5049307,,,n_playground
way,467754503,52.5705123,13.5117831,,,n_playground
way,467754506,52.5700245,13.5106065,,,n_playground
way,467755131,52.5682786,13.5148997,,,n_playground
way,467837670,52.463453,13.155508,,,n_playground
way,468579844,52.5693469,13.4074999,,,n_playground
way,469108789,52.5447867,13.5856249,,,n_playground
way,469108790,52.5444303,13.5855339,,,n_playground
way,469108791,52.543954,13.5864453,,,n_playground
way,469492836,52.5050729,13.5186421,,,n_playground
way,469494725,52.4788648,13.5329643,,,n_playground
way,469495334,52.4620146,13.5286888,,,n_playground
way,469495335,52.4624059,13.5275962,,,n_playground
way,469495336,52.4627075,13.526337,,,n_playground
way,469495337,52.4617277,13.526672,,,n_playground
way,469535374,52.4602142,13.7233353,,,n_playground
way,469681566,52.5026299,13.4971306,,,n_playground
way,469684406,52.5271254,13.5109986,,,n_playground
way,469790824,52.5461639,13.5563465,,,n_playground
way,469790827,52.54521,13.5459901,,,n_playground
way,470187853,52.6326896,13.3175504,,,n_playground
way,470187854,52.6323865,13.3174457,Kletterspinne,,n_playground
way,470187855,52.6325281,13.3172475,,,n_playground
way,471108757,52.4556645,13.6161268,,,n_playground
way,471143713,52.4478515,13.5004123,,,n_playground
way,471145588,52.4527496,13.5044248,,,n_playground
way,471147733,52.4858037,13.4791994,Weltspielplatz im Treptower Park,,n_playground
way,472581844,52.4089779,13.4861175,,,n_playground
way,472806118,52.5711234,13.219765,,,n_playground
way,473784436,52.5567573,13.4268379,,,n_playground
way,473786460,52.5610152,13.4472796,,,n_playground
way,473934475,52.5297537,13.469505,,,n_playground
way,473937759,52.5283963,13.4585828,,,n_playground
way,473941453,52.5255522,13.4628364,,,n_playground
way,474620656,52.5541124,13.4566226,,,n_playground
way,474770738,52.4554533,13.3336792,,,n_playground
way,475101451,52.5138702,13.5713352,,,n_playground
way,475364873,52.6507909,13.1983397,,,n_playground
way,475625047,52.5756063,13.5198303,,,n_playground
way,476112243,52.5782199,13.4424152,,,n_playground
way,476352902,52.4062676,13.5518493,,,n_playground
way,476684526,52.409972,13.3069298,,,n_playground
way,476690115,52.4221132,13.2305092,,,n_playground
way,476690117,52.4223571,13.2333495,Promenade Düppel,,n_playground
way,476957836,52.4333798,13.2770941,,,n_playground
way,476957853,52.4328726,13.2745785,,,n_playground
way,476957854,52.4329938,13.2756017,,,n_playground
way,476961826,52.4284544,13.3033472,,,n_playground
way,476975490,52.5762998,13.5045858,,,n_playground
way,477147062,52.5281805,13.1981053,,,n_playground
way,477147074,52.5363202,13.2069721,,,n_playground
way,477330441,52.5210812,13.3502352,,,n_playground
way,477331294,52.57135,13.4874824,,,n_playground
way,477331295,52.571389,13.4871459,,,n_playground
way,477331296,52.5711233,13.4867014,,,n_playground
way,477893015,52.4159347,13.5272166,,,n_playground
way,478293342,52.5286474,13.5863494,,,n_playground
way,478293343,52.5288119,13.5863871,,,n_playground
way,478293344,52.5287148,13.5859672,,,n_playground
way,478296900,52.5279974,13.5963911,,,n_playground
way,478650250,52.3749215,13.101667,,,n_playground
way,478687915,52.4433509,13.459576,,,n_playground
way,478881411,52.4722811,13.4784665,,,n_playground
way,479514044,52.5253058,13.1548929,,,n_playground
way,479746442,52.5766125,13.5022738,,,n_playground
way,479750104,52.5678989,13.5478164,Abenteuerspielplatz Marzahn-West,12689,n_playground
way,479951848,52.5404467,13.6100894,,,n_playground
way,479954980,52.4486763,13.3424874,,,n_playground
way,480026643,52.5473349,13.4665362,,,n_playground
way,480356486,52.5109403,13.4702699,,,n_playground
way,480455592,52.5296182,13.6220337,,,n_playground
way,480456132,52.5344994,13.624538,,,n_playground
way,480456769,52.5404966,13.6219651,,,n_playground
way,482079995,52.5685776,13.4224732,,,n_playground
way,482079997,52.5684825,13.4244565,,,n_playground
way,482079998,52.5703395,13.4265572,,,n_playground
way,482079999,52.5712049,13.4262951,,,n_playground
way,482080000,52.5712575,13.4277296,,,n_playground
way,482468827,52.4471614,13.4432861,,,n_playground
way,482896844,52.5370951,13.6498625,,,n_playground
way,482896851,52.5400539,13.6533737,,,n_playground
way,483259504,52.5427674,13.6110574,,,n_playground
way,484347422,52.4918341,13.5103189,Rodelberg,,n_playground
way,484471791,52.4960249,13.501481,Rodelberg,,n_playground
way,485160157,52.5407417,13.5610746,,,n_playground
way,485515452,52.4486716,13.3486642,,,n_playground
way,485815441,52.4966546,13.5133221,,,n_playground
way,486065063,52.45434,13.3551193,,,n_playground
way,486402098,52.5473187,13.5020266,,,n_playground
way,486608049,52.548483,13.4972708,,,n_playground
way,486608063,52.5492608,13.4979104,,,n_playground
way,487134241,52.5135425,13.4649503,,,n_playground
way,487457300,52.5534275,13.5810935,,,n_playground
way,487764249,52.5619214,13.5083832,,,n_playground
way,487764971,52.5637877,13.5104533,,,n_playground
way,487764972,52.5634613,13.5090977,,,n_playground
way,488274240,52.5761595,13.5079212,,,n_playground
way,488680387,52.5446975,13.5510592,,,n_playground
way,488897222,52.53151,13.4359588,,,n_playground
way,489326120,52.5639708,13.5303654,Abenteuerspielplatz Fort Robinson,13057,n_playground
way,489379974,52.6780174,13.5866052,,,n_playground
way,489610525,52.5391854,13.5550518,,,n_playground
way,490492109,52.5330274,13.3073826,,,n_playground
way,491341099,52.4974332,13.3595487,,,n_playground
way,491693972,52.5260718,13.4571268,,,n_playground
way,491779842,52.6628264,13.1471609,,,n_playground
way,492109780,52.5989093,13.3448038,,,n_playground
way,492115681,52.5198305,13.1584609,,,n_playground
way,492142240,52.5743445,13.3420505,,,n_playground
way,493661564,52.5238265,13.2414397,,,n_playground
way,494435700,52.5395497,13.4505339,,,n_playground
way,494445531,52.616874,13.313215,Dr.-Ilse-Kassel-Platz,,n_playground
way,494493558,52.3587834,13.3956717,,,n_playground
way,494767162,52.5423101,13.4458941,,,n_playground
way,494994610,52.4042308,13.302773,,,n_playground
way,496101649,52.5076265,13.1130851,,,n_playground
way,496276403,52.4411387,13.6031232,,,n_playground
way,497692180,52.5459512,13.3989433,,,n_playground
way,497936137,52.6367848,13.3183573,,,n_playground
way,497937902,52.6575057,13.3383488,,,n_playground
way,499786569,52.5094821,13.4137864,Jakobsinseln,,n_playground
way,499786571,52.5098338,13.4119431,,,n_playground
way,499786572,52.5108352,13.4148585,,,n_playground
way,499786573,52.510395,13.4144489,,,n_playground
way,500247727,52.5492162,13.5770556,Plansche Marzahn Ost,,n_playground
way,500249377,52.5427603,13.5730424,,,n_playground
way,500387869,52.4587644,13.3507986,,,n_playground
way,500410464,52.4755571,13.2957765,,,n_playground
way,500410465,52.4764335,13.2962067,,,n_playground
way,500410466,52.4766511,13.2962598,,,n_playground
way,500744624,52.5364505,13.5733245,Wasserspielplatz,,n_playground
way,500855691,52.5358016,13.5798115,Waldspielplatz,,n_playground
way,501423961,52.5731313,13.5757353,Abenteuer-Umwelt-Spielplatz,,n_playground
way,502325463,52.6784494,13.1691522,,,n_playground
way,502427386,52.5537709,13.4211968,,,n_playground
way,502518659,52.531228,13.4047301,,,n_playground
way,502518660,52.5310355,13.4053464,,,n_playground
way,503043498,52.525507,13.3354963,,,n_playground
way,503082887,52.5525308,13.557018,,,n_playground
way,503087581,52.5554378,13.5549811,,,n_playground
way,503140344,52.5202584,13.4179094,Spielplatz beim Haus des Lehrers,,n_playground
way,503165178,52.4185145,13.4957449,,,n_playground
way,503246174,52.4771971,13.4340572,,,n_playground
way,504233936,52.5628603,13.3761126,,,n_playground
way,504233940,52.5628115,13.3754444,,,n_playground
way,504233943,52.5619844,13.3742425,,,n_playground
way,504284905,52.6691549,13.6019613,,,n_playground
way,504412401,52.5205196,13.4099625,,,n_playground
way,504438224,52.3828352,13.1387781,,,n_playground
way,504838272,52.5320715,13.4820189,,,n_playground
way,505092309,52.4957692,13.2662159,,,n_playground
way,505092311,52.4962228,13.2640144,,,n_playground
way,505639160,52.472022,13.3295857,,,n_playground
way,505639163,52.4701262,13.3365101,,,n_playground
way,505803016,52.5697666,13.5626519,,,n_playground
way,506019706,52.5053343,13.4074348,,,n_playground
way,506220202,52.5789428,13.5080257,,,n_playground
way,506413930,52.5218818,13.5840081,,,n_playground
way,506586537,52.5492769,13.3718861,,,n_playground
way,506586551,52.5496895,13.3712335,,,n_playground
way,507034581,52.5332359,13.5696326,,12683,n_playground
way,508130354,52.5522409,13.5116532,,,n_playground
way,508227608,52.5676941,13.5606836,Sprühplansche,,n_playground
way,508421279,52.4208256,13.4066543,,,n_playground
way,508866730,52.4877738,13.5416568,,,n_playground
way,509297712,52.5384223,13.4901799,,,n_playground
way,509297713,52.5383615,13.4900791,,,n_playground
way,510288020,52.4520533,13.4498436,,,n_playground
way,510859663,52.4887309,13.4129092,,,n_playground
way,510947067,52.4318094,13.3480302,,,n_playground
way,510973149,52.5305393,13.5058719,,,n_playground
way,511040272,52.5466627,13.5936984,,,n_playground
way,511269205,52.5025643,13.4881491,,,n_playground
way,511269206,52.5026271,13.4879901,,,n_playground
way,511271726,52.502669,13.4878174,,,n_playground
way,511436137,52.4246101,13.4751548,,,n_playground
way,511526420,52.4555579,13.6320955,,,n_playground
way,511568615,52.3735659,13.6547258,Waldspielplatz Badestelle Schmöckwitz,,n_playground
way,511671534,52.49448,13.3207038,,,n_playground
way,511895484,52.4075239,13.3516725,,,n_playground
way,512203782,52.421837,13.4774109,,,n_playground
way,512374620,52.6023129,13.3600993,,,n_playground
way,512394576,52.5243124,13.4460654,,,n_playground
way,512629324,52.5217481,13.4832075,,,n_playground
way,513113962,52.4401381,13.2411401,,,n_playground
way,513223405,52.4485893,13.2848004,Zirkus,,n_playground
way,513387479,52.5535587,13.4304874,,,n_playground
way,513949555,52.5091345,13.222601,,,n_playground
way,514693707,52.4410027,13.5835666,,,n_playground
way,515788338,52.3756536,13.0916857,Großer Krake,,n_playground
way,515955529,52.5412695,13.5573512,,,n_playground
way,515955530,52.5407306,13.5569762,,,n_playground
way,516231150,52.5401992,13.557355,,,n_playground
way,517163236,52.5853877,13.2276839,,,n_playground
way,517718980,52.537471,13.4989557,,,n_playground
way,517725225,52.5403386,13.4964885,,,n_playground
way,517889224,52.4908183,13.3623319,,,n_playground
way,518038774,52.5237124,13.5803117,,,n_playground
way,518911687,52.5575442,13.4836333,,,n_playground
way,519394623,52.5658883,13.5739725,,,n_playground
way,519900823,52.6081308,13.2484834,,,n_playground
way,520399320,52.4264714,13.2861948,Spielplatz Abendruh,,n_playground
way,520500254,52.5180528,13.3450531,,,n_playground
way,520758484,52.5341874,13.6044281,,,n_playground
way,521821945,52.4814632,13.5136962,,,n_playground
way,522509031,52.4669828,13.5277886,,,n_playground
way,522580708,52.4236362,13.4829979,,,n_playground
way,522889552,52.4234278,13.4607176,,,n_playground
way,522889554,52.4272074,13.4544935,,,n_playground
way,522889555,52.4262188,13.454046,,,n_playground
way,522889556,52.4274915,13.4532862,,,n_playground
way,522889557,52.426321,13.4557992,,,n_playground
way,522889558,52.4243409,13.4576178,,,n_playground
way,522889559,52.4250995,13.4579993,,,n_playground
way,522889560,52.4247446,13.4596545,,,n_playground
way,522889561,52.4262192,13.4591092,,,n_playground
way,523736422,52.5316164,13.4256363,,,n_playground
way,523774463,52.5464376,13.501028,,,n_playground
way,524100599,52.4492795,13.358735,,,n_playground
way,526461836,52.4834055,13.5312784,,,n_playground
way,526461840,52.4837189,13.5311557,,,n_playground
way,526786252,52.4477263,13.3302712,,,n_playground
way,527248767,52.5370472,13.6228083,,,n_playground
way,528690511,52.4818907,13.4478109,Rosegger-Spielplatz,,n_playground
way,530256188,52.5741091,13.3722292,,,n_playground
way,530408545,52.5405537,13.5063263,,,n_playground
way,530582835,52.5354193,13.590514,,,n_playground
way,530582844,52.536452,13.5905309,,,n_playground
way,530632337,52.5636985,13.3713039,Letteplatz,,n_playground
way,531542126,52.5495404,13.3850817,,,n_playground
way,531574474,52.5425852,13.2979201,Piratenspielplatz,,n_playground
way,531631715,52.5314304,13.3895529,,,n_playground
way,531707624,52.6427658,13.5443394,Bronnenplatz,,n_playground
way,531992144,52.5169171,13.3410375,,,n_playground
way,532082333,52.5783292,13.4242395,,,n_playground
way,532082334,52.577347,13.4260877,,,n_playground
way,532671472,52.5608311,13.3859544,,,n_playground
way,532671473,52.5609302,13.3856178,,,n_playground
way,532815119,52.4829589,13.3228003,,,n_playground
way,532934792,52.4824634,13.3279264,,,n_playground
way,532970654,52.5673408,13.5260749,,,n_playground
way,533091326,52.5705318,13.4942766,,,n_playground
way,533091327,52.5711549,13.4947464,,,n_playground
way,533130357,52.5954298,13.3500657,,,n_playground
way,533592904,52.4151956,13.3147156,,,n_playground
way,534151697,52.5806646,13.4063576,,,n_playground
way,534844765,52.5137397,13.4663117,,,n_playground
way,534875854,52.4360421,13.4441349,,,n_playground
way,534992160,52.4943586,13.4736021,,,n_playground
way,535558720,52.5182506,13.343165,,,n_playground
way,536104541,52.4814598,13.3311563,,,n_playground
way,536326132,52.5537419,13.5714891,,,n_playground
way,536326220,52.5547554,13.5709686,,,n_playground
way,536326294,52.5527175,13.575894,,,n_playground
way,536506507,52.5463213,13.3529624,,,n_playground
way,536686312,52.516463,13.6227733,,,n_playground
way,537139643,52.674893,13.5324725,,,n_playground
way,537228146,52.4929716,13.4063013,,,n_playground
way,537826949,52.5388965,13.5583188,,,n_playground
way,537850718,52.5385183,13.5562828,,,n_playground
way,538221447,52.50293,13.5124646,Spielplatz Schwarzmeerstr. hinter. Nr. 29,,n_playground
way,538514855,52.4748468,13.3768593,,,n_playground
way,538572586,52.4802802,13.3753281,,,n_playground
way,539031998,52.5369781,13.6167402,,,n_playground
way,539032417,52.5739767,13.3577322,,,n_playground
way,540234230,52.5757703,13.3698779,,,n_playground
way,540238233,52.5756509,13.3708591,,,n_playground
way,540240460,52.4652656,13.3159751,,,n_playground
way,540753476,52.5733767,13.3704388,,,n_playground
way,540854016,52.5032575,13.3971285,Kinderspielplatz am Berlin Museum,,n_playground
way,540855182,52.5038826,13.3972471,,,n_playground
way,541086392,52.5243115,13.5284511,Bim & Boom Kinderspielland,12681,n_playground
way,541193006,52.4706366,13.5200681,,,n_playground
way,541377534,52.5302615,13.5879836,Konrad in Elektropolis,,n_playground
way,541382744,52.5395448,13.6024945,,,n_playground
way,541382745,52.5413935,13.6024361,,,n_playground
way,541382746,52.5404425,13.6023094,,,n_playground
way,541382747,52.5404001,13.6027258,,,n_playground
way,541390059,52.5753113,13.3720336,,,n_playground
way,541545365,52.4657299,13.3214192,,,n_playground
way,542263290,52.5675029,13.3486277,,,n_playground
way,542451489,52.5733957,13.3489392,,,n_playground
way,542451490,52.5733536,13.3482738,,,n_playground
way,542451491,52.5730351,13.3484001,,,n_playground
way,542464782,52.5676822,13.3449751,,,n_playground
way,542604941,52.5734621,13.3496853,,,n_playground
way,543125907,52.5726239,13.3508343,,,n_playground
way,543143381,52.5707234,13.3505255,,,n_playground
way,543153269,52.5678346,13.3503581,,,n_playground
way,543153272,52.5682754,13.3502761,,,n_playground
way,543153277,52.5688339,13.3503283,,,n_playground
way,543494361,52.5746498,13.3488615,,,n_playground
way,543497000,52.5698268,13.3502512,,,n_playground
way,543531622,52.5668668,13.5203319,,,n_playground
way,543534557,52.5673874,13.5027555,,,n_playground
way,543721494,52.5668815,13.3596025,,,n_playground
way,543926326,52.5741608,13.3529913,,,n_playground
way,544340399,52.3854135,13.1382138,"Abenteuerspielplatz ""Blauer Daumen""",14480,n_playground
way,544358436,52.4118601,13.5660431,,,n_playground
way,544615310,52.5748954,13.3667891,,,n_playground
way,544633032,52.4037958,13.5282788,,,n_playground
way,544887251,52.5736749,13.3632742,,,n_playground
way,545296962,52.5334,13.6126824,,,n_playground
way,545602464,52.4629539,13.2923944,,,n_playground
way,545697692,52.5596487,13.2199379,,,n_playground
way,545699313,52.5609479,13.2221427,,,n_playground
way,545699314,52.5615342,13.2205818,,,n_playground
way,545831334,52.4310529,13.445617,,,n_playground
way,545832133,52.4644344,13.3024796,,,n_playground
way,546359421,52.5728165,13.3604369,,,n_playground
way,546359422,52.5718493,13.3626226,,,n_playground
way,547061872,52.5729,13.3584609,,,n_playground
way,547103791,52.410556,13.370342,,,n_playground
way,547193314,52.4706004,13.275519,,,n_playground
way,547699051,52.3634442,13.6151915,,,n_playground
way,547879789,52.4521496,13.1113372,,,n_playground
way,548910333,52.4844126,13.1850537,,,n_playground
way,549676895,52.4560175,13.2707125,,,n_playground
way,549679781,52.4562088,13.2674766,,,n_playground
way,549989975,52.4576595,13.2686203,Spielplatz Spiderpark,,n_playground
way,550212942,52.4776485,13.4498985,,,n_playground
way,550212948,52.4776708,13.4493967,,,n_playground
way,551017251,52.4896459,13.3986841,,,n_playground
way,551039253,52.6745475,13.5797963,,,n_playground
way,551060999,52.5184662,13.3563795,,,n_playground
way,551061001,52.5187244,13.3562623,,,n_playground
way,551081832,52.6767996,13.5851699,,,n_playground
way,551127325,52.4529008,13.5686378,,,n_playground
way,551127330,52.4520012,13.5689255,,,n_playground
way,551137300,52.5322145,13.3884812,,,n_playground
way,551223667,52.5179912,13.3556815,,,n_playground
way,551223677,52.5178872,13.3559442,,,n_playground
way,551224480,52.5185029,13.3562487,,,n_playground
way,551224481,52.5185247,13.3558419,,,n_playground
way,551341221,52.5569648,13.4133097,,,n_playground
way,551428727,52.4552547,13.3106688,,,n_playground
way,551462501,52.5587736,13.4077302,,,n_playground
way,551463944,52.5607402,13.4118825,,,n_playground
way,551463947,52.5624336,13.4108862,,,n_playground
way,551463948,52.5625277,13.4117121,,,n_playground
way,551682316,52.6447565,13.4892407,,,n_playground
way,552418667,52.4800697,13.3395073,,,n_playground
way,552643786,52.4628232,13.3918177,,,n_playground
way,552746484,52.3688607,13.0943812,,,n_playground
way,552794686,52.359849,13.0924293,,,n_playground
way,552821890,52.3693661,13.0937277,,,n_playground
way,552920975,52.5514805,13.407116,,,n_playground
way,552920976,52.5514969,13.4061657,,,n_playground
way,552970970,52.5242132,13.4240615,,,n_playground
way,552970971,52.5242454,13.4240521,,,n_playground
way,552970983,52.5248959,13.4240052,,,n_playground
way,553064751,52.5524753,13.4042227,,,n_playground
way,553283361,52.3764588,13.1311262,,,n_playground
way,554048905,52.5640829,13.5767709,,,n_playground
way,554048906,52.5639366,13.5757884,,,n_playground
way,554052860,52.5547974,13.5131813,,,n_playground
way,554299845,52.4542415,13.2710338,,,n_playground
way,554569060,52.5269943,13.1417136,,,n_playground
way,554618100,52.5265692,13.1534769,"Naturerfahrungsraum ""Wilde Welt"" am Spieroweg",,n_playground
way,554628181,52.4208275,13.2841922,,,n_playground
way,554925912,52.4199012,13.2837626,Map of the USA,,n_playground
way,554954128,52.4194856,13.2838254,,,n_playground
way,555478096,52.5038205,13.287546,,,n_playground
way,556076651,52.5271305,13.396475,,,n_playground
way,556440059,52.4267275,13.5827705,,,n_playground
way,556588046,52.4592722,13.2756545,,,n_playground
way,556829829,52.5658799,13.2063423,Zwergenwelt,,n_playground
way,557070566,52.5183462,13.2545463,,,n_playground
way,557234057,52.5494301,13.3658569,,,n_playground
way,557702089,52.5100038,13.3950994,,,n_playground
way,558077147,52.4386399,13.4559861,,,n_playground
way,558077148,52.4376289,13.4554108,,,n_playground
way,558082339,52.4229869,13.3598172,,,n_playground
way,558207958,52.5185594,13.3452513,,,n_playground
way,558563833,52.4499653,13.3956722,Spielplatz Schätzelberge,,n_playground
way,559032933,52.544673,13.248688,,,n_playground
way,559494563,52.4228645,13.3515955,,,n_playground
way,559528030,52.4187646,13.2853786,,,n_playground
way,559835140,52.4305339,13.2142654,,,n_playground
way,560191619,52.5365095,13.4054206,,,n_playground
way,560517680,52.5356754,13.3832262,Spielplatz am Nordbahnhof,,n_playground
way,560519746,52.5308759,13.3896297,,,n_playground
way,562599458,52.5623524,13.4114965,,,n_playground
way,563414094,52.4797574,13.5170009,Blaue Ecke,,n_playground
way,563656668,52.5536807,13.4479603,,,n_playground
way,563662791,52.5535711,13.4524086,,,n_playground
way,564448302,52.5580611,13.421892,,,n_playground
way,564448303,52.5583113,13.4213496,,,n_playground
way,564465910,52.5568107,13.4225437,,,n_playground
way,564465911,52.5566975,13.4225415,,,n_playground
way,564465912,52.5558599,13.4239334,,,n_playground
way,564465915,52.5554039,13.4246319,,,n_playground
way,564465916,52.5547332,13.4226808,,,n_playground
way,564465923,52.5597331,13.4268569,,,n_playground
way,564620724,52.5679919,13.4230136,,,n_playground
way,564620725,52.5689034,13.4209308,,,n_playground
way,564620727,52.5697309,13.4238139,,,n_playground
way,564787477,52.5501694,13.420535,,,n_playground
way,565920581,52.5506103,13.4191086,,,n_playground
way,565925562,52.5245539,13.4516522,,,n_playground
way,565944320,52.5470428,13.4379307,,,n_playground
way,565945162,52.5486831,13.4346328,,,n_playground
way,565945163,52.5483796,13.4334039,,,n_playground
way,566106339,52.5079655,13.4178609,,,n_playground
way,566106341,52.5073556,13.4172874,,,n_playground
way,566791177,52.4660472,13.107662,Waldspielplatz,,n_playground
way,568471604,52.5593063,13.218172,Am alten Kabelwerk,,n_playground
way,569127097,52.5144778,13.4262178,,,n_playground
way,570000154,52.5086841,13.2931687,,,n_playground
way,570394795,52.4349838,13.3411509,,,n_playground
way,570662645,52.4974877,13.4440959,,10997,n_playground
way,570698469,52.5520803,13.421144,,,n_playground
way,570700380,52.555428,13.4201803,,,n_playground
way,571095511,52.4959547,13.445606,,,n_playground
way,571095592,52.4995712,13.4422367,,,n_playground
way,571268373,52.4612561,13.3758277,,,n_playground
way,573204215,52.4236833,13.4185152,,,n_playground
way,573498768,52.4844051,13.2954673,,,n_playground
way,576455689,52.3881267,13.0913822,,,n_playground
way,578659317,52.4340811,13.526108,,,n_playground
way,578659328,52.4355497,13.5267641,,,n_playground
way,580172422,52.670064,13.5974884,,,n_playground
way,580175217,52.6743776,13.6006025,,,n_playground
way,580175218,52.6739201,13.6021756,,,n_playground
way,580175219,52.6735985,13.601379,,,n_playground
way,580175220,52.6731144,13.6003548,,,n_playground
way,580175221,52.6731508,13.599537,,,n_playground
way,580194810,52.6561657,13.3736565,,,n_playground
way,580266684,52.4513647,13.5418478,,,n_playground
way,580268491,52.4511534,13.535479,,,n_playground
way,580819896,52.4380771,13.4030441,,,n_playground
way,581005832,52.4410035,13.417709,,,n_playground
way,581005833,52.4414016,13.4175274,,,n_playground
way,581677626,52.4403364,13.5005476,,,n_playground
way,581868453,52.4385575,13.5659371,,,n_playground
way,581868454,52.437854,13.5645751,,,n_playground
way,581949730,52.4183182,13.4015458,,,n_playground
way,582235957,52.6747835,13.3764211,,,n_playground
way,582388057,52.452803,13.2666454,,,n_playground
way,583336005,52.541087,13.3745891,,,n_playground
way,583761432,52.5248147,13.4008683,,,n_playground
way,584020600,52.535388,13.4435406,,,n_playground
way,584210908,52.466409,13.5194863,,,n_playground
way,584361781,52.386089,13.1121691,Ameisenspielplatz,,n_playground
way,584752619,52.5848863,13.4093681,,,n_playground
way,584919136,52.4524912,13.264946,,,n_playground
way,585974347,52.424835,13.470099,,,n_playground
way,585974354,52.4256735,13.4682581,,,n_playground
way,585974360,52.4248985,13.4677769,,,n_playground
way,585974365,52.4269624,13.4723766,,,n_playground
way,586099357,52.4817568,13.4889379,,,n_playground
way,586114365,52.4047713,13.5304144,,,n_playground
way,586121729,52.4623633,13.4902095,Piraten-Spielplatz,,n_playground
way,587828599,52.4187249,13.5023259,,,n_playground
way,587828603,52.4186121,13.5039276,,,n_playground
way,588218934,52.3685521,13.0930432,,,n_playground
way,588717390,52.5517763,13.4916274,,,n_playground
way,589212618,52.5071899,13.4141841,,,n_playground
way,589395139,52.5044815,13.4322508,,,n_playground
way,589409238,52.4836675,13.4529088,,,n_playground
way,589524719,52.5066164,13.4271846,,,n_playground
way,590752562,52.5134247,13.2806838,,,n_playground
way,590940603,52.5981159,13.4375105,,,n_playground
way,592157363,52.6429329,13.2938984,,,n_playground
way,592764524,52.4484561,13.1300383,,,n_playground
way,593127507,52.3896724,13.1160039,,,n_playground
way,593127508,52.3903916,13.1162681,,,n_playground
way,594349719,52.6051693,13.4355629,,,n_playground
way,596144894,52.6273259,13.4988412,,,n_playground
way,596168325,52.6393276,13.4948036,,,n_playground
way,596835793,52.4837864,13.3735414,,,n_playground
way,599413588,52.5477801,13.5636057,,,n_playground
way,600826763,52.5406802,13.2422677,,,n_playground
way,601135362,52.4475593,13.3484059,,,n_playground
way,601752805,52.5182905,13.6046991,,,n_playground
way,601830867,52.6353309,13.3188182,,,n_playground
way,602726511,52.4666196,13.4713027,,,n_playground
way,603023741,52.5927621,13.3342205,,,n_playground
way,603751490,52.6401221,13.4844715,,,n_playground
way,603823508,52.5478755,13.4171323,Kirchenspielplatz,,n_playground
way,603982532,52.5504791,13.5638101,,,n_playground
way,604036509,52.4551237,13.4980681,,,n_playground
way,604036515,52.4548379,13.4999713,,,n_playground
way,604036516,52.454267,13.4994024,,,n_playground
way,604036529,52.4540533,13.4990783,,,n_playground
way,604036551,52.4554728,13.5005267,,,n_playground
way,604151406,52.4554094,13.4984657,,,n_playground
way,604153500,52.4558481,13.4994071,,,n_playground
way,604389694,52.4077223,13.574289,,,n_playground
way,604389697,52.4078475,13.5740302,,,n_playground
way,604460626,52.3695084,13.3958998,Spielplatz Waldblick Ziethener Straße,,n_playground
way,604656799,52.5242897,13.4150924,,,n_playground
way,604732619,52.4008838,13.5729687,,,n_playground
way,605867214,52.5819354,13.3405069,,,n_playground
way,605893968,52.4597824,13.1146933,,,n_playground
way,605997287,52.386227,13.3975523,,,n_playground
way,606077106,52.5242629,13.428166,,,n_playground
way,606077110,52.5259149,13.4263798,,,n_playground
way,606077111,52.5258666,13.4240918,,,n_playground
way,606077112,52.526564,13.4262514,,,n_playground
way,606077120,52.5257854,13.4280475,,,n_playground
way,606077140,52.5252058,13.4176762,,,n_playground
way,606077146,52.5215924,13.4309008,,,n_playground
way,606138267,52.6297604,13.5039353,,,n_playground
way,606479960,52.5173194,13.4479645,,,n_playground
way,607259908,52.5924206,13.3506935,,,n_playground
way,607847292,52.4766127,13.4655436,,,n_playground
way,607908003,52.4738186,13.4669462,,,n_playground
way,607908012,52.4746012,13.4657155,,,n_playground
way,608060839,52.5659731,13.4007476,,,n_playground
way,608111265,52.4714958,13.4644716,,,n_playground
way,608114364,52.5105154,13.3161656,,,n_playground
way,608424867,52.5869314,13.3327452,,,n_playground
way,608732503,52.4998049,13.3932946,,,n_playground
way,608732504,52.4998241,13.3937428,,,n_playground
way,608732507,52.5001898,13.3935316,,,n_playground
way,609032127,52.5136886,13.4284594,,,n_playground
way,609711687,52.5280441,13.4507711,,,n_playground
way,610220378,52.5921738,13.3324746,,,n_playground
way,610537378,52.5936078,13.3308855,,,n_playground
way,610846851,52.4320341,13.4081855,,,n_playground
way,610846855,52.4328436,13.4080725,Lehmdorf Makunaima,,n_playground
way,610846887,52.4329458,13.4083894,,,n_playground
way,611010227,52.4342559,13.4134758,,,n_playground
way,611237676,52.536698,13.5867978,,,n_playground
way,612016763,52.4958233,13.3425937,,,n_playground
way,612040259,52.5278547,13.1422801,,,n_playground
way,612294934,52.5925549,13.33101,,,n_playground
way,612753046,52.5828372,13.3352991,,,n_playground
way,613694001,52.4906394,13.6190446,,,n_playground
way,614206686,52.3979499,13.2870392,,,n_playground
way,614376089,52.5424043,13.6094448,,,n_playground
way,615244713,52.5101269,13.5064294,,,n_playground
way,615483289,52.5836579,13.4268226,,,n_playground
way,615483290,52.5832255,13.4270327,,,n_playground
way,615591222,52.525485,13.3483717,Piepmatz,,n_playground
way,616112960,52.4294875,13.5934312,,,n_playground
way,616565049,52.5647073,13.3991002,,,n_playground
way,616841945,52.4249377,13.5758918,,,n_playground
way,617211144,52.5127115,13.5332739,,,n_playground
way,617444264,52.4564893,13.5133549,,,n_playground
way,617649549,52.5091896,13.2997708,,,n_playground
way,617800186,52.3974134,13.0897873,,,n_playground
way,617825979,52.4635489,13.4775543,,,n_playground
way,617958026,52.5247497,13.2033538,,,n_playground
way,618001616,52.4272942,13.3011174,,,n_playground
way,618001617,52.4271465,13.3014634,,,n_playground
way,618001618,52.4271843,13.3015156,,,n_playground
way,618001619,52.4269191,13.3019875,,,n_playground
way,618001620,52.4269068,13.3018129,,,n_playground
way,618001621,52.427917,13.2982235,,,n_playground
way,618001622,52.4282798,13.2969728,,,n_playground
way,618001623,52.4283696,13.2969864,,,n_playground
way,618003994,52.4242354,13.2969227,,,n_playground
way,618004463,52.4276096,13.300049,,,n_playground
way,618188307,52.5584402,13.3623563,,,n_playground
way,618260824,52.5472162,13.2352239,,,n_playground
way,618268902,52.5177589,13.1987277,,,n_playground
way,618287355,52.5776521,13.3302906,,,n_playground
way,618296031,52.5769061,13.3167632,,,n_playground
way,618326321,52.5015978,13.6593584,,,n_playground
way,618345156,52.4937246,13.4856952,,,n_playground
way,618561039,52.4462233,13.3643709,,,n_playground
way,618838842,52.5782393,13.3255141,,,n_playground
way,619496378,52.5057746,13.555189,Spielplatz Stadtgarten Biesdorf,,n_playground
way,620121750,52.5107416,13.2572783,,,n_playground
way,620127159,52.5094982,13.242864,,,n_playground
way,620128109,52.5087147,13.2439574,,,n_playground
way,620842254,52.5639759,13.3867548,,,n_playground
way,621718285,52.4475275,13.514226,,,n_playground
way,621718286,52.4470588,13.5149494,,,n_playground
way,621975497,52.3716247,13.5981918,,,n_playground
way,622369427,52.500918,13.4752351,,,n_playground
way,623122285,52.5351229,13.5510262,,,n_playground
way,623160611,52.5733409,13.3178782,,,n_playground
way,623423911,52.5385579,13.2900862,,,n_playground
way,624242344,52.4804429,13.3586383,,,n_playground
way,624676073,52.5210492,13.3755601,,,n_playground
way,624676074,52.5210928,13.3748946,,,n_playground
way,625079064,52.4778115,13.3119842,,,n_playground
way,625539540,52.5142154,13.4880352,,,n_playground
way,625667908,52.608285,13.3363084,,,n_playground
way,625814316,52.6095332,13.3319828,,,n_playground
way,625953808,52.5060855,13.2508498,,,n_playground
way,625970915,52.4920922,13.3763172,,,n_playground
way,625997668,52.5745446,13.5002956,,,n_playground
way,626247039,52.4977836,13.4782815,,,n_playground
way,626336927,52.5702141,13.5047759,,,n_playground
way,626505255,52.5023258,13.3725223,,,n_playground
way,626683077,52.5666974,13.5645221,,,n_playground
way,627837485,52.4444083,13.3707929,,,n_playground
way,628988905,52.524362,13.2977083,"Spielplatz ""Piratenschiff""",,n_playground
way,629987462,52.5456089,13.3911443,,,n_playground
way,629987463,52.5465717,13.39052,,,n_playground
way,630078108,52.4348616,13.5307494,,,n_playground
way,630078109,52.4355669,13.5292098,,,n_playground
way,630078111,52.4336623,13.5272947,,,n_playground
way,630078113,52.4342078,13.5286271,,,n_playground
way,630078129,52.4348538,13.5271921,,,n_playground
way,630078130,52.4350434,13.5268984,,,n_playground
way,630078142,52.435446,13.5272581,,,n_playground
way,631629512,52.4462597,13.1299577,,,n_playground
way,631629524,52.4467248,13.1287532,,,n_playground
way,631869651,52.5533719,13.4263343,,,n_playground
way,631974147,52.4483181,13.4430257,,,n_playground
way,633683780,52.475159,13.4226758,,,n_playground
way,633835800,52.6110408,13.339578,,,n_playground
way,633966967,52.4773834,13.4277968,,,n_playground
way,634342609,52.5210061,13.3506504,,,n_playground
way,634351478,52.4695842,13.1023668,,,n_playground
way,634642720,52.365864,13.1387655,,,n_playground
way,635007496,52.5258133,13.4834548,Spielplatz Paul-Zobel-Straße 1-4,,n_playground
way,635280667,52.4683572,13.107204,,,n_playground
way,635280670,52.4694876,13.1084798,,,n_playground
way,635291797,52.4713353,13.1100914,,,n_playground
way,635921055,52.572732,13.4965997,,,n_playground
way,636559533,52.5708643,13.3205489,,,n_playground
way,636919786,52.420418,13.3440476,,,n_playground
way,636973430,52.6058206,13.3242763,,,n_playground
way,636973431,52.6026339,13.3262393,,,n_playground
way,637588456,52.6046132,13.3309173,,,n_playground
way,637618452,52.5395271,13.3993516,,,n_playground
way,637618453,52.5391281,13.3964858,,,n_playground
way,637618455,52.5394527,13.3962514,,,n_playground
way,638236398,52.5465861,13.4805757,,,n_playground
way,638682276,52.570973,13.3214777,,,n_playground
way,639195767,52.6048329,13.3295206,,,n_playground
way,639230369,52.5484275,13.4853229,,,n_playground
way,639422571,52.6010036,13.3233756,,,n_playground
way,639476728,52.4796762,13.361735,,,n_playground
way,640471973,52.4320364,13.3433348,,,n_playground
way,640473629,52.410533,13.3045265,,,n_playground
way,640893157,52.5320564,13.4091896,,,n_playground
way,640893158,52.5319105,13.4087375,,,n_playground
way,640893883,52.5318009,13.4090736,,,n_playground
way,641307638,52.4437798,13.3165166,,,n_playground
way,642001681,52.555167,13.4058287,,,n_playground
way,642235987,52.5695061,13.3227099,,,n_playground
way,642283438,52.5309879,13.3865258,,,n_playground
way,642806253,52.5403416,13.4454816,,,n_playground
way,642806254,52.5393956,13.4477591,,,n_playground
way,642962054,52.5536853,13.3069828,,,n_playground
way,642962057,52.5533875,13.3099309,,,n_playground
way,642962058,52.5527027,13.3095805,,,n_playground
way,645443842,52.5462929,13.48203,,,n_playground
way,645629426,52.5551005,13.4082411,,,n_playground
way,645687742,52.6035742,13.3330025,,,n_playground
way,645979564,52.3472985,13.5844674,Spielplatz Bergweg,,n_playground
way,646050216,52.6065847,13.3330104,,,n_playground
way,646212559,52.590068,13.2714844,,,n_playground
way,647077443,52.4365545,13.5260391,,,n_playground
way,647432692,52.3913691,13.3992962,,,n_playground
way,647432694,52.3919829,13.399302,,,n_playground
way,647751016,52.5982721,13.3381298,,,n_playground
way,647751018,52.5988842,13.3404397,,,n_playground
way,647770297,52.5973925,13.3369746,,,n_playground
way,648275703,52.3900489,13.4010911,,,n_playground
way,648701400,52.5556184,13.6327814,,,n_playground
way,650917828,52.51168,13.5251715,Buddelkiste,,n_playground
way,650917830,52.5114714,13.5254687,Buddelkiste,,n_playground
way,651796958,52.5198974,13.4954958,,,n_playground
way,651796960,52.5197702,13.4954629,,,n_playground
way,652846219,52.391077,13.1193198,,,n_playground
way,652846221,52.3910643,13.1186685,,,n_playground
way,652846223,52.3910681,13.1189535,,,n_playground
way,653345832,52.3912826,13.1163568,,,n_playground
way,655169777,52.5066675,13.5551302,,,n_playground
way,655169778,52.5069776,13.5552072,,,n_playground
way,655233724,52.5553753,13.2151406,,,n_playground
way,657017262,52.5014922,13.4784229,,,n_playground
way,658987968,52.4770659,13.5145376,,,n_playground
way,658987983,52.4776635,13.518316,,,n_playground
way,659113500,52.4821695,13.5279263,,,n_playground
way,659113503,52.4790396,13.5287077,,,n_playground
way,659113514,52.4781584,13.5251109,,,n_playground
way,659332266,52.4987083,13.308665,,,n_playground
way,660091194,52.5326837,13.3610633,,,n_playground
way,660704388,52.4602107,13.5472129,,,n_playground
way,660944290,52.4430756,13.2557573,,,n_playground
way,661132436,52.4708757,13.6892111,Spielplatz Goethepark,,n_playground
way,661570251,52.5682645,13.3574197,,,n_playground
way,662633800,52.4323127,13.40819,World Map,,n_playground
way,663167356,52.546202,13.3784322,,,n_playground
way,663167358,52.5461925,13.37708,,,n_playground
way,663222304,52.6118485,13.492833,,,n_playground
way,663552693,52.4541001,13.3720329,,,n_playground
way,664424269,52.4773215,13.5452004,,,n_playground
way,665045754,52.4705619,13.105658,,,n_playground
way,666001415,52.4330256,13.3836794,,,n_playground
way,666523696,52.6040661,13.4261142,,,n_playground
way,666528905,52.5210713,13.374544,,,n_playground
way,666532483,52.5571614,13.2210146,,,n_playground
way,667963026,52.4434559,13.4076354,,,n_playground
way,668728007,52.3762672,13.1421053,,,n_playground
way,669282640,52.4631776,13.3791945,,,n_playground
way,669352442,52.5576433,13.4159201,,,n_playground
way,669369037,52.4021818,13.2734102,,,n_playground
way,669400331,52.5615287,13.4082579,,,n_playground
way,669403962,52.5623578,13.415159,,,n_playground
way,669416665,52.4673951,13.7160511,,,n_playground
way,669442484,52.4535484,13.572338,,,n_playground
way,669442485,52.4532124,13.5719941,,,n_playground
way,669442495,52.4527779,13.5710523,,,n_playground
way,669498979,52.5655653,13.4133452,,,n_playground
way,669503458,52.5755324,13.4237931,,,n_playground
way,669503461,52.575345,13.4245367,,,n_playground
way,669503973,52.5766964,13.4247224,,,n_playground
way,669503974,52.5789553,13.4252047,,,n_playground
way,669690506,52.5473982,13.3979629,,,n_playground
way,669690507,52.5470271,13.3982129,,,n_playground
way,669949155,52.5109364,13.446432,,,n_playground
way,670425318,52.376281,13.1363587,,,n_playground
way,670425321,52.3745703,13.1353845,,,n_playground
way,670425324,52.3748956,13.1337118,,,n_playground
way,670937412,52.5403143,13.4931854,,,n_playground
way,670937413,52.5397341,13.4928568,,,n_playground
way,670938638,52.5459536,13.4984588,,,n_playground
way,670938639,52.5463777,13.4982701,,,n_playground
way,670938645,52.5468297,13.4999148,,,n_playground
way,670938693,52.5447516,13.4976994,,,n_playground
way,670975450,52.5667376,13.366925,,,n_playground
way,671079142,52.377268,13.1310056,,,n_playground
way,671089622,52.4612992,13.5474823,,,n_playground
way,671091832,52.4629645,13.5479614,,,n_playground
way,671318451,52.5500713,13.3952567,,,n_playground
way,671318452,52.550064,13.3943576,,,n_playground
way,671780007,52.3875733,13.2001659,Spielplatz John Gaudenz,,n_playground
way,671783334,52.3794348,13.1974135,Spielplatz Rotkehlchenweg,,n_playground
way,672963972,52.51513,13.6026465,,,n_playground
way,673699604,52.5635944,13.34607,,,n_playground
way,674129743,52.5010011,13.3510005,,,n_playground
way,674181890,52.573393,13.3386293,,,n_playground
way,674267887,52.4802562,13.4489758,,,n_playground
way,675031754,52.4278131,13.3619071,,,n_playground
way,675431397,52.5350429,13.6098151,,,n_playground
way,675431398,52.5353742,13.6098558,,,n_playground
way,675431504,52.5369953,13.6184909,,,n_playground
way,676093074,52.4226648,13.4630024,,,n_playground
way,676518159,52.5438378,13.3807286,,,n_playground
way,677371640,52.529599,13.4797843,,,n_playground
way,677414155,52.4952645,13.5034507,,,n_playground
way,677929976,52.5484776,13.5712301,Kiezpark Schönagelstraße,,n_playground
way,678817666,52.5879273,13.3291558,,,n_playground
way,679025941,52.424141,13.5768748,,,n_playground
way,679036376,52.5679103,13.4502261,,,n_playground
way,679036377,52.5681821,13.4489146,,,n_playground
way,679059657,52.5120273,13.50821,,,n_playground
way,679185213,52.6117741,13.3234787,Entenspielplatz,,n_playground
way,679326287,52.5329246,13.4056431,,,n_playground
way,679659640,52.4155554,13.3214855,,,n_playground
way,679659907,52.4133931,13.3234075,,,n_playground
way,679759435,52.3383039,13.106657,,,n_playground
way,679759436,52.3383654,13.1064629,,,n_playground
way,679759437,52.3389765,13.1064187,,,n_playground
way,679759438,52.338742,13.1059291,,,n_playground
way,679761948,52.3500083,13.0983858,"Spielplatz ""Das Schiff"" beim Rehgraben",,n_playground
way,679761949,52.3470127,13.0968898,"Spielplatz ""Weidengrund""",,n_playground
way,679761950,52.3506185,13.1020491,,,n_playground
way,679761951,52.3497731,13.1020477,,,n_playground
way,679800287,52.4565404,13.5462263,,,n_playground
way,679922931,52.4897318,13.4182762,,,n_playground
way,679922935,52.4898084,13.4171543,,,n_playground
way,680380180,52.5660703,13.5513065,,,n_playground
way,680380182,52.566257,13.5502242,,,n_playground
way,680591889,52.5499343,13.1540507,,,n_playground
way,680721691,52.5681778,13.4971825,,,n_playground
way,680828125,52.4712595,13.4656591,,,n_playground
way,681653852,52.5631775,13.5630304,Spielburg,,n_playground
way,682242767,52.3791161,13.4059279,,,n_playground
way,682421840,52.440019,13.3458683,,,n_playground
way,683138739,52.5239579,13.4838996,,,n_playground
way,683259973,52.5591798,13.3892118,,,n_playground
way,683451691,52.4191729,13.2556694,,,n_playground
way,683619039,52.5558393,13.4125449,,,n_playground
way,683619040,52.5556717,13.4125601,,,n_playground
way,685077337,52.4167255,13.7301144,Spielplatz Spreeeck,15537,n_playground
way,685085780,52.4388596,13.5785736,,,n_playground
way,685300518,52.3945591,13.4957698,,,n_playground
way,685302645,52.605249,13.3354455,,,n_playground
way,686292779,52.5045484,13.3793556,,,n_playground
way,686409001,52.5092989,13.5059948,,,n_playground
way,686670742,52.4234079,13.4642441,,,n_playground
way,687977104,52.6396141,13.2892882,Spielplatz Ludwig-Lesser-Park,,n_playground
way,688179790,52.5188609,13.5937345,,12619,n_playground
way,688486732,52.5466301,13.3969258,,,n_playground
way,688583515,52.5413621,13.1460204,,,n_playground
way,688626772,52.4234563,13.4174488,,,n_playground
way,688673582,52.510459,13.5647993,,,n_playground
way,688673584,52.510198,13.5655203,,,n_playground
way,688982753,52.6609568,13.6419512,,,n_playground
way,689204625,52.5034938,13.4186169,,,n_playground
way,689681865,52.5726621,13.5720054,,,n_playground
way,689708294,52.564096,13.211065,,,n_playground
way,689708295,52.5636949,13.2144123,,,n_playground
way,689752056,52.5042775,13.370978,,,n_playground
way,690750397,52.4381514,13.2385173,,,n_playground
way,691053729,52.5057263,13.377702,,,n_playground
way,691072840,52.5023384,13.38732,,,n_playground
way,691072841,52.5021079,13.3873553,,,n_playground
way,691273091,52.4921607,13.1769735,,,n_playground
way,691697826,52.5407489,13.6140697,,,n_playground
way,691747751,52.6055213,13.4248049,,,n_playground
way,691990244,52.5302058,13.6194842,,,n_playground
way,692020721,52.3759916,13.1447657,,,n_playground
way,692218080,52.4462943,13.3916874,,,n_playground
way,692346285,52.5095693,13.3083705,Spielhaus,,n_playground
way,692346286,52.5092396,13.3083789,,,n_playground
way,693675378,52.5680288,13.5705573,,,n_playground
way,693686671,52.5634759,13.5276376,,,n_playground
way,693746548,52.5544926,13.3929864,,,n_playground
way,694116497,52.4980706,13.5682526,,,n_playground
way,694300663,52.5252833,13.4639765,,,n_playground
way,694303420,52.5266574,13.4649912,,,n_playground
way,694347300,52.3934164,13.0908963,,,n_playground
way,694749736,52.550204,13.5809686,,,n_playground
way,695948648,52.531452,13.6015805,,,n_playground
way,696218794,52.4394456,13.3529199,,,n_playground
way,696218795,52.4475708,13.3507081,,,n_playground
way,696703444,52.5702466,13.5701607,,,n_playground
way,696703448,52.5697361,13.5718995,,,n_playground
way,696752415,52.5592745,13.4214586,,,n_playground
way,696752421,52.5595216,13.4191006,,,n_playground
way,696887216,52.5099097,13.2901863,,,n_playground
way,697078909,52.4324106,13.2762372,,,n_playground
way,697078910,52.4323502,13.2754675,,,n_playground
way,697105827,52.563163,13.4036998,,,n_playground
way,697105831,52.563907,13.3992871,,,n_playground
way,697179154,52.5365459,13.3854065,,,n_playground
way,697531761,52.3833575,13.1084287,Gartenstraße Nord-Süd,,n_playground
way,697559417,52.4291618,13.3625413,,,n_playground
way,697559420,52.4271751,13.3637106,,,n_playground
way,697635805,52.4267629,13.3656152,,,n_playground
way,697635809,52.4223916,13.3603657,,,n_playground
way,697635810,52.4235335,13.3620033,,,n_playground
way,697687969,52.4180449,13.3613609,,,n_playground
way,697690725,52.4305763,13.362388,,,n_playground
way,698713601,52.5059548,13.6053404,,,n_playground
way,699026396,52.5420206,13.6157563,,,n_playground
way,699108075,52.4650712,13.4268159,,,n_playground
way,699323590,52.3962581,13.1341426,,,n_playground
way,699444023,52.5124274,13.5902039,,,n_playground
way,700248221,52.4801367,13.6044237,,,n_playground
way,700488991,52.4869919,13.5414608,,,n_playground
way,700488992,52.4869233,13.5420334,,,n_playground
way,700488993,52.488501,13.5422632,,,n_playground
way,700488994,52.4885685,13.5416793,,,n_playground
way,700864641,52.4221377,13.2471811,,,n_playground
way,701366919,52.4184286,13.2238946,,,n_playground
way,703034409,52.6757003,13.5387797,,,n_playground
way,704169115,52.544986,13.5958475,,,n_playground
way,704173941,52.5081609,13.6139247,,,n_playground
way,704288532,52.4992769,13.4928526,,,n_playground
way,704569166,52.520256,13.5068362,,,n_playground
way,704608394,52.4036047,13.221627,Spielplatz am Rathausmarkt,,n_playground
way,704797562,52.4054405,13.2211266,,,n_playground
way,704814946,52.5422261,13.3406985,Kinderspielplatz,,n_playground
way,704893745,52.5470049,13.5979027,,,n_playground
way,705104740,52.6313978,13.6054577,,,n_playground
way,705212986,52.5273395,13.5750616,,,n_playground
way,705373447,52.4863706,13.5667811,,,n_playground
way,705373448,52.4865135,13.5674288,,,n_playground
way,705568031,52.4549972,13.4725263,,,n_playground
way,706096971,52.5433168,13.5470445,,,n_playground
way,706096973,52.5428192,13.5468193,,,n_playground
way,707009855,52.545598,13.2269572,,,n_playground
way,707030746,52.5461267,13.5906839,,,n_playground
way,708828567,52.4995656,13.3605996,,,n_playground
way,709269579,52.4508222,13.5709083,,,n_playground
way,709276700,52.5213217,13.5453863,,,n_playground
way,709547990,52.5309347,13.4461745,,,n_playground
way,711088301,52.4495252,13.2666005,,,n_playground
way,711115515,52.4524697,13.3232487,,,n_playground
way,712024660,52.5026733,13.4259298,,,n_playground
way,712277367,52.5438736,13.3560588,Abenteuerspielplatz Telux,,n_playground
way,712310641,52.5267592,13.5959639,,,n_playground
way,712508640,52.5559721,13.4742483,,,n_playground
way,712508643,52.5563885,13.4745016,,,n_playground
way,712991754,52.4717924,13.1028043,Spielplatz Am Glienicker Mühlenberg,,n_playground
way,713016612,52.4227148,13.2268853,,,n_playground
way,713088269,52.5247241,13.340625,,,n_playground
way,713346129,52.5625994,13.3980115,,,n_playground
way,713586745,52.6401815,13.0923966,,,n_playground
way,713957313,52.5209179,13.5451849,,,n_playground
way,714460405,52.5544254,13.4693123,,,n_playground
way,715099757,52.5352243,13.6180624,Das fliegende Klassenzimmer,,n_playground
way,715415809,52.5567943,13.3894316,,,n_playground
way,715554701,52.536006,13.6178629,,,n_playground
way,715589834,52.4705457,13.3409193,,,n_playground
way,715719988,52.5198037,13.3068355,,,n_playground
way,715724144,52.4823844,13.3128903,,,n_playground
way,715833426,52.5440384,13.3486173,,,n_playground
way,715833427,52.5443208,13.3491561,,,n_playground
way,715833428,52.5443363,13.3499004,,,n_playground
way,715833429,52.5439054,13.3498505,,,n_playground
way,717589844,52.5286682,13.5424271,,,n_playground
way,717600571,52.5281726,13.5404651,,,n_playground
way,717746264,52.4745748,13.1290034,,,n_playground
way,717927093,52.4505556,13.1467088,,,n_playground
way,719949191,52.5219242,13.5434743,Plansche Südspitze,,n_playground
way,720245534,52.5678855,13.5496593,,,n_playground
way,720245535,52.5681187,13.549316,,,n_playground
way,720248792,52.5651629,13.5321904,,,n_playground
way,720326035,52.5775779,13.2878287,,,n_playground
way,720326036,52.577415,13.2903855,,,n_playground
way,720558055,52.5250372,13.4558531,,,n_playground
way,720598004,52.5764116,13.2767916,,,n_playground
way,720862644,52.4088611,13.4754454,,,n_playground
way,720899644,52.3644294,13.375126,,,n_playground
way,723250686,52.3542736,13.6274118,"Spielplatz ""Alice im Wunderland""",,n_playground
way,723484054,52.4307352,13.3618238,,,n_playground
way,723484055,52.4310978,13.3608094,,,n_playground
way,723484056,52.4326971,13.3598271,,,n_playground
way,723966838,52.3684065,13.6145179,Spielplatz Hexenwald,,n_playground
way,724756783,52.3675083,13.1425276,,,n_playground
way,725118465,52.4256681,13.2919359,,,n_playground
way,727517473,52.5301065,13.4352684,,,n_playground
way,729659084,52.5224772,13.3971754,,,n_playground
way,730320687,52.361646,13.0912046,,,n_playground
way,732076722,52.4051263,13.2125531,,,n_playground
way,732188495,52.4665921,13.3487129,,,n_playground
way,732188499,52.4655362,13.3488687,,,n_playground
way,732482196,52.4483601,13.4363714,,,n_playground
way,732666251,52.5298918,13.6131524,,,n_playground
way,733468158,52.4290019,13.3494255,,,n_playground
way,734430642,52.3628869,13.0969885,,,n_playground
way,734430646,52.3628609,13.0983477,,,n_playground
way,734430648,52.3628052,13.0980113,,,n_playground
way,734430649,52.3636316,13.1002877,,,n_playground
way,734854722,52.5878328,13.5352846,,,n_playground
way,734872140,52.5665234,13.5267362,,,n_playground
way,736341646,52.3964131,13.4433481,,,n_playground
way,738697531,52.4970129,13.4024114,,,n_playground
way,739900443,52.3751285,13.1373828,,,n_playground
way,740707235,52.544641,13.3628704,,,n_playground
way,742256266,52.5118736,13.5788018,,,n_playground
way,743439039,52.5143451,13.71073,,,n_playground
way,743804805,52.6003876,13.2883357,,,n_playground
way,744188473,52.6658673,13.3771161,,,n_playground
way,744379985,52.5084243,13.5553817,,,n_playground
way,744967022,52.5579662,13.420488,,,n_playground
way,744995838,52.5322437,13.3614768,,,n_playground
way,745536980,52.5539457,13.3410742,,,n_playground
way,745668771,52.4242129,13.5760955,,,n_playground
way,746163062,52.5388206,13.4616669,,,n_playground
way,746474569,52.5123763,13.284453,,,n_playground
way,747042866,52.5170991,13.2800477,,,n_playground
way,747375430,52.5678167,13.3417141,,,n_playground
way,747413906,52.3668512,13.0939676,,,n_playground
way,747435642,52.3699531,13.0944315,,,n_playground
way,747436346,52.3730693,13.0969808,,,n_playground
way,747436347,52.3726581,13.0972407,,,n_playground
way,749076089,52.4397692,13.2107264,,,n_playground
way,749235645,52.4532391,13.2812808,,,n_playground
way,749248599,52.5506378,13.1948531,,,n_playground
way,749256443,52.5440898,13.2006582,,,n_playground
way,749270811,52.5372351,13.1915027,,,n_playground
way,750373286,52.4027203,13.1976513,,,n_playground
way,750493858,52.373474,13.1446709,,,n_playground
way,750675024,52.347499,13.3029426,,,n_playground
way,750877879,52.3756494,13.0927725,,,n_playground
way,751078108,52.5077226,13.5566197,,,n_playground
way,751078109,52.5076478,13.5578394,,,n_playground
way,752820845,52.5095022,13.5023715,,,n_playground
way,752833134,52.5008697,13.4804504,,,n_playground
way,753017015,52.3636791,13.0917208,,,n_playground
way,754040169,52.5773383,13.2269215,Waldhof,,n_playground
way,754053485,52.5715344,13.3452191,,,n_playground
way,758058407,52.4325918,13.2721189,,,n_playground
way,760524042,52.3840538,13.4027747,,,n_playground
way,760799658,52.433967,13.2530151,,,n_playground
way,761309220,52.4856381,13.3795962,,,n_playground
way,762502006,52.6750937,13.5678516,,,n_playground
way,762515071,52.466227,13.7297765,Spielplatz im Jägerpark,,n_playground
way,765235247,52.4813038,13.4205768,,,n_playground
way,765467684,52.4552495,13.520608,,,n_playground
way,765467686,52.4574044,13.5187036,,,n_playground
way,767517124,52.4475942,13.5324209,,,n_playground
way,770614893,52.6485987,13.5176714,,,n_playground
way,770733558,52.4123199,13.5351058,,,n_playground
way,771316353,52.536101,13.4418339,,,n_playground
way,771327028,52.5380678,13.4372836,,,n_playground
way,771862337,52.3958946,13.4977837,,,n_playground
way,771863887,52.3946177,13.4955618,,,n_playground
way,772454170,52.4016091,13.5453937,,,n_playground
way,773813250,52.4139681,13.3380021,,,n_playground
way,774544410,52.4385397,13.3616824,,,n_playground
way,775368132,52.486309,13.3847938,,,n_playground
way,775544039,52.5285796,13.2157749,,,n_playground
way,776161565,52.5663232,13.3468984,,,n_playground
way,776207231,52.3608227,13.0961933,,,n_playground
way,776267687,52.4466331,13.5769957,,,n_playground
way,777433572,52.4357296,13.5442239,,,n_playground
way,777459110,52.4562849,13.4481806,,,n_playground
way,777480124,52.5191242,13.1720626,,,n_playground
way,778109482,52.5190658,13.173905,,,n_playground
way,778362957,52.5204306,13.1664314,,,n_playground
way,779294486,52.5318314,13.1349949,,,n_playground
way,779329968,52.4963519,13.3835642,,,n_playground
way,779650802,52.5191564,13.1734554,,,n_playground
way,780246507,52.544776,13.6018885,,,n_playground
way,780246512,52.5460056,13.6011732,,,n_playground
way,780291912,52.4924515,13.3776315,,,n_playground
way,780555660,52.4867311,13.3816692,,,n_playground
way,781270859,52.5633457,13.3389023,,,n_playground
way,781271805,52.5615988,13.3355019,,,n_playground
way,781280739,52.5664149,13.349308,,,n_playground
way,781352620,52.4538116,13.3761852,,,n_playground
way,781516921,52.4311027,13.7150205,,,n_playground
way,781613031,52.4854555,13.3834948,,,n_playground
way,783993969,52.5202402,13.1652723,,,n_playground
way,783997473,52.5182656,13.1675464,,,n_playground
way,784019025,52.5213214,13.1650909,,,n_playground
way,784189997,52.5166105,13.4845542,,,n_playground
way,785361874,52.4780425,13.433351,,,n_playground
way,785852098,52.5487681,13.1826289,,,n_playground
way,785858628,52.5499311,13.1878401,,,n_playground
way,785858629,52.5541614,13.1669125,,,n_playground
way,785860408,52.5501546,13.182086,,,n_playground
way,785860409,52.5499788,13.1827864,,,n_playground
way,785860410,52.5511721,13.1826393,,,n_playground
way,785903962,52.5506369,13.1803258,,,n_playground
way,785903963,52.5516816,13.1798201,,,n_playground
way,785903964,52.5529901,13.1782664,,,n_playground
way,785903965,52.5533835,13.1764219,,,n_playground
way,785903966,52.5532709,13.1747837,,,n_playground
way,785903968,52.5517075,13.1743326,,,n_playground
way,785903969,52.5506726,13.173128,,,n_playground
way,785903970,52.5503138,13.1748451,,,n_playground
way,786257729,52.4776504,13.4351462,,,n_playground
way,787049136,52.3567891,13.413893,,,n_playground
way,787060512,52.3412728,13.3909896,,,n_playground
way,787957934,52.6207162,13.4802236,,,n_playground
way,788161335,52.3898039,13.1957096,,,n_playground
way,791796346,52.5236284,13.3264581,,,n_playground
way,792090128,52.4574623,13.3276497,,,n_playground
way,792185555,52.530274,13.3753387,Spielplatz am Invalidenpark,,n_playground
way,793254552,52.6381748,13.4805803,,,n_playground
way,793439256,52.3914532,13.3999637,,,n_playground
way,795681714,52.5368306,13.5544942,,,n_playground
way,797517512,52.4667365,13.464941,,,n_playground
way,797709657,52.5197345,13.1754255,,,n_playground
way,797709659,52.5203059,13.1735978,,,n_playground
way,799409533,52.4662322,13.4411565,Spielplatz Walterstraße,12051,n_playground
way,799612729,52.6387072,13.7361549,,,n_playground
way,801647791,52.5112364,13.3105537,,,n_playground
way,801694869,52.3961611,13.3052486,,,n_playground
way,802012258,52.4411762,13.3856654,,,n_playground
way,802236589,52.4751888,13.1728941,,,n_playground
way,802260062,52.3720611,13.4152593,,,n_playground
way,802769540,52.45299,13.6303671,,,n_playground
way,803024029,52.4475239,13.3813178,,,n_playground
way,803434814,52.495125,13.4987845,,,n_playground
way,804590596,52.3953764,13.0922499,,,n_playground
way,805586917,52.4587422,13.3500366,,,n_playground
way,807225652,52.5693905,13.3729818,,,n_playground
way,808058517,52.6629193,13.2858321,Kistenplatz,,n_playground
way,810789975,52.4996413,13.5643826,,,n_playground
way,810789976,52.499362,13.5652101,,,n_playground
way,810803496,52.4337275,13.7033774,,,n_playground
way,810803497,52.4335018,13.7033386,,,n_playground
way,812969260,52.4628764,13.4371007,,,n_playground
way,813057468,52.4403576,13.4030919,,,n_playground
way,813191287,52.4858221,13.4439955,,,n_playground
way,813191292,52.4861308,13.444218,,,n_playground
way,813356593,52.4881085,13.4447903,,,n_playground
way,815074907,52.4265345,13.4629098,,,n_playground
way,815074916,52.4276081,13.4625062,,,n_playground
way,815074917,52.4218764,13.4736007,,,n_playground
way,815405344,52.3899572,13.3991427,,,n_playground
way,815428313,52.5137847,13.4805833,,,n_playground
way,817335425,52.4551598,13.3094362,,,n_playground
way,817888928,52.530418,13.4148445,Radiergummispielplatz,,n_playground
way,818780547,52.4710747,13.4691413,,,n_playground
way,818866953,52.4836191,13.4661368,Spielplatz Karpfenteichstraße,,n_playground
way,819055749,52.4276927,13.2632097,,,n_playground
way,819218105,52.4737469,13.3395481,,,n_playground
way,819532544,52.5418049,13.5760412,,,n_playground
way,819532545,52.5418469,13.5754569,,,n_playground
way,819896249,52.5649375,13.3965059,,13187,n_playground
way,820371287,52.543054,13.4007322,,,n_playground
way,820538152,52.5735957,13.3760014,,,n_playground
way,820846030,52.5707028,13.3686331,,,n_playground
way,822126736,52.5006877,13.3262604,,,n_playground
way,822635262,52.5800079,13.4211693,,13187,n_playground
way,822901978,52.4729231,13.4390973,,,n_playground
way,824269860,52.453366,13.7540236,,,n_playground
way,824566227,52.5654329,13.3761582,,,n_playground
way,824612661,52.4545139,13.4430701,Spielplatz Hannemannstraße,12347,n_playground
way,824826183,52.5063042,13.476761,,,n_playground
way,824826184,52.506069,13.4765525,,,n_playground
way,824934748,52.448882,13.5641521,,,n_playground
way,825178724,52.5590755,13.5641445,,,n_playground
way,825845153,52.4507372,13.7542886,,,n_playground
way,827023327,52.4682945,13.4856255,,,n_playground
way,827027691,52.4288108,13.2289272,,,n_playground
way,827027692,52.4296537,13.2282144,,,n_playground
way,827027693,52.4287281,13.2273945,,,n_playground
way,827027694,52.4291219,13.225884,,,n_playground
way,827289300,52.5196253,13.4600039,,,n_playground
way,828084069,52.4320872,13.2462696,,,n_playground
way,828209756,52.5614157,13.3878897,,,n_playground
way,830099986,52.4783986,13.4353889,,,n_playground
way,830135607,52.4784306,13.4360969,,,n_playground
way,830415563,52.4766132,13.4344841,,,n_playground
way,830424770,52.4768161,13.4358935,,,n_playground
way,830644331,52.409598,13.25814,,,n_playground
way,831241593,52.5172372,13.5818421,,,n_playground
way,831358577,52.4491899,13.7551942,,,n_playground
way,831362611,52.5637859,13.3746429,,,n_playground
way,831797329,52.4401241,13.601504,Schweinchenplatz,,n_playground
way,831860719,52.5248853,13.4185694,,,n_playground
way,832294596,52.5287273,13.58807,,,n_playground
way,832339886,52.6043229,13.3477226,Spielplatz Wolkenhain am Seggeluchbecken,,n_playground
way,832652729,52.5255317,13.5854611,,,n_playground
way,832899311,52.3730771,13.3941678,,,n_playground
way,833168286,52.5847375,13.332519,,,n_playground
way,833562432,52.5174318,13.5806914,,,n_playground
way,833831433,52.4763469,13.4651179,,,n_playground
way,833847947,52.5264925,13.4382036,,,n_playground
way,834272957,52.4719456,13.4417518,,,n_playground
way,834314555,52.5523687,13.1292155,Spielplatz Hohenlohe,,n_playground
way,834722512,52.5314113,13.5972078,,,n_playground
way,834777789,52.4697728,13.3388649,,,n_playground
way,834912376,52.4525918,13.2634012,Wüste,,n_playground
way,835748769,52.4572493,13.4393376,,,n_playground
way,836103800,52.4737027,13.3721814,,,n_playground
way,836154078,52.5499526,13.5575971,,,n_playground
way,836154081,52.550246,13.5556393,,,n_playground
way,836206498,52.4632194,13.4259324,,,n_playground
way,836518748,52.4622366,13.4154046,,,n_playground
way,836518755,52.4639207,13.4141506,,,n_playground
way,836518757,52.4640788,13.4155822,,,n_playground
way,836518758,52.4617339,13.4136832,,,n_playground
way,836518760,52.4625734,13.4137765,,,n_playground
way,837181079,52.5379748,13.5063178,,,n_playground
way,837181080,52.5375107,13.5059685,,,n_playground
way,837181082,52.5375714,13.5047329,,,n_playground
way,837377755,52.5653498,13.3376831,,,n_playground
way,837405036,52.4749276,13.4202687,,,n_playground
way,837856443,52.4884723,13.4470639,,,n_playground
way,837856446,52.4880575,13.4478669,,,n_playground
way,837856447,52.4880494,13.4510064,,,n_playground
way,838461223,52.4819088,13.3471595,,,n_playground
way,839881268,52.5898315,13.2726667,,,n_playground
way,839881477,52.5911425,13.2792857,,,n_playground
way,839963514,52.6375761,13.3201552,,,n_playground
way,840436170,52.6039355,13.3812209,,,n_playground
way,842672957,52.4367956,13.5275283,,,n_playground
way,843084205,52.4963153,13.3761697,Windmühle,,n_playground
way,844008784,52.4568589,13.6144913,,,n_playground
way,844349092,52.434912,13.45808,,,n_playground
way,844765050,52.3656058,13.0975486,,,n_playground
way,845384556,52.4838145,13.3376683,,,n_playground
way,845475670,52.4552487,13.4327196,,,n_playground
way,845512857,52.4448957,13.3933479,,,n_playground
way,846236920,52.6478833,13.3768179,,,n_playground
way,848530838,52.5489502,13.7102472,,,n_playground
way,849719580,52.4871163,13.3396685,,,n_playground
way,849979845,52.4339606,13.214729,,,n_playground
way,851087395,52.6763252,13.6097196,,,n_playground
way,851226825,52.5024904,13.3021771,,,n_playground
way,851464902,52.5070705,13.5144,,,n_playground
way,852019077,52.5090051,13.5156503,,,n_playground
way,852062638,52.4718497,13.3496812,,,n_playground
way,852463068,52.4986157,13.4434663,,,n_playground
way,853331032,52.4828976,13.4698999,,,n_playground
way,853529196,52.5528607,13.4115997,,,n_playground
way,853977711,52.5180915,13.6324697,,,n_playground
way,854597320,52.4623134,13.5299985,,,n_playground
way,856754635,52.5061856,13.5150806,,,n_playground
way,856754636,52.506315,13.5153448,,,n_playground
way,856843935,52.4851961,13.4461151,,,n_playground
way,856843936,52.4846071,13.4464885,,,n_playground
way,856907649,52.485167,13.4476844,,,n_playground
way,856958882,52.4917844,13.4476589,,,n_playground
way,857335240,52.4873704,13.441882,,,n_playground
way,857347411,52.4863345,13.4375679,,,n_playground
way,860223594,52.4624585,13.4189415,,,n_playground
way,860223601,52.4615653,13.4191595,,,n_playground
way,860223608,52.4645436,13.4207208,,,n_playground
way,860287005,52.5293631,13.4500763,,,n_playground
way,863520954,52.5586878,13.4773141,,,n_playground
way,865007034,52.4231243,13.360241,,,n_playground
way,866415261,52.3891454,13.3938361,,,n_playground
way,866713521,52.6207427,13.303356,Spielplatz Falkentaler Steig 12,,n_playground
way,868627206,52.5525203,13.2112683,,,n_playground
way,868627210,52.5528227,13.21122,,,n_playground
way,868627211,52.5522253,13.2106452,,,n_playground
way,868837886,52.5475536,13.1992308,,,n_playground
way,869782975,52.5370366,13.2052687,,,n_playground
way,871449918,52.5517318,13.1709163,,,n_playground
way,871449919,52.5523649,13.1711772,,,n_playground
way,875596392,52.4045425,13.5432119,,,n_playground
way,875596398,52.4048824,13.544296,,,n_playground
way,876083182,52.4595671,13.4364178,,,n_playground
way,877922794,52.379644,13.1067701,,,n_playground
way,878686337,52.503952,13.3888105,,,n_playground
way,880813099,52.4687076,13.3306293,,,n_playground
way,881072937,52.5298006,13.3640114,,,n_playground
way,881081572,52.4530027,13.2600307,,,n_playground
way,881094097,52.4779953,13.4266636,,,n_playground
way,882486620,52.4303024,13.4668626,,,n_playground
way,884138557,52.4349863,13.4509083,,,n_playground
way,884138571,52.4354555,13.4500184,,,n_playground
way,884341827,52.4777601,13.297709,,,n_playground
way,884610337,52.5761653,13.5110023,,,n_playground
way,884693303,52.48287,13.6201744,,,n_playground
way,885645823,52.5674889,13.5783023,,,n_playground
way,886014293,52.5684267,13.5792397,,,n_playground
way,886286485,52.5695389,13.5743265,,,n_playground
way,886665831,52.4011021,13.1152637,,,n_playground
way,886959046,52.4517631,13.2695642,,,n_playground
way,888221165,52.6362168,13.3190651,,,n_playground
way,888634795,52.434352,13.7548372,,,n_playground
way,888746631,52.4693041,13.3008683,,,n_playground
way,888771947,52.6548639,13.3398061,,,n_playground
way,889076567,52.6335138,13.3103831,,,n_playground
way,889390358,52.6395646,13.3232619,Waldspielplatz,16548,n_playground
way,890162511,52.5528618,13.2017745,,,n_playground
way,890166996,52.5486132,13.2107343,,,n_playground
way,890167004,52.5452956,13.2104145,,,n_playground
way,891765057,52.5545815,13.5684671,,,n_playground
way,892616638,52.3908581,13.4030569,,,n_playground
way,893093881,52.4838315,13.3435969,,,n_playground
way,893517165,52.4704024,13.340144,,,n_playground
way,893690473,52.447529,13.3204503,,,n_playground
way,893909656,52.5559164,13.3887309,,,n_playground
way,894168257,52.5544718,13.4244805,,,n_playground
way,895180084,52.5353685,13.4985104,,,n_playground
way,895288805,52.5392234,13.5187864,,,n_playground
way,895631069,52.5961911,13.3430768,,,n_playground
way,895660687,52.5418626,13.5878798,,,n_playground
way,896212495,52.5959202,13.3540923,,,n_playground
way,896212496,52.595237,13.3432783,Spielplatz Markendorfer Straße,,n_playground
way,896264058,52.479546,13.4193504,,,n_playground
way,898507466,52.5557244,13.4370626,,,n_playground
way,899517367,52.5017455,13.4069437,,,n_playground
way,899814514,52.5420048,13.5860549,,,n_playground
way,903138643,52.5301445,13.5383796,,,n_playground
way,903396272,52.5423801,13.6091152,,,n_playground
way,903396278,52.5414607,13.6093152,,,n_playground
way,903402924,52.5458446,13.5938846,,,n_playground
way,903562796,52.5481233,13.5881681,,,n_playground
way,906022610,52.5486945,13.5706731,,,n_playground
way,906495417,52.5789147,13.3174631,,,n_playground
way,906884899,52.5027568,13.4878582,,,n_playground
way,906982420,52.5446647,13.5525526,,,n_playground
way,907169668,52.4716748,13.4482709,,,n_playground
way,907169681,52.4717533,13.4489769,,,n_playground
way,909374703,52.3628912,13.1364724,,,n_playground
way,909920733,52.4046491,13.1064567,,,n_playground
way,911471399,52.5147925,13.3168472,,,n_playground
way,911471400,52.5155336,13.317284,,,n_playground
way,913256328,52.3682169,13.1457122,,,n_playground
way,913808755,52.4222606,13.5332086,,,n_playground
way,913943970,52.4079187,13.5050754,,,n_playground
way,913949381,52.508501,13.6142519,,,n_playground
way,914146520,52.5548696,13.4542665,,,n_playground
way,914185982,52.6317596,13.5290051,"Spielplatz ""Bregenzer Weg""",,n_playground
way,914481017,52.4414237,13.2269423,,,n_playground
way,915547557,52.5342856,13.4730377,Spielplatz Otto-Marquardt-Straße 10,,n_playground
way,918394433,52.6025768,13.380335,,,n_playground
way,918402081,52.5914672,13.3634645,,,n_playground
way,918628695,52.5854439,13.3904066,Spielplatz Eichenstraße,,n_playground
way,919344829,52.4966649,13.5219278,,,n_playground
way,921262725,52.4494447,13.5655208,,,n_playground
way,921276739,52.5373713,13.4363123,,,n_playground
way,923320451,52.5389185,13.3878535,,,n_playground
way,923339205,52.4239418,13.3624346,,,n_playground
way,923530883,52.6040629,13.3575833,,,n_playground
way,923534611,52.5308651,13.4028725,,,n_playground
way,923542801,52.47734,13.297673,,,n_playground
way,923550597,52.4782473,13.2977336,,,n_playground
way,924443480,52.5147867,13.4800853,,,n_playground
way,925052347,52.6800221,13.4240966,,,n_playground
way,925730612,52.5887534,13.4074152,,,n_playground
way,926386511,52.5734042,13.3812128,,,n_playground
way,926631322,52.4866938,13.1740746,,,n_playground
way,927126013,52.5285505,13.6802675,,,n_playground
way,927126014,52.5284398,13.6801544,,,n_playground
way,927897976,52.5861714,13.3767749,,,n_playground
way,928941628,52.5631737,13.2092983,,,n_playground
way,929196644,52.4765954,13.4372304,,,n_playground
way,929196651,52.4765879,13.4371808,,,n_playground
way,929265448,52.4217089,13.4878247,,,n_playground
way,930424808,52.4884761,13.413932,,,n_playground
way,930761211,52.5826086,13.5355115,,,n_playground
way,932048999,52.5271895,13.365182,,,n_playground
way,932671487,52.6716358,13.6014691,,,n_playground
way,932671488,52.6715869,13.6022532,,,n_playground
way,932960076,52.6026795,13.5305956,,,n_playground
way,933971304,52.4806171,13.561188,,,n_playground
way,934139476,52.5402306,13.6496908,,,n_playground
way,936009358,52.4805876,13.4504544,,,n_playground
way,936872308,52.5489676,13.3678073,,,n_playground
way,937424311,52.6443975,13.3195997,,,n_playground
way,937425527,52.6446969,13.3215907,,,n_playground
way,940310786,52.5316223,13.6037228,,,n_playground
way,940533843,52.5698776,13.3762258,,,n_playground
way,940818738,52.5520481,13.4209984,,,n_playground
way,940955947,52.595194,13.3700833,,,n_playground
way,941028032,52.5462333,13.587404,,,n_playground
way,941028033,52.5460779,13.5876791,,,n_playground
way,941955000,52.5702472,13.3740154,,,n_playground
way,941955005,52.5729359,13.3751901,,,n_playground
way,942250100,52.5701064,13.3734323,,,n_playground
way,942451917,52.6467604,13.2858782,,,n_playground
way,943069645,52.6353838,13.3076613,McDonald's PlayPlace,,n_playground
way,943134246,52.5400894,13.5686165,,,n_playground
way,943222028,52.5750908,13.362283,,,n_playground
way,944599371,52.5438763,13.2374597,,,n_playground
way,944796070,52.6129882,13.4914809,,,n_playground
way,946023482,52.3812068,13.1410782,,,n_playground
way,946968233,52.5707695,13.5630184,,,n_playground
way,947039865,52.4287704,13.4376756,,,n_playground
way,947039866,52.4253122,13.4245365,,,n_playground
way,947167763,52.4692014,13.3483452,,,n_playground
way,947167764,52.4681349,13.3484842,,,n_playground
way,947167768,52.4697027,13.3487126,,,n_playground
way,947167770,52.4711441,13.3482075,,,n_playground
way,947368586,52.4741712,13.3359914,,,n_playground
way,947578144,52.3786688,13.1392709,,,n_playground
way,948494980,52.5171331,13.2463104,Spielplatz Sportforumstraße,,n_playground
way,949376768,52.3980647,13.2491005,,,n_playground
way,949774344,52.5430458,13.592239,,,n_playground
way,950175982,52.4404545,13.6873388,,,n_playground
way,951190222,52.6418412,13.4876371,,,n_playground
way,952090747,52.5356488,13.6242216,,,n_playground
way,952090759,52.5360678,13.6248574,,,n_playground
way,952121678,52.4705141,13.3448558,,,n_playground
way,952121681,52.4715408,13.3470958,,,n_playground
way,952737672,52.6365318,13.3158001,,,n_playground
way,952737685,52.6369196,13.317119,,,n_playground
way,952744348,52.5312531,13.5941173,,,n_playground
way,952943850,52.5430381,13.6021914,,,n_playground
way,953316601,52.4099485,13.5357046,,,n_playground
way,953976134,52.5017732,13.51961,,,n_playground
way,954189145,52.5312423,13.5755855,,,n_playground
way,954709668,52.5605792,13.5095316,,,n_playground
way,955052536,52.5653233,13.5046147,,,n_playground
way,957127784,52.4212111,13.5179425,,,n_playground
way,957154832,52.479517,13.4290681,,,n_playground
way,957469396,52.4986304,13.3731495,,,n_playground
way,957834654,52.4707798,13.5193815,,,n_playground
way,957834657,52.4707322,13.5197704,,,n_playground
way,957950048,52.3926941,13.0905771,,,n_playground
way,958738409,52.5080747,13.5537686,,,n_playground
way,958785120,52.4515686,13.5243132,,,n_playground
way,960633645,52.5726009,13.5602858,,,n_playground
way,960633655,52.5738145,13.5606998,,,n_playground
way,960633656,52.5737213,13.5602089,,,n_playground
way,960633657,52.5731964,13.560806,,,n_playground
way,960633658,52.5730801,13.5602718,,,n_playground
way,961015766,52.3918578,13.1144452,,,n_playground
way,961150872,52.5480116,13.4579425,,,n_playground
way,962857796,52.5712545,13.5738282,,,n_playground
way,962862972,52.5376606,13.5412867,,,n_playground
way,962981109,52.4308716,13.451546,,,n_playground
way,963432431,52.4501431,13.5671449,,,n_playground
way,963769930,52.4622468,13.3491932,,,n_playground
way,963769941,52.4635598,13.3491683,,,n_playground
way,964869603,52.437727,13.2670173,,,n_playground
way,964998511,52.522453,13.3474982,Fischerdorf,,n_playground
way,964998512,52.5222663,13.3478706,,,n_playground
way,965089266,52.4700735,13.7316859,,,n_playground
way,965089267,52.4702813,13.7316886,,,n_playground
way,965682783,52.5734447,13.3401261,Sandkasten,,n_playground
way,965682784,52.5728912,13.3399625,Sandkasten,,n_playground
way,965986655,52.5386467,13.5875608,,,n_playground
way,965988644,52.5340427,13.5917887,,,n_playground
way,966196020,52.4618786,13.3779514,,,n_playground
way,966477084,52.490636,13.3917162,,,n_playground
way,966568576,52.4619893,13.4298537,,,n_playground
way,967757318,52.4950642,13.4678227,,,n_playground
way,970711262,52.540734,13.6482544,,,n_playground
way,970792742,52.5066045,13.5564725,,,n_playground
way,970792743,52.50692,13.5564633,,,n_playground
way,970998116,52.4504177,13.4133743,,,n_playground
way,971356855,52.3945553,13.4975419,,,n_playground
way,971356856,52.3946519,13.4987943,,,n_playground
way,971356857,52.3948115,13.4999531,,,n_playground
way,972075727,52.406385,13.5739478,,,n_playground
way,972369395,52.425879,13.4990923,,,n_playground
way,973280305,52.4434994,13.458203,,,n_playground
way,975377852,52.4633718,13.4271764,,,n_playground
way,976037098,52.4826829,13.4211217,,,n_playground
way,976139108,52.4247738,13.4287823,,,n_playground
way,976773557,52.3998677,13.2720513,,,n_playground
way,977333834,52.4644977,13.5052239,,,n_playground
way,977371062,52.3862205,13.2620812,Spielplatz Schlehenstraße,,n_playground
way,977532522,52.6726834,13.2848625,,,n_playground
way,978132052,52.5371901,13.6198209,,,n_playground
way,978372379,52.39214,13.4219538,,,n_playground
way,978683722,52.5315461,13.6076343,,,n_playground
way,978784353,52.4448381,13.4606357,,,n_playground
way,978880356,52.4256068,13.4419832,,,n_playground
way,978880359,52.4257212,13.4420557,,,n_playground
way,978881538,52.4268765,13.4340825,,,n_playground
way,978882337,52.4171328,13.429314,,,n_playground
way,978882338,52.416697,13.4291254,,,n_playground
way,979394560,52.5012251,13.4806641,,,n_playground
way,980064652,52.6125017,13.4728439,,,n_playground
way,981126902,52.5443349,13.5903813,,,n_playground
way,982360908,52.3978414,13.4527834,,,n_playground
way,982415506,52.4003934,13.2659203,,,n_playground
way,983185440,52.5476528,13.4974393,,,n_playground
way,983507003,52.4024311,13.4128664,,,n_playground
way,983630496,52.5318648,13.4173734,Mondfisch-Spielplatz,,n_playground
way,983847258,52.4214504,13.4697571,,,n_playground
way,984058231,52.4958748,13.3557787,,,n_playground
way,984434099,52.5151917,13.33505,,,n_playground
way,984771227,52.5661343,13.3920845,,13187,n_playground
way,984877000,52.679863,13.5904798,,,n_playground
way,984878814,52.4588244,13.3365162,,,n_playground
way,984908537,52.6794895,13.5894919,,,n_playground
way,985103072,52.5265726,13.5333476,,,n_playground
way,985576355,52.3998754,13.2760742,,,n_playground
way,985625902,52.4882927,13.4500477,Abenteuer- und Bauspielplatz Kuhfuß,12435,n_playground
way,986027273,52.365129,13.1951928,,,n_playground
way,986605741,52.5443046,13.4490414,,,n_playground
way,986605745,52.5441073,13.4445348,,,n_playground
way,986605747,52.5423702,13.455981,,,n_playground
way,986868106,52.3427739,13.4021217,,,n_playground
way,987514915,52.5069894,13.4194798,,,n_playground
way,987636390,52.3640028,13.4112251,,,n_playground
way,987636391,52.3644895,13.4100444,,,n_playground
way,987636392,52.3651555,13.4092823,,,n_playground
way,987639966,52.483208,13.326839,,,n_playground
way,987639967,52.4833984,13.3259703,,,n_playground
way,988716128,52.5420604,13.6153278,,,n_playground
way,988718487,52.5414594,13.6178457,,,n_playground
way,988718488,52.5416158,13.6185889,,,n_playground
way,988764816,52.5412116,13.6155077,,,n_playground
way,989204684,52.3753398,13.2579871,Spielplatz Mühlenbergstraße,,n_playground
way,992061251,52.5723615,13.373861,,,n_playground
way,992401538,52.3901867,13.0984972,,,n_playground
way,992477547,52.3393901,13.2158462,,,n_playground
way,993052959,52.5281724,13.4397535,,,n_playground
way,995031124,52.3861007,13.2900798,Spielplatz Händelstraße,,n_playground
way,996193949,52.5020689,13.5083133,,,n_playground
way,996210369,52.49947,13.3327908,Spielplatz Schaperstraße,,n_playground
way,997127571,52.4334878,13.538053,,,n_playground
way,997483946,52.5359064,13.5934748,,,n_playground
way,997483955,52.5362999,13.5932363,,,n_playground
way,997483957,52.5360166,13.5926132,,,n_playground
way,997483961,52.5354018,13.5925341,,,n_playground
way,998128155,52.4155314,13.5428139,,,n_playground
way,998135240,52.5244985,13.3184442,,,n_playground
way,998218584,52.5712161,13.4977572,,,n_playground
way,998839654,52.5600347,13.5106126,,,n_playground
way,999264195,52.5413456,13.6221751,,,n_playground
way,999443856,52.4746236,13.3074642,,,n_playground
way,999443857,52.4740909,13.3074132,,,n_playground
way,999443858,52.4735709,13.307373,,,n_playground
way,999733604,52.4716546,13.3071826,,,n_playground
way,999856264,52.5408877,13.6273785,,,n_playground
way,1002317372,52.5333804,13.614424,,,n_playground
way,1002676854,52.5084198,13.4337715,,,n_playground
way,1003019929,52.5339747,13.620499,,,n_playground
way,1003153427,52.5140214,13.4262036,,,n_playground
way,1005072449,52.4642679,13.4760656,,,n_playground
way,1005072450,52.4652235,13.4760615,,,n_playground
way,1005075950,52.4633105,13.4715795,,,n_playground
way,1005075960,52.4633075,13.4730938,,,n_playground
way,1005075967,52.4623577,13.4730912,,,n_playground
way,1005075978,52.4623648,13.4745786,,,n_playground
way,1005075980,52.4623646,13.476078,,,n_playground
way,1005075985,52.4633159,13.4746076,,,n_playground
way,1005076830,52.4635085,13.4756369,,,n_playground
way,1005442952,52.6789697,13.5384638,,,n_playground
way,1005860524,52.5520793,13.3596513,,,n_playground
way,1006186393,52.5575903,13.434316,,,n_playground
way,1006186394,52.557258,13.4347496,,,n_playground
way,1006263054,52.4117579,13.4082636,,,n_playground
way,1006302502,52.4623567,13.4715684,,,n_playground
way,1006416068,52.443853,13.3785427,,,n_playground
way,1006416069,52.4442613,13.3786257,,,n_playground
way,1007059361,52.5466355,13.3618712,,,n_playground
way,1009968187,52.6793706,13.605021,,,n_playground
way,1014190282,52.5197335,13.3161888,,,n_playground
way,1015024878,52.5221473,13.4363032,,,n_playground
way,1015024879,52.5217257,13.4370448,,,n_playground
way,1015888090,52.4265842,13.5744587,,,n_playground
way,1015888091,52.4257679,13.5751983,,,n_playground
way,1015888092,52.4260064,13.5749278,,,n_playground
way,1017297284,52.6572384,13.5496533,,,n_playground
way,1017297288,52.6573508,13.5504328,,,n_playground
way,1018301903,52.4869239,13.444241,,,n_playground
way,1018396280,52.5670086,13.4038216,,,n_playground
way,1018830738,52.4652802,13.4251241,,,n_playground
way,1018866024,52.5469573,13.466703,Labyrinth,,n_playground
way,1019737286,52.3818224,13.5925036,,,n_playground
way,1026351480,52.5279299,13.7007672,,,n_playground
way,1026536875,52.5538585,13.4361266,,,n_playground
way,1026537971,52.5311502,13.3626774,,,n_playground
way,1027019849,52.41183,13.3160525,,,n_playground
way,1030309104,52.4827809,13.4298497,,,n_playground
way,1031553424,52.3421276,13.6141709,,,n_playground
way,1031612120,52.5114509,13.264031,,,n_playground
way,1033003572,52.5499118,13.2114957,,,n_playground
way,1033551260,52.5445007,13.3650301,,,n_playground
way,1033761609,52.5424239,13.3710714,,,n_playground
way,1034188488,52.4932043,13.3782059,,,n_playground
way,1034188489,52.4927384,13.3769316,,,n_playground
way,1034188495,52.493442,13.3790577,,,n_playground
way,1034724221,52.5311486,13.4841834,,,n_playground
way,1035105924,52.4451782,13.5733452,,,n_playground
way,1035721410,52.530772,13.1868365,,,n_playground
way,1035861237,52.5647477,13.3739698,,,n_playground
way,1036264327,52.5419943,13.4960946,,,n_playground
way,1037158108,52.4217005,13.5798043,,,n_playground
way,1037374606,52.5353322,13.4921387,,,n_playground
way,1037414940,52.4393776,13.2644031,,,n_playground
way,1037934212,52.4915715,13.4441074,,,n_playground
way,1037994253,52.4992693,13.3153268,,,n_playground
way,1037998425,52.4319591,13.3403736,,,n_playground
way,1038187728,52.6419788,13.6127743,,,n_playground
way,1038746429,52.5531116,13.1713134,,,n_playground
way,1038783765,52.4098527,13.5150345,,,n_playground
way,1038784574,52.5515327,13.3374015,,,n_playground
way,1039030550,52.5526438,13.1676882,,,n_playground
way,1039032058,52.5538239,13.1639904,Bauspielplatz,,n_playground
way,1039032459,52.5549001,13.1642964,,,n_playground
way,1039289247,52.5456726,13.1795688,,,n_playground
way,1039425498,52.5454034,13.4003028,,,n_playground
way,1039816535,52.5215747,13.3583883,,,n_playground
way,1040545233,52.5399748,13.4897903,,,n_playground
way,1040554454,52.5228537,13.385388,,,n_playground
way,1040791847,52.5015118,13.3849713,,,n_playground
way,1040791862,52.5015559,13.3847802,,,n_playground
way,1040791865,52.5023731,13.3841655,,,n_playground
way,1040791871,52.5009393,13.3841789,,,n_playground
way,1040831626,52.5319804,13.4023965,Plansche im Volkspark Weinbergsweg,,n_playground
way,1041031531,52.5501217,13.2126177,,,n_playground
way,1041265622,52.5454572,13.3677224,,,n_playground
way,1041283770,52.5947242,13.3639106,,,n_playground
way,1041283771,52.5943372,13.3636236,,,n_playground
way,1041442194,52.6012002,13.5155556,,,n_playground
way,1041495736,52.4386848,13.3164852,,,n_playground
way,1041764833,52.5162904,13.1943146,,,n_playground
way,1041765282,52.5216138,13.1965139,,,n_playground
way,1041768546,52.5580092,13.2058545,Kinderbaustelle,,n_playground
way,1041792509,52.5466113,13.2380802,,,n_playground
way,1041796093,52.5451233,13.2296627,,,n_playground
way,1041797569,52.5499951,13.3378496,,,n_playground
way,1041799051,52.5412312,13.3716552,,,n_playground
way,1041799052,52.5410837,13.3711072,,,n_playground
way,1041803171,52.4961017,13.3437009,,,n_playground
way,1041804389,52.4917198,13.3082059,,,n_playground
way,1041810316,52.4401875,13.2169055,,,n_playground
way,1041810705,52.4353766,13.2485327,,,n_playground
way,1041811066,52.4488474,13.3046566,,,n_playground
way,1041826742,52.4381912,13.2788678,,,n_playground
way,1041826743,52.4379096,13.27809,,,n_playground
way,1041854323,52.3459942,13.6298464,,,n_playground
way,1041957496,52.567393,13.495418,,,n_playground
way,1042030865,52.5708861,13.4027087,,,n_playground
way,1042112010,52.3523996,13.6267868,,,n_playground
way,1042709234,52.5480747,13.4536411,,,n_playground
way,1042709247,52.5463423,13.45012,,,n_playground
way,1042716595,52.5326708,13.4587272,,,n_playground
way,1043710632,52.518836,13.4352359,,,n_playground
way,1044278215,52.5541365,13.5147833,,,n_playground
way,1044347683,52.6531853,13.5326309,,,n_playground
way,1046311694,52.4035946,13.5333954,,,n_playground
way,1046418559,52.5099935,13.5884083,,,n_playground
way,1046770971,52.5149283,13.4891862,,,n_playground
way,1046856080,52.5294067,13.427762,,,n_playground
way,1046962948,52.5378022,13.1826412,,,n_playground
way,1047136803,52.5015718,13.4527266,,,n_playground
way,1047140648,52.5333976,13.3971639,,,n_playground
way,1047148498,52.4421515,13.5813841,,,n_playground
way,1047778424,52.4132796,13.3446367,,,n_playground
way,1047826315,52.676771,13.5260526,,,n_playground
way,1047862821,52.5228303,13.508918,,,n_playground
way,1049299478,52.5358207,13.4688943,,,n_playground
way,1049691393,52.498223,13.3912752,,,n_playground
way,1050039218,52.5394865,13.4867175,,,n_playground
way,1050500836,52.5486156,13.47943,,,n_playground
way,1050554595,52.4878204,13.2945596,,,n_playground
way,1051141244,52.5432006,13.3741794,,,n_playground
way,1051266518,52.5288005,13.6185112,,,n_playground
way,1051785926,52.4536946,13.6170511,,,n_playground
way,1051812018,52.4397917,13.5616145,,,n_playground
way,1051812019,52.4400552,13.5614781,,,n_playground
way,1051829314,52.4329147,13.2517916,,,n_playground
way,1051895133,52.4967615,13.4357153,Bootspielplatz,,n_playground
way,1052256917,52.3442482,13.4039407,Mini Monkey Kletterwald Blankenfelde-Mahlow,15827,n_playground
way,1052967866,52.4099028,13.5586802,,,n_playground
way,1053305881,52.4108624,13.5159513,,,n_playground
way,1053330074,52.4077763,13.3303371,,,n_playground
way,1053425516,52.4565443,13.5710516,,,n_playground
way,1053431144,52.4608348,13.5323298,,,n_playground
way,1053691207,52.5771975,13.3469898,Spielplatz Roedernallee/Kienhorstpark,,n_playground
way,1053691210,52.6231552,13.3188943,Spielplatz Am Waldsee,,n_playground
way,1053691212,52.5969829,13.3502295,Abenteuerspielplatz Königshorster Straße,,n_playground
way,1053971054,52.438586,13.2673315,,,n_playground
way,1054177698,52.522696,13.3954071,"Spielplatz ""Wasserschloss und Drache""",,n_playground
way,1054273939,52.5351381,13.3651999,,,n_playground
way,1054275371,52.5316478,13.3692401,,,n_playground
way,1054543442,52.5527996,13.2246164,,,n_playground
way,1055762697,52.4871015,13.4811639,,,n_playground
way,1055818958,52.4881991,13.3877647,,,n_playground
way,1055869588,52.3398569,13.6585908,,,n_playground
way,1055919145,52.4069486,13.5264772,,,n_playground
way,1057056690,52.5727739,13.5607432,,,n_playground
way,1058210234,52.4645427,13.2930091,,,n_playground
way,1058357100,52.5008369,13.2628893,,,n_playground
way,1059290363,52.5177171,13.1911178,,,n_playground
way,1059290367,52.5180113,13.1917463,,,n_playground
way,1059290368,52.5178219,13.191594,,,n_playground
way,1059290369,52.5182764,13.1906092,,,n_playground
way,1059506041,52.4072685,13.5407098,,,n_playground
way,1059506044,52.4070137,13.5411028,,,n_playground
way,1059520918,52.4066539,13.5389252,,,n_playground
way,1059813363,52.402425,13.539439,,,n_playground
way,1059813364,52.4025502,13.5405304,,,n_playground
way,1059813365,52.4026583,13.5416905,,,n_playground
way,1059821786,52.5375217,13.1954458,,,n_playground
way,1059821787,52.5377634,13.1932938,,,n_playground
way,1059852345,52.5369166,13.192998,,,n_playground
way,1059852349,52.5386631,13.1920554,,,n_playground
way,1059852364,52.5374191,13.1907806,,,n_playground
way,1059852365,52.5388893,13.1837711,,,n_playground
way,1059852366,52.5386179,13.1843615,,,n_playground
way,1059852367,52.5388291,13.1846178,,,n_playground
way,1059852369,52.5380439,13.189032,,,n_playground
way,1059949509,52.5738997,13.365756,,,n_playground
way,1059950148,52.5737491,13.3617087,,,n_playground
way,1060240803,52.3981247,13.5394549,,,n_playground
way,1060240806,52.3977421,13.5389891,,,n_playground
way,1060306713,52.6016959,13.356565,,,n_playground
way,1061322520,52.5503076,13.2829306,Mäckeritzpyramide,,n_playground
way,1062092936,52.5440475,13.5925813,,,n_playground
way,1062594185,52.5721154,13.5698457,,,n_playground
way,1062806050,52.5291732,13.4153038,,,n_playground
way,1062806051,52.5295418,13.4143095,,,n_playground
way,1062806052,52.5293512,13.4147663,,,n_playground
way,1062806053,52.5287007,13.4145941,,,n_playground
way,1062965662,52.4365502,13.2784308,Parkour-Anlage,,n_playground
way,1063025175,52.52454,13.4357177,,,n_playground
way,1063743660,52.4792689,13.298057,,,n_playground
way,1064890507,52.5081178,13.4075862,,,n_playground
way,1064890509,52.5083537,13.4080829,,,n_playground
way,1064890554,52.5001558,13.4056875,,,n_playground
way,1064890583,52.504971,13.4088107,,,n_playground
way,1065187949,52.5273088,13.4000869,Gipsdreieck,,n_playground
way,1065266981,52.4092002,13.3055539,,,n_playground
way,1065317344,52.5954846,13.3499784,,,n_playground
way,1065952061,52.3666762,13.1021338,,,n_playground
way,1066961430,52.5049514,13.3531163,,,n_playground
way,1067879736,52.5225773,13.3472144,,,n_playground
way,1067888110,52.5392631,13.2924423,,,n_playground
way,1067888111,52.5392846,13.2930154,,,n_playground
way,1067888112,52.5381365,13.2931242,,,n_playground
way,1067888113,52.5364756,13.2885683,,,n_playground
way,1068235869,52.5350443,13.2908425,,,n_playground
way,1068236888,52.5355373,13.287708,,,n_playground
way,1068236889,52.5354935,13.2875615,,,n_playground
way,1069689460,52.5036987,13.3018543,,,n_playground
way,1071263901,52.5374677,13.4820363,,,n_playground
way,1071287239,52.5746356,13.2129645,,,n_playground
way,1071289459,52.5741068,13.216881,,,n_playground
way,1071733758,52.4786491,13.4165377,,,n_playground
way,1071754318,52.4558757,13.3539537,,,n_playground
way,1072969709,52.5138549,13.4778601,,,n_playground
way,1074271488,52.4516005,13.4517042,,,n_playground
way,1074476471,52.5257014,13.3468219,,,n_playground
way,1074530933,52.525044,13.4545951,Spielplatz Hausburgpark,,n_playground
way,1075211851,52.3667397,13.1346193,,,n_playground
way,1075211852,52.3671109,13.1349717,,,n_playground
way,1075211853,52.3670819,13.1340621,,,n_playground
way,1075211854,52.3673586,13.1336469,,,n_playground
way,1075211857,52.3676305,13.1340044,,,n_playground
way,1075932811,52.6326911,13.3510152,,,n_playground
way,1076181867,52.566818,13.3679699,,,n_playground
way,1076672699,52.5666759,13.3739497,,,n_playground
way,1076672700,52.5663189,13.3740224,,,n_playground
way,1076672703,52.5670676,13.373866,,,n_playground
way,1077421250,52.5357622,13.5634276,,,n_playground
way,1077422215,52.5363105,13.5649165,,,n_playground
way,1077434868,52.4995943,13.5026764,,,n_playground
way,1077612610,52.4372944,13.3807002,,,n_playground
way,1077904608,52.4435069,13.3759298,,,n_playground
way,1077948972,52.4980965,13.4135875,,,n_playground
way,1077948976,52.4978978,13.412607,,,n_playground
way,1077967141,52.4988201,13.4110296,,,n_playground
way,1078814299,52.4473161,13.5823797,,,n_playground
way,1078814311,52.4485024,13.5852573,,,n_playground
way,1079020097,52.5146814,13.470054,,,n_playground
way,1079126665,52.5670365,13.5209995,,,n_playground
way,1079126669,52.5671179,13.5247902,,,n_playground
way,1079126670,52.5671008,13.5246239,,,n_playground
way,1079126671,52.5676299,13.5229327,,,n_playground
way,1079878163,52.562614,13.567571,,,n_playground
way,1080027864,52.5361441,13.3735156,,,n_playground
way,1080357931,52.5365588,13.6241054,,,n_playground
way,1080827116,52.5164564,13.4208755,,,n_playground
way,1080827117,52.5162427,13.4212499,,,n_playground
way,1080830203,52.4268726,13.1590209,,,n_playground
way,1080910585,52.5608352,13.5594274,,,n_playground
way,1082085171,52.5515095,13.7191213,,,n_playground
way,1082093305,52.5397197,13.4345679,,,n_playground
way,1082415442,52.5705067,13.5676,,,n_playground
way,1082699953,52.5598408,13.7176447,,,n_playground
way,1082888540,52.4166066,13.531821,,,n_playground
way,1083182338,52.5323884,13.5419447,,,n_playground
way,1083193744,52.5420569,13.5953243,,,n_playground
way,1083193760,52.5433918,13.5964948,,,n_playground
way,1084095750,52.5573812,13.4805921,,,n_playground
way,1084446508,52.5299033,13.6867564,,15366,n_playground
way,1084667394,52.5450642,13.5953858,,,n_playground
way,1085176623,52.4242205,13.5723484,,,n_playground
way,1085776967,52.5027557,13.4521154,,,n_playground
way,1086189412,52.5537925,13.2237494,,,n_playground
way,1086569801,52.543483,13.5983061,,,n_playground
way,1087327903,52.5355247,13.2857973,,,n_playground
way,1087577196,52.5355312,13.2839085,,,n_playground
way,1087577280,52.5359104,13.2803681,,,n_playground
way,1087577413,52.5355955,13.2821786,,,n_playground
way,1087629111,52.5329912,13.5404171,,,n_playground
way,1087629112,52.5327265,13.5404264,,,n_playground
way,1088043085,52.5449413,13.5526279,,,n_playground
way,1088194329,52.4202442,13.4754591,,,n_playground
way,1088317696,52.552737,13.5687744,,,n_playground
way,1088317708,52.5521663,13.5685797,,,n_playground
way,1088698938,52.5433528,13.5765971,,,n_playground
way,1088714982,52.5431375,13.5690049,,,n_playground
way,1088719683,52.5431973,13.5658389,,,n_playground
way,1088804032,52.4203018,13.4774889,,,n_playground
way,1088804033,52.4198083,13.4768459,,,n_playground
way,1088840336,52.4367471,13.3809396,,,n_playground
way,1089298421,52.412741,13.6602288,,,n_playground
way,1089298422,52.4124262,13.6599881,,,n_playground
way,1089402873,52.5247354,13.3979097,,,n_playground
way,1089440862,52.5519291,13.5149091,,,n_playground
way,1089461650,52.553289,13.5174382,,,n_playground
way,1089499073,52.5634794,13.5150101,,,n_playground
way,1089840945,52.5315643,13.5483021,,,n_playground
way,1089932859,52.5160497,13.4771081,,,n_playground
way,1089937189,52.5175421,13.4807464,,,n_playground
way,1090266732,52.4805288,13.5352227,,,n_playground
way,1090369352,52.4834781,13.5313196,,,n_playground
way,1090706646,52.5419768,13.5948517,,,n_playground
way,1090831146,52.5226958,13.2677527,,,n_playground
way,1090835291,52.5429555,13.5931913,,,n_playground
way,1090962522,52.5334064,13.4183553,,,n_playground
way,1090969766,52.5336135,13.41718,,,n_playground
way,1091014393,52.5534454,13.5615929,,,n_playground
way,1091014398,52.5544398,13.5621789,,,n_playground
way,1091039686,52.5509661,13.5567203,,,n_playground
way,1091039688,52.5516731,13.5575441,,,n_playground
way,1091205567,52.5515277,13.5688871,,,n_playground
way,1091205570,52.551149,13.5708112,,,n_playground
way,1091263980,52.4948529,13.5371917,,,n_playground
way,1092000766,52.5633596,13.5025691,,,n_playground
way,1092042893,52.4958643,13.5356892,,,n_playground
way,1092042895,52.4939564,13.53643,,,n_playground
way,1092197692,52.4067318,13.5643842,,,n_playground
way,1092263533,52.5246128,13.4774946,,,n_playground
way,1092791346,52.4907329,13.5260056,,,n_playground
way,1092840380,52.5303906,13.3297015,,,n_playground
way,1092840381,52.5301685,13.3303639,,,n_playground
way,1092840382,52.5307654,13.3290561,,,n_playground
way,1093003474,52.5338181,13.3664504,,,n_playground
way,1093168093,52.543016,13.3744954,,,n_playground
way,1093168096,52.5430927,13.3749277,,,n_playground
way,1093551942,52.556546,13.5097805,,,n_playground
way,1093816838,52.5437635,13.4143669,Kletterfelsen-Spielplatz,,n_playground
way,1093972929,52.5456134,13.4074976,,,n_playground
way,1094073378,52.5551878,13.5651453,,,n_playground
way,1094221909,52.5390235,13.5433276,,,n_playground
way,1094221911,52.5392145,13.5417578,,,n_playground
way,1095076003,52.5383474,13.5094246,,,n_playground
way,1095834971,52.5639937,13.5310578,,,n_playground
way,1096197463,52.6029405,13.3668731,Kopan Fitness,,n_playground
way,1097374140,52.4705278,13.4195939,BauDschungel,,n_playground
way,1097489027,52.5130681,13.4089391,,,n_playground
way,1097902460,52.5512296,13.4097012,,,n_playground
way,1099339352,52.3782575,13.1264637,,,n_playground
way,1099339353,52.3778962,13.1265579,,,n_playground
way,1100702300,52.6417465,13.2073091,,,n_playground
way,1101474489,52.5635912,13.3699408,,,n_playground
way,1102434960,52.5134391,13.4262445,,,n_playground
way,1103087003,52.4494282,13.3195225,,,n_playground
way,1103110136,52.4641991,13.4235296,,,n_playground
way,1103110137,52.4643082,13.4241669,,,n_playground
way,1103187875,52.536581,13.2921995,,,n_playground
way,1103187889,52.5377609,13.2927419,,,n_playground
way,1104720809,52.426936,13.3424069,,,n_playground
way,1104720811,52.4272025,13.3429545,,,n_playground
way,1104972748,52.5430948,13.3178025,,,n_playground
way,1105488238,52.4203899,13.3419124,,,n_playground
way,1105785989,52.5353429,13.3024319,,,n_playground
way,1105785990,52.53531,13.3009548,,,n_playground
way,1105785991,52.5366446,13.2985929,,,n_playground
way,1105897123,52.5372069,13.3033062,,,n_playground
way,1105897126,52.5383206,13.3029947,,,n_playground
way,1105897127,52.538137,13.3030805,,,n_playground
way,1105897128,52.5366736,13.2947577,,,n_playground
way,1105897129,52.538207,13.2959789,,,n_playground
way,1105897130,52.5364248,13.3004102,,,n_playground
way,1105897131,52.5365157,13.3019053,,,n_playground
way,1105897132,52.5372814,13.300366,,,n_playground
way,1105897224,52.53777,13.2988023,,,n_playground
way,1105897225,52.5388212,13.2998275,,,n_playground
way,1106004062,52.5401428,13.2820145,,,n_playground
way,1106005360,52.5400435,13.2991809,,,n_playground
way,1106005361,52.5406447,13.2974673,,,n_playground
way,1106005362,52.5419434,13.2992728,,,n_playground
way,1106005363,52.5400352,13.3022067,,,n_playground
way,1106005364,52.5399276,13.3011578,,,n_playground
way,1106005365,52.5400924,13.3032352,,,n_playground
way,1106005366,52.5388952,13.3036075,,,n_playground
way,1106522271,52.42979,13.3491515,,,n_playground
way,1106619674,52.5300403,13.5985408,,,n_playground
way,1106619675,52.5298656,13.5984291,,,n_playground
way,1106619676,52.5299797,13.5984454,,,n_playground
way,1106619677,52.5299771,13.5983386,,,n_playground
way,1107298349,52.5008833,13.3964039,,,n_playground
way,1107949081,52.5374524,13.2804011,,,n_playground
way,1107949083,52.5399709,13.2837302,,,n_playground
way,1107994457,52.5142506,13.4451978,,,n_playground
way,1107994458,52.5142156,13.4410577,,,n_playground
way,1108127743,52.427337,13.4721116,,,n_playground
way,1108127757,52.426137,13.4717213,,,n_playground
way,1108260606,52.5397308,13.2858557,,,n_playground
way,1108261059,52.534874,13.2811388,,,n_playground
way,1108261060,52.5350014,13.2805651,,,n_playground
way,1108261157,52.5349537,13.2796923,,,n_playground
way,1109072121,52.5412344,13.3744028,,,n_playground
way,1111506271,52.4289314,13.7168003,,,n_playground
way,1111729693,52.5012858,13.3971966,,,n_playground
way,1112495939,52.4280035,13.7368183,,,n_playground
way,1112740065,52.449695,13.5267179,,,n_playground
way,1112740072,52.4500593,13.526223,,,n_playground
way,1114700666,52.4929896,13.42071,Regenbogen Spielplatz,,n_playground
way,1115497809,52.494441,13.506738,,,n_playground
way,1115499960,52.4934616,13.5062846,,,n_playground
way,1115537611,52.5386564,13.3733289,,,n_playground
way,1116219549,52.4222013,13.4648983,,,n_playground
way,1116361507,52.4802586,13.2981918,,,n_playground
way,1116840791,52.4312676,13.3408407,,,n_playground
way,1116875510,52.4292487,13.3447132,,,n_playground
way,1116875511,52.4294448,13.3458486,,,n_playground
way,1116876428,52.4280658,13.3416526,,,n_playground
way,1117099530,52.6774907,13.5451244,,,n_playground
way,1117110721,52.4425305,13.3073307,,,n_playground
way,1117176394,52.4288937,13.342937,,,n_playground
way,1117523416,52.4059919,13.5626454,,,n_playground
way,1117558776,52.3736774,13.0908343,,,n_playground
way,1117588516,52.4115855,13.5445269,,,n_playground
way,1117622463,52.4050631,13.5394349,,,n_playground
way,1119474944,52.3984304,13.7153518,,,n_playground
way,1119962213,52.3486588,13.3534353,,,n_playground
way,1123137396,52.4185706,13.3155491,,,n_playground
way,1123331011,52.5496806,13.554379,,,n_playground
way,1124412508,52.3730855,13.132429,,,n_playground
way,1125200206,52.5612481,13.560105,,,n_playground
way,1125200209,52.5610884,13.5600278,,,n_playground
way,1125443561,52.3999379,13.1118379,,,n_playground
way,1125885701,52.5679497,13.5247805,,,n_playground
way,1128063966,52.5626561,13.5240542,,,n_playground
way,1128110270,52.4694045,13.367415,,,n_playground
way,1128197399,52.5328157,13.4344534,,,n_playground
way,1128197405,52.533524,13.432859,,,n_playground
way,1128206634,52.4288746,13.3434593,,,n_playground
way,1128262683,52.5300931,13.1723007,,,n_playground
way,1128262684,52.5301555,13.1727251,,,n_playground
way,1128316061,52.520073,13.1792224,,,n_playground
way,1132106325,52.4351662,13.7071809,,,n_playground
way,1132139101,52.4276839,13.7412395,,,n_playground
way,1132139102,52.4272536,13.7410826,,,n_playground
way,1132145046,52.5612351,13.5113426,,,n_playground
way,1132465524,52.5179426,13.5075935,,,n_playground
way,1132559216,52.5174085,13.504105,,,n_playground
way,1132758006,52.6034289,13.4159341,,,n_playground
way,1133041744,52.5170534,13.4522378,,,n_playground
way,1133102273,52.5268768,13.4605051,,,n_playground
way,1133392548,52.5381293,13.4932246,,,n_playground
way,1133524788,52.5531922,13.5108797,,,n_playground
way,1134756168,52.4935217,13.3205743,,,n_playground
way,1135414101,52.5546267,13.5130787,,,n_playground
way,1135414104,52.5549869,13.5135373,,,n_playground
way,1135652346,52.3952477,13.4074094,,,n_playground
way,1135652349,52.3953808,13.4074519,,,n_playground
way,1135659300,52.4010242,13.4052988,,,n_playground
way,1135659302,52.3994149,13.4053249,,,n_playground
way,1136147337,52.5744096,13.5105223,,,n_playground
way,1136160798,52.5186822,13.1655594,,,n_playground
way,1136160802,52.5185593,13.1660854,,,n_playground
way,1136169612,52.5350302,13.4727812,,,n_playground
way,1136169614,52.534521,13.4707354,,,n_playground
way,1136238683,52.5438201,13.4502788,,,n_playground
way,1137356297,52.5048266,13.3014617,,,n_playground
way,1137857519,52.5551964,13.5625521,,,n_playground
way,1137996226,52.5219563,13.5427094,,,n_playground
way,1138487459,52.570981,13.1239292,,,n_playground
way,1138711688,52.5240503,13.2867868,,,n_playground
way,1138711689,52.5237314,13.2867978,,,n_playground
way,1143703211,52.5381206,13.3718309,,,n_playground
way,1143703212,52.5382146,13.3718888,,,n_playground
way,1143703213,52.5379866,13.3716497,,,n_playground
way,1144888470,52.5009055,13.3992211,,,n_playground
way,1145354635,52.4902721,13.2778018,,,n_playground
way,1146870796,52.3610623,13.1363743,,,n_playground
way,1146870798,52.3602634,13.1362793,,,n_playground
way,1147220366,52.4601,13.3431517,,,n_playground
way,1147597413,52.4997845,13.4116941,,,n_playground
way,1147597415,52.5001843,13.4124982,,,n_playground
way,1147747702,52.601419,13.3034643,,,n_playground
way,1147999756,52.4132048,13.3432448,,,n_playground
way,1148710290,52.500366,13.5123879,,,n_playground
way,1149373319,52.4578229,13.4423411,,,n_playground
way,1149573354,52.497808,13.5061572,,,n_playground
way,1149573355,52.4978311,13.5060163,,,n_playground
way,1149745045,52.5166844,13.6719979,,,n_playground
way,1150260547,52.5093017,13.3949609,,,n_playground
way,1150435888,52.5153534,13.337877,,,n_playground
way,1150945136,52.4489373,13.2847633,,,n_playground
way,1151269078,52.4612095,13.4368682,,,n_playground
way,1151895523,52.5636158,13.5031643,,,n_playground
way,1152244192,52.451492,13.63275,,,n_playground
way,1152756235,52.4286148,13.3590794,,,n_playground
way,1152891280,52.5467393,13.2520929,Halske Sonnengärten,,n_playground
way,1153449891,52.4435659,13.5862542,,,n_playground
way,1154061389,52.4527296,13.6315829,,,n_playground
way,1154179882,52.4493494,13.6233514,,,n_playground
way,1154228593,52.4526417,13.6006673,,,n_playground
way,1154305558,52.5443047,13.364771,Spielplatz,,n_playground
way,1154419424,52.5580367,13.4196565,,,n_playground
way,1154792885,52.5569481,13.4589834,,,n_playground
way,1155007278,52.4431833,13.5845034,,,n_playground
way,1155007567,52.659806,13.3808706,,,n_playground
way,1155367507,52.4556539,13.5738294,,,n_playground
way,1155697942,52.6269346,13.5176448,Waldspielplatz Schwanebeck,,n_playground
way,1155769597,52.5302242,13.4793601,,,n_playground
way,1156140198,52.4784358,13.4363395,,,n_playground
way,1156272512,52.5726871,13.1992879,,,n_playground
way,1157281431,52.5445495,13.3652305,Kinderspielplatz am Max-Josef-Metzger-Platz,,n_playground
way,1157499774,52.554541,13.3372624,,,n_playground
way,1159329445,52.4821676,13.6215684,,,n_playground
way,1160400711,52.540032,13.2801968,,,n_playground
way,1160633622,52.5396239,13.5995278,,,n_playground
way,1160652524,52.5344263,13.6394061,Zauberwald am Birkenplatz,,n_playground
way,1160658024,52.536307,13.6524401,,,n_playground
way,1160663850,52.5236908,13.6721968,,,n_playground
way,1161315187,52.6098493,13.3125879,,,n_playground
way,1162819272,52.5416711,13.378906,,,n_playground
way,1163291481,52.518374,13.338136,,,n_playground
way,1163431666,52.4423459,13.3421133,,,n_playground
way,1163505256,52.4502569,13.5660264,,,n_playground
way,1163888110,52.54301,13.6045879,,,n_playground
way,1163888111,52.5434171,13.6045014,,,n_playground
way,1164105455,52.5298126,13.6051458,,,n_playground
way,1164105458,52.5301091,13.6048673,,,n_playground
way,1164105464,52.5305472,13.6046329,,,n_playground
way,1164105465,52.531148,13.6039492,,,n_playground
way,1164407661,52.4191869,13.5012441,,,n_playground
way,1164634436,52.5302506,13.7049623,,,n_playground
way,1164634441,52.5302649,13.7004,,,n_playground
way,1164715023,52.4182797,13.4008391,,,n_playground
way,1165003450,52.5913935,13.2881475,,,n_playground
way,1165606434,52.5400592,13.6076499,,,n_playground
way,1165606436,52.5412214,13.6074013,,,n_playground
way,1165606445,52.5423589,13.6071646,,,n_playground
way,1165613588,52.5436672,13.6055899,,,n_playground
way,1166085731,52.4436589,13.5873441,,,n_playground
way,1166185814,52.5889936,13.4053673,,,n_playground
way,1166219691,52.4659277,13.4658289,,,n_playground
way,1166219929,52.4652076,13.4665581,,,n_playground
way,1166219949,52.4645417,13.4678058,,,n_playground
way,1166220056,52.4683944,13.5074201,,,n_playground
way,1166220415,52.4538764,13.5048663,,,n_playground
way,1166220696,52.4198658,13.4907922,,,n_playground
way,1166220862,52.4246907,13.4833549,,,n_playground
way,1166220930,52.423379,13.4815351,,,n_playground
way,1166221079,52.4245205,13.4807567,,,n_playground
way,1166221198,52.4235858,13.4788127,,,n_playground
way,1166221365,52.4211064,13.4623857,,,n_playground
way,1166221495,52.4282925,13.4627447,,,n_playground
way,1166221681,52.4087786,13.4422326,,,n_playground
way,1166221988,52.4333082,13.4195281,,,n_playground
way,1166222220,52.4337038,13.4120399,,,n_playground
way,1166222451,52.4309198,13.3989146,,,n_playground
way,1166222536,52.432416,13.3965951,,,n_playground
way,1166222725,52.4572154,13.3787074,,,n_playground
way,1166222914,52.4520728,13.3752397,,,n_playground
way,1166222996,52.45321,13.3737541,,,n_playground
way,1166223798,52.4496728,13.368002,,,n_playground
way,1166224029,52.4356678,13.3631745,,,n_playground
way,1166224211,52.4352313,13.3590314,,,n_playground
way,1166224266,52.4332242,13.358643,,,n_playground
way,1166224291,52.4326365,13.3581706,,,n_playground
way,1166224527,52.4320769,13.3580081,,,n_playground
way,1166224722,52.4209818,13.363651,,,n_playground
way,1166224733,52.4195757,13.3698597,,,n_playground
way,1166224772,52.4152958,13.3732918,,,n_playground
way,1166316236,52.5090173,13.7116369,Spielplatz Fasanerie,,n_playground
way,1166762821,52.6034462,13.3574794,,,n_playground
way,1166762822,52.6042274,13.3520819,,,n_playground
way,1166762824,52.6033138,13.3528959,,,n_playground
way,1166762827,52.6026109,13.3500407,,,n_playground
way,1167132594,52.6039205,13.3660156,,,n_playground
way,1167132596,52.6062013,13.3609961,,,n_playground
way,1167151089,52.5484898,13.1861862,,,n_playground
way,1167306961,52.3963423,13.5375015,,,n_playground
way,1167408804,52.5451037,13.5701704,,,n_playground
way,1167464165,52.4522658,13.5072633,,,n_playground
way,1167571987,52.5378496,13.5982618,,,n_playground
way,1167571988,52.5376578,13.5982947,,,n_playground
way,1167571989,52.5380423,13.5981725,,,n_playground
way,1167571991,52.5382008,13.5978688,,,n_playground
way,1167650621,52.5957457,13.3636998,,,n_playground
way,1167920827,52.5366049,13.2845872,,,n_playground
way,1168327008,52.5986872,13.3607019,,,n_playground
way,1168571303,52.4315677,13.7518135,,,n_playground
way,1169307087,52.5434023,13.5978236,,,n_playground
way,1169333176,52.4605467,13.3629891,Spielhof,,n_playground
way,1169708029,52.5259163,13.4219569,,,n_playground
way,1169716253,52.6024452,13.3632374,,,n_playground
way,1169724665,52.5967656,13.3635434,,,n_playground
way,1169770323,52.5459799,13.5979831,,,n_playground
way,1169770344,52.5448439,13.5979699,,,n_playground
way,1169775606,52.5429354,13.5948802,,,n_playground
way,1169775610,52.5431571,13.5947129,,,n_playground
way,1169794693,52.4990829,13.4982068,,,n_playground
way,1169794695,52.4989432,13.4988637,,,n_playground
way,1169811248,52.4988489,13.4693145,,,n_playground
way,1169814689,52.5614259,13.4262498,,,n_playground
way,1169861692,52.5582943,13.4846761,,,n_playground
way,1169864731,52.4979129,13.4842135,,,n_playground
way,1169899054,52.4230868,13.4815214,,,n_playground
way,1169943649,52.5279,13.4118491,,,n_playground
way,1171012198,52.5974474,13.3586292,,,n_playground
way,1171507055,52.5014027,13.3878969,,,n_playground
way,1171963275,52.3836281,13.2168267,,,n_playground
way,1171970903,52.4781827,13.3620848,,,n_playground
way,1172311651,52.5926772,13.3619449,,,n_playground
way,1172408874,52.5918446,13.3590863,,,n_playground
way,1172411027,52.5926105,13.3603414,,,n_playground
way,1172517054,52.5914722,13.3561214,,,n_playground
way,1172873946,52.5911789,13.3487774,,,n_playground
way,1172880985,52.4200403,13.4986275,,,n_playground
way,1173184154,52.595389,13.3612375,,,n_playground
way,1173663168,52.5468023,13.5857692,,,n_playground
way,1173663169,52.5466713,13.5852244,,,n_playground
way,1173663170,52.5464391,13.5855994,,,n_playground
way,1173676569,52.4248352,13.4298762,,,n_playground
way,1173683343,52.3572787,13.3017743,,,n_playground
way,1173683344,52.3570103,13.3019261,,,n_playground
way,1174234634,52.5300034,13.3704506,,,n_playground
way,1174457252,52.5669771,13.5551668,,,n_playground
way,1174749398,52.4104976,13.0999332,,,n_playground
way,1176842960,52.4811187,13.494598,,,n_playground
way,1177995624,52.4242921,13.5885706,,,n_playground
way,1177995625,52.4242352,13.5880895,,,n_playground
way,1178733203,52.5378271,13.38677,,,n_playground
way,1178750572,52.4277823,13.7379019,,,n_playground
way,1179641834,52.5380347,13.6190678,,,n_playground
way,1179641837,52.5381273,13.6195902,,,n_playground
way,1179643362,52.536608,13.6244536,,,n_playground
way,1179957033,52.6136626,13.4901932,Kinderspielplatz Sägebeckweg 107,,n_playground
way,1179961409,52.6131179,13.4986628,,,n_playground
way,1180123865,52.541165,13.6333989,,,n_playground
way,1180441763,52.4276211,13.465956,,,n_playground
way,1180441769,52.4260567,13.4507725,,,n_playground
way,1180443117,52.4270478,13.4498061,,,n_playground
way,1180445537,52.4025164,13.5267843,,,n_playground
way,1180445546,52.4054551,13.525912,,,n_playground
way,1180997287,52.5239159,13.7394817,,,n_playground
way,1181318800,52.5979055,13.4344886,,,n_playground
way,1181729173,52.5729611,13.3680893,,13409,n_playground
way,1181730759,52.5733646,13.3701129,,,n_playground
way,1182110378,52.5637584,13.3577153,,,n_playground
way,1182139072,52.4230607,13.4297172,,,n_playground
way,1182872013,52.5263815,13.6953883,,,n_playground
way,1183041942,52.4991737,13.4092732,,,n_playground
way,1183869816,52.5722543,13.4371346,,,n_playground
way,1183885318,52.5505717,13.576486,,,n_playground
way,1183885319,52.5502275,13.575869,,,n_playground
way,1183896249,52.5746393,13.4214672,,,n_playground
way,1183916793,52.5678022,13.3979512,,,n_playground
way,1183966678,52.4660803,13.4736722,,,n_playground
way,1184004104,52.5525736,13.3868931,,,n_playground
way,1184004105,52.5524324,13.3866052,,,n_playground
way,1184004106,52.5523994,13.3867776,,,n_playground
way,1184146323,52.4676826,13.4348176,,,n_playground
way,1184167493,52.5546997,13.3732605,Spielplatz Exerzierstraße,,n_playground
way,1184177155,52.5529918,13.3676948,,,n_playground
way,1184218673,52.4942551,13.3330433,,,n_playground
way,1184372795,52.5399468,13.5977268,,,n_playground
way,1184372796,52.5403175,13.5977275,,,n_playground
way,1184372803,52.5395336,13.597933,,,n_playground
way,1184387220,52.5434527,13.3731865,,,n_playground
way,1184391222,52.5400681,13.3745199,,,n_playground
way,1184392231,52.4146082,13.3602172,,,n_playground
way,1184438764,52.5259659,13.4375335,,,n_playground
way,1184487123,52.5111607,13.5172475,,,n_playground
way,1184494753,52.508915,13.5031661,,,n_playground
way,1184497731,52.5033991,13.4961618,,,n_playground
way,1184497732,52.5034611,13.4958544,,,n_playground
way,1184497733,52.5035498,13.4953312,,,n_playground
way,1184497734,52.5035142,13.4955936,,,n_playground
way,1184566237,52.4245103,13.4262064,,,n_playground
way,1184624126,52.5096245,13.4627049,,,n_playground
way,1184631277,52.4472841,13.6197174,,,n_playground
way,1184765470,52.5188785,13.4930388,Spielplatz Gotlindestr. 66,,n_playground
way,1184919031,52.4647084,13.5814297,,,n_playground
way,1184924763,52.450849,13.6110083,Waldspielplatz Hirschgartendreieck,,n_playground
way,1184926373,52.4424067,13.5869638,,,n_playground
way,1184930039,52.4459416,13.5929003,,,n_playground
way,1184930040,52.4457222,13.5928922,,,n_playground
way,1184969619,52.4276993,13.4718996,,,n_playground
way,1185088659,52.6269801,13.4947098,,,n_playground
way,1185088668,52.6196533,13.4821832,,,n_playground
way,1185097442,52.5913451,13.3537685,,,n_playground
way,1185185266,52.631135,13.4931018,,,n_playground
way,1185262078,52.4177823,13.439337,,,n_playground
way,1185361112,52.6358498,13.5032418,,,n_playground
way,1185361325,52.6308262,13.492009,,,n_playground
way,1185517546,52.4171725,13.5105119,,,n_playground
way,1185550862,52.4158317,13.4313889,,,n_playground
way,1185622609,52.6289301,13.5029544,,,n_playground
way,1185622610,52.6293182,13.5027597,,,n_playground
way,1185622613,52.6297456,13.5000782,,,n_playground
way,1185644473,52.6047757,13.479327,,,n_playground
way,1185648578,52.6140795,13.4882205,,,n_playground
way,1186081731,52.6434148,13.3007635,,,n_playground
way,1186911827,52.6737827,13.2656459,,,n_playground
way,1187354349,52.5312586,13.6223139,,,n_playground
way,1187399012,52.3955807,13.2493457,,,n_playground
way,1187399013,52.3954501,13.2493267,,,n_playground
way,1187399014,52.395323,13.2492835,,,n_playground
way,1187890696,52.3844986,13.1339065,,,n_playground
way,1188142330,52.5732272,13.3772908,,,n_playground
way,1188142332,52.5748954,13.3667891,,,n_playground
way,1188739027,52.3865254,13.2161969,,,n_playground
way,1188739037,52.3915453,13.2367087,,,n_playground
way,1188739038,52.3916718,13.2368562,,,n_playground
way,1188739039,52.3914719,13.2370018,,,n_playground
way,1188739040,52.3915858,13.2371609,,,n_playground
way,1188739041,52.3912827,13.2359879,,,n_playground
way,1188739044,52.3912637,13.2366746,,,n_playground
way,1188739045,52.3914609,13.2365088,,,n_playground
way,1188739046,52.3918181,13.2353464,,,n_playground
way,1188739047,52.3919293,13.2353049,,,n_playground
way,1189152447,52.4076655,13.3615215,,,n_playground
way,1189152449,52.4089204,13.3608395,,,n_playground
way,1189537867,52.5733506,13.5634103,,,n_playground
way,1189817647,52.4734793,13.1328811,,,n_playground
way,1189922026,52.4733934,13.1313708,,,n_playground
way,1189928004,52.6483857,13.5032758,,,n_playground
way,1190164733,52.4304801,13.469876,,,n_playground
way,1190184944,52.6414464,13.4943076,,,n_playground
way,1190789478,52.5183844,13.1851386,,,n_playground
way,1190789479,52.5190719,13.1859395,,,n_playground
way,1190805315,52.6287085,13.4943795,,,n_playground
way,1190904579,52.559363,13.2056572,,,n_playground
way,1191149214,52.6017907,13.321826,,,n_playground
way,1191149254,52.6000427,13.3228381,,,n_playground
way,1191173004,52.445592,13.1294101,,,n_playground
way,1192734386,52.5715981,13.4063159,,,n_playground
way,1192734387,52.5710504,13.4067201,,,n_playground
way,1193041350,52.5358865,13.3034354,,,n_playground
way,1193123192,52.5305891,13.3630635,,,n_playground
way,1193123193,52.5320335,13.3618078,,,n_playground
way,1193126807,52.5410406,13.5904784,,,n_playground
way,1193236100,52.4453139,13.3285949,,,n_playground
way,1193437888,52.4250239,13.4776862,,,n_playground
way,1193456945,52.5033769,13.6895336,,,n_playground
way,1193489022,52.5000898,13.4913784,,,n_playground
way,1193511155,52.4705819,13.1302593,,,n_playground
way,1195446515,52.4124678,13.4205473,,,n_playground
way,1195934223,52.5767482,13.4149653,,,n_playground
way,1196130562,52.5241607,13.5417619,,,n_playground
way,1196134358,52.5234589,13.5468883,,,n_playground
way,1196136360,52.5271342,13.5454965,,,n_playground
way,1197035313,52.5186841,13.5302213,"Spielplatz ""Obstsalat""",,n_playground
way,1197138919,52.414786,13.5257897,,,n_playground
way,1197202276,52.4161261,13.5331461,,,n_playground
way,1197815717,52.4390942,13.4997101,,,n_playground
way,1198264686,52.407648,13.74857,,,n_playground
way,1198620506,52.5436979,13.5731849,,,n_playground
way,1198788681,52.4185954,13.543273,,,n_playground
way,1198799439,52.6644861,13.3775111,,,n_playground
way,1198895166,52.5202678,13.639086,,,n_playground
way,1198901047,52.5516518,13.5684046,,,n_playground
way,1198936543,52.5487346,13.4424807,,,n_playground
way,1198959487,52.4904135,13.410798,,,n_playground
way,1199246397,52.3883006,13.1151342,,,n_playground
way,1199291468,52.4810685,13.5102047,,,n_playground
way,1199313226,52.422261,13.4469218,,,n_playground
way,1199484762,52.5761282,13.2733878,,,n_playground
way,1199760058,52.4232746,13.4670635,,,n_playground
way,1199760093,52.4185708,13.5003124,,,n_playground
way,1199760268,52.4009329,13.502617,,,n_playground
way,1199760276,52.3971371,13.5358416,,,n_playground
way,1199760340,52.4415256,13.5473414,,,n_playground
way,1199760369,52.4391561,13.5552105,,,n_playground
way,1199760744,52.4387397,13.557846,,,n_playground
way,1199761035,52.4482921,13.5693921,,,n_playground
way,1199761087,52.4347979,13.576857,,,n_playground
way,1199762103,52.4407016,13.6004567,,,n_playground
way,1200633091,52.46416,13.4228842,,,n_playground
way,1200905922,52.4226999,13.4610435,,,n_playground
way,1202221223,52.5242371,13.4677524,,,n_playground
way,1202290231,52.5524571,13.5825497,,,n_playground
way,1202290233,52.5509559,13.5833895,,,n_playground
way,1202441793,52.5436573,13.5953051,,,n_playground
way,1202441794,52.5437461,13.5946522,,,n_playground
way,1202543173,52.5417575,13.4091119,,,n_playground
way,1202679140,52.5420533,13.5738903,,,n_playground
way,1202702004,52.4825479,13.5080676,,,n_playground
way,1202702005,52.4825646,13.5090731,,,n_playground
way,1202703656,52.4816575,13.5107519,,,n_playground
way,1202703657,52.4817918,13.5099195,,,n_playground
way,1202703658,52.4817719,13.5101603,,,n_playground
way,1202714108,52.4543101,13.6242645,,,n_playground
way,1202719481,52.5124749,13.5101693,,,n_playground
way,1202755830,52.4873466,13.435398,,,n_playground
way,1203025424,52.4528918,13.5649894,,,n_playground
way,1203046776,52.5615538,13.5229165,,,n_playground
way,1203046777,52.5615047,13.5224576,,,n_playground
way,1203097086,52.5657409,13.5304979,,,n_playground
way,1203097087,52.5656308,13.532573,,,n_playground
way,1203097092,52.5680015,13.5311292,,,n_playground
way,1203097094,52.5628987,13.5205012,,,n_playground
way,1203103989,52.5761845,13.5063172,,,n_playground
way,1203149912,52.5720212,13.4937476,,,n_playground
way,1203387261,52.4352892,13.5245995,,,n_playground
way,1203387264,52.4349966,13.5251395,,,n_playground
way,1203387267,52.4345075,13.5243444,,,n_playground
way,1203387269,52.4347692,13.5238594,,,n_playground
way,1203387271,52.4356291,13.5242547,,,n_playground
way,1203410219,52.5581071,13.4890948,,,n_playground
way,1203854079,52.5213085,13.2520677,,,n_playground
way,1204411025,52.5393852,13.6112185,,,n_playground
way,1204411026,52.5384878,13.6113137,,,n_playground
way,1204411027,52.5384047,13.6108594,,,n_playground
way,1204411028,52.5392501,13.6103554,,,n_playground
way,1204411032,52.5417647,13.6088543,,,n_playground
way,1205121851,52.5797958,13.4092332,,,n_playground
way,1205149520,52.4730006,13.377137,,,n_playground
way,1205325140,52.4097348,13.5369884,,,n_playground
way,1205369949,52.6333994,13.6038933,,,n_playground
way,1205661096,52.4145381,13.374952,Drehscheibe,,n_playground
way,1205698608,52.4445488,13.5669866,,,n_playground
way,1205698609,52.4446308,13.5666725,,,n_playground
way,1205704862,52.4269881,13.58988,,,n_playground
way,1205732954,52.4255201,13.5917535,,,n_playground
way,1205737851,52.4244287,13.5902554,,,n_playground
way,1206023938,52.5600032,13.5605803,,,n_playground
way,1206026037,52.5662519,13.5575967,,,n_playground
way,1206235864,52.4992278,13.5205526,,,n_playground
way,1206367587,52.5227419,13.257131,,,n_playground
way,1206709152,52.5329631,13.4682993,,,n_playground
way,1206900234,52.5086168,13.4162661,,,n_playground
way,1206901962,52.508529,13.4172436,,,n_playground
way,1207153944,52.5570324,13.566754,,,n_playground
way,1207153945,52.5571578,13.5666965,,,n_playground
way,1207573572,52.6749591,13.5810956,,,n_playground
way,1207727982,52.4087133,13.3047043,,,n_playground
way,1207727984,52.4085546,13.3057094,,,n_playground
way,1208230958,52.5356215,13.4851367,,,n_playground
way,1208281396,52.5675687,13.4942021,,,n_playground
way,1208281402,52.568224,13.4946999,,,n_playground
way,1208281403,52.5667253,13.4972174,,,n_playground
way,1208281405,52.5654886,13.4975252,,,n_playground
way,1208281406,52.5651319,13.4993967,,,n_playground
way,1208281408,52.5663864,13.4997062,,,n_playground
way,1208281410,52.5700046,13.4989072,,,n_playground
way,1208308460,52.4820938,13.6122268,Spielplatz Lehnitzplatz,,n_playground
way,1208691700,52.5437146,13.1673115,,,n_playground
way,1209633762,52.5657059,13.5701887,,,n_playground
way,1209633763,52.5660798,13.5696532,,,n_playground
way,1209644026,52.5588836,13.5731299,,,n_playground
way,1209694251,52.5392226,13.4857442,,,n_playground
way,1209823384,52.5465076,13.5530382,,,n_playground
way,1209823386,52.5479855,13.5536204,,,n_playground
way,1210187602,52.5646609,13.5705382,,,n_playground
way,1210315790,52.4896119,13.3713966,,,n_playground
way,1210323235,52.5649897,13.5626981,,,n_playground
way,1210323236,52.5654663,13.5630626,,,n_playground
way,1210324963,52.5605785,13.5622919,,,n_playground
way,1210324964,52.5573806,13.5590755,,,n_playground
way,1210460759,52.5541664,13.5595239,,,n_playground
way,1210460760,52.5546548,13.5596057,,,n_playground
way,1210460762,52.5531366,13.5592269,,,n_playground
way,1210460763,52.5531664,13.5588556,,,n_playground
way,1210460764,52.5528994,13.5593887,,,n_playground
way,1210581580,52.5372848,13.5408982,,,n_playground
way,1210664295,52.528411,13.5447517,,,n_playground
way,1210664296,52.5301566,13.5446494,,,n_playground
way,1210664298,52.5302198,13.5467145,,,n_playground
way,1210967198,52.5506765,13.4221945,,,n_playground
way,1211023104,52.54342,13.5761035,,,n_playground
way,1211023106,52.5434373,13.5759044,,,n_playground
way,1211023107,52.5426379,13.5759881,,,n_playground
way,1211023108,52.5410233,13.5736736,,,n_playground
way,1211023109,52.5412967,13.5737019,,,n_playground
way,1211023110,52.5411419,13.5723459,,,n_playground
way,1211023111,52.5412034,13.5710279,,,n_playground
way,1211023112,52.542242,13.5725256,,,n_playground
way,1211163096,52.4897469,13.3717944,,,n_playground
way,1211248344,52.5691298,13.5584918,,,n_playground
way,1211248345,52.5682738,13.559123,,,n_playground
way,1211248347,52.5672584,13.558132,,,n_playground
way,1211248351,52.5677744,13.5545439,,,n_playground
way,1211248352,52.5694304,13.5616713,,,n_playground
way,1211248353,52.5710391,13.5615647,,,n_playground
way,1211248354,52.5708019,13.5614177,,,n_playground
way,1211515949,52.5562585,13.2138868,,,n_playground
way,1211515950,52.5554441,13.2128445,,,n_playground
way,1211515951,52.5552302,13.2125326,,,n_playground
way,1211525221,52.5524374,13.5786284,,,n_playground
way,1211525222,52.5531804,13.5780802,,,n_playground
way,1211531461,52.5484636,13.576426,,,n_playground
way,1211541633,52.436569,13.2643917,,,n_playground
way,1211543518,52.4131725,13.3131411,,,n_playground
way,1211543522,52.4121463,13.3117292,,,n_playground
way,1211543523,52.4124342,13.3116625,,,n_playground
way,1211749187,52.5329249,13.6140393,,,n_playground
way,1211749188,52.5331115,13.6152021,,,n_playground
way,1211749189,52.5308372,13.6139534,,,n_playground
way,1211758310,52.5565847,13.56896,,,n_playground
way,1212810377,52.5399068,13.5995428,,,n_playground
way,1212810380,52.5402377,13.5995908,,,n_playground
way,1212810383,52.5401557,13.5988891,,,n_playground
way,1213949859,52.4999941,13.3894728,,,n_playground
way,1213982127,52.5676091,13.5716211,,,n_playground
way,1214277850,52.5561759,13.2127131,,,n_playground
way,1214311129,52.5688993,13.5668802,,,n_playground
way,1214311130,52.569199,13.5667463,,,n_playground
way,1214311132,52.5679399,13.5656466,,,n_playground
way,1214311134,52.5678104,13.565219,,,n_playground
way,1214568694,52.4925238,13.3442365,,,n_playground
way,1214815838,52.5663167,13.5668092,,,n_playground
way,1214818694,52.5669739,13.5671168,,,n_playground
way,1215070861,52.5647535,13.5784417,,,n_playground
way,1215150771,52.4169196,13.282858,,,n_playground
way,1215488445,52.5694713,13.5712147,,,n_playground
way,1216223198,52.4227577,13.3944108,,,n_playground
way,1216230966,52.5250663,13.385157,,,n_playground
way,1216298848,52.4365007,13.2585225,,,n_playground
way,1216300969,52.4502605,13.2622269,,,n_playground
way,1216768671,52.5661488,13.4033653,,,n_playground
way,1216924913,52.4333385,13.3503612,,,n_playground
way,1216924915,52.4332185,13.3500047,,,n_playground
way,1216924916,52.4335593,13.3503604,,,n_playground
way,1217454722,52.5483716,13.1601489,,,n_playground
way,1217513302,52.4533177,13.3327948,,,n_playground
way,1218769819,52.5491399,13.213095,,,n_playground
way,1219390966,52.5255698,13.1535242,Freizeitgelände Cosmarweg 71,,n_playground
way,1219438502,52.4688552,13.4927093,,,n_playground
way,1219521249,52.4969893,13.4440349,,,n_playground
way,1219528800,52.4712016,13.4891956,,,n_playground
way,1219881247,52.5229566,13.1625377,,,n_playground
way,1219897559,52.5960741,13.3661722,,,n_playground
way,1219915906,52.4769757,13.4837727,,,n_playground
way,1221115163,52.4224607,13.3630465,,,n_playground
way,1221244855,52.5119049,13.5072998,,,n_playground
way,1221343895,52.5065363,13.5060531,,,n_playground
way,1221343896,52.5069813,13.5058666,,,n_playground
way,1221573486,52.5295539,13.5177829,,,n_playground
way,1221879341,52.4261915,13.3642838,,,n_playground
way,1222534701,52.5545097,13.1504822,,,n_playground
way,1222534706,52.554421,13.1517497,,,n_playground
way,1222600473,52.5293355,13.6013631,,,n_playground
way,1223759869,52.4767289,13.440439,,,n_playground
way,1225193198,52.4228344,13.4590934,,,n_playground
way,1225193200,52.4232751,13.4577337,,,n_playground
way,1225193201,52.4241107,13.458675,,,n_playground
way,1225193204,52.42619,13.4542724,,,n_playground
way,1225198153,52.4285762,13.4572638,,,n_playground
way,1225198154,52.4284277,13.4569105,,,n_playground
way,1225475861,52.4508535,13.263762,,,n_playground
way,1225475862,52.4508294,13.2645472,,,n_playground
way,1226205831,52.4129496,13.2701498,,,n_playground
way,1226205832,52.4139608,13.2697631,,,n_playground
way,1226464077,52.556693,13.4263919,,,n_playground
way,1226559363,52.6178603,13.4980813,,,n_playground
way,1226559364,52.6176358,13.4978936,,,n_playground
way,1226867794,52.5567192,13.4810653,,,n_playground
way,1226893490,52.556242,13.4768277,,,n_playground
way,1226896483,52.5158254,13.5027117,,,n_playground
way,1227126813,52.4218882,13.3621885,,,n_playground
way,1227136194,52.4160478,13.3634431,,,n_playground
way,1227211650,52.5606454,13.3491983,,,n_playground
way,1227211651,52.5610075,13.3482684,,,n_playground
way,1227709140,52.4630293,13.4224547,,,n_playground
way,1227938605,52.4186031,13.4329481,,,n_playground
way,1227938607,52.4183369,13.4368548,,,n_playground
way,1228175852,52.4315563,13.3878271,,,n_playground
way,1228222288,52.5770029,13.4026878,,,n_playground
way,1228313945,52.4605047,13.3650296,,,n_playground
way,1228623255,52.4148476,13.3220202,,,n_playground
way,1228743592,52.5476757,13.2623168,,,n_playground
way,1229751548,52.5886096,13.3715197,,,n_playground
way,1230050267,52.4765904,13.3436975,,,n_playground
way,1230247536,52.4819023,13.333733,,,n_playground
way,1230697192,52.4942168,13.5076397,,,n_playground
way,1230702187,52.4932214,13.5070876,,,n_playground
way,1230711694,52.4950838,13.5069665,,,n_playground
way,1230750702,52.4655703,13.581552,,,n_playground
way,1230750703,52.4666265,13.5820839,,,n_playground
way,1230750704,52.4668365,13.580626,,,n_playground
way,1230750705,52.463886,13.5831173,,,n_playground
way,1230750714,52.4618917,13.5802763,,,n_playground
way,1230750715,52.4622984,13.579171,,,n_playground
way,1230750716,52.4632249,13.5822396,,,n_playground
way,1230751326,52.4529038,13.6049286,,,n_playground
way,1230751330,52.4535002,13.6064027,,,n_playground
way,1230751331,52.452501,13.6022938,,,n_playground
way,1231147289,52.484562,13.3169737,,,n_playground
way,1231886913,52.6689233,13.5536994,,,n_playground
way,1232064176,52.5018415,13.4551155,,,n_playground
way,1232309307,52.5690865,13.5283687,,,n_playground
way,1236124361,52.4134739,13.3454089,,,n_playground
way,1236124377,52.4147525,13.3447213,,,n_playground
way,1237257288,52.470746,13.4488435,,,n_playground
way,1238806938,52.4284643,13.3024066,,,n_playground
way,1239354236,52.5115811,13.4483162,,,n_playground
way,1243201223,52.433977,13.4220859,,,n_playground
way,1243201334,52.4310636,13.4185385,,,n_playground
way,1243661123,52.4324448,13.2605277,,,n_playground
way,1244570886,52.5996506,13.3573036,,,n_playground
way,1245687609,52.4724009,13.4881494,,,n_playground
way,1246129271,52.5228472,13.4390545,,,n_playground
way,1249394222,52.5756995,13.3656728,Columbus Grundschule,,n_playground
way,1252855492,52.5426691,13.5953082,,,n_playground
way,1253802685,52.3944729,13.0954764,,,n_playground
way,1253802780,52.3986412,13.1021351,,,n_playground
way,1253803091,52.3860575,13.1013456,,,n_playground
way,1253803375,52.3848248,13.1117807,,,n_playground
way,1253803564,52.3866716,13.1165548,Jim Knopf Abenteuerspielplatz,,n_playground
way,1253803732,52.3788497,13.1219967,,,n_playground
way,1253803914,52.3737258,13.1048178,,,n_playground
way,1253803947,52.3692637,13.1032488,,,n_playground
way,1253804179,52.374678,13.0968711,,,n_playground
way,1254281065,52.418955,13.3608484,,,n_playground
way,1254614854,52.5095291,13.4183031,,,n_playground
way,1255764862,52.4463191,13.4505934,,,n_playground
way,1256973208,52.5888135,13.3332034,,,n_playground
way,1259645296,52.5210928,13.1738574,,,n_playground
way,1262289181,52.424583,13.2873565,Rütli-Spielplatz,,n_playground
way,1263440123,52.4739139,13.7076325,,,n_playground
way,1263975337,52.5457274,13.7459364,,,n_playground
way,1263975338,52.5454312,13.7460596,,,n_playground
way,1266402417,52.44103,13.317316,Fröbel-Kindergarten Zwergenwiese,,n_playground
way,1267025892,52.657168,13.5185035,"Spielplatz ""Alte Gärtnerei""",,n_playground
way,1267026593,52.6637819,13.524067,"Spielplatz ""Eosanderstraße""",,n_playground
way,1267194826,52.452259,13.5641069,,,n_playground
way,1267696955,52.4531944,13.375313,,,n_playground
way,1267856317,52.4951294,13.4845267,,,n_playground
way,1267856527,52.495492,13.4848735,,,n_playground
way,1267857641,52.494708,13.4875783,,,n_playground
way,1267950806,52.4777959,13.4921334,Waldspielplatz Plänterwald,,n_playground
way,1270634835,52.3557397,13.5828923,Spielplatz Ritterdorf,,n_playground
way,1270634841,52.3596057,13.5835335,Spielplatz Drachenhöhle,,n_playground
way,1270720334,52.4715296,13.3387231,,,n_playground
way,1271160349,52.6490584,13.54351,"Spielplatz ""Mühlenberg""",,n_playground
way,1271363854,52.39179,13.4963052,,,n_playground
way,1271363855,52.3913125,13.4966172,,,n_playground
way,1271363856,52.3920441,13.4951479,,,n_playground
way,1271363860,52.3941793,13.4951244,,,n_playground
way,1271363861,52.3934342,13.4946926,,,n_playground
way,1271559065,52.4468704,13.5645308,,,n_playground
way,1271750658,52.3643597,13.1380733,,,n_playground
way,1272587826,52.4718982,13.3046196,,,n_playground
way,1273349158,52.6402308,13.7427859,,,n_playground
way,1273890872,52.5630749,13.4101795,,,n_playground
way,1273924012,52.5002817,13.6200527,Spielplatz Theodorgärten,,n_playground
way,1274340571,52.5382471,13.508294,,,n_playground
way,1274340572,52.5382323,13.5080705,,,n_playground
way,1274340573,52.5380904,13.5080839,,,n_playground
way,1274340574,52.5375611,13.5083109,,,n_playground
way,1274340575,52.5377666,13.5086914,,,n_playground
way,1274340576,52.5370836,13.5069022,,,n_playground
way,1274340577,52.5371197,13.5079513,,,n_playground
way,1274340578,52.5373198,13.5087348,,,n_playground
way,1274340579,52.5373433,13.5098843,,,n_playground
way,1274570171,52.6363783,13.7354584,,,n_playground
way,1274581597,52.4464966,13.3950017,,,n_playground
way,1274598414,52.4235206,13.2867648,Spielplatz Schweizerland,,n_playground
way,1274884273,52.4679491,13.3465449,,,n_playground
way,1275069778,52.429345,13.3507098,,,n_playground
way,1275272794,52.4460237,13.67392,,,n_playground
way,1275994440,52.5492525,13.2137686,,,n_playground
way,1276313685,52.4318699,13.4547963,,,n_playground
way,1277789157,52.5540236,13.564399,,,n_playground
way,1277798812,52.5790512,13.2160333,,,n_playground
way,1277804052,52.5470483,13.250233,,,n_playground
way,1277804053,52.5470194,13.2500475,,,n_playground
way,1277804055,52.5471147,13.2508565,,,n_playground
way,1277804056,52.5471347,13.251243,,,n_playground
way,1277903268,52.5498459,13.3416877,,,n_playground
way,1278808637,52.3918214,13.5016288,,,n_playground
way,1278808643,52.3913361,13.5004859,,,n_playground
way,1278808650,52.3910054,13.499818,,,n_playground
way,1278808652,52.3904939,13.5006857,,,n_playground
way,1278808653,52.3906535,13.5014818,,,n_playground
way,1278808654,52.3909221,13.5019492,,,n_playground
way,1278816431,52.393857,13.4999943,,,n_playground
way,1278816432,52.3937503,13.4988011,,,n_playground
way,1278816434,52.3935003,13.4974497,,,n_playground
way,1278826728,52.3949008,13.4960973,,,n_playground
way,1278852647,52.5190942,13.702037,,,n_playground
way,1279717221,52.4483308,13.3026057,,,n_playground
way,1279717261,52.4496371,13.3061428,,,n_playground
way,1280480422,52.5885615,13.2762387,,,n_playground
way,1280676820,52.5020337,13.4588484,Sonnenhof,,n_playground
way,1280676821,52.5025464,13.4574199,Schattenhof,,n_playground
way,1281411034,52.5270094,13.1364617,,,n_playground
way,1281660003,52.4658263,13.4302833,,,n_playground
way,1281660004,52.4657517,13.4286749,,,n_playground
way,1281660005,52.4656957,13.4281743,,,n_playground
way,1281719925,52.4271786,13.4642653,,,n_playground
way,1281958945,52.5928958,13.2679185,,,n_playground
way,1281958946,52.5931659,13.267777,,,n_playground
way,1281958947,52.592816,13.2681613,,,n_playground
way,1282225082,52.4105659,13.3455958,,,n_playground
way,1282225088,52.4074787,13.3492555,,,n_playground
way,1282626298,52.5093074,13.4056157,,,n_playground
way,1282626299,52.5092818,13.4056559,,,n_playground
way,1283378532,52.5086015,13.3877969,,,n_playground
way,1284698770,52.4083184,13.3572932,,,n_playground
way,1284869647,52.4733284,13.4450327,,,n_playground
way,1284880477,52.480078,13.430986,,,n_playground
way,1286472724,52.427789,13.7402673,,,n_playground
way,1286472725,52.4281132,13.7389493,,,n_playground
way,1286472726,52.4284436,13.7375989,,,n_playground
way,1286472727,52.4287963,13.7362008,,,n_playground
way,1286749205,52.600711,13.3170899,,,n_playground
way,1286749434,52.5998058,13.3251264,,,n_playground
way,1286749526,52.599547,13.3251001,,,n_playground
way,1286749713,52.6013317,13.3234778,,,n_playground
way,1286749784,52.6020164,13.3220525,,,n_playground
way,1286749848,52.6024604,13.3205757,,,n_playground
way,1286749852,52.602548,13.3205394,,,n_playground
way,1286749977,52.6027695,13.3212758,,,n_playground
way,1286750510,52.5994715,13.3267351,,,n_playground
way,1286751145,52.600752,13.3253044,,,n_playground
way,1286751169,52.6004697,13.325701,,,n_playground
way,1286752286,52.5805745,13.2881894,,,n_playground
way,1286752346,52.5794217,13.2897412,,,n_playground
way,1286752509,52.5863405,13.284411,,,n_playground
way,1286757349,52.602514,13.3232999,,,n_playground
way,1286757463,52.6031241,13.3224605,,,n_playground
way,1286757538,52.6031047,13.3219787,,,n_playground
way,1286757740,52.6028287,13.3223157,,,n_playground
way,1286758774,52.6020799,13.3235528,,,n_playground
way,1286758876,52.6017877,13.3239091,,,n_playground
way,1286760063,52.5752137,13.2899367,,,n_playground
way,1286760963,52.6098272,13.3326257,,,n_playground
way,1286761430,52.6094536,13.3362726,,,n_playground
way,1286761480,52.6104446,13.3347886,,,n_playground
way,1286761577,52.6104351,13.3364055,,,n_playground
way,1286831372,52.6663249,13.5236319,,,n_playground
way,1286831373,52.6658112,13.5238833,,,n_playground
way,1286831374,52.666672,13.5240655,,,n_playground
way,1286831375,52.6662364,13.5241004,,,n_playground
way,1286863027,52.652142,13.5319658,,,n_playground
way,1286863028,52.6521611,13.5312423,,,n_playground
way,1287307411,52.6740585,13.5811897,,,n_playground
way,1287474120,52.6520095,13.5275428,,,n_playground
way,1287598834,52.6011247,13.3164331,,,n_playground
way,1287600764,52.6090333,13.3367695,,,n_playground
way,1287600765,52.6076706,13.3351729,,,n_playground
way,1287600766,52.6075546,13.3348842,,,n_playground
way,1287600767,52.6071266,13.3341762,,,n_playground
way,1287600768,52.607198,13.3349629,,,n_playground
way,1287600769,52.6066639,13.3312824,,,n_playground
way,1287600909,52.6091816,13.329765,,,n_playground
way,1287600910,52.6087488,13.328767,,,n_playground
way,1287600911,52.6086284,13.3284843,,,n_playground
way,1287601222,52.6061072,13.3263799,,,n_playground
way,1288710262,52.6507766,13.7237916,,,n_playground
way,1288753534,52.6338274,13.7349033,,,n_playground
way,1288768700,52.663806,13.6836052,,,n_playground
way,1288850558,52.6718208,13.5984063,,,n_playground
way,1288850559,52.671537,13.5997017,,,n_playground
way,1288850563,52.6739611,13.603157,,,n_playground
way,1288863955,52.6754712,13.583552,,,n_playground
way,1288863956,52.6762934,13.5834687,,,n_playground
way,1288863961,52.6736186,13.5816013,,,n_playground
way,1288863970,52.6734797,13.5778687,,,n_playground
way,1288863985,52.6733893,13.57441,,,n_playground
way,1289387540,52.6283758,13.6734213,,,n_playground
way,1289394606,52.6358817,13.7339668,,,n_playground
way,1289606934,52.4516604,13.5643821,,,n_playground
way,1289629020,52.4229301,13.3469836,,,n_playground
way,1289629021,52.4382772,13.3387959,,,n_playground
way,1290062244,52.6142825,13.4919326,,,n_playground
way,1290062247,52.6149648,13.4903033,,,n_playground
way,1290062248,52.6148866,13.489874,,,n_playground
way,1290062250,52.6155661,13.4888554,,,n_playground
way,1290153200,52.6265443,13.4916855,,,n_playground
way,1290153201,52.6273991,13.4926416,,,n_playground
way,1290309526,52.6304314,13.4954002,,,n_playground
way,1290406774,52.679081,13.1721255,,,n_playground
way,1290580556,52.4252231,13.4521927,,,n_playground
way,1290580557,52.4252668,13.4519943,,,n_playground
way,1290580559,52.4247343,13.4524272,,,n_playground
way,1290580562,52.425983,13.4501331,,,n_playground
way,1290580564,52.4286145,13.4583582,,,n_playground
way,1290580565,52.4289047,13.4591294,,,n_playground
way,1290580566,52.4289112,13.4584325,,,n_playground
way,1290580567,52.4293983,13.4588531,,,n_playground
way,1290580568,52.4276661,13.4575451,,,n_playground
way,1290644425,52.5574966,13.4414136,,,n_playground
way,1290968231,52.4376404,13.7591125,,,n_playground
way,1291129531,52.4364257,13.5583509,,,n_playground
way,1291235991,52.6139421,13.4953109,,,n_playground
way,1291235996,52.6141771,13.4951873,,,n_playground
way,1291263114,52.6152965,13.4929443,,,n_playground
way,1291263116,52.6162358,13.4904327,,,n_playground
way,1291263117,52.6156712,13.4911856,,,n_playground
way,1291263118,52.614818,13.4942552,,,n_playground
way,1291371593,52.6110036,13.4815838,,,n_playground
way,1291559460,52.6127989,13.4955194,,,n_playground
way,1291636938,52.6131427,13.4942877,,,n_playground
way,1291637843,52.6140361,13.4881593,,,n_playground
way,1291637844,52.6142873,13.4884408,,,n_playground
way,1291717526,52.6213611,13.4819457,,,n_playground
way,1291717529,52.6216125,13.4816138,,,n_playground
way,1291783214,52.6218591,13.4866043,,,n_playground
way,1291868656,52.6245695,13.4823312,,,n_playground
way,1291868657,52.6238981,13.4818381,,,n_playground
way,1291868658,52.6233612,13.4829725,,,n_playground
way,1292265173,52.6126028,13.4926416,,,n_playground
way,1292265174,52.6126515,13.492457,,,n_playground
way,1292265176,52.6116877,13.4945924,,,n_playground
way,1292555448,52.6407195,13.4963918,,,n_playground
way,1292847501,52.6170768,13.49085,,,n_playground
way,1292861289,52.6166447,13.4900584,,,n_playground
way,1292979644,52.5234094,13.4271696,,,n_playground
way,1293071201,52.6036828,13.4787553,,,n_playground
way,1293107608,52.6225912,13.4837012,,,n_playground
way,1293107609,52.6236091,13.4847747,,,n_playground
way,1293107610,52.6230815,13.486099,,,n_playground
way,1293107611,52.624026,13.4837781,,,n_playground
way,1293107612,52.6225478,13.4873801,,,n_playground
way,1293107613,52.6219971,13.4885464,,,n_playground
way,1293107614,52.6214682,13.4880042,,,n_playground
way,1293107615,52.6210725,13.4872833,,,n_playground
way,1293107616,52.6236414,13.4815043,,,n_playground
way,1293460578,52.622023,13.482903,,,n_playground
way,1293460579,52.6217727,13.4826004,,,n_playground
way,1293460585,52.6210571,13.484316,,,n_playground
way,1293460592,52.6196575,13.4826672,,,n_playground
way,1293461759,52.6211546,13.4805157,,,n_playground
way,1293494258,52.6197703,13.4847481,,,n_playground
way,1293494261,52.6199579,13.4843293,,,n_playground
way,1293684994,52.464374,13.5049415,Spielplatz,,n_playground
way,1293701463,52.4444723,13.3831128,,,n_playground
way,1294700904,52.538266,13.6216378,,,n_playground
way,1294989734,52.5184869,13.184346,,,n_playground
way,1295799736,52.5341523,13.6083235,,,n_playground
way,1295829276,52.5292269,13.4497448,,,n_playground
way,1295952523,52.5329503,13.6051766,,,n_playground
way,1295952530,52.5337637,13.603349,,,n_playground
way,1295967237,52.5365369,13.5605576,,,n_playground
way,1296059577,52.5413845,13.5848323,,,n_playground
way,1296082094,52.4094221,13.5382391,,,n_playground
way,1296110025,52.5432901,13.4187136,Kitaspielplatz Helmistrolche,,n_playground
way,1296113069,52.4071076,13.5636199,,,n_playground
way,1296164156,52.5169313,13.4239926,,,n_playground
way,1296164159,52.5167965,13.4241677,,,n_playground
way,1296268483,52.5214369,13.5818697,,,n_playground
way,1296268485,52.5222814,13.5815733,,,n_playground
way,1296348069,52.4058103,13.5609765,,,n_playground
way,1296596203,52.3678257,13.1449883,,,n_playground
way,1296639325,52.5370355,13.5989521,,,n_playground
way,1296639332,52.5378094,13.5970153,,,n_playground
way,1296764781,52.5598385,13.5705908,,,n_playground
way,1296767814,52.5587262,13.5708741,,,n_playground
way,1297140470,52.4467273,13.5128133,,,n_playground
way,1297144378,52.4818772,13.5087287,,,n_playground
way,1297144379,52.4818884,13.5084395,,,n_playground
way,1297218217,52.6137317,13.4965551,,,n_playground
way,1297218219,52.6157226,13.4872664,,,n_playground
way,1297337221,52.5641442,13.2145833,,,n_playground
way,1297340149,52.5740167,13.2143456,,,n_playground
way,1297340150,52.5744964,13.2143421,,,n_playground
way,1297340151,52.5744682,13.2153993,,,n_playground
way,1297340152,52.5739946,13.2153921,,,n_playground
way,1297340153,52.5744491,13.2164931,,,n_playground
way,1297600022,52.480572,13.4809662,,,n_playground
way,1297600025,52.4819608,13.48086,,,n_playground
way,1297604045,52.5167943,13.4243492,,,n_playground
way,1297629166,52.5411319,13.5606155,,,n_playground
way,1297631762,52.5543287,13.5550159,,,n_playground
way,1297631763,52.554535,13.5557407,,,n_playground
way,1297638818,52.5563077,13.5735197,,,n_playground
way,1297638819,52.5539572,13.5771319,,,n_playground
way,1297671582,52.5376459,13.5392836,,,n_playground
way,1297671583,52.5376511,13.539028,,,n_playground
way,1297712726,52.4660686,13.7294786,,,n_playground
way,1298018043,52.5746218,13.4171347,,,n_playground
way,1298018046,52.5754002,13.4180203,,,n_playground
way,1298019781,52.57401,13.4183821,,,n_playground
way,1298512483,52.5420908,13.5937113,,,n_playground
way,1298686421,52.5374303,13.5041532,,,n_playground
way,1298687478,52.5309878,13.4842695,,,n_playground
way,1298687479,52.5283058,13.4839568,,,n_playground
way,1298687480,52.5273865,13.4838173,,,n_playground
way,1298936393,52.5265151,13.4707199,,,n_playground
way,1298936394,52.5260427,13.4702408,,,n_playground
way,1298936405,52.5246623,13.4698913,,,n_playground
way,1298936408,52.5252128,13.4688632,,,n_playground
way,1299076320,52.5830391,13.4018573,,,n_playground
way,1299164749,52.5442105,13.4303638,,,n_playground
way,1299164757,52.5441929,13.4295987,,,n_playground
way,1299166077,52.5218898,13.4207775,,,n_playground
way,1299447420,52.5004948,13.4573289,,,n_playground
way,1299639945,52.5269514,13.3634353,,,n_playground
way,1299785465,52.4048562,13.244208,Spielplatz am Erlenweg,,n_playground
way,1299785467,52.4973608,13.4949709,,,n_playground
way,1300215463,52.5542239,13.5636374,,,n_playground
way,1300651183,52.4295161,13.4356786,,,n_playground
way,1300862809,52.5751878,13.417516,,,n_playground
way,1300911699,52.5927167,13.2979463,,,n_playground
way,1301017885,52.4523241,13.5728078,,,n_playground
way,1301134501,52.4888553,13.5173056,,,n_playground
way,1301150267,52.4874894,13.3559099,,,n_playground
way,1301281118,52.4294697,13.7159974,,,n_playground
way,1301281123,52.4303654,13.7164437,,,n_playground
way,1301281133,52.4310234,13.7180028,,,n_playground
way,1301293073,52.4139699,13.6643378,,,n_playground
way,1301408851,52.4349823,13.509366,,,n_playground
way,1301408854,52.4354238,13.5088347,,,n_playground
way,1301408858,52.4352218,13.5101255,,,n_playground
way,1301408865,52.4357392,13.5096631,,,n_playground
way,1301408872,52.4362615,13.509476,,,n_playground
way,1301574690,52.4200409,13.4481023,,,n_playground
way,1301607750,52.4783427,13.3582288,Spielplatz Bildungscampus Schöneberger Linse,,n_playground
way,1301676836,52.4168229,13.4094109,,,n_playground
way,1301676837,52.417889,13.410964,,,n_playground
way,1301676838,52.4185746,13.4127934,,,n_playground
way,1301676839,52.4172868,13.4039734,,,n_playground
way,1301829574,52.4885393,13.393777,,,n_playground
way,1301955979,52.5267569,13.4610728,,,n_playground
way,1301955980,52.5273217,13.459619,,,n_playground
way,1301955981,52.5277756,13.4597061,,,n_playground
way,1301955983,52.5270283,13.463101,,,n_playground
way,1301961509,52.5555466,13.5600681,,,n_playground
way,1301961510,52.5555335,13.5604684,,,n_playground
way,1302094146,52.4647491,13.3882995,Kita Arielle,,n_playground
way,1302306246,52.5498618,13.3414789,,,n_playground
way,1302306247,52.5489006,13.3428835,,,n_playground
way,1302990528,52.5195341,13.5872072,,,n_playground
way,1302990529,52.5195729,13.5865958,,,n_playground
way,1302990530,52.5197564,13.5862936,,,n_playground
way,1302990535,52.517784,13.5867461,,,n_playground
way,1303122095,52.5716724,13.0978515,,,n_playground
way,1303393432,52.526882,13.5681752,,,n_playground
way,1303824042,52.534628,13.5941918,,,n_playground
way,1303824043,52.5342967,13.5934264,,,n_playground
way,1304018127,52.4967314,13.5222223,,,n_playground
way,1304130766,52.5319221,13.5418881,,,n_playground
way,1304231137,52.5034994,13.4060262,,,n_playground
way,1304231173,52.5029854,13.4056726,,,n_playground
way,1304231195,52.5031759,13.4062235,,,n_playground
way,1304233673,52.4985032,13.5114295,,,n_playground
way,1304239907,52.5416201,13.6274973,,,n_playground
way,1304252365,52.5384294,13.6209426,,,n_playground
way,1304252368,52.5376051,13.6218293,,,n_playground
way,1304252369,52.5376774,13.621366,,,n_playground
way,1304252371,52.5375126,13.6234273,,,n_playground
way,1304963608,52.5294767,13.4656981,,,n_playground
way,1304965986,52.5399909,13.444275,,,n_playground
way,1305032874,52.5243526,13.4149531,,,n_playground
way,1305032875,52.524741,13.4153129,,,n_playground
way,1305251052,52.5022625,13.4420345,,,n_playground
way,1305463078,52.5382802,13.3717747,,,n_playground
way,1305526815,52.5230971,13.5842451,,,n_playground
way,1305526816,52.5232082,13.5839469,,,n_playground
way,1305565789,52.532236,13.1374914,,,n_playground
way,1305665559,52.5277944,13.5852917,,,n_playground
way,1305924090,52.5555238,13.4127819,,,n_playground
way,1305924094,52.5553302,13.4127427,,,n_playground
way,1306310892,52.5202652,13.591459,,,n_playground
way,1306310912,52.5221351,13.592201,,,n_playground
way,1306481039,52.5426,13.6084868,,,n_playground
way,1306747777,52.6694906,13.5793835,,,n_playground
way,1306747778,52.6696439,13.5788129,,,n_playground
way,1306751929,52.600426,13.5574259,Spielplatz Birkholzer Allee,,n_playground
way,1307418845,52.5159918,13.5654116,,,n_playground
way,1307418848,52.5153687,13.568809,,,n_playground
way,1307584947,52.3878599,13.2027501,,,n_playground
way,1307749475,52.5270668,13.4095321,,,n_playground
way,1308578087,52.4341243,13.348782,,,n_playground
way,1308579056,52.4352801,13.3451722,Kita Dreifaltigkeit Spielplatz,,n_playground
way,1308835412,52.5642358,13.3461741,,,n_playground
way,1308893914,52.4826643,13.30192,,,n_playground
way,1309201746,52.4306057,13.4539861,,,n_playground
way,1309201747,52.4308827,13.4531145,,,n_playground
way,1309201756,52.4330477,13.4508287,,,n_playground
way,1309256576,52.4281031,13.4489326,,,n_playground
way,1309996398,52.6314479,13.5038888,,,n_playground
way,1310593103,52.5368798,13.2847348,,,n_playground
way,1310593104,52.536959,13.2847262,,,n_playground
way,1310906437,52.5483308,13.3997169,,,n_playground
way,1311046021,52.5858243,13.2894942,,,n_playground
way,1311089153,52.5432079,13.3464531,,,n_playground
way,1311996395,52.4877508,13.6731188,,,n_playground
way,1312004825,52.4787712,13.7068006,,,n_playground
way,1312012714,52.48142,13.716993,,,n_playground
way,1312309065,52.496382,13.3070608,,,n_playground
way,1312633492,52.5628837,13.3465913,,,n_playground
way,1312675479,52.5570056,13.3535337,,,n_playground
way,1312723755,52.3938398,13.3940415,,,n_playground
way,1312728015,52.4228947,13.4502133,,,n_playground
way,1312728016,52.4226361,13.4497285,,,n_playground
way,1312728017,52.4224203,13.4500713,,,n_playground
way,1312955995,52.4088706,13.351769,,,n_playground
way,1313119346,52.478871,13.3620037,,,n_playground
way,1313119347,52.4799684,13.3580353,,,n_playground
way,1313119348,52.4800168,13.3575361,,,n_playground
way,1313139796,52.4228186,13.4293879,,,n_playground
way,1313397384,52.4568216,13.4328853,,,n_playground
way,1313641133,52.4672439,13.4631192,,,n_playground
way,1314256443,52.563499,13.2163789,,,n_playground
way,1314256444,52.5637777,13.2163865,,,n_playground
way,1317348143,52.5776773,13.5836326,,,n_playground
way,1317425681,52.4532614,13.7554605,,,n_playground
way,1317496341,52.5746668,13.510467,,,n_playground
way,1317541664,52.5277237,13.2198223,,,n_playground
way,1317541665,52.5281121,13.2209448,,,n_playground
way,1317669028,52.5555584,13.5143639,,,n_playground
way,1317851592,52.5342729,13.4834089,,,n_playground
way,1318025459,52.5468846,13.4794937,,,n_playground
way,1318297631,52.548873,13.4444624,,,n_playground
way,1319002740,52.4953641,13.3529715,,,n_playground
way,1319946312,52.5702683,13.3580879,,,n_playground
way,1319946314,52.5714431,13.3583175,,,n_playground
way,1319946326,52.5686153,13.3535319,,,n_playground
way,1320803459,52.6037601,13.3608974,,,n_playground
way,1321446815,52.4829722,13.3479012,,,n_playground
way,1322331195,52.4513877,13.5645642,,,n_playground
way,1322331198,52.451082,13.5648051,,,n_playground
way,1322850939,52.3869438,13.095803,,,n_playground
way,1322850940,52.3860765,13.0953696,,,n_playground
way,1322850941,52.3863308,13.0945846,,,n_playground
way,1322850942,52.3870311,13.0949595,,,n_playground
way,1325263195,52.6028345,13.3652781,,,n_playground
way,1326355024,52.3914733,13.7370452,,,n_playground
way,1326355025,52.3909764,13.7366336,,,n_playground
way,1326441665,52.3907837,13.7359111,,,n_playground
way,1327051531,52.4610591,13.5470999,,,n_playground
way,1327150450,52.5390191,13.510459,,,n_playground
way,1327496991,52.6380956,13.2000049,,,n_playground
way,1327498273,52.638152,13.2003001,,,n_playground
way,1328501865,52.5462616,13.600504,,,n_playground
way,1328997656,52.4833541,13.5083143,,,n_playground
way,1329597099,52.5275339,13.591685,,,n_playground
way,1329597100,52.5273618,13.5926819,,,n_playground
way,1330177904,52.4316795,13.3817182,,,n_playground
way,1330231230,52.4949199,13.4306943,,,n_playground
way,1330732433,52.3668555,13.3134484,,,n_playground
way,1331982860,52.4938236,13.3506517,,,n_playground
way,1332438345,52.4823004,13.3587125,,,n_playground
way,1332478207,52.428929,13.3554676,,,n_playground
way,1332672361,52.3778805,13.4144546,,,n_playground
way,1333215162,52.5492681,13.5495738,,,n_playground
way,1333703745,52.5286927,13.3309987,,,n_playground
way,1333770591,52.426967,13.7394028,,,n_playground
way,1335803318,52.464485,13.4714638,,,n_playground
way,1337782346,52.4220402,13.1767059,Kletterspinne,,n_playground
way,1337944961,52.5262044,13.5838984,,,n_playground
way,1337944962,52.5257371,13.5838604,,,n_playground
way,1339244163,52.5842148,13.2978334,,,n_playground
way,1339244199,52.5827403,13.2985821,,,n_playground
way,1339785514,52.5840438,13.3058736,,,n_playground
way,1339785515,52.5839065,13.3057484,,,n_playground
way,1339785516,52.5838531,13.3055736,,,n_playground
way,1339786891,52.5838667,13.3064548,,,n_playground
way,1340800189,52.5187734,13.3564463,,,n_playground
way,1340800190,52.5187526,13.3558886,,,n_playground
way,1341530668,52.4157515,13.4373687,,,n_playground
way,1341530679,52.4166998,13.4370532,,,n_playground
way,1341951392,52.462712,13.4208284,,,n_playground
way,1341951394,52.4635636,13.4207795,,,n_playground
way,1343100360,52.441462,13.5845309,,,n_playground
way,1343417544,52.4990576,13.4045701,,,n_playground
way,1345193369,52.3878002,13.6986108,,,n_playground
way,1345199834,52.4749999,13.4372475,,,n_playground
way,1346149539,52.6027588,13.3210773,,,n_playground
way,1346232454,52.6113951,13.2476405,,,n_playground
way,1347417665,52.5711096,13.403923,,,n_playground
way,1347738130,52.4298231,13.5151291,,,n_playground
way,1347738131,52.4296973,13.5151986,,,n_playground
way,1349988920,52.5709204,13.4036013,,,n_playground
way,1350326472,52.5685411,13.4106282,,,n_playground
way,1352131606,52.4886443,13.3559689,,,n_playground
way,1352196758,52.5677101,13.4097441,,,n_playground
way,1352340693,52.5687635,13.4095151,,,n_playground
way,1352415916,52.6437988,13.1889001,,,n_playground
way,1353927801,52.4244855,13.4611873,,,n_playground
way,1354665995,52.4924522,13.3854952,,,n_playground
way,1355396030,52.5384231,13.5106725,,,n_playground
way,1355962571,52.5580137,13.4111467,,,n_playground
way,1355980578,52.480113,13.5063619,,,n_playground
way,1355996863,52.5410549,13.3743974,,,n_playground
way,1356668404,52.5744019,13.4092756,,,n_playground
way,1356887427,52.5238297,13.5434966,,,n_playground
way,1356887434,52.5240337,13.5437584,,,n_playground
way,1360055080,52.5722081,13.3576583,,,n_playground
way,1360064812,52.5707977,13.3529286,,,n_playground
way,1360064813,52.5709939,13.3527157,,,n_playground
way,1360079978,52.5004791,13.4241525,,,n_playground
way,1360322908,52.3867641,13.282711,,,n_playground
way,1361275828,52.5910814,13.3181916,,,n_playground
way,1361275831,52.5907945,13.3188929,,,n_playground
way,1362277407,52.5363235,13.282394,,,n_playground
way,1362277408,52.5360147,13.2857489,,,n_playground
way,1362277409,52.5359716,13.2839356,,,n_playground
way,1362801666,52.3996382,13.2514113,,,n_playground
way,1363405719,52.5425813,13.1441346,,,n_playground
way,1363405721,52.5428217,13.1438882,,,n_playground
way,1363990368,52.3736152,13.2617079,,,n_playground
way,1364264693,52.57646,13.4118817,,,n_playground
way,1364264696,52.5767321,13.4116639,,,n_playground
way,1365643558,52.4177489,13.5053832,,,n_playground
way,1365783854,52.452646,13.5346924,,,n_playground
way,1365783855,52.4526893,13.5346705,,,n_playground
way,1366537284,52.4852389,13.3418599,,,n_playground
way,1367375901,52.4991842,13.3706226,,,n_playground
way,1368403104,52.4729959,13.4190165,,,n_playground
way,1370328090,52.4005337,13.253887,Hundetoilette,,n_playground
way,1370368388,52.4526434,13.5412181,,,n_playground
way,1370915546,52.49408,13.304124,,,n_playground
way,1373013623,52.5668134,13.5313983,,,n_playground
way,1375669175,52.6230317,13.3184052,,,n_playground
way,1376472720,52.4610919,13.4863397,,,n_playground
way,1376473931,52.4614586,13.4858345,,,n_playground
way,1376473932,52.4623524,13.4865398,,,n_playground
way,1376473933,52.4628561,13.4896796,,,n_playground
way,1376720987,52.4127632,13.3150223,,,n_playground
way,1376760985,52.51383,13.4097342,,,n_playground
way,1378083398,52.4537971,13.5356324,,,n_playground
way,1378083399,52.4530005,13.5362519,,,n_playground
way,1379292903,52.5055574,13.4628267,,,n_playground
way,1380603652,52.3652402,13.130959,,,n_playground
way,1380603653,52.3652933,13.132219,,,n_playground
way,1383296457,52.5101827,13.5844334,,,n_playground
way,1384309706,52.3720516,13.0963848,,,n_playground
way,1386583098,52.4250582,13.4317391,,,n_playground
way,1386583099,52.4252063,13.4309833,,,n_playground
way,1388177251,52.5543858,13.4179158,Kindergarten Little Munchkins,,n_playground
way,1388294259,52.4630645,13.4912745,,,n_playground
way,1389190726,52.4840745,13.3760132,,,n_playground
way,1389619226,52.5596248,13.1167046,,,n_playground
way,1390409434,52.5465272,13.3006235,,,n_playground
way,1390677211,52.4994631,13.4238074,,,n_playground
way,1392205250,52.497817,13.3049139,,,n_playground
way,1394430029,52.5473579,13.4217159,,,n_playground
way,1394430032,52.5458355,13.4216635,,,n_playground
way,1394430033,52.5471103,13.4199149,,,n_playground
way,1394478601,52.5742101,13.2130894,,,n_playground
way,1394832157,52.5437568,13.4149422,,,n_playground
way,1395146055,52.5640633,13.5793928,,,n_playground
way,1395146059,52.5645831,13.5798374,,,n_playground
way,1408637363,52.6779113,13.584671,,,n_playground
way,1408855426,52.3730104,13.0935081,,,n_playground
way,1408895411,52.519075,13.2588502,,,n_playground
way,1408895413,52.519829,13.2594553,,,n_playground
way,1408895415,52.51879,13.2582641,,,n_playground
way,1410044683,52.5241805,13.5932296,,,n_playground
way,1410044684,52.5242332,13.5927119,,,n_playground
way,1412741536,52.4861645,13.5816708,,,n_playground
way,1413056145,52.5559175,13.4325068,,,n_playground
way,1413214662,52.4931987,13.3432536,,,n_playground
way,1413452564,52.4975721,13.4182477,,,n_playground
way,1413480945,52.499494,13.4067505,,,n_playground
way,1413480964,52.499361,13.4081785,,,n_playground
way,1414249478,52.4098018,13.5688483,,,n_playground
way,1414437690,52.4915934,13.3365214,,,n_playground
way,1415155362,52.5428733,13.5378165,,,n_playground
way,1415648318,52.4965838,13.3993172,,,n_playground
way,1416589351,52.5774217,13.3988063,,,n_playground
way,1416670514,52.3870477,13.3978069,,,n_playground
way,1416758037,52.411959,13.2115184,,,n_playground
way,1416758038,52.4120779,13.2113933,,,n_playground
way,1416771415,52.4011552,13.2221061,,,n_playground
way,1417145045,52.500164,13.3850605,,,n_playground
way,1417170336,52.4191704,13.5394111,,,n_playground
way,1419697613,52.5446008,13.5886401,,,n_playground
way,1421120144,52.558535,13.3614169,,,n_playground
way,1421727676,52.4855569,13.3656463,,,n_playground
way,1421893828,52.4874542,13.3667183,,,n_playground
way,1422418716,52.5835344,13.4228212,,,n_playground
way,1422431822,52.5337404,13.3659033,,,n_playground
way,1422508921,52.488226,13.3553543,,,n_playground
way,1423077720,52.5118518,13.4047177,,,n_playground
way,1423939366,52.4026365,13.5431063,,,n_playground
way,1423939367,52.4026206,13.5443168,,,n_playground
way,1423939368,52.4031926,13.5454524,,,n_playground
way,1423941001,52.4040608,13.542336,,,n_playground
way,1424114795,52.5934836,13.3014332,,,n_playground
way,1424114796,52.5928151,13.3007893,,,n_playground
way,1424114800,52.5939575,13.2975419,,,n_playground
way,1424114803,52.5917741,13.2988924,,,n_playground
way,1424114804,52.5914887,13.2961653,,,n_playground
way,1424114805,52.5912035,13.2934867,,,n_playground
way,1424114806,52.5908996,13.2905313,,,n_playground
way,1424114807,52.5920826,13.2932745,,,n_playground
way,1424114810,52.5928141,13.2953503,,,n_playground
way,1424482125,52.4215591,13.4340705,,,n_playground
way,1424485582,52.4255156,13.4421117,,,n_playground
way,1426253818,52.5488941,13.4797352,,,n_playground
way,1426253821,52.5493042,13.4782988,,,n_playground
way,1426253822,52.5492091,13.4775516,,,n_playground
way,1426687476,52.5605402,13.357462,,,n_playground
way,1426687477,52.5615657,13.3577462,,,n_playground
way,1426687478,52.5615993,13.3570246,,,n_playground
way,1428100833,52.494229,13.4452436,,,n_playground
way,1431241888,52.4410532,13.1785814,,,n_playground
way,1432481793,52.5411932,13.3628849,,,n_playground
way,1433164340,52.543078,13.3916215,,,n_playground
way,1433164341,52.5427016,13.3912129,,,n_playground
way,1433164342,52.5425774,13.3906498,,,n_playground
way,1433540583,52.5079616,13.4225351,,,n_playground
way,1433549173,52.5133733,13.4084471,,,n_playground
way,1436189268,52.5562207,13.225335,,,n_playground
way,1436202012,52.5557313,13.2245509,,,n_playground
way,1436202013,52.5556809,13.2247809,,,n_playground
way,1436251752,52.5353183,13.389022,,,n_playground
way,1441662358,52.3858064,13.216375,,,n_playground
way,1441671653,52.3903571,13.1976023,,,n_playground
way,1441912427,52.5896476,13.3378833,,,n_playground
way,1441912428,52.5902908,13.3371576,,,n_playground
way,1442232742,52.4665432,13.2556837,,,n_playground
way,1442426662,52.3976903,13.1973224,,,n_playground
way,1442653162,52.4299201,13.7180899,,,n_playground
way,1443273734,52.4935573,13.3595219,Feuerwehr-Spielplatz,,n_playground
way,1443435487,52.5321008,13.4379111,,,n_playground
way,1443517285,52.5725335,13.4311956,,,n_playground
way,1443906519,52.5587135,13.2260093,,,n_playground
way,1446018435,52.5356215,13.3869494,,,n_playground
way,1446916854,52.4706749,13.2903796,,,n_playground
way,1447601136,52.4681617,13.3151606,,,n_playground
way,1448449322,52.5148192,13.383932,,,n_playground
way,1448584739,52.4120176,13.2380478,,,n_playground
way,1449995736,52.5305467,13.3129053,,,n_playground
way,1450008818,52.4022572,13.5266203,,,n_playground
way,1450127088,52.5072056,13.4956661,,,n_playground
way,1450662281,52.4086824,13.5506285,,,n_playground
way,1450920197,52.5470039,13.3699077,,,n_playground
way,1450920663,52.5477685,13.3698488,,,n_playground
way,1450920854,52.5473281,13.3698992,,,n_playground
way,1450922076,52.5468222,13.3684474,,,n_playground
way,1451827632,52.3924952,13.2377122,,,n_playground
way,1452984036,52.6715679,13.5663249,,,n_playground
way,1455847995,52.4636621,13.526051,,,n_playground
way,1455935511,52.4623061,13.5282857,,,n_playground
way,1456014542,52.4963156,13.4981801,,,n_playground
way,1457142637,52.4159057,13.4352803,,,n_playground
way,1457142638,52.4161455,13.4357645,,,n_playground
way,1457482726,52.4900842,13.5382358,,,n_playground
way,1457849130,52.6205105,13.4867123,,,n_playground
way,1457849131,52.6202198,13.4870363,,,n_playground
way,1457849134,52.6193096,13.4877344,,,n_playground
way,1457849135,52.6191962,13.4879907,,,n_playground
way,1457849136,52.6191405,13.4881618,,,n_playground
way,1457849137,52.6195292,13.4872347,,,n_playground
way,1458497912,52.4401782,13.3462508,,,n_playground
way,1458522593,52.4940061,13.4319758,,,n_playground
way,1458552384,52.4379187,13.341963,,,n_playground
way,1459519036,52.4526438,13.3206061,,,n_playground
way,1462366648,52.4987586,13.4382204,,,n_playground
way,1463781931,52.5204546,13.4348899,,,n_playground
way,1464227281,52.4609643,13.5834874,,,n_playground
way,1464358793,52.5156177,13.4208653,,,n_playground
way,1466830852,52.5722861,13.4007636,,,n_playground
way,1466865455,52.3631231,13.0988517,,,n_playground
way,1467225616,52.4056229,13.4816959,,,n_playground
way,1468065046,52.5409387,13.3888,,,n_playground
way,1469158391,52.4801383,13.4413155,,,n_playground
way,1469158392,52.4798177,13.4408938,,,n_playground
way,1470107707,52.5836044,13.3645866,,,n_playground
way,1470107712,52.5833605,13.3644273,,,n_playground
way,1473373108,52.4868717,13.5206003,,,n_playground
way,1473377522,52.4869865,13.5204107,,,n_playground
way,1474162250,52.4081001,13.4390108,,,n_playground
way,1474759622,52.4110289,13.3019112,,,n_playground
way,1474759623,52.4108133,13.302027,,,n_playground
way,1474759624,52.4103004,13.3024448,,,n_playground
way,1481086413,52.5123498,13.4073339,,,n_playground
way,1481763256,52.4922391,13.2380217,,,n_playground
way,1483322638,52.5435674,13.2283178,,,n_playground
way,1483795490,52.5466723,13.2508735,,,n_playground
way,1484043277,52.5451826,13.2537516,,,n_playground
way,1484043278,52.5456719,13.2527705,,,n_playground
way,1484043281,52.5464704,13.2522857,,,n_playground
way,1484043282,52.5465201,13.2525063,,,n_playground
way,1484043283,52.5461833,13.2527114,,,n_playground
way,1484043284,52.5454132,13.2533319,,,n_playground
way,1484043285,52.5459478,13.2524413,,,n_playground
way,1484043286,52.5459288,13.252281,,,n_playground
way,1484043287,52.5461798,13.2518734,,,n_playground
way,1484043288,52.5464368,13.2513177,,,n_playground
way,1484043289,52.5471945,13.2523234,,,n_playground
way,1484046629,52.5459408,13.2532586,,,n_playground
way,1484378745,52.482214,13.5208468,,,n_playground
way,1484378746,52.4820885,13.5211318,,,n_playground
way,1484378915,52.481971,13.521407,,,n_playground
way,1484751793,52.5009822,13.656013,,,n_playground
way,1486548136,52.3885715,13.1058315,,,n_playground
way,1486840956,52.4926022,13.3757639,,,n_playground
way,1487584027,52.5249155,13.4760573,,,n_playground
way,1487919668,52.4452878,13.3427305,,,n_playground
way,1491268293,52.6209493,13.4799691,,,n_playground
way,1491541981,52.4214226,13.2007747,,,n_playground
way,1493001099,52.4140916,13.4357598,,,n_playground
way,1493001100,52.414585,13.4367004,,,n_playground
way,1494542539,52.3732318,13.0921572,,,n_playground
way,1495014272,52.4912544,13.3592579,,,n_playground
way,1495647353,52.4218731,13.4228543,,,n_playground
way,1495859932,52.4126255,13.4874502,,,n_playground
way,1495946926,52.6213915,13.1329301,,,n_playground
way,1496411205,52.4865905,13.2959813,,,n_playground
way,1497310677,52.5007993,13.3681915,,,n_playground
way,1498964626,52.4115715,13.3308278,,,n_playground
way,1499777961,52.4884945,13.3553715,,,n_playground
way,1504310909,52.4616089,13.5301734,,,n_playground
way,1504377075,52.4225002,13.1771117,,,n_playground
way,1504818333,52.5581703,13.2129687,,,n_playground
way,1504818334,52.5578084,13.2128842,,,n_playground
way,1504818335,52.5571805,13.2101563,,,n_playground
way,1509751111,52.5746225,13.3201127,,,n_playground
way,1509815864,52.580438,13.3322897,,,n_playground
way,1510685090,52.521906,13.3591772,,,n_playground
way,1511082671,52.6093874,13.2504071,,,n_playground
way,1512454115,52.6345555,13.1973444,,,n_playground
way,1512454116,52.6343996,13.1997872,,,n_playground
way,1512644987,52.5775022,13.3210626,,,n_playground
way,1513990294,52.490563,13.4818486,,,n_playground
way,1515568580,52.5948291,13.3062436,,,n_playground
way,1516119116,52.5342907,13.3369851,,,n_playground
way,1516904256,52.5324471,13.1358552,,,n_playground
way,1517148644,52.5772077,13.3220955,,,n_playground
way,1517148646,52.5771155,13.3210888,,,n_playground
way,1517148647,52.5767453,13.3210708,,,n_playground
way,1517164056,52.5763733,13.3210192,,,n_playground
way,1522103877,52.6773659,13.5442023,,,n_playground
way,1522327687,52.4416078,13.3851548,,,n_playground
way,1523767479,52.5423727,13.3304269,,,n_playground
way,1524284633,52.4423247,13.2936552,Karotten Spielplatz,,n_playground
way,1524549104,52.5335907,13.4016244,,,n_playground
way,1524948472,52.5168008,13.4932363,,,n_playground
way,1526762229,52.5253187,13.3635594,,,n_playground
way,1527314598,52.4959867,13.5193243,,,n_playground
way,1527475055,52.4402274,13.4103339,,,n_playground
way,1528087211,52.4403644,13.4105355,,,n_playground
way,1530584865,52.5178201,13.4916142,,,n_playground
way,1531207357,52.5590894,13.3591314,,,n_playground
way,1531425638,52.3420704,13.4062875,,,n_playground
way,1531425656,52.3421779,13.4071015,,,n_playground
way,1531425658,52.3426118,13.4075639,,,n_playground
way,1531877459,52.5392221,13.2859155,,,n_playground
way,1532222426,52.4806263,13.3995404,,,n_playground
way,1532666700,52.5732577,13.2826826,,,n_playground
way,1532925947,52.5458706,13.3642196,,,n_playground
way,1533398927,52.4493864,13.5633285,,,n_playground
way,1533398928,52.4499464,13.5636263,,,n_playground
way,1533398930,52.4459703,13.5660641,,,n_playground
way,1533897289,52.5295188,13.3357336,,,n_playground
way,1533897290,52.5292886,13.3350305,,,n_playground
way,1533911356,52.6786501,13.5904144,,,n_playground
way,1533964693,52.4042913,13.5057918,,,n_playground
way,1533970626,52.4045158,13.5063706,,,n_playground
way,1534623594,52.4036853,13.5044069,Silberner Spielplatz,,n_playground
way,1534623598,52.4013628,13.5038287,,,n_playground
way,1535148106,52.4443819,13.6278915,,,n_playground
way,1535595337,52.3809658,13.0951609,,,n_playground
way,1536471839,52.6061515,13.3549304,,,n_playground
way,1536471840,52.6068793,13.3543394,,,n_playground
way,1536471842,52.6050318,13.3640421,,,n_playground
way,1536471843,52.6047412,13.3633828,,,n_playground
way,1536471844,52.6049198,13.3650684,,,n_playground
way,1536975024,52.4316696,13.582529,,,n_playground
way,1536975025,52.432268,13.579313,,,n_playground
way,1536975026,52.4322584,13.5804032,,,n_playground
way,1536975027,52.4316028,13.5805357,,,n_playground
way,1536975028,52.4323203,13.5825517,,,n_playground
way,1536975029,52.4323385,13.5822609,,,n_playground
way,1536975030,52.4323538,13.5815065,,,n_playground
way,1536975046,52.4315345,13.5783584,,,n_playground
way,1536975047,52.4321855,13.5783423,,,n_playground
way,1537141473,52.3667427,13.0991542,,,n_playground
way,1537160417,52.4077889,13.5371254,,,n_playground
way,1537160418,52.407823,13.5366411,,,n_playground
way,1537160419,52.408039,13.5357125,,,n_playground
way,1537160420,52.4081271,13.5354711,,,n_playground
way,1537160421,52.4082169,13.5351331,,,n_playground
way,1537160422,52.4080023,13.5358346,,,n_playground
way,1537160427,52.4085785,13.5362521,,,n_playground
way,1537160428,52.408662,13.5358809,,,n_playground
way,1537702685,52.4238763,13.4199102,,,n_playground
way,1537702719,52.428617,13.4096753,,,n_playground
way,1537809810,52.4131046,13.5690458,,,n_playground
way,1537809811,52.4130637,13.5684198,,,n_playground
way,1537809812,52.4129429,13.5678431,,,n_playground
way,1537809818,52.413392,13.5686256,,,n_playground
way,1537982051,52.3751611,13.0989401,,,n_playground
way,1537997674,52.5500711,13.2141292,,,n_playground
way,1537997675,52.5492641,13.2138772,,,n_playground
way,1537997676,52.5498566,13.213414,,,n_playground
way,1537997678,52.5506465,13.2139646,,,n_playground
way,1537997679,52.5505504,13.2137959,,,n_playground
way,1538288722,52.4270813,13.5750312,,,n_playground
way,1540044994,52.4573105,13.5158382,,,n_playground
way,1540346391,52.55216,13.177768,,,n_playground
way,1540347064,52.5523122,13.1770746,,,n_playground
way,1540347484,52.552492,13.1761644,,,n_playground
way,1540347977,52.5522781,13.1736141,,,n_playground
way,1540348503,52.5519045,13.1818,,,n_playground
way,1541452371,52.6062182,13.3622834,,,n_playground
way,1542848930,52.6063346,13.3573321,,,n_playground
way,1544087360,52.5636982,13.521445,,,n_playground
way,1545216450,52.4246875,13.577094,,,n_playground
way,1545216453,52.4260389,13.5763402,,,n_playground
way,1545216454,52.4262201,13.576103,,,n_playground
way,1545216455,52.4274054,13.5738613,,,n_playground
way,1545821522,52.4632296,13.5127948,,,n_playground
way,1546654608,52.423445,13.4181837,,,n_playground
way,1546654672,52.4135707,13.4198078,,,n_playground
way,1546654676,52.4119301,13.4236183,,,n_playground
way,1546786964,52.5908624,13.3614436,,,n_playground
way,1546893316,52.4213145,13.4260923,,,n_playground
way,1547994742,52.6008858,13.3582092,,,n_playground
way,1548149056,52.5381286,13.3878561,,,n_playground
way,1548324031,52.4591799,13.2887513,Wasserspielplatz,,n_playground
way,1548324032,52.4591359,13.2887986,,,n_playground
way,1548462918,52.6018687,13.360556,,,n_playground
way,1549635436,52.4040933,13.2898214,,,n_playground
way,1549976485,52.6030396,13.3662344,,,n_playground
way,1551079605,52.5320787,13.2030664,,,n_playground
way,1551114856,52.5889579,13.3357246,,,n_playground
way,1552240915,52.5495636,13.3675178,,,n_playground
way,1552240916,52.5496566,13.3674701,,,n_playground
way,1552240919,52.5500017,13.3675117,,,n_playground
way,1553695222,52.4705112,13.3036565,WasserWerkstatt des WasserMuseum e.V.,,n_playground
way,1553846801,52.494747,13.432142,,,n_playground
way,1553846810,52.4945521,13.4309311,,,n_playground
way,1553886755,52.4405359,13.3932605,,,n_playground
way,1554055385,52.5305475,13.3043153,,,n_playground
way,1554055386,52.5305319,13.3039922,,,n_playground
way,1554055394,52.5303948,13.3043816,,,n_playground
way,1555175005,52.4589307,13.1128744,,,n_playground
way,1556381507,52.5735848,13.4184034,,,n_playground
way,1556381518,52.5733525,13.4178449,,,n_playground
way,1556736038,52.5963133,13.2830763,,,n_playground
way,1558216429,52.5788134,13.2758782,,,n_playground
way,1558379060,52.5772485,13.4183601,,,n_playground
way,1558379072,52.5804871,13.4274756,,,n_playground
way,1558616505,52.5039905,13.470777,,,n_playground
way,1558616506,52.5041155,13.4708996,,,n_playground
way,1558629905,52.535181,13.3588677,,,n_playground
way,1558923740,52.569521,13.4220133,,,n_playground
way,1559156809,52.4440331,13.2499096,,,n_playground
way,1559369075,52.4462385,13.2340139,,,n_playground
way,1560791562,52.4309153,13.3566218,,,n_playground
way,1560791563,52.4308632,13.3559216,,,n_playground
way,1560818017,52.5890739,13.336109,,,n_playground
way,1560821415,52.5901186,13.3396315,,,n_playground
way,1561128449,52.4272502,13.4512516,,,n_playground
way,1561509943,52.3627672,13.4305194,,,n_playground
way,1561669276,52.5743635,13.4354998,,,n_playground
way,1561669277,52.573574,13.4348052,,,n_playground
way,1562285345,52.5388243,13.2857806,,,n_playground
way,1562800051,52.5462685,13.4254643,,,n_playground
relation,91141,52.5405152,13.5673497,,,n_playground
relation,1132104,52.438643,13.493821,,,n_playground
relation,1781791,52.4420612,13.5024957,,,n_playground
relation,2180170,52.5190039,13.3482627,Spielplatz Bartningallee,,n_playground
relation,2374475,52.4424581,13.5404242,,,n_playground
relation,2534399,52.518114,13.3263436,,,n_playground
relation,3069931,52.4677741,13.3344263,,,n_playground
relation,3666590,52.5415753,13.1824053,,,n_playground
relation,5656495,52.3937638,13.3991522,,,n_playground
relation,7593659,52.4835324,13.5311784,Rheinsteinspielplatz,,n_playground
relation,8172399,52.4739004,13.3707328,,,n_playground
relation,8726383,52.5522493,13.5603214,Spielplatz im Bürgerpark,,n_playground
relation,8726423,52.5625299,13.5760992,,,n_playground
relation,9165714,52.4755421,13.5324516,Im Carlsgarten,,n_playground
relation,14136480,52.5732784,13.3650565,,,n_playground
relation,14362024,52.5243676,13.2005502,Wörther Platz,,n_playground
relation,15735313,52.5160829,13.6443895,,,n_playground
relation,16825965,52.4320531,13.3342239,,,n_playground
relation,16831834,52.4226342,13.3310418,Spielplatz Sonneberger Weg,,n_playground
relation,17333394,52.4588351,13.3324396,,,n_playground
relation,19075157,52.5425036,13.1895809,,,n_playground
