plr_id,plr_name,ug_laerm,ug_luft,ug_gruenversorgung,ug_thermisch,ug_soziale_benachteiligung,ug_mehrfachbelastung_umwelt,ug_mehrfachbelastung_umwelt_sozial,ug_gesamt_umweltgerechtigkeitskarte,lat,lon,n_addresses,bezirk,dominant_plz,pct_wohnlage_einfach,pct_wohnlage_gut,pct_wohnlage_mittel,dominant_wohnlage,n_kitas,total_kita_capacity,n_school_construction_projects,n_unique_schools_with_projects,total_planned_school_capacity,abitur_mn_scls_plr_avg,abitur_performance_vs_peer_plr_avg,n_abitur_schools_in_plr,rent_per_m2_kalt_avg_synthetic,n_rental_listings_synthetic,buy_price_per_m2_avg_synthetic,n_synthetic_sales_listings,new_construction_price_per_m2_avg,n_new_construction_listings,nearest_transit_station,nearest_transit_line,transit_distance_km,buy_price_per_m2_avg_REAL,n_real_listings,crime_total_avg_2017_2019,abitur_mn_scls_bezirk_avg,abitur_performance_vs_peer_bezirk_avg,n_yoga_studios,n_kinderarzt,n_population,n_population_under6,n_population_6_15,n_population_15_18,n_population_18_27,n_population_27_45,n_population_45_55,n_population_55_65,n_population_65plus,n_population_female,pct_population_coverage,bezirk_population,crime_rate_per_10k_2017_2019
01100101,Stülerstraße,hoch,hoch,schlecht,hoch,mittlerer Status-Index,vierfach,vierfach,vierfach,52.50644445032515,13.34749111658542,177,Mitte,10787,0.0,40.67796610169492,59.32203389830508,mittel,2.0,60.0,0.0,0.0,,,,0.0,22.74625,24.0,7829.818181818182,33.0,,0.0,Wittenbergplatz,U1,0.7649372896563694,9036.125164930452,12.0,72197.33333333333,2.2709377901578467,-0.038485201202942,1,0,2903,134,100,23,441,882,346,360,618,1390,100.0,377941,1910.28
01100102,Großer Tiergarten,hoch,mittel,gut,hoch,hoher Status-Index,zweifach,zweifach,zweifach,52.51246117993876,13.358245199668028,269,Mitte,10785,0.0,97.39776951672864,2.6022304832713754,gut,0.0,0.0,0.0,0.0,,,,0.0,23.03454545454545,319.0,7789.706542056075,535.0,13193.843601895736,211.0,Tiergarten S,Stadtbahn,0.9320105258603542,9043.132405798598,33.0,72197.33333333333,2.2709377901578467,-0.038485201202942,0,0,3841,225,246,86,545,1180,526,470,562,1797,97.8,377941,1910.28
01100103,Lützowstraße,mittel,hoch,schlecht,mittel,mittlerer Status-Index,zweifach,zweifach,zweifach,52.50350371872647,13.358702983550678,356,Mitte,10785,5.8988764044943816,0.0,94.10112359550564,mittel,6.0,411.0,0.0,0.0,,,,0.0,21.885555555555555,9.0,7761.0,25.0,,0.0,Bülowstraße,U2,0.4712950694326181,9043.132405798598,33.0,72197.33333333333,2.2709377901578467,-0.038485201202942,0,0,4972,267,363,130,720,1574,670,600,649,2273,100.0,377941,1910.28
01100104,Körnerstraße,mittel,hoch,gut,hoch,mittlerer Status-Index,zweifach,zweifach,zweifach,52.50210560858471,13.368217703741784,223,Mitte,10785,0.0,0.0,100.0,mittel,2.0,281.0,0.0,0.0,,,,0.0,20.34,1.0,4697.0,1.0,,0.0,Mendelssohn-Bartholdy,U2,0.3773033787317343,9043.132405798598,33.0,72197.33333333333,2.2709377901578467,-0.038485201202942,0,0,3115,167,227,81,451,986,420,376,407,1424,100.0,377941,1910.28
01100205,Wilhelmstraße,hoch,hoch,gut,hoch,mittlerer Status-Index,dreifach,dreifach,dreifach,52.5110291183316,13.381887466330866,244,Mitte,10117,0.0,100.0,0.0,gut,5.0,228.0,1.0,1.0,432.0,,,0.0,25.26625,8.0,8781.333333333334,6.0,,0.0,Potsdamer Platz,U2,0.659957284070134,10236.293513145052,53.0,72197.33333333333,2.2709377901578467,-0.038485201202942,0,0,2041,103,116,33,205,702,308,244,331,984,100.0,377941,1910.28
01100206,Unter den Linden,hoch,hoch,schlecht,hoch,mittlerer Status-Index,vierfach,vierfach,vierfach,52.5172433475131,13.390616074070502,634,Mitte,10117,0.0,100.0,0.0,gut,4.0,161.0,0.0,0.0,,,,0.0,22.35142857142857,56.0,7625.95575221239,113.0,,0.0,Friedrichstraße,Stadtbahn,0.518475589127579,10236.293513145052,53.0,72197.33333333333,2.2709377901578467,-0.038485201202942,0,0,5302,267,301,85,532,1825,800,633,860,2557,100.0,377941,1910.28
01100207,Leipziger Straße,hoch,hoch,mittel,hoch,mittlerer Status-Index,dreifach,dreifach,dreifach,52.51152080896054,13.39790177505402,498,Mitte,10117,0.0,100.0,0.0,gut,5.0,527.0,0.0,0.0,,,,0.0,20.14575,40.0,7203.337209302325,86.0,,0.0,Spittelmarkt,U2,0.4223148037958246,10236.293513145052,53.0,72197.33333333333,2.2709377901578467,-0.038485201202942,0,0,4974,250,272,78,514,1710,719,573,858,2407,100.0,377941,1910.28
01100308,Charitéviertel,hoch,hoch,mittel,hoch,hoher Status-Index,dreifach,dreifach,dreifach,52.527876353139234,13.377961968870627,635,Mitte,10115,0.0,92.1259842519685,7.874015748031496,gut,10.0,710.0,0.0,0.0,,,,0.0,24.04888888888889,9.0,6627.933333333333,15.0,,0.0,Berlin Hauptbahnhof,Stadtbahn,0.9990952562464877,8523.586089639999,42.0,72197.33333333333,2.2709377901578467,-0.038485201202942,1,0,8371,519,602,146,800,3461,1328,751,764,4070,100.0,377941,1910.28
01100309,Oranienburger Straße,hoch,hoch,schlecht,hoch,mittlerer Status-Index,vierfach,vierfach,vierfach,52.52589280457756,13.39808391949387,1064,Mitte,10119,0.0,100.0,0.0,gut,10.0,780.0,0.0,0.0,,,,0.0,20.879038461538464,52.0,7177.626373626374,91.0,12693.060606060606,165.0,Rosenthaler Platz,U8,0.4806621070582853,9671.31707683119,42.0,72197.33333333333,2.2709377901578467,-0.038485201202942,3,0,16585,1000,1094,253,1595,6762,2574,1471,1835,8123,100.0,377941,1910.28
01100310,Alexanderplatzviertel,hoch,hoch,mittel,hoch,mittlerer Status-Index,dreifach,dreifach,dreifach,52.52097614550161,13.410248342820092,575,Mitte,10178,0.0,100.0,0.0,gut,5.0,361.0,0.0,0.0,,,,0.0,21.925702479338845,121.0,7045.175925925926,216.0,,0.0,Alexanderplatz,U2,0.3433075364850136,8209.660527773698,11.0,72197.33333333333,2.2709377901578467,-0.038485201202942,0,0,11109,591,601,159,1176,4076,1523,1089,1893,5427,100.0,377941,1910.28
01100311,Karl-Marx-Allee,hoch,hoch,mittel,mittel,mittlerer Status-Index,zweifach,zweifach,zweifach,52.518952560887456,13.421549850842068,276,Mitte,10179,60.86956521739131,6.521739130434782,32.608695652173914,einfach,4.0,673.0,2.0,1.0,220.0,,,0.0,20.313181818181818,22.0,7444.729166666667,48.0,12483.865384615385,52.0,Jannowitzbrücke,Stadtbahn,0.6673748714258516,12536.20734485602,51.0,72197.33333333333,2.2709377901578467,-0.038485201202942,0,0,5568,286,273,81,619,1879,714,586,1130,2729,100.0,377941,1910.28
01100312,Heine-Viertel West,hoch,hoch,gut,mittel,mittlerer Status-Index,zweifach,zweifach,zweifach,52.51060867402767,13.410597401786276,432,Mitte,10179,5.092592592592593,94.9074074074074,0.0,gut,5.0,461.0,0.0,0.0,,,,0.0,20.43294117647059,34.0,7088.412698412699,63.0,,0.0,Märkisches Museum,U2,0.321747684509844,12536.20734485602,51.0,72197.33333333333,2.2709377901578467,-0.038485201202942,0,0,8747,473,425,132,978,2825,1117,941,1855,4339,100.0,377941,1910.28
01100313,Heine-Viertel Ost,hoch,hoch,mittel,mittel,mittlerer Status-Index,zweifach,zweifach,zweifach,52.50834810907438,13.420611359480914,462,Mitte,10179,3.896103896103896,51.73160173160173,44.37229437229438,gut,7.0,431.0,1.0,1.0,576.0,,,0.0,20.07875,8.0,6715.791666666667,24.0,12757.28846153846,52.0,Heinrich-Heine-Straße,U8,0.6676653641078207,12536.20734485602,51.0,72197.33333333333,2.2709377901578467,-0.038485201202942,0,0,9434,511,458,142,1056,3044,1203,1015,2005,4681,100.0,377941,1910.28
01100414,Nordbahnhof,mittel,mittel,gut,hoch,hoher Status-Index,einfach,einfach,einfach,52.53552542672739,13.38107544845874,174,Mitte,10115,5.747126436781609,94.2528735632184,0.0,gut,1.0,54.0,0.0,0.0,,,,0.0,11.52,1.0,7150.0,3.0,,0.0,Voltastraße,U8,1.0251437738150264,8523.586089639999,42.0,72197.33333333333,2.2709377901578467,-0.038485201202942,0,0,2990,200,233,54,280,1320,484,232,187,1459,100.0,377941,1910.28
01100415,Invalidenstraße,mittel,hoch,schlecht,hoch,hoher Status-Index,dreifach,dreifach,dreifach,52.5320526702827,13.392266852308792,714,Mitte,10115,0.0,100.0,0.0,gut,9.0,925.0,2.0,1.0,576.0,,,0.0,18.74,8.0,7193.75,12.0,,0.0,Bernauer Straße,U8,0.6481791089944018,8523.586089639999,42.0,72197.33333333333,2.2709377901578467,-0.038485201202942,3,1,12264,819,953,218,1144,5412,1991,952,776,5991,100.0,377941,1910.28
01100416,Arkonaplatz,mittel,hoch,schlecht,hoch,hoher Status-Index,dreifach,dreifach,dreifach,52.53507760243476,13.402391883445214,656,Mitte,10119,0.0,100.0,0.0,gut,16.0,1066.0,0.0,0.0,,,,0.0,20.126666666666665,9.0,7153.0,12.0,,0.0,Rosenthaler Platz,U8,0.6896862801645186,9671.31707683119,42.0,72197.33333333333,2.2709377901578467,-0.038485201202942,1,0,11474,834,860,166,957,5132,1962,798,765,5731,100.0,377941,1910.28
01200517,Huttenkiez,hoch,hoch,schlecht,hoch,niedriger/sehr niedriger Status-Index,vierfach,fünffach,fünffach,52.533840759729394,13.330298699246535,285,Mitte,10553,100.0,0.0,0.0,einfach,4.0,175.0,1.0,1.0,766.0,2.62571428571429,-0.1212323110471897,1.0,15.80141592920354,113.0,5606.21875,192.0,9979.610169491523,118.0,Beusselstraße,S Ringbahn,0.1896697934346528,4612.982216552808,37.0,72197.33333333333,2.2709377901578467,-0.038485201202942,0,0,7667,425,504,151,1310,2809,980,757,732,3508,99.6,377941,1910.28
01200518,Beusselkiez,mittel,hoch,schlecht,hoch,niedriger/sehr niedriger Status-Index,dreifach,vierfach,vierfach,52.528715852583446,13.326666805522215,208,Mitte,10553,100.0,0.0,0.0,einfach,6.0,222.0,0.0,0.0,,,,0.0,16.977692307692305,13.0,5269.258064516129,31.0,,0.0,Beusselstraße,S Ringbahn,0.8333518758558403,4612.982216552808,37.0,72197.33333333333,2.2709377901578467,-0.038485201202942,0,0,5505,298,362,104,975,2026,705,537,499,2476,100.0,377941,1910.28
01200519,Emdener Straße,mittel,hoch,schlecht,hoch,mittlerer Status-Index,dreifach,dreifach,dreifach,52.53009478873911,13.332632301907148,299,Mitte,10551,100.0,0.0,0.0,einfach,10.0,685.0,0.0,0.0,,,,0.0,18.352857142857143,35.0,5686.410256410257,78.0,,0.0,Beusselstraße,S Ringbahn,0.4391236416203607,5400.211299712218,16.0,72197.33333333333,2.2709377901578467,-0.038485201202942,0,1,8012,436,484,149,1223,2900,1036,885,900,3748,100.0,377941,1910.28
01200520,Bremer Straße,mittel,hoch,schlecht,hoch,mittlerer Status-Index,dreifach,dreifach,dreifach,52.53007428447271,13.340009149862928,370,Mitte,10551,10.0,0.0,90.0,mittel,4.0,154.0,0.0,0.0,,,,0.0,16.638653846153847,52.0,6187.720930232558,86.0,10026.38202247191,178.0,Beusselstraße,S Ringbahn,0.9900660162418552,5400.211299712218,16.0,72197.33333333333,2.2709377901578467,-0.038485201202942,0,0,9930,540,593,184,1486,3586,1286,1113,1142,4667,100.0,377941,1910.28
01200521,Zwinglistraße,hoch,hoch,schlecht,hoch,niedriger/sehr niedriger Status-Index,vierfach,fünffach,fünffach,52.52563443602404,13.33231814863503,171,Mitte,10555,94.73684210526316,0.0,5.263157894736842,einfach,4.0,141.0,0.0,0.0,,,,0.0,17.443749999999998,24.0,6310.461538461538,26.0,,0.0,Beusselstraße,S Ringbahn,0.9292488770493808,5417.904802354683,35.0,72197.33333333333,2.2709377901578467,-0.038485201202942,0,0,4825,237,290,98,739,1567,649,582,662,2347,100.0,377941,1910.28
01200522,Elberfelder Straße,mittel,mittel,schlecht,hoch,mittlerer Status-Index,zweifach,zweifach,zweifach,52.52164906601735,13.335257335888368,411,Mitte,10555,0.0,23.114355231143552,76.88564476885644,mittel,11.0,385.0,1.0,1.0,576.0,,,0.0,20.26987341772152,79.0,7206.393939393939,165.0,,0.0,Beusselstraße,S Ringbahn,1.4178302797421725,5417.904802354683,35.0,72197.33333333333,2.2709377901578467,-0.038485201202942,1,1,11812,561,704,248,1788,3688,1609,1477,1737,5834,100.0,377941,1910.28
01200623,Stephankiez,mittel,mittel,schlecht,hoch,mittlerer Status-Index,zweifach,zweifach,zweifach,52.53144360080723,13.354260376353722,425,Mitte,10559,97.6470588235294,0.0,2.3529411764705883,einfach,11.0,573.0,1.0,1.0,792.0,,,0.0,18.08352112676057,71.0,6084.545454545455,77.0,,0.0,Westhafen,S Ringbahn,1.2594511221076776,5963.447977361091,24.0,72197.33333333333,2.2709377901578467,-0.038485201202942,1,1,9876,619,710,216,1450,3462,1299,963,1157,4696,100.0,377941,1910.28
01200624,Heidestraße,hoch,hoch,gut,mittel,hoher Status-Index,zweifach,zweifach,zweifach,52.53181920013255,13.365308783026624,298,Mitte,10557,0.0,52.348993288590606,47.651006711409394,gut,6.0,376.0,0.0,0.0,,,,0.0,15.814285714285717,7.0,5171.153846153846,13.0,,0.0,Berlin Hauptbahnhof,Stadtbahn,0.8732089055879146,6425.71583461139,52.0,72197.33333333333,2.2709377901578467,-0.038485201202942,0,0,5110,284,341,117,599,1528,735,592,915,2504,100.0,377941,1910.28
01200625,Lübecker Straße,mittel,mittel,mittel,mittel,niedriger/sehr niedriger Status-Index,keine starke Belastung,einfach,einfach,52.52824997312588,13.348194568094502,256,Mitte,10559,100.0,0.0,0.0,einfach,7.0,210.0,0.0,0.0,,,,0.0,17.25307692307692,39.0,6866.384615384615,65.0,,0.0,Bellevue,Stadtbahn,0.9723290259435526,5963.447977361091,24.0,72197.33333333333,2.2709377901578467,-0.038485201202942,0,0,6459,410,465,138,987,2334,833,614,678,3051,100.0,377941,1910.28
01200626,Thomasiusstraße,hoch,mittel,mittel,mittel,mittlerer Status-Index,einfach,einfach,einfach,52.52343395747574,13.350263959374082,283,Mitte,10557,0.3533568904593639,0.0,99.64664310954063,mittel,6.0,388.0,1.0,1.0,664.0,,,0.0,20.06175675675676,74.0,6983.814569536424,151.0,,0.0,Bellevue,Stadtbahn,0.414868660372161,6425.71583461139,52.0,72197.33333333333,2.2709377901578467,-0.038485201202942,1,0,5643,328,386,126,746,1816,779,613,849,2732,100.0,377941,1910.28
01200627,Zillesiedlung,hoch,hoch,mittel,mittel,niedriger/sehr niedriger Status-Index,zweifach,dreifach,dreifach,52.525572164556095,13.360943031650926,106,Mitte,10557,100.0,0.0,0.0,einfach,0.0,0.0,0.0,0.0,,,,0.0,20.23636363636364,11.0,7905.785714285715,14.0,,0.0,Berlin Hauptbahnhof,Stadtbahn,0.9401854181620029,6425.71583461139,52.0,72197.33333333333,2.2709377901578467,-0.038485201202942,0,0,1849,104,124,42,220,559,264,212,324,904,100.0,377941,1910.28
01200628,Lüneburger Straße,hoch,hoch,mittel,hoch,mittlerer Status-Index,dreifach,dreifach,dreifach,52.52186942393538,13.362697883880712,171,Mitte,10557,0.0,24.561403508771928,75.43859649122807,mittel,4.0,261.0,0.0,0.0,,,,0.0,22.280392156862742,51.0,7944.304878048781,82.0,,0.0,Berlin Hauptbahnhof,Stadtbahn,0.8258503105955001,6425.71583461139,52.0,72197.33333333333,2.2709377901578467,-0.038485201202942,0,0,2932,163,195,67,344,877,422,340,525,1437,100.0,377941,1910.28
01200629,Hansaviertel,hoch,mittel,gut,mittel,mittlerer Status-Index,einfach,einfach,einfach,52.518552025071294,13.341869294137872,229,Mitte,10557,0.0,67.24890829694323,32.751091703056765,gut,4.0,283.0,0.0,0.0,,,,0.0,22.792380952380952,105.0,7670.885869565217,184.0,,0.0,Bellevue,Stadtbahn,0.9224518439524024,6425.71583461139,52.0,72197.33333333333,2.2709377901578467,-0.038485201202942,0,0,4634,243,297,103,603,1409,653,553,773,2278,100.0,377941,1910.28
01300730,Drontheimer Straße,mittel,hoch,schlecht,mittel,niedriger/sehr niedriger Status-Index,zweifach,dreifach,dreifach,52.55847178490645,13.376618309558364,280,Mitte,13359,100.0,0.0,0.0,einfach,7.0,524.0,0.0,0.0,,,,0.0,14.5704,25.0,4758.380952380952,21.0,,0.0,Osloer Straße,U8,0.7081765471173336,5019.226785140263,19.0,72197.33333333333,2.2709377901578467,-0.038485201202942,1,0,6864,508,651,198,1036,2278,858,605,730,3243,100.0,377941,1910.28
01300731,Koloniestraße,gering,mittel,mittel,mittel,niedriger/sehr niedriger Status-Index,keine starke Belastung,einfach,einfach,52.56354252497724,13.38439580967932,392,Mitte,13359,100.0,0.0,0.0,einfach,8.0,418.0,1.0,1.0,504.0,,,0.0,12.82521739130435,23.0,4606.075,40.0,,0.0,Osloer Straße,U8,0.8632616179388383,5019.226785140263,19.0,72197.33333333333,2.2709377901578467,-0.038485201202942,0,0,10146,745,939,290,1537,3408,1271,894,1062,4805,100.0,377941,1910.28
01300732,Soldiner Straße,mittel,hoch,schlecht,mittel,niedriger/sehr niedriger Status-Index,zweifach,dreifach,dreifach,52.55900080022312,13.39177273898384,371,Mitte,13359,100.0,0.0,0.0,einfach,8.0,368.0,0.0,0.0,,,,0.0,14.151714285714286,35.0,4528.770833333333,48.0,,0.0,Osloer Straße,U8,1.0818286316539203,5019.226785140263,19.0,72197.33333333333,2.2709377901578467,-0.038485201202942,0,0,10167,741,918,287,1547,3455,1277,895,1047,4828,100.0,377941,1910.28
01300733,Gesundbrunnen,mittel,hoch,schlecht,mittel,niedriger/sehr niedriger Status-Index,zweifach,dreifach,dreifach,52.55265985109399,13.389961537253187,403,Mitte,13357,100.0,0.0,0.0,einfach,15.0,629.0,0.0,0.0,,,,0.0,13.758658536585369,82.0,4794.826771653543,127.0,,0.0,Pankstraße,U8,0.417626376710312,4921.353251082013,23.0,72197.33333333333,2.2709377901578467,-0.038485201202942,0,1,12605,880,1069,335,2074,4489,1606,1011,1140,5904,100.0,377941,1910.28
01300834,Brunnenstraße,mittel,hoch,gut,mittel,niedriger/sehr niedriger Status-Index,einfach,zweifach,zweifach,52.54485428311211,13.39560127881534,457,Mitte,13355,100.0,0.0,0.0,einfach,13.0,882.0,1.0,1.0,432.0,,,0.0,13.573846153846151,39.0,4594.242857142857,70.0,8283.744680851063,47.0,Pankstraße,U8,0.7579917959873036,6280.0,2.0,72197.33333333333,2.2709377901578467,-0.038485201202942,0,0,12629,927,1315,391,1487,3734,1622,1274,1879,6264,100.0,377941,1910.28
01300835,Humboldthain Süd,gering,mittel,mittel,mittel,mittlerer Status-Index,keine starke Belastung,keine starke Belastung,keine starke Belastung,52.54113310817549,13.386708440559207,386,Mitte,13355,100.0,0.0,0.0,einfach,10.0,721.0,1.0,1.0,1100.0,2.88125,-0.3767680253329,1.0,14.103508771929825,57.0,4614.366336633663,101.0,,0.0,Voltastraße,U8,0.2085126225502375,6280.0,2.0,72197.33333333333,2.2709377901578467,-0.038485201202942,0,1,10691,784,1109,331,1268,3173,1373,1074,1579,5297,100.0,377941,1910.28
01300836,Humboldthain Nordwest,hoch,hoch,schlecht,hoch,niedriger/sehr niedriger Status-Index,vierfach,fünffach,fünffach,52.54320197297331,13.373090198788748,541,Mitte,13357,100.0,0.0,0.0,einfach,11.0,660.0,2.0,1.0,576.0,,,0.0,13.751891891891892,74.0,4641.021126760564,142.0,,0.0,Voltastraße,U8,1.4886567578065824,4921.353251082013,23.0,72197.33333333333,2.2709377901578467,-0.038485201202942,0,1,17161,1097,1391,460,2740,6010,2173,1496,1793,8061,100.0,377941,1910.28
01400937,Afrikanische Straße,mittel,mittel,gut,gering,mittlerer Status-Index,keine starke Belastung,keine starke Belastung,keine starke Belastung,52.552665438845295,13.324608699541432,677,Mitte,13351,100.0,0.0,0.0,einfach,7.0,551.0,1.0,1.0,576.0,,,0.0,10.72264150943396,53.0,3832.8434782608697,115.0,,0.0,Beusselstraße,S Ringbahn,2.2283921927093124,4972.064658426637,17.0,72197.33333333333,2.2709377901578467,-0.038485201202942,1,0,12132,663,815,240,1642,3722,1660,1457,1933,5942,100.0,377941,1910.28
01400938,Kameruner Straße,mittel,hoch,schlecht,mittel,mittlerer Status-Index,zweifach,zweifach,zweifach,52.54611922629372,13.341672879518809,390,Mitte,13351,100.0,0.0,0.0,einfach,12.0,627.0,0.0,0.0,,,,0.0,13.764137931034483,58.0,4755.158878504673,107.0,8358.089285714286,56.0,Westhafen,S Ringbahn,0.973967704004855,4972.064658426637,17.0,72197.33333333333,2.2709377901578467,-0.038485201202942,0,1,7722,427,511,150,1094,2480,1033,878,1150,3765,100.0,377941,1910.28
01400939,Glasgower Straße,mittel,mittel,gut,hoch,mittlerer Status-Index,einfach,einfach,einfach,52.55476858023172,13.348887898238353,240,Mitte,13349,100.0,0.0,0.0,einfach,16.0,365.0,1.0,1.0,784.0,2.35052631578947,-0.1259511668157298,1.0,12.975833333333334,24.0,4842.625,32.0,,0.0,Residenzstraße,U8,1.081349035373991,3994.8231742454745,13.0,72197.33333333333,2.2709377901578467,-0.038485201202942,0,1,4621,243,265,79,575,1360,607,538,954,2304,100.0,377941,1910.28
01400940,Schillerpark,mittel,mittel,gut,mittel,niedriger/sehr niedriger Status-Index,keine starke Belastung,einfach,einfach,52.55838860110304,13.355049702212826,398,Mitte,13349,100.0,0.0,0.0,einfach,3.0,144.0,1.0,1.0,,,,0.0,13.786451612903226,31.0,4235.021276595745,47.0,,0.0,Franz-Neumann-Platz,U8,0.525632255585219,3994.8231742454745,13.0,72197.33333333333,2.2709377901578467,-0.038485201202942,0,0,7534,433,455,136,828,2103,982,900,1697,3873,100.0,377941,1910.28
01400941,Londoner Straße,mittel,mittel,gut,mittel,mittlerer Status-Index,keine starke Belastung,keine starke Belastung,keine starke Belastung,52.56127728882346,13.340153645108687,250,Mitte,13349,100.0,0.0,0.0,einfach,2.0,115.0,0.0,0.0,,,,0.0,10.002692307692309,26.0,3549.3636363636365,44.0,,0.0,Paracelsus-Bad,U8,1.233313604437488,3994.8231742454745,13.0,72197.33333333333,2.2709377901578467,-0.038485201202942,0,0,4749,254,272,81,566,1372,623,561,1020,2394,100.0,377941,1910.28
01400942,Westliche Müllerstraße,mittel,hoch,schlecht,hoch,mittlerer Status-Index,dreifach,dreifach,dreifach,52.54637492269337,13.35116445010438,318,Mitte,13353,100.0,0.0,0.0,einfach,11.0,558.0,0.0,0.0,,,,0.0,12.953783783783784,74.0,4697.301075268817,93.0,,0.0,Westhafen,S Ringbahn,1.15429206458077,4483.265435648098,17.0,72197.33333333333,2.2709377901578467,-0.038485201202942,1,1,10591,608,700,243,1891,4101,1282,947,820,4909,100.0,377941,1910.28
01401043,Antonstraße,mittel,hoch,schlecht,mittel,niedriger/sehr niedriger Status-Index,zweifach,dreifach,dreifach,52.54743702656726,13.365116894285382,271,Mitte,13347,100.0,0.0,0.0,einfach,10.0,552.0,1.0,1.0,576.0,,,0.0,14.282727272727271,22.0,4268.891891891892,37.0,,0.0,Franz-Neumann-Platz,U8,1.6515167892470295,6120.903565279237,27.0,72197.33333333333,2.2709377901578467,-0.038485201202942,0,0,8641,513,694,241,1313,2905,1097,805,1074,4072,100.0,377941,1910.28
01401044,Uferstraße,mittel,hoch,mittel,hoch,niedriger/sehr niedriger Status-Index,zweifach,dreifach,dreifach,52.55064492116388,13.372929410267565,326,Mitte,13357,100.0,0.0,0.0,einfach,8.0,489.0,0.0,0.0,,,,0.0,13.855853658536589,41.0,4362.62,50.0,7973.04347826087,92.0,Osloer Straße,U8,1.217326717591812,4921.353251082013,23.0,72197.33333333333,2.2709377901578467,-0.038485201202942,0,0,10325,698,863,277,1681,3646,1316,850,995,4838,100.0,377941,1910.28
01401045,Schwedenstraße,hoch,hoch,schlecht,mittel,niedriger/sehr niedriger Status-Index,dreifach,vierfach,vierfach,52.55497432152623,13.377973972680726,158,Mitte,13357,100.0,0.0,0.0,einfach,6.0,359.0,0.0,0.0,,,,0.0,12.24,12.0,4462.875,24.0,,0.0,Osloer Straße,U8,0.5151277833086001,4921.353251082013,23.0,72197.33333333333,2.2709377901578467,-0.038485201202942,0,0,4856,337,414,131,785,1710,618,400,462,2280,100.0,377941,1910.28
01401046,Nordufer,mittel,hoch,schlecht,hoch,mittlerer Status-Index,dreifach,dreifach,dreifach,52.54085870107546,13.35233105252644,219,Mitte,13353,100.0,0.0,0.0,einfach,3.0,105.0,0.0,0.0,,,,0.0,12.92909090909091,22.0,4250.8421052631575,38.0,,0.0,Westhafen,S Ringbahn,0.8734261464312383,4483.265435648098,17.0,72197.33333333333,2.2709377901578467,-0.038485201202942,0,0,7294,419,482,167,1302,2824,883,652,565,3381,100.0,377941,1910.28
01401047,Sparrplatz,mittel,hoch,schlecht,mittel,mittlerer Status-Index,zweifach,zweifach,zweifach,52.54304712449992,13.360092776508829,204,Mitte,13353,100.0,0.0,0.0,einfach,14.0,578.0,0.0,0.0,,,,0.0,14.20741935483871,31.0,4460.979591836735,49.0,,0.0,Westhafen,S Ringbahn,1.7664887785759322,4483.265435648098,17.0,72197.33333333333,2.2709377901578467,-0.038485201202942,0,0,6794,390,449,156,1213,2631,822,607,526,3149,100.0,377941,1910.28
01401048,Leopoldplatz,gering,hoch,schlecht,hoch,niedriger/sehr niedriger Status-Index,dreifach,vierfach,vierfach,52.55084745701589,13.35861110649975,281,Mitte,13347,100.0,0.0,0.0,einfach,13.0,499.0,0.0,0.0,,,,0.0,13.366444444444443,45.0,4526.098360655737,61.0,,0.0,Franz-Neumann-Platz,U8,1.1277587283001498,6120.903565279237,27.0,72197.33333333333,2.2709377901578467,-0.038485201202942,1,0,8983,532,713,248,1379,3047,1137,835,1091,4229,100.0,377941,1910.28
01401049,Schulstraße,mittel,hoch,schlecht,mittel,niedriger/sehr niedriger Status-Index,zweifach,dreifach,dreifach,52.55435476980513,13.366423117691156,173,Mitte,13347,100.0,0.0,0.0,einfach,7.0,310.0,1.0,1.0,576.0,,,0.0,12.964166666666666,24.0,4371.5161290322585,31.0,,0.0,Franz-Neumann-Platz,U8,1.1058951814467737,6120.903565279237,27.0,72197.33333333333,2.2709377901578467,-0.038485201202942,0,0,5491,328,443,154,832,1842,697,511,683,2589,100.0,377941,1910.28
02100101,Askanischer Platz,hoch,hoch,gut,mittel,niedriger/sehr niedriger Status-Index,zweifach,dreifach,dreifach,52.50291753004952,13.382350204202432,309,Friedrichshain-Kreuzberg,10963,77.66990291262135,14.563106796116504,7.766990291262135,einfach,7.0,404.0,0.0,0.0,,,,0.0,19.041666666666668,6.0,6754.047619047619,21.0,,0.0,Anhalter Bahnhof,S1,0.1103144551534684,7512.067145968816,22.0,52769.333333333336,2.294505494505495,0.0196621617593253,0,0,6947,442,587,186,988,2377,969,700,697,3251,100.0,283887,1858.81
02100102,Mehringplatz,hoch,hoch,schlecht,mittel,niedriger/sehr niedriger Status-Index,dreifach,vierfach,vierfach,52.50349688777127,13.392194474221808,322,Friedrichshain-Kreuzberg,10969,100.0,0.0,0.0,einfach,10.0,674.0,2.0,2.0,432.0,,,0.0,18.449310344827584,29.0,6414.322580645161,62.0,11174.134328358208,67.0,Hallesches Tor,U1,0.5944804567426246,6826.071022962787,17.0,52769.333333333336,2.294505494505495,0.0196621617593253,1,0,8658,603,891,293,1120,2528,1224,850,1149,4262,100.0,283887,1858.81
02100103,Am Berlin Museum,mittel,mittel,schlecht,mittel,niedriger/sehr niedriger Status-Index,einfach,zweifach,zweifach,52.50385895180864,13.399480448433613,226,Friedrichshain-Kreuzberg,10969,94.69026548672566,1.327433628318584,3.982300884955752,einfach,2.0,159.0,0.0,0.0,,,,0.0,18.89888888888889,45.0,6320.459016393443,61.0,11132.280701754386,114.0,Spittelmarkt,U2,0.8619177327684857,6826.071022962787,17.0,52769.333333333336,2.294505494505495,0.0196621617593253,0,0,6172,433,644,213,792,1778,873,604,835,3050,100.0,283887,1858.81
02100104,Moritzplatz,mittel,mittel,gut,hoch,niedriger/sehr niedriger Status-Index,einfach,zweifach,zweifach,52.504120929014064,13.408850623011627,247,Friedrichshain-Kreuzberg,10969,100.0,0.0,0.0,einfach,4.0,396.0,0.0,0.0,,,,0.0,19.201351351351352,37.0,6423.3125,48.0,,0.0,Moritzplatz,U8,0.3464395297753557,6826.071022962787,17.0,52769.333333333336,2.294505494505495,0.0196621617593253,0,0,6728,469,696,229,860,1958,955,661,900,3322,100.0,283887,1858.81
02100105,Prinzenstraße,hoch,hoch,schlecht,mittel,niedriger/sehr niedriger Status-Index,dreifach,vierfach,vierfach,52.50031993892951,13.406152249448905,250,Friedrichshain-Kreuzberg,10969,100.0,0.0,0.0,einfach,4.0,260.0,0.0,0.0,,,,0.0,19.40736842105263,57.0,6204.55223880597,67.0,,0.0,Prinzenstraße,U1,0.3950254079126904,6826.071022962787,17.0,52769.333333333336,2.294505494505495,0.0196621617593253,0,0,6766,464,684,225,857,2016,969,669,883,3336,100.0,283887,1858.81
02100106,Wassertorplatz,hoch,mittel,gut,mittel,niedriger/sehr niedriger Status-Index,einfach,zweifach,zweifach,52.497369180241,13.41061257316392,147,Friedrichshain-Kreuzberg,10999,100.0,0.0,0.0,einfach,2.0,35.0,0.0,0.0,,,,0.0,18.802307692307693,39.0,6793.442307692308,52.0,,0.0,Prinzenstraße,U1,0.3726524113332384,8862.636867889301,24.0,52769.333333333336,2.294505494505495,0.0196621617593253,0,0,3814,234,325,104,450,1320,578,394,409,1858,100.0,283887,1858.81
02200207,Gleisdreieck,hoch,mittel,gut,mittel,hoher Status-Index,einfach,einfach,einfach,52.49692408217779,13.374406649639928,121,Friedrichshain-Kreuzberg,10963,0.8264462809917356,0.0,99.17355371900828,mittel,2.0,52.0,0.0,0.0,,,,0.0,22.06,2.0,7209.5,2.0,,0.0,Gleisdreieck,U1,0.2680250226568443,7512.067145968816,22.0,52769.333333333336,2.294505494505495,0.0196621617593253,0,0,2300,193,168,51,262,929,302,200,195,1068,99.2,283887,1858.81
02200208,Rathaus Yorckstraße,mittel,hoch,mittel,hoch,mittlerer Status-Index,zweifach,zweifach,zweifach,52.49581519034966,13.384271862107964,251,Friedrichshain-Kreuzberg,10963,0.0,0.0,100.0,mittel,5.0,316.0,0.0,0.0,,,,0.0,16.17,2.0,6843.615384615385,13.0,,0.0,Möckernbrücke,U1,0.509856871593656,7512.067145968816,22.0,52769.333333333336,2.294505494505495,0.0196621617593253,1,0,5653,357,464,147,775,1949,803,588,570,2663,100.0,283887,1858.81
02200209,Viktoriapark,mittel,hoch,gut,hoch,mittlerer Status-Index,zweifach,zweifach,zweifach,52.48864818628101,13.380944555599084,501,Friedrichshain-Kreuzberg,10965,0.0,0.0,100.0,mittel,14.0,633.0,0.0,0.0,,,,0.0,17.032999999999998,10.0,6363.142857142857,7.0,,0.0,Yorckstraße,U7,0.6090837992280644,7224.53055771448,23.0,52769.333333333336,2.294505494505495,0.0196621617593253,0,0,11186,682,785,226,1087,3965,1803,1450,1190,5510,100.0,283887,1858.81
02200210,Urbanstraße,mittel,hoch,schlecht,hoch,mittlerer Status-Index,dreifach,dreifach,dreifach,52.49383709107954,13.39853702701203,525,Friedrichshain-Kreuzberg,10961,0.0,4.761904761904762,95.23809523809524,mittel,11.0,898.0,3.0,2.0,794.5,,,0.0,18.095666666666663,60.0,6338.968085106383,94.0,,0.0,Gneisenaustraße,U7,0.2805756748683762,6641.774510413886,51.0,52769.333333333336,2.294505494505495,0.0196621617593253,1,0,12520,737,766,256,1525,4708,1892,1439,1197,6082,100.0,283887,1858.81
02200211,Chamissokiez,gering,mittel,schlecht,hoch,mittlerer Status-Index,zweifach,zweifach,zweifach,52.48758793239487,13.39691379874052,629,Friedrichshain-Kreuzberg,10965,0.0,59.14149443561209,40.85850556438791,gut,21.0,571.0,0.0,0.0,,,,0.0,18.06642857142857,14.0,7321.0,20.0,,0.0,Gneisenaustraße,U7,0.5205498810859772,7224.53055771448,23.0,52769.333333333336,2.294505494505495,0.0196621617593253,1,1,14466,867,953,294,1573,5273,2264,1776,1466,7079,100.0,283887,1858.81
02200212,Graefekiez Süd,mittel,hoch,gut,mittel,mittlerer Status-Index,einfach,einfach,einfach,52.48941217244367,13.414598602914316,266,Friedrichshain-Kreuzberg,10967,0.0,0.0,100.0,mittel,10.0,406.0,0.0,0.0,,,,0.0,19.67714285714285,7.0,5687.846153846154,13.0,,0.0,Schönleinstraße,U8,0.9416487601060683,7160.595917671545,12.0,52769.333333333336,2.294505494505495,0.0196621617593253,1,0,7552,496,570,156,749,2882,1127,851,722,3742,100.0,283887,1858.81
02200213,Graefekiez Nord,gering,mittel,mittel,hoch,mittlerer Status-Index,einfach,einfach,einfach,52.49303516674117,13.416003349031852,404,Friedrichshain-Kreuzberg,10967,0.0,5.445544554455446,94.55445544554456,mittel,16.0,497.0,3.0,3.0,504.0,2.38148148148148,-0.1569063325077397,1.0,17.604347826086954,23.0,6179.477272727273,44.0,,0.0,Schönleinstraße,U8,0.7235708261866052,7160.595917671545,12.0,52769.333333333336,2.294505494505495,0.0196621617593253,1,0,11462,752,865,236,1137,4374,1710,1291,1096,5679,100.0,283887,1858.81
02300314,Oranienplatz,mittel,hoch,schlecht,hoch,niedriger/sehr niedriger Status-Index,dreifach,vierfach,vierfach,52.50239678726898,13.420225755070012,371,Friedrichshain-Kreuzberg,10999,100.0,0.0,0.0,einfach,12.0,828.0,0.0,0.0,,,,0.0,16.022666666666666,15.0,6217.76,25.0,,0.0,Kottbusser Tor U8,U8,0.4078335250365345,8862.636867889301,24.0,52769.333333333336,2.294505494505495,0.0196621617593253,0,1,9333,540,702,224,1046,3512,1441,985,882,4512,100.0,283887,1858.81
02300315,Lausitzer Platz,gering,hoch,mittel,hoch,mittlerer Status-Index,zweifach,zweifach,zweifach,52.50105190399869,13.429218688496118,353,Friedrichshain-Kreuzberg,10997,100.0,0.0,0.0,einfach,12.0,374.0,0.0,0.0,,,,0.0,17.84,3.0,5473.5,8.0,,0.0,Görlitzer Bahnhof,U1,0.280691954770002,7219.215254339747,32.0,52769.333333333336,2.294505494505495,0.0196621617593253,3,1,8679,508,614,205,943,3380,1309,913,806,4180,100.0,283887,1858.81
02300316,Köpenicker Straße,hoch,hoch,mittel,hoch,mittlerer Status-Index,dreifach,dreifach,dreifach,52.503766104620574,13.434790542458554,192,Friedrichshain-Kreuzberg,10997,100.0,0.0,0.0,einfach,6.0,223.0,2.0,2.0,504.0,,,0.0,16.043333333333333,6.0,5677.0,13.0,8028.867924528302,53.0,Ostbahnhof,Stadtbahn,0.7154768732318687,7219.215254339747,32.0,52769.333333333336,2.294505494505495,0.0196621617593253,0,0,4712,276,332,111,511,1840,709,496,437,2269,100.0,283887,1858.81
02300417,Reichenberger Straße West,mittel,mittel,gut,hoch,mittlerer Status-Index,einfach,einfach,einfach,52.49690455572141,13.425874176554426,317,Friedrichshain-Kreuzberg,10999,100.0,0.0,0.0,einfach,7.0,348.0,0.0,0.0,,,,0.0,17.02090909090909,11.0,5482.470588235294,17.0,,0.0,Görlitzer Bahnhof,U1,0.3563194185930726,8862.636867889301,24.0,52769.333333333336,2.294505494505495,0.0196621617593253,3,0,8028,459,610,191,907,3003,1255,851,753,3884,100.0,283887,1858.81
02300418,Reichenberger Straße Ost,gering,mittel,gut,mittel,mittlerer Status-Index,keine starke Belastung,keine starke Belastung,keine starke Belastung,52.4944056918152,13.436549462482953,308,Friedrichshain-Kreuzberg,10999,88.96103896103897,0.0,11.03896103896104,einfach,15.0,659.0,0.0,0.0,,,,0.0,12.09878048780488,41.0,4439.609375,64.0,7900.039215686274,51.0,Schlesisches Tor,U1,0.9880328508642464,8862.636867889301,24.0,52769.333333333336,2.294505494505495,0.0196621617593253,1,0,7805,446,594,186,882,2917,1221,827,732,3776,100.0,283887,1858.81
02300419,Wrangelkiez,gering,hoch,mittel,hoch,mittlerer Status-Index,zweifach,zweifach,zweifach,52.49805349166989,13.443758905089243,439,Friedrichshain-Kreuzberg,10997,50.11389521640092,0.0,49.88610478359909,einfach,13.0,634.0,0.0,0.0,,,,0.0,12.015263157894736,38.0,4680.083333333333,48.0,7850.767857142857,56.0,Schlesisches Tor,U1,0.3849783210555065,7219.215254339747,32.0,52769.333333333336,2.294505494505495,0.0196621617593253,1,0,10748,629,757,254,1165,4197,1617,1131,997,5176,99.8,283887,1858.81
02400520,Barnimkiez,hoch,mittel,gut,mittel,mittlerer Status-Index,einfach,einfach,einfach,52.52630865827157,13.43354834005403,118,Friedrichshain-Kreuzberg,10249,0.0,0.0,100.0,mittel,4.0,329.0,0.0,0.0,,,,0.0,19.95,12.0,6614.969696969697,33.0,,0.0,Ostbahnhof,Stadtbahn,1.7905583231475504,6784.464649657757,40.0,52769.333333333336,2.294505494505495,0.0196621617593253,0,0,3295,217,193,46,296,1414,398,277,453,1630,98.3,283887,1858.81
02400521,Friedenstraße,hoch,hoch,mittel,mittel,mittlerer Status-Index,zweifach,zweifach,zweifach,52.52063973917789,13.436613539432336,328,Friedrichshain-Kreuzberg,10243,0.0,0.0,100.0,mittel,8.0,685.0,2.0,1.0,432.0,,,0.0,20.84055555555556,18.0,6189.875,24.0,11572.686274509804,51.0,Ostbahnhof,Stadtbahn,1.1845728979071897,8185.628105037964,81.0,52769.333333333336,2.294505494505495,0.0196621617593253,0,0,8860,543,508,128,914,3604,1060,769,1333,4388,100.0,283887,1858.81
02400522,Richard-Sorge-Viertel,mittel,hoch,schlecht,mittel,mittlerer Status-Index,zweifach,zweifach,zweifach,52.52032439094209,13.447270436863016,433,Friedrichshain-Kreuzberg,10249,0.0,80.60046189376443,19.399538106235568,gut,6.0,460.0,0.0,0.0,,,,0.0,18.442500000000003,40.0,6902.121212121212,66.0,11516.5,40.0,Warschauer Straße,U1,1.6420639433888964,6784.464649657757,40.0,52769.333333333336,2.294505494505495,0.0196621617593253,2,0,12192,797,712,171,1123,5207,1472,1026,1685,6029,100.0,283887,1858.81
02400623,Andreasviertel,hoch,hoch,mittel,mittel,mittlerer Status-Index,zweifach,zweifach,zweifach,52.51351051535973,13.43196723319048,361,Friedrichshain-Kreuzberg,10243,3.32409972299169,19.390581717451525,77.28531855955679,mittel,5.0,646.0,2.0,2.0,784.0,2.098285714285712,0.1262894346880285,2.0,18.533529411764704,17.0,6470.041666666667,24.0,,0.0,Ostbahnhof,Stadtbahn,0.4560177525483024,8185.628105037964,81.0,52769.333333333336,2.294505494505495,0.0196621617593253,0,1,9433,533,544,142,1075,3562,1105,862,1610,4708,100.0,283887,1858.81
02400624,Weberwiese,mittel,hoch,mittel,mittel,mittlerer Status-Index,einfach,einfach,einfach,52.513044165393225,13.446997027279252,453,Friedrichshain-Kreuzberg,10243,0.0,82.560706401766,17.439293598233995,gut,12.0,561.0,0.0,0.0,,,,0.0,18.291272727272727,55.0,6511.313253012048,83.0,,0.0,Warschauer Straße,U1,0.8612458295335554,8185.628105037964,81.0,52769.333333333336,2.294505494505495,0.0196621617593253,1,1,11607,658,653,174,1353,4475,1375,1036,1883,5752,100.0,283887,1858.81
02400625,Wriezener Bahnhof,hoch,hoch,mittel,hoch,mittlerer Status-Index,dreifach,dreifach,dreifach,52.50720177641707,13.441536267154634,151,Friedrichshain-Kreuzberg,10243,0.0,76.82119205298014,23.178807947019862,gut,1.0,68.0,0.0,0.0,,,,0.0,16.93925925925926,27.0,5786.948717948718,39.0,,0.0,Schlesisches Tor,U1,0.6715693377527676,8185.628105037964,81.0,52769.333333333336,2.294505494505495,0.0196621617593253,0,0,3883,219,219,58,453,1490,460,348,636,1926,100.0,283887,1858.81
02500726,Hausburgviertel,mittel,hoch,schlecht,hoch,mittlerer Status-Index,dreifach,dreifach,dreifach,52.52364621594393,13.451924072812172,296,Friedrichshain-Kreuzberg,10249,0.0,0.0,100.0,mittel,6.0,134.0,3.0,2.0,720.0,2.48947368421053,-0.0024027459954298,1.0,18.505000000000003,10.0,6492.866666666667,30.0,,0.0,Greifswalder Straße,S Ringbahn,1.938073596025857,6784.464649657757,40.0,52769.333333333336,2.294505494505495,0.0196621617593253,0,0,8407,555,492,117,756,3609,1016,706,1155,4158,100.0,283887,1858.81
02500727,Forckenbeckplatz,mittel,hoch,schlecht,hoch,mittlerer Status-Index,dreifach,dreifach,dreifach,52.51804952555226,13.457480909926584,252,Friedrichshain-Kreuzberg,10247,0.0,100.0,0.0,gut,11.0,674.0,0.0,0.0,,,,0.0,18.535853658536585,41.0,6825.054545454545,55.0,11617.411764705885,51.0,Warschauer Straße,U1,1.6321367855213071,5688.17329800236,128.0,52769.333333333336,2.294505494505495,0.0196621617593253,0,0,6547,460,411,99,693,3338,799,403,344,3152,100.0,283887,1858.81
02500728,Samariterviertel,gering,hoch,schlecht,hoch,mittlerer Status-Index,dreifach,dreifach,dreifach,52.517366522135184,13.465306932859688,338,Friedrichshain-Kreuzberg,10247,0.0,100.0,0.0,gut,9.0,219.0,0.0,0.0,,,,0.0,17.865625,32.0,6201.325581395349,43.0,11592.061224489797,49.0,Frankfurter Allee,S Ringbahn,1.0865699984769552,5688.17329800236,128.0,52769.333333333336,2.294505494505495,0.0196621617593253,1,0,8741,617,551,133,932,4510,1067,524,406,4201,100.0,283887,1858.81
02500729,Pettenkofer Straße,gering,mittel,schlecht,mittel,mittlerer Status-Index,einfach,einfach,einfach,52.51663835641632,13.47210827852848,201,Friedrichshain-Kreuzberg,10247,0.0,99.50248756218906,0.4975124378109453,gut,2.0,461.0,1.0,1.0,504.0,,,0.0,14.580000000000002,5.0,5384.115384615385,26.0,,0.0,Frankfurter Allee,S Ringbahn,0.3287090658680809,5688.17329800236,128.0,52769.333333333336,2.294505494505495,0.0196621617593253,1,0,5172,365,326,78,552,2669,632,310,240,2486,99.5,283887,1858.81
02500830,Niederbarnimstraße,mittel,hoch,schlecht,hoch,mittlerer Status-Index,dreifach,dreifach,dreifach,52.51398259919976,13.458332092163229,134,Friedrichshain-Kreuzberg,10247,0.0,100.0,0.0,gut,2.0,106.0,0.0,0.0,,,,0.0,19.361052631578943,19.0,6186.1612903225805,31.0,,0.0,Warschauer Straße,U1,1.344004673198961,5688.17329800236,128.0,52769.333333333336,2.294505494505495,0.0196621617593253,0,0,3321,233,205,50,354,1697,406,201,176,1596,100.0,283887,1858.81
02500831,Wismarplatz,mittel,hoch,schlecht,hoch,mittlerer Status-Index,dreifach,dreifach,dreifach,52.512124190095705,13.466131744587033,327,Friedrichshain-Kreuzberg,10247,0.0,100.0,0.0,gut,9.0,444.0,0.0,0.0,,,,0.0,20.172941176470587,17.0,5780.727272727273,22.0,,0.0,Frankfurter Allee,S Ringbahn,1.0742819274926676,5688.17329800236,128.0,52769.333333333336,2.294505494505495,0.0196621617593253,3,1,8346,590,524,126,889,4309,1020,498,390,4009,100.0,283887,1858.81
02500832,Traveplatz,mittel,hoch,schlecht,hoch,mittlerer Status-Index,dreifach,dreifach,dreifach,52.50986941784058,13.471675231728073,352,Friedrichshain-Kreuzberg,10247,0.0,82.95454545454545,17.045454545454543,gut,8.0,393.0,1.0,1.0,504.0,,,0.0,12.28125,8.0,4960.24,25.0,,0.0,Frankfurter Allee,S Ringbahn,0.7741255047878296,5688.17329800236,128.0,52769.333333333336,2.294505494505495,0.0196621617593253,1,1,8722,618,540,131,925,4510,1067,517,414,4186,100.0,283887,1858.81
02500833,Boxhagener Platz,mittel,hoch,schlecht,hoch,mittlerer Status-Index,dreifach,dreifach,dreifach,52.5107250552552,13.45871696329331,341,Friedrichshain-Kreuzberg,10245,0.0,100.0,0.0,gut,2.0,57.0,1.0,1.0,576.0,,,0.0,18.3251724137931,29.0,5910.977272727273,44.0,,0.0,Warschauer Straße,U1,1.1652546782842468,6712.136296625516,114.0,52769.333333333336,2.294505494505495,0.0196621617593253,1,0,7041,498,393,102,733,3610,867,410,427,3365,100.0,283887,1858.81
02500834,Revaler Straße,mittel,hoch,schlecht,hoch,mittlerer Status-Index,dreifach,dreifach,dreifach,52.507174252228594,13.45968191768119,389,Friedrichshain-Kreuzberg,10245,0.0,100.0,0.0,gut,11.0,722.0,0.0,0.0,,,,0.0,17.9164,25.0,5753.702127659574,47.0,,0.0,Warschauer Straße,U1,1.1419783754536297,6712.136296625516,114.0,52769.333333333336,2.294505494505495,0.0196621617593253,2,0,7974,569,445,116,827,4127,983,455,453,3805,100.0,283887,1858.81
02500835,Stralauer Kiez,hoch,hoch,schlecht,hoch,mittlerer Status-Index,vierfach,vierfach,vierfach,52.50143299972783,13.458382165966984,442,Friedrichshain-Kreuzberg,10245,0.0,14.027149321266968,85.97285067873304,mittel,6.0,298.0,2.0,1.0,944.5,2.61891891891892,-0.1144369442518197,1.0,13.63215909090909,88.0,4435.487804878048,123.0,,0.0,Treptower Park,S Ringbahn,0.9713221543632158,6712.136296625516,114.0,52769.333333333336,2.294505494505495,0.0196621617593253,0,0,8967,645,500,130,925,4689,1107,500,470,4272,99.8,283887,1858.81
02500836,Stralauer Halbinsel,mittel,gering,gut,hoch,hoher Status-Index,einfach,einfach,einfach,52.49291937301221,13.47603990324736,391,Friedrichshain-Kreuzberg,10245,0.0,84.14322250639387,15.856777493606138,gut,4.0,433.0,2.0,1.0,432.0,,,0.0,11.693982300884956,113.0,3985.581632653061,196.0,,0.0,Ostkreuz,S Ringbahn,1.340248799687701,6712.136296625516,114.0,52769.333333333336,2.294505494505495,0.0196621617593253,0,0,7849,564,438,114,809,4104,969,438,412,3740,98.7,283887,1858.81
03100101,Bucher Forst,mittel,gering,gut,gering,mittlerer Status-Index,keine starke Belastung,keine starke Belastung,keine starke Belastung,52.640408301499455,13.46464412295723,815,Pankow,13125,64.78527607361964,2.6993865030674846,32.515337423312886,einfach,7.0,476.0,0.0,0.0,,,,0.0,9.505368956743004,393.0,2679.98511904762,672.0,5343.28813559322,118.0,Pankow U2,U2,10.471215118393694,4157.076446777228,6.0,37709.333333333336,2.132931726907631,0.1428672026689969,0,0,4250,309,375,117,319,1091,612,555,872,2172,100.0,402289,937.37
03100102,Klinikum Buch,hoch,gering,gut,gering,mittlerer Status-Index,einfach,einfach,einfach,52.6375066721523,13.51002130555992,536,Pankow,13125,88.80597014925374,0.0,11.194029850746269,einfach,1.0,70.0,0.0,0.0,,,,0.0,8.649081632653061,98.0,2498.942857142857,140.0,,0.0,Greifswalder Straße,S Ringbahn,12.615038848627016,4157.076446777228,6.0,37709.333333333336,2.132931726907631,0.1428672026689969,1,2,2863,209,252,78,216,737,408,372,592,1464,100.0,402289,937.37
03100103,Karower Chaussee,hoch,mittel,gut,gering,niedriger/sehr niedriger Status-Index,einfach,zweifach,zweifach,52.62775713535391,13.495655794755551,455,Pankow,13125,100.0,0.0,0.0,einfach,6.0,793.0,2.0,2.0,576.0,,,0.0,8.319423076923076,52.0,2445.790476190476,105.0,,0.0,Greifswalder Straße,S Ringbahn,10.88210629834761,4157.076446777228,6.0,37709.333333333336,2.132931726907631,0.1428672026689969,0,0,2430,177,214,66,184,625,346,316,502,1242,100.0,402289,937.37
03200204,Blankenfelde,mittel,gering,gut,gering,hoher Status-Index,keine starke Belastung,keine starke Belastung,keine starke Belastung,52.62357829656877,13.39864300331327,1545,Pankow,13159,55.663430420711975,0.0,44.336569579288025,einfach,2.0,110.0,0.0,0.0,,,,0.0,9.877272727272729,22.0,3003.0,28.0,,0.0,Pankow U2,U2,6.07746426826777,,0.0,37709.333333333336,2.132931726907631,0.1428672026689969,0,0,2252,112,205,64,133,441,398,358,541,1097,100.0,402289,937.37
03200205,Uhlandstraße,gering,mittel,mittel,gering,hoher Status-Index,keine starke Belastung,keine starke Belastung,keine starke Belastung,52.59388713761909,13.39374406587565,2734,Pankow,13158,25.31089978054133,2.231163130943672,72.457937088515,mittel,6.0,212.0,0.0,0.0,,,,0.0,9.503333333333334,3.0,3792.0,4.0,,0.0,Pankow U2,U2,2.94734146068766,5194.360915709603,25.0,37709.333333333336,2.132931726907631,0.1428672026689969,0,0,11564,712,1039,338,840,2707,2091,1502,2335,5985,100.0,402289,937.37
03200206,Pastor-Niemöller-Platz,mittel,hoch,mittel,gering,mittlerer Status-Index,einfach,einfach,einfach,52.58020333117876,13.39624623291335,943,Pankow,13156,0.0,45.49310710498409,54.5068928950159,mittel,16.0,923.0,2.0,2.0,830.0,2.13414634146341,0.0904288075103303,1.0,13.68575,40.0,4075.2181818181816,55.0,8288.590163934427,61.0,Pankow U2,U2,1.4520565003243506,6576.9888397996265,73.0,37709.333333333336,2.132931726907631,0.1428672026689969,0,0,6471,433,624,181,472,1622,1138,733,1267,3373,100.0,402289,937.37
03200207,Herthaplatz,mittel,mittel,mittel,mittel,mittlerer Status-Index,keine starke Belastung,keine starke Belastung,keine starke Belastung,52.59169570890885,13.41406317888772,2365,Pankow,13156,14.503171247357294,0.5919661733615222,84.90486257928119,mittel,14.0,703.0,1.0,1.0,432.0,,,0.0,11.09051948051948,77.0,3490.095238095238,168.0,6694.23,100.0,Pankow U2,U2,2.8025887265964284,6576.9888397996265,73.0,37709.333333333336,2.132931726907631,0.1428672026689969,1,0,12263,809,1160,351,875,3015,2187,1509,2357,6353,100.0,402289,937.37
03200308,Nisbléstraße,mittel,mittel,gut,gering,hoher Status-Index,keine starke Belastung,keine starke Belastung,keine starke Belastung,52.600582103267726,13.424114668656784,1392,Pankow,13127,0.0,0.0,100.0,mittel,4.0,257.0,0.0,0.0,,,,0.0,10.388350515463918,97.0,3356.866242038217,157.0,,0.0,Pankow U2,U2,4.216916850430082,4860.160594378989,12.0,37709.333333333336,2.132931726907631,0.1428672026689969,0,0,4729,321,444,142,305,1150,868,693,805,2405,100.0,402289,937.37
03200309,Eddastraße,hoch,mittel,gut,gering,mittlerer Status-Index,einfach,einfach,einfach,52.60549379497294,13.438992937034246,2384,Pankow,13127,0.0,0.0,100.0,mittel,3.0,203.0,1.0,1.0,864.0,,,0.0,10.068897338403042,263.0,3114.8091603053435,393.0,6839.218181818182,55.0,Pankow U2,U2,5.689536245710001,4860.160594378989,12.0,37709.333333333336,2.132931726907631,0.1428672026689969,0,0,7881,531,738,236,507,1905,1449,1160,1355,4007,100.0,402289,937.37
03200310,Krugpfuhl,mittel,gering,gut,mittel,mittlerer Status-Index,keine starke Belastung,keine starke Belastung,keine starke Belastung,52.61310807651874,13.423172456957165,1497,Pankow,13127,0.0,0.0,100.0,mittel,8.0,602.0,0.0,0.0,,,,0.0,10.8753125,32.0,3154.4489795918366,49.0,,0.0,Pankow U2,U2,5.383729357585802,4860.160594378989,12.0,37709.333333333336,2.132931726907631,0.1428672026689969,0,0,5085,345,477,153,329,1237,934,746,866,2587,100.0,402289,937.37
03300411,Karow Nord,mittel,mittel,gut,mittel,mittlerer Status-Index,keine starke Belastung,keine starke Belastung,keine starke Belastung,52.61825685579807,13.490884955711891,1533,Pankow,13125,21.787345075016308,0.0,78.2126549249837,mittel,11.0,879.0,1.0,1.0,432.0,,,0.0,9.763333333333334,18.0,2848.366666666667,30.0,,0.0,Greifswalder Straße,S Ringbahn,9.702315244136985,4157.076446777228,6.0,37709.333333333336,2.132931726907631,0.1428672026689969,0,1,8188,597,719,224,619,2107,1166,1064,1692,4186,100.0,402289,937.37
03300412,Karow Bahnhof,hoch,mittel,gut,gering,hoher Status-Index,einfach,einfach,einfach,52.61280184838425,13.470323552336176,2160,Pankow,13125,0.0,0.0,100.0,mittel,3.0,216.0,0.0,0.0,,,,0.0,10.338087431693989,183.0,3025.5801526717555,262.0,,0.0,Greifswalder Straße,S Ringbahn,8.28312331136019,4157.076446777228,6.0,37709.333333333336,2.132931726907631,0.1428672026689969,0,0,11537,841,1014,316,872,2969,1642,1500,2385,5898,100.0,402289,937.37
03300413,Karow Ost,mittel,gering,gut,gering,hoher Status-Index,keine starke Belastung,keine starke Belastung,keine starke Belastung,52.60568870973534,13.484835128158156,1303,Pankow,13125,0.2302379125095932,0.0,99.7697620874904,mittel,3.0,286.0,0.0,0.0,,,,0.0,10.12875,8.0,3128.9166666666665,12.0,,0.0,Greifswalder Straße,S Ringbahn,8.155377297848915,4157.076446777228,6.0,37709.333333333336,2.132931726907631,0.1428672026689969,0,0,6960,507,611,190,526,1791,991,905,1439,3558,100.0,402289,937.37
03300514,Blankenburg,hoch,mittel,gut,gering,hoher Status-Index,einfach,einfach,einfach,52.59522561992792,13.457020094352345,3852,Pankow,13129,0.0,0.0,100.0,mittel,2.0,134.0,2.0,2.0,732.0,,,0.0,10.005172413793105,203.0,3014.0183727034123,381.0,,0.0,Prenzlauer Allee S,S Ringbahn,5.968709167301861,3801.7241379310335,2.0,37709.333333333336,2.132931726907631,0.1428672026689969,0,0,6650,348,567,177,364,1261,1289,1120,1524,3343,100.0,402289,937.37
03300515,Blankenburger Süden,hoch,gering,gut,gering,-,einfach,einfach,einfach,52.58369873436803,13.45535620955612,35,Pankow,13129,0.0,0.0,100.0,mittel,1.0,120.0,0.0,0.0,,,,0.0,8.633,10.0,2718.5,22.0,,0.0,Prenzlauer Allee S,S Ringbahn,4.723863148197463,3801.7241379310335,2.0,37709.333333333336,2.132931726907631,0.1428672026689969,0,0,57,3,5,2,3,11,11,10,13,29,94.3,402289,937.37
03300516,Heinersdorf,mittel,mittel,gut,gering,hoher Status-Index,keine starke Belastung,keine starke Belastung,keine starke Belastung,52.57078671283285,13.44109933393094,2494,Pankow,13089,0.0,0.0,100.0,mittel,4.0,306.0,1.0,1.0,432.0,,,0.0,12.0752,25.0,3948.48,50.0,,0.0,Prenzlauer Allee S,S Ringbahn,2.8580494616737817,,0.0,37709.333333333336,2.132931726907631,0.1428672026689969,0,0,7577,451,600,232,615,1665,1383,1137,1495,3631,100.0,402289,937.37
03300517,Märchenland,mittel,gering,gut,gering,mittlerer Status-Index,keine starke Belastung,keine starke Belastung,keine starke Belastung,52.58291063131527,13.477752203766102,572,Pankow,13088,0.0,0.0,100.0,mittel,0.0,0.0,0.0,0.0,,,,0.0,7.963157894736842,228.0,2411.567867036011,361.0,,0.0,Greifswalder Straße,S Ringbahn,5.579542644807416,8355.484140355225,477.0,37709.333333333336,2.132931726907631,0.1428672026689969,0,0,5012,326,412,106,383,1476,773,545,991,2601,99.7,402289,937.37
03400618,Rosenthal,mittel,mittel,gut,gering,hoher Status-Index,keine starke Belastung,keine starke Belastung,keine starke Belastung,52.59733155805016,13.37766952095928,1300,Pankow,13158,0.0,0.0,100.0,mittel,2.0,118.0,0.0,0.0,,,,0.0,9.7444,25.0,2770.102564102564,39.0,,0.0,Lindauer Allee,U8,4.105020279084127,5194.360915709603,25.0,37709.333333333336,2.132931726907631,0.1428672026689969,0,0,4256,245,361,128,308,943,786,607,879,2192,100.0,402289,937.37
03400619,Wilhelmsruh,mittel,hoch,gut,mittel,mittlerer Status-Index,einfach,einfach,einfach,52.58740181648658,13.369547543746554,1799,Pankow,13158,0.0,0.0,100.0,mittel,14.0,1021.0,1.0,1.0,576.0,,,0.0,8.200869565217392,23.0,3123.689655172414,29.0,,0.0,Lindauer Allee,U8,2.8459516646430645,5194.360915709603,25.0,37709.333333333336,2.132931726907631,0.1428672026689969,0,0,7107,431,629,209,516,1642,1291,945,1443,3674,100.0,402289,937.37
03400620,Schönholz,hoch,mittel,gut,gering,hoher Status-Index,einfach,einfach,einfach,52.57614224154452,13.383293024935377,933,Pankow,13156,0.857449088960343,27.224008574490888,71.91854233654877,mittel,1.0,78.0,1.0,1.0,,,,0.0,14.1254,50.0,4615.164948453608,97.0,8364.981132075472,53.0,Osloer Straße,U8,2.2375209820623274,6576.9888397996265,73.0,37709.333333333336,2.132931726907631,0.1428672026689969,0,0,5066,328,474,144,369,1239,900,609,1003,2633,100.0,402289,937.37
03400721,Florakiez,mittel,hoch,schlecht,mittel,mittlerer Status-Index,zweifach,zweifach,zweifach,52.56525435004306,13.398734582606542,668,Pankow,13187,0.1497005988023952,0.0,99.8502994011976,mittel,19.0,694.0,2.0,2.0,650.0,,,0.0,13.753186813186812,91.0,4599.008,125.0,8333.196721311475,61.0,Pankow U2,U2,0.6301015399824025,5475.006261980774,63.0,37709.333333333336,2.132931726907631,0.1428672026689969,3,0,9568,741,951,223,661,3017,1510,923,1542,5054,99.9,402289,937.37
03400722,Parkstraße,gering,hoch,gut,gering,hoher Status-Index,einfach,einfach,einfach,52.57423597146502,13.40421643586297,339,Pankow,13187,0.0,96.16519174041298,3.834808259587021,gut,7.0,571.0,0.0,0.0,,,,0.0,13.69139534883721,86.0,4581.666666666667,114.0,8187.96,50.0,Pankow U2,U2,0.596671343448961,5475.006261980774,63.0,37709.333333333336,2.132931726907631,0.1428672026689969,0,0,3830,287,378,94,268,1147,622,386,650,2016,100.0,402289,937.37
03400723,Garbátyplatz,hoch,hoch,schlecht,mittel,mittlerer Status-Index,dreifach,dreifach,dreifach,52.570572444797136,13.413411948276138,462,Pankow,13187,0.0,4.112554112554113,95.88744588744588,mittel,9.0,631.0,2.0,1.0,504.0,,,0.0,13.17971153846154,104.0,4465.969135802469,162.0,,0.0,Pankow U2,U2,1.1688318423297763,5475.006261980774,63.0,37709.333333333336,2.132931726907631,0.1428672026689969,0,2,6627,513,659,154,458,2090,1046,640,1068,3500,100.0,402289,937.37
03400724,Wolfshagener Straße,gering,hoch,gut,mittel,mittlerer Status-Index,einfach,einfach,einfach,52.576812852763055,13.419058974271442,608,Pankow,13187,0.0,27.302631578947366,72.69736842105263,mittel,8.0,521.0,1.0,1.0,288.0,,,0.0,13.465566037735847,106.0,4302.9473684210525,171.0,,0.0,Pankow U2,U2,1.9823099732488256,5475.006261980774,63.0,37709.333333333336,2.132931726907631,0.1428672026689969,0,0,8710,674,866,203,601,2746,1375,841,1404,4601,100.0,402289,937.37
03400725,Schlosspark,mittel,hoch,gut,gering,mittlerer Status-Index,einfach,einfach,einfach,52.58316098987411,13.421805214584989,801,Pankow,13156,1.7478152309612984,0.0,98.25218476903868,mittel,5.0,468.0,4.0,3.0,550.0,,,0.0,12.279012345679012,81.0,3876.110236220472,127.0,,0.0,Pankow U2,U2,2.613029896669876,6576.9888397996265,73.0,37709.333333333336,2.132931726907631,0.1428672026689969,0,0,5075,348,490,140,361,1315,885,588,949,2641,100.0,402289,937.37
03400826,Tiroler Viertel,mittel,mittel,schlecht,mittel,mittlerer Status-Index,einfach,einfach,einfach,52.56117943377583,13.40787639400438,423,Pankow,13187,0.0,0.0,100.0,mittel,3.0,359.0,1.0,1.0,300.0,,,0.0,13.785111111111112,45.0,4644.589743589743,78.0,,0.0,Pankow U2,U2,1.023011039512051,5475.006261980774,63.0,37709.333333333336,2.132931726907631,0.1428672026689969,0,2,6098,463,586,139,424,1940,958,599,988,3217,100.0,402289,937.37
03400827,Trelleborger Viertel,mittel,hoch,schlecht,mittel,mittlerer Status-Index,zweifach,zweifach,zweifach,52.55668057534356,13.418826333418355,501,Pankow,13189,0.0,0.0,100.0,mittel,3.0,111.0,1.0,1.0,720.0,,,0.0,12.082,5.0,4672.4,5.0,,0.0,Schönhauser Allee,S Ringbahn,1.028182282861697,6115.852442568048,41.0,37709.333333333336,2.132931726907631,0.1428672026689969,0,0,7867,519,578,149,598,2769,1196,817,1239,4091,100.0,402289,937.37
03400828,Spiekermann Straße,hoch,hoch,schlecht,mittel,mittlerer Status-Index,dreifach,dreifach,dreifach,52.55647455731285,13.426227993802154,288,Pankow,13189,0.0,0.0,100.0,mittel,7.0,652.0,2.0,2.0,925.0,2.43235294117647,0.0721290334906301,1.0,14.17,1.0,4947.5,4.0,,0.0,Schönhauser Allee,S Ringbahn,1.615532257069184,6115.852442568048,41.0,37709.333333333336,2.132931726907631,0.1428672026689969,0,0,4290,285,322,85,312,1441,653,471,721,2244,100.0,402289,937.37
03400829,Arnold-Zweig-Straße,gering,hoch,schlecht,mittel,mittlerer Status-Index,zweifach,zweifach,zweifach,52.56191728002556,13.420793894814976,288,Pankow,13189,0.0,0.0,100.0,mittel,5.0,417.0,0.0,0.0,,,,0.0,12.322857142857144,14.0,3843.0,13.0,,0.0,Schönhauser Allee,S Ringbahn,1.6402635817354652,6115.852442568048,41.0,37709.333333333336,2.132931726907631,0.1428672026689969,0,0,4290,285,322,85,312,1441,653,471,721,2244,100.0,402289,937.37
03400830,Kissingenviertel,mittel,hoch,schlecht,mittel,mittlerer Status-Index,zweifach,zweifach,zweifach,52.56702056586797,13.42152143047969,766,Pankow,13189,0.0,0.0,100.0,mittel,2.0,74.0,1.0,1.0,1176.0,1.7257485029940105,0.49882664597973,1.0,13.94826923076923,52.0,4494.886363636364,88.0,,0.0,Pankow U2,U2,2.067586325740626,6115.852442568048,41.0,37709.333333333336,2.132931726907631,0.1428672026689969,0,1,11410,759,857,225,830,3833,1737,1251,1918,5968,100.0,402289,937.37
03400831,Pankower Tor,,hoch,,gering,-,einfach,einfach,einfach,52.57418747815437,13.425209192581992,10,Pankow,13189,0.0,0.0,100.0,mittel,0.0,0.0,0.0,0.0,,,,0.0,13.09457142857143,35.0,4342.943820224719,89.0,,0.0,Pankow U2,U2,2.531574361506274,6115.852442568048,41.0,37709.333333333336,2.132931726907631,0.1428672026689969,0,0,136,9,10,3,10,45,21,15,23,71,100.0,402289,937.37
03500932,Bühringstraße,gering,mittel,mittel,mittel,mittlerer Status-Index,keine starke Belastung,keine starke Belastung,keine starke Belastung,52.55917935024033,13.445774993722008,723,Pankow,13086,25.864453665283545,0.0,74.13554633471647,mittel,6.0,437.0,3.0,2.0,400.0,2.25,0.2370709382150999,1.0,13.183125,16.0,3482.206896551724,29.0,,0.0,Prenzlauer Allee S,S Ringbahn,1.8253375597372008,6151.613420909371,30.0,37709.333333333336,2.132931726907631,0.1428672026689969,0,0,7114,523,547,140,616,2498,1072,718,999,3549,100.0,402289,937.37
03500933,Weißer See,mittel,mittel,gut,mittel,mittlerer Status-Index,keine starke Belastung,keine starke Belastung,keine starke Belastung,52.55503882242323,13.458120563489446,692,Pankow,13086,0.0,59.82658959537572,40.17341040462428,gut,10.0,606.0,2.0,1.0,432.0,,,0.0,11.858695652173912,92.0,3953.254437869823,169.0,,0.0,Greifswalder Straße,S Ringbahn,1.800227301411066,6151.613420909371,30.0,37709.333333333336,2.132931726907631,0.1428672026689969,1,0,6768,494,523,134,582,2354,1021,686,974,3385,100.0,402289,937.37
03500934,Weißenseer Spitze,mittel,hoch,schlecht,mittel,mittlerer Status-Index,zweifach,zweifach,zweifach,52.55346314221189,13.436462533724091,761,Pankow,13086,0.0,0.0,100.0,mittel,7.0,479.0,2.0,2.0,500.0,,,0.0,15.2,2.0,4091.0,7.0,,0.0,Prenzlauer Allee S,S Ringbahn,0.8957923222517875,6151.613420909371,30.0,37709.333333333336,2.132931726907631,0.1428672026689969,0,0,7495,551,576,147,649,2633,1129,756,1052,3740,100.0,402289,937.37
03500935,Behaimstraße,mittel,hoch,schlecht,hoch,mittlerer Status-Index,dreifach,dreifach,dreifach,52.55031080542636,13.448438404398626,596,Pankow,13086,0.0,20.469798657718123,79.53020134228188,mittel,12.0,473.0,0.0,0.0,,,,0.0,12.409333333333333,15.0,3709.9615384615386,26.0,,0.0,Greifswalder Straße,S Ringbahn,1.0479345251105552,6151.613420909371,30.0,37709.333333333336,2.132931726907631,0.1428672026689969,0,0,5826,425,450,115,501,2025,879,591,840,2915,100.0,402289,937.37
03500936,Komponistenviertel Weißensee,gering,mittel,mittel,mittel,mittlerer Status-Index,keine starke Belastung,keine starke Belastung,keine starke Belastung,52.54565219310848,13.461073336306493,734,Pankow,13088,0.0,55.99455040871935,44.00544959128065,gut,8.0,444.0,0.0,0.0,,,,0.0,12.619384615384616,65.0,3990.612612612613,111.0,,0.0,Greifswalder Straße,S Ringbahn,1.3332097099247957,8355.484140355225,477.0,37709.333333333336,2.132931726907631,0.1428672026689969,2,1,6478,422,533,136,495,1908,999,705,1280,3363,100.0,402289,937.37
03501037,Rathaus Weißensee,mittel,mittel,gut,mittel,mittlerer Status-Index,keine starke Belastung,keine starke Belastung,keine starke Belastung,52.56124539988859,13.466891542972036,870,Pankow,13088,47.58620689655172,0.0,52.41379310344828,mittel,4.0,510.0,2.0,2.0,576.0,,,0.0,12.29,88.0,3929.7804878048782,123.0,,0.0,Greifswalder Straße,S Ringbahn,2.926698588673664,8355.484140355225,477.0,37709.333333333336,2.132931726907631,0.1428672026689969,0,0,7861,527,637,163,618,2415,1206,841,1453,4045,100.0,402289,937.37
03501038,Hansastraße,mittel,mittel,gut,gering,mittlerer Status-Index,keine starke Belastung,keine starke Belastung,keine starke Belastung,52.55525219122664,13.481736253676177,899,Pankow,13088,24.91657397107897,0.0,75.08342602892102,mittel,2.0,217.0,1.0,1.0,,2.53478260869565,-0.0477116704805502,1.0,10.857142857142858,63.0,3426.563492063492,126.0,7505.728813559322,118.0,Landsberger Allee,S Ringbahn,3.1079448559930065,8355.484140355225,477.0,37709.333333333336,2.132931726907631,0.1428672026689969,0,0,7925,516,652,167,605,2334,1222,862,1567,4114,99.9,402289,937.37
03601139,Norweger Viertel,mittel,mittel,schlecht,mittel,mittlerer Status-Index,einfach,einfach,einfach,52.55617491721163,13.405950970580273,198,Pankow,10439,0.0,41.91919191919192,58.08080808080808,mittel,5.0,228.0,0.0,0.0,,,,0.0,13.7955,20.0,5001.578947368421,19.0,,0.0,Schönhauser Allee,S Ringbahn,1.1879161879281697,6515.745273255929,82.0,37709.333333333336,2.132931726907631,0.1428672026689969,0,0,4225,273,291,66,388,1816,640,311,440,2135,100.0,402289,937.37
03601140,Malmöer Straße,mittel,mittel,schlecht,hoch,mittlerer Status-Index,zweifach,zweifach,zweifach,52.55245268511873,13.402080081144442,184,Pankow,10439,0.0,59.2391304347826,40.76086956521739,gut,2.0,95.0,0.0,0.0,,,,0.0,12.9,15.0,4491.9,10.0,,0.0,Schönhauser Allee,S Ringbahn,1.3593674244753016,6515.745273255929,82.0,37709.333333333336,2.132931726907631,0.1428672026689969,3,0,4469,279,284,62,435,2044,672,296,396,2235,100.0,402289,937.37
03601141,Arnimplatz,mittel,hoch,schlecht,hoch,mittlerer Status-Index,dreifach,dreifach,dreifach,52.55197765297217,13.410236638233505,207,Pankow,10439,0.0,100.0,0.0,gut,12.0,564.0,0.0,0.0,,,,0.0,13.06,3.0,4701.2,5.0,,0.0,Schönhauser Allee,S Ringbahn,0.5226378733058904,6515.745273255929,82.0,37709.333333333336,2.132931726907631,0.1428672026689969,1,2,5028,314,319,70,490,2300,756,333,445,2514,100.0,402289,937.37
03601142,Falkplatz,mittel,mittel,mittel,hoch,mittlerer Status-Index,einfach,einfach,einfach,52.54557538795255,13.406407011085328,355,Pankow,10437,0.5633802816901409,99.43661971830986,0.0,gut,14.0,515.0,1.0,1.0,648.0,,,0.0,16.50047619047619,21.0,5766.25641025641,39.0,7956.888888888889,63.0,Schönhauser Allee,S Ringbahn,0.8997803394980844,7702.343746343664,48.0,37709.333333333336,2.132931726907631,0.1428672026689969,4,0,10690,813,893,196,910,4692,2050,655,482,5275,99.4,402289,937.37
03601243,Rodenbergstraße,mittel,hoch,schlecht,hoch,mittlerer Status-Index,dreifach,dreifach,dreifach,52.55109935959742,13.418767032020693,292,Pankow,10439,0.0,74.31506849315068,25.68493150684932,gut,7.0,628.0,1.0,1.0,432.0,,,0.0,16.119999999999997,2.0,5333.25,8.0,,0.0,Schönhauser Allee,S Ringbahn,0.6029720840176191,6515.745273255929,82.0,37709.333333333336,2.132931726907631,0.1428672026689969,0,0,7280,468,481,105,698,3313,1134,477,603,3634,100.0,402289,937.37
03601244,Humannplatz,mittel,hoch,schlecht,mittel,mittlerer Status-Index,zweifach,zweifach,zweifach,52.548781609154496,13.42533699621394,388,Pankow,10439,0.0,72.42268041237114,27.577319587628867,gut,4.0,153.0,0.0,0.0,,,,0.0,19.20125,16.0,5733.117647058823,17.0,,0.0,Schönhauser Allee,S Ringbahn,1.2806740053823316,6515.745273255929,82.0,37709.333333333336,2.132931726907631,0.1428672026689969,0,0,9286,572,582,128,898,4171,1381,633,921,4657,100.0,402289,937.37
03601245,Ostseestraße,mittel,hoch,schlecht,mittel,mittlerer Status-Index,zweifach,zweifach,zweifach,52.54618018160199,13.435655645330035,824,Pankow,10409,0.0,0.0,100.0,mittel,6.0,620.0,1.0,1.0,,2.39615384615385,0.0909170920612498,1.0,18.33,29.0,6499.625,48.0,11162.848484848484,132.0,Prenzlauer Allee S,S Ringbahn,0.1537352381388175,5629.516339910506,14.0,37709.333333333336,2.132931726907631,0.1428672026689969,0,0,16203,776,819,206,1393,5233,2013,1570,4193,8479,100.0,402289,937.37
03601346,Gethsemanekirche,mittel,hoch,schlecht,hoch,mittlerer Status-Index,dreifach,dreifach,dreifach,52.54592959300211,13.41532798512968,218,Pankow,10437,0.0,100.0,0.0,gut,3.0,101.0,0.0,0.0,,,,0.0,19.94375,8.0,7041.571428571428,7.0,,0.0,Schönhauser Allee,S Ringbahn,0.3707808133454106,7702.343746343664,48.0,37709.333333333336,2.132931726907631,0.1428672026689969,0,0,6613,503,552,121,563,2903,1268,405,298,3263,100.0,402289,937.37
03601347,Helmholtzplatz,gering,hoch,schlecht,hoch,mittlerer Status-Index,dreifach,dreifach,dreifach,52.543477412891946,13.418279818024567,292,Pankow,10437,0.0,100.0,0.0,gut,16.0,858.0,0.0,0.0,,,,0.0,19.168125,16.0,6086.212121212121,33.0,,0.0,Senefelderplatz,U2,0.7277929257399733,7702.343746343664,48.0,37709.333333333336,2.132931726907631,0.1428672026689969,4,2,8717,662,729,160,740,3825,1671,536,393,4300,100.0,402289,937.37
03601348,Senefelderstraße,gering,hoch,mittel,hoch,mittlerer Status-Index,zweifach,zweifach,zweifach,52.54206512553748,13.42284393856392,229,Pankow,10437,0.0,100.0,0.0,gut,6.0,156.0,0.0,0.0,,,,0.0,18.52529411764706,17.0,6195.84375,32.0,,0.0,Senefelderplatz,U2,0.991066954843875,7702.343746343664,48.0,37709.333333333336,2.132931726907631,0.1428672026689969,0,0,6755,513,567,125,572,2949,1287,424,316,3332,100.0,402289,937.37
03601449,Michelangelostraße,mittel,hoch,gut,mittel,niedriger/sehr niedriger Status-Index,einfach,zweifach,zweifach,52.541828816000056,13.44786247999105,353,Pankow,10409,75.63739376770539,23.229461756373937,1.13314447592068,einfach,5.0,725.0,2.0,2.0,600.0,,,0.0,15.56736842105263,19.0,4538.0344827586205,29.0,,0.0,Greifswalder Straße,S Ringbahn,0.2544764936399459,5629.516339910506,14.0,37709.333333333336,2.132931726907631,0.1428672026689969,0,0,6900,332,352,88,594,2230,861,668,1775,3610,100.0,402289,937.37
03601450,Volkspark Prenzlauer Berg,hoch,mittel,mittel,mittel,niedriger/sehr niedriger Status-Index,einfach,zweifach,zweifach,52.53555657922284,13.458482907812714,432,Pankow,10407,100.0,0.0,0.0,einfach,1.0,195.0,1.0,1.0,360.0,,,0.0,17.5,6.0,4162.571428571428,14.0,,0.0,Greifswalder Straße,S Ringbahn,1.118792753220623,7521.655005608856,35.0,37709.333333333336,2.132931726907631,0.1428672026689969,0,0,7381,509,643,147,657,2738,1228,633,825,3712,100.0,402289,937.37
03601451,Anton-Saefkow-Park,mittel,hoch,mittel,mittel,mittlerer Status-Index,einfach,einfach,einfach,52.536310965082016,13.44026007043527,362,Pankow,10407,0.0,86.1878453038674,13.812154696132598,gut,3.0,293.0,2.0,2.0,1162.0,2.42111111111111,-0.1965359621373696,1.0,19.35277777777777,18.0,6419.62962962963,27.0,,0.0,Prenzlauer Allee S,S Ringbahn,1.079515051466163,7521.655005608856,35.0,37709.333333333336,2.132931726907631,0.1428672026689969,0,0,6408,447,557,128,568,2401,1069,545,693,3217,100.0,402289,937.37
03601452,Velodrom,hoch,hoch,gut,mittel,mittlerer Status-Index,zweifach,zweifach,zweifach,52.53083960725065,13.448468775094677,185,Pankow,10407,0.0,0.0,100.0,mittel,3.0,275.0,3.0,2.0,832.0,,,0.0,18.08625,8.0,6841.125,8.0,,0.0,Greifswalder Straße,S Ringbahn,1.140539073588019,7521.655005608856,35.0,37709.333333333336,2.132931726907631,0.1428672026689969,0,0,3161,218,275,63,282,1173,526,271,353,1590,100.0,402289,937.37
03601453,Alter Schlachthof,mittel,mittel,gut,hoch,hoher Status-Index,einfach,einfach,einfach,52.523225406510704,13.46118332683345,453,Pankow,10247,0.0,79.91169977924945,20.08830022075055,gut,9.0,575.0,0.0,0.0,,,,0.0,19.009375,32.0,6580.166666666667,42.0,,0.0,Landsberger Allee,S Ringbahn,1.3610353992922484,5688.17329800236,128.0,37709.333333333336,2.132931726907631,0.1428672026689969,0,0,2695,336,430,68,127,993,393,124,223,1375,100.0,402289,937.37
03701554,Teutoburger Platz,mittel,hoch,schlecht,hoch,mittlerer Status-Index,dreifach,dreifach,dreifach,52.53551641666788,13.40934176398512,557,Pankow,10435,0.0,100.0,0.0,gut,10.0,435.0,0.0,0.0,,,,0.0,18.28272727272727,22.0,6250.9473684210525,38.0,,0.0,Senefelderplatz,U2,0.6772854686531006,8568.260052937576,30.0,37709.333333333336,2.132931726907631,0.1428672026689969,1,0,11021,810,984,234,940,4566,2211,778,499,5395,100.0,402289,937.37
03701555,Sredzkistraße,gering,hoch,schlecht,hoch,mittlerer Status-Index,dreifach,dreifach,dreifach,52.53810244497172,13.41780862907109,317,Pankow,10435,0.0,100.0,0.0,gut,4.0,330.0,0.0,0.0,,,,0.0,20.42129032258065,31.0,6485.719298245615,57.0,,0.0,Senefelderplatz,U2,0.3135601712260536,8568.260052937576,30.0,37709.333333333336,2.132931726907631,0.1428672026689969,3,1,7541,560,658,143,618,3218,1404,537,403,3698,100.0,402289,937.37
03701556,Kollwitzplatz,gering,hoch,schlecht,hoch,hoher Status-Index,dreifach,dreifach,dreifach,52.53226327697384,13.416214056079545,402,Pankow,10405,0.0,100.0,0.0,gut,6.0,537.0,0.0,0.0,,,,0.0,19.314318181818184,44.0,6401.173076923077,52.0,,0.0,Senefelderplatz,U2,0.629177472988265,9043.077405758126,43.0,37709.333333333336,2.132931726907631,0.1428672026689969,1,0,10267,780,887,207,867,4206,1801,795,723,5073,100.0,402289,937.37
03701657,Thälmannpark,hoch,hoch,gut,mittel,mittlerer Status-Index,zweifach,zweifach,zweifach,52.54000705841977,13.430090883587887,110,Pankow,10405,0.0,80.9090909090909,19.090909090909093,gut,3.0,252.0,1.0,1.0,720.0,,,0.0,17.578484848484848,33.0,6542.4029850746265,67.0,,0.0,Prenzlauer Allee S,S Ringbahn,0.9554776705423584,9043.077405758126,43.0,37709.333333333336,2.132931726907631,0.1428672026689969,0,0,2944,225,253,59,248,1204,506,231,218,1457,100.0,402289,937.37
03701658,Christburger Straße,gering,hoch,schlecht,hoch,mittlerer Status-Index,dreifach,dreifach,dreifach,52.535896209542685,13.427105694182169,273,Pankow,10405,0.0,100.0,0.0,gut,11.0,426.0,0.0,0.0,,,,0.0,18.798,25.0,6710.372093023256,43.0,,0.0,Senefelderplatz,U2,1.360247142623933,9043.077405758126,43.0,37709.333333333336,2.132931726907631,0.1428672026689969,0,1,7307,558,628,146,617,2989,1255,573,541,3616,100.0,402289,937.37
03701659,Immanuelkirchstraße,mittel,hoch,mittel,hoch,mittlerer Status-Index,zweifach,zweifach,zweifach,52.53047262205551,13.422387666790092,277,Pankow,10405,0.0,93.86281588447652,6.137184115523466,gut,8.0,370.0,1.0,1.0,240.0,,,0.0,18.49586206896552,29.0,6334.162790697675,43.0,,0.0,Senefelderplatz,U2,1.1549766724952777,9043.077405758126,43.0,37709.333333333336,2.132931726907631,0.1428672026689969,3,0,7414,566,637,148,626,3033,1273,581,549,3669,100.0,402289,937.37
03701660,Bötzowstraße,mittel,hoch,mittel,hoch,mittlerer Status-Index,zweifach,zweifach,zweifach,52.5314547474869,13.433191430143236,573,Pankow,10407,0.0,97.03315881326353,2.966841186736475,gut,15.0,460.0,2.0,2.0,1162.0,2.33483146067416,-0.1102563117004198,1.0,17.848787878787878,33.0,6135.196078431372,51.0,,0.0,Prenzlauer Allee S,S Ringbahn,1.598908068253694,7521.655005608856,35.0,37709.333333333336,2.132931726907631,0.1428672026689969,3,2,10417,732,906,208,919,3931,1741,880,1100,5225,100.0,402289,937.37
04100101,Jungfernheide/Plötzensee,hoch,mittel,gut,mittel,niedriger/sehr niedriger Status-Index,einfach,zweifach,zweifach,52.54147255594641,13.296638202454446,874,Charlottenburg-Wilmersdorf,13627,100.0,0.0,0.0,einfach,5.0,472.0,4.0,3.0,576.0,2.54712643678161,-0.06005549856651,1.0,14.686084337349396,166.0,4880.301886792453,265.0,8571.593220338984,118.0,Jungfernheide U,U7,0.6743556570211812,5011.409186263039,3.0,46142.0,2.2476641040804264,0.0358017642015156,0,0,15612,935,1188,379,1564,3890,2179,1948,3529,8022,98.6,338717,1362.26
04100102,Paul-Hertz-Siedlung,hoch,hoch,mittel,gering,niedriger/sehr niedriger Status-Index,zweifach,dreifach,dreifach,52.53714533543295,13.29892814532984,206,Charlottenburg-Wilmersdorf,13627,100.0,0.0,0.0,einfach,3.0,260.0,1.0,1.0,792.0,,,0.0,14.07418181818182,55.0,4795.586206896552,87.0,,0.0,Jungfernheide U,U7,0.5616030673423847,5011.409186263039,3.0,46142.0,2.2476641040804264,0.0358017642015156,0,0,3731,223,284,90,374,930,521,466,843,1917,100.0,338717,1362.26
04200203,Olympiagelände,hoch,gering,gut,mittel,mittlerer Status-Index,einfach,einfach,einfach,52.51848260360964,13.23485893408791,361,Charlottenburg-Wilmersdorf,14052,68.69806094182826,0.0,31.301939058171747,einfach,2.0,66.0,1.0,1.0,400.0,2.14047619047619,0.3640057841909101,1.0,15.165882352941177,17.0,5473.069767441861,43.0,,0.0,Olympia-Stadion,U2,0.1653122465185065,5837.45983266573,17.0,46142.0,2.2476641040804264,0.0358017642015156,0,0,3335,146,245,82,319,703,500,406,933,1690,98.6,338717,1362.26
04200204,Angerburger Allee,mittel,mittel,gut,gering,mittlerer Status-Index,keine starke Belastung,keine starke Belastung,keine starke Belastung,52.510301136271416,13.221814646264884,167,Charlottenburg-Wilmersdorf,14055,0.0,40.7185628742515,59.2814371257485,mittel,1.0,50.0,0.0,0.0,,,,0.0,,0.0,,0.0,,0.0,Olympia-Stadion,U2,1.641630815347949,5512.820668231115,20.0,46142.0,2.2476641040804264,0.0358017642015156,0,0,892,35,66,24,100,155,129,108,275,463,100.0,338717,1362.26
04200205,Flatowallee,hoch,gering,gut,gering,mittlerer Status-Index,einfach,einfach,einfach,52.51057658666924,13.244942080824494,396,Charlottenburg-Wilmersdorf,14055,0.0,0.0,100.0,mittel,1.0,50.0,0.0,0.0,,,,0.0,14.441428571428572,14.0,4930.28125,32.0,,0.0,Olympia-Stadion,U2,1.3138631175483346,5512.820668231115,20.0,46142.0,2.2476641040804264,0.0358017642015156,0,0,2100,83,158,56,234,367,304,256,643,1089,100.0,338717,1362.26
04200206,Kranzallee,mittel,mittel,gut,gering,mittlerer Status-Index,keine starke Belastung,keine starke Belastung,keine starke Belastung,52.50596006387247,13.229818092677624,680,Charlottenburg-Wilmersdorf,14055,0.0,4.5588235294117645,95.44117647058825,mittel,1.0,46.0,0.0,0.0,,,,0.0,19.03,4.0,5267.0,12.0,,0.0,Olympia-Stadion,U2,1.3537102067090172,5512.820668231115,20.0,46142.0,2.2476641040804264,0.0358017642015156,0,0,3631,142,269,96,408,632,524,442,1119,1885,100.0,338717,1362.26
04200207,Eichkamp,hoch,gering,gut,gering,hoher Status-Index,einfach,einfach,einfach,52.48804751522663,13.225787131197158,883,Charlottenburg-Wilmersdorf,14055,0.0,0.3397508493771234,99.66024915062287,mittel,6.0,268.0,0.0,0.0,,,,0.0,18.48693989071038,366.0,5734.3497536945815,609.0,14008.944444444443,54.0,Olympia-Stadion,U2,3.3725068571101606,5512.820668231115,20.0,46142.0,2.2476641040804264,0.0358017642015156,0,0,4718,185,349,125,529,822,681,574,1454,2449,100.0,338717,1362.26
04200308,Branitzer Platz,mittel,mittel,gut,gering,mittlerer Status-Index,keine starke Belastung,keine starke Belastung,keine starke Belastung,52.522441086949904,13.268994195039951,830,Charlottenburg-Wilmersdorf,14050,0.1204819277108433,44.21686746987952,55.662650602409634,mittel,7.0,535.0,0.0,0.0,,,,0.0,16.190591397849463,186.0,5519.849650349651,286.0,9928.47488584475,219.0,Siemensdamm,U7,1.5002186145340797,6395.394753783871,12.0,46142.0,2.2476641040804264,0.0358017642015156,0,0,9318,448,576,185,897,2094,1317,1226,2576,4899,100.0,338717,1362.26
04200309,Neu Westend,hoch,mittel,gut,gering,mittlerer Status-Index,einfach,einfach,einfach,52.51738774349209,13.256875538118992,552,Charlottenburg-Wilmersdorf,14052,0.0,22.463768115942027,77.53623188405797,mittel,3.0,119.0,2.0,1.0,504.0,,,0.0,16.591632653061225,49.0,5535.285714285715,63.0,,0.0,Siemensdamm,U7,2.1088525880000764,5837.45983266573,17.0,46142.0,2.2476641040804264,0.0358017642015156,0,0,5937,255,390,137,585,1255,878,721,1715,3024,100.0,338717,1362.26
04200310,Fürstenplatz,mittel,hoch,mittel,mittel,mittlerer Status-Index,einfach,einfach,einfach,52.51064133736748,13.267448135056403,610,Charlottenburg-Wilmersdorf,14052,0.0,97.70491803278688,2.295081967213114,gut,4.0,380.0,0.0,0.0,,,,0.0,16.353275862068966,58.0,5553.326530612245,98.0,,0.0,Theodor-Heuss-Platz,U2,0.8912473806393926,5837.45983266573,17.0,46142.0,2.2476641040804264,0.0358017642015156,0,0,6622,289,430,150,648,1411,973,818,1903,3392,100.0,338717,1362.26
04200311,Königin-Elisabeth-Straße,hoch,hoch,schlecht,hoch,mittlerer Status-Index,vierfach,vierfach,vierfach,52.50681921548924,13.276585051034116,376,Charlottenburg-Wilmersdorf,14059,0.0,38.56382978723404,61.43617021276596,mittel,4.0,93.0,0.0,0.0,,,,0.0,16.360714285714284,42.0,5814.986842105263,76.0,,0.0,Theodor-Heuss-Platz,U2,0.3010045529918072,7457.52253752966,30.0,46142.0,2.2476641040804264,0.0358017642015156,0,0,6816,340,436,137,733,1762,1003,903,1502,3548,100.0,338717,1362.26
04300412,Schlossgarten,hoch,mittel,gut,gering,mittlerer Status-Index,einfach,einfach,einfach,52.52405712877063,13.29020671727176,148,Charlottenburg-Wilmersdorf,14059,0.6756756756756757,0.0,99.32432432432432,mittel,3.0,379.0,0.0,0.0,,,,0.0,15.78878378378378,74.0,5268.6,115.0,,0.0,Jungfernheide U,U7,1.3909197673907954,7457.52253752966,30.0,46142.0,2.2476641040804264,0.0358017642015156,0,0,3324,178,219,65,385,936,487,433,622,1719,100.0,338717,1362.26
04300413,Klausenerplatz,mittel,hoch,mittel,mittel,mittlerer Status-Index,einfach,einfach,einfach,52.5161350081268,13.290362796173005,429,Charlottenburg-Wilmersdorf,14059,0.0,0.0,100.0,mittel,15.0,341.0,0.0,0.0,,,,0.0,16.15590909090909,22.0,6224.976190476191,42.0,,0.0,Westkreuz,S Ringbahn,1.7408878246030786,7457.52253752966,30.0,46142.0,2.2476641040804264,0.0358017642015156,0,1,9635,515,634,187,1116,2713,1412,1256,1802,4982,100.0,338717,1362.26
04300414,Schloßstraße,mittel,hoch,mittel,hoch,mittlerer Status-Index,zweifach,zweifach,zweifach,52.51358127698253,13.295217147628286,416,Charlottenburg-Wilmersdorf,14059,0.0,0.0,100.0,mittel,7.0,327.0,1.0,1.0,576.0,,,0.0,18.023043478260867,46.0,5982.544303797468,79.0,,0.0,Charlottenburg S,Stadtbahn,1.2060166689613143,7457.52253752966,30.0,46142.0,2.2476641040804264,0.0358017642015156,1,0,9215,484,593,190,1021,2635,1335,1210,1746,4733,100.0,338717,1362.26
04300415,Lietzensee,hoch,hoch,mittel,mittel,mittlerer Status-Index,zweifach,zweifach,zweifach,52.50581548000652,13.287132887875895,258,Charlottenburg-Wilmersdorf,14057,0.0,96.51162790697676,3.488372093023256,gut,7.0,395.0,0.0,0.0,,,,0.0,18.428823529411765,17.0,6257.448275862069,29.0,,0.0,Westkreuz,S Ringbahn,0.5653275455292661,6373.012421076615,35.0,46142.0,2.2476641040804264,0.0358017642015156,0,0,6585,300,417,140,691,1671,1013,901,1453,3432,100.0,338717,1362.26
04300416,Amtsgerichtsplatz,mittel,mittel,schlecht,hoch,mittlerer Status-Index,zweifach,zweifach,zweifach,52.50674534326357,13.297458414430976,445,Charlottenburg-Wilmersdorf,14057,0.0,100.0,0.0,gut,15.0,426.0,0.0,0.0,,,,0.0,16.373714285714286,35.0,6096.185185185185,54.0,,0.0,Charlottenburg S,Stadtbahn,0.620654861741604,6373.012421076615,35.0,46142.0,2.2476641040804264,0.0358017642015156,2,0,11496,553,741,231,1338,3222,1723,1485,2202,5825,100.0,338717,1362.26
04300517,Tegeler Weg,mittel,mittel,mittel,hoch,mittlerer Status-Index,einfach,einfach,einfach,52.5271856325958,13.30121768612206,442,Charlottenburg-Wilmersdorf,10589,100.0,0.0,0.0,einfach,9.0,306.0,0.0,0.0,,,,0.0,15.916666666666666,24.0,5150.382352941177,68.0,,0.0,Mierendorffplatz,U7,0.2193182505459515,5047.798780499841,56.0,46142.0,2.2476641040804264,0.0358017642015156,0,0,8216,403,436,138,973,2588,1242,1128,1309,4133,100.0,338717,1362.26
04300518,Kaiserin-Augusta-Allee,mittel,mittel,mittel,hoch,mittlerer Status-Index,einfach,einfach,einfach,52.5277979032983,13.308000997132009,391,Charlottenburg-Wilmersdorf,10589,100.0,0.0,0.0,einfach,10.0,600.0,1.0,1.0,648.0,,,0.0,15.657037037037036,81.0,5525.850393700787,127.0,11040.42857142857,63.0,Richard-Wagner-Platz,U7,0.5440344442314616,5047.798780499841,56.0,46142.0,2.2476641040804264,0.0358017642015156,0,0,7082,347,375,119,838,2231,1070,972,1129,3562,97.4,338717,1362.26
04300619,Alt-Lietzow,mittel,hoch,mittel,mittel,mittlerer Status-Index,einfach,einfach,einfach,52.51846799641741,13.309971189794508,365,Charlottenburg-Wilmersdorf,10587,0.0,0.0,100.0,mittel,10.0,393.0,0.0,0.0,,,,0.0,18.102,50.0,6175.770833333333,96.0,,0.0,Richard-Wagner-Platz,U7,0.6015239964639747,5831.790457233615,38.0,46142.0,2.2476641040804264,0.0358017642015156,0,0,6845,346,366,120,763,2077,994,862,1318,3485,100.0,338717,1362.26
04300620,Spreestadt,mittel,hoch,mittel,hoch,mittlerer Status-Index,zweifach,zweifach,zweifach,52.51919035623308,13.326293616099624,256,Charlottenburg-Wilmersdorf,10587,0.0,0.0,100.0,mittel,4.0,195.0,0.0,0.0,,,,0.0,21.084047619047617,42.0,7306.333333333333,60.0,,0.0,Ernst-Reuter-Platz,U2,0.9469753294593776,5831.790457233615,38.0,46142.0,2.2476641040804264,0.0358017642015156,1,0,4568,224,237,78,509,1377,671,580,891,2322,100.0,338717,1362.26
04300621,Richard-Wagner-Straße,mittel,hoch,schlecht,hoch,mittlerer Status-Index,dreifach,dreifach,dreifach,52.51435755795822,13.306875220215533,548,Charlottenburg-Wilmersdorf,10585,0.0,0.0,100.0,mittel,11.0,462.0,2.0,2.0,,,,0.0,17.57456140350877,57.0,6359.978260869565,92.0,11025.196078431372,51.0,Bismarckstraße,U7,0.195690612933864,7304.181074898821,49.0,46142.0,2.2476641040804264,0.0358017642015156,0,1,11666,606,720,254,1218,3454,1658,1547,2210,5926,100.0,338717,1362.26
04300622,Ernst-Reuter-Platz,hoch,hoch,mittel,hoch,mittlerer Status-Index,dreifach,dreifach,dreifach,52.51229817177937,13.324501213691574,338,Charlottenburg-Wilmersdorf,10587,0.0,39.64497041420118,60.35502958579882,mittel,2.0,166.0,0.0,0.0,,,,0.0,18.2615,40.0,7212.15,60.0,,0.0,Ernst-Reuter-Platz,U2,0.3892798951793064,5831.790457233615,38.0,46142.0,2.2476641040804264,0.0358017642015156,0,0,6101,283,322,111,654,1776,917,819,1219,3088,100.0,338717,1362.26
04300623,Karl-August-Platz,mittel,mittel,schlecht,hoch,mittlerer Status-Index,zweifach,zweifach,zweifach,52.50838471139861,13.30845904499954,500,Charlottenburg-Wilmersdorf,10627,0.0,80.4,19.6,gut,7.0,190.0,0.0,0.0,,,,0.0,17.811,40.0,6037.65,60.0,,0.0,Wilmersdorfer Straße,U7,0.3802256476997553,7714.799852161546,32.0,46142.0,2.2476641040804264,0.0358017642015156,2,2,12890,620,770,230,1547,3827,1947,1673,2276,6399,100.0,338717,1362.26
04300624,Savignyplatz,hoch,hoch,schlecht,hoch,mittlerer Status-Index,vierfach,vierfach,vierfach,52.50803365863855,13.319818615667376,413,Charlottenburg-Wilmersdorf,10625,0.0,100.0,0.0,gut,5.0,233.0,1.0,1.0,996.0,2.075,0.14957514897374,1.0,18.093333333333334,18.0,6623.684210526316,19.0,,0.0,Savignyplatz,Stadtbahn,0.353917715726081,7514.562210279952,19.0,46142.0,2.2476641040804264,0.0358017642015156,1,0,8056,332,412,146,820,2196,1283,1181,1686,4054,100.0,338717,1362.26
04400725,Güterbahnhof Grunewald,hoch,mittel,schlecht,gering,-,zweifach,zweifach,zweifach,52.49480930107254,13.272854402140752,35,Charlottenburg-Wilmersdorf,14055,0.0,14.285714285714285,85.71428571428571,mittel,0.0,0.0,0.0,0.0,,,,0.0,18.9525,16.0,6115.695652173913,23.0,,0.0,Theodor-Heuss-Platz,U2,1.2486594056182807,5512.820668231115,20.0,46142.0,2.2476641040804264,0.0358017642015156,0,0,234,10,16,6,24,47,34,30,67,121,100.0,338717,1362.26
04400726,Bismarckallee,hoch,mittel,gut,gering,mittlerer Status-Index,einfach,einfach,einfach,52.49055609448507,13.280123105292931,983,Charlottenburg-Wilmersdorf,14193,0.0,89.72533062054934,10.27466937945066,gut,3.0,317.0,1.0,1.0,576.0,,,0.0,18.114406779661017,59.0,6341.035294117647,85.0,,0.0,Westkreuz,S Ringbahn,1.3201802804617404,7362.6338347863375,75.0,46142.0,2.2476641040804264,0.0358017642015156,0,0,6407,303,430,123,519,1312,976,879,1864,3383,100.0,338717,1362.26
04400727,Flinsberger Platz,hoch,hoch,mittel,mittel,mittlerer Status-Index,zweifach,zweifach,zweifach,52.485524613904246,13.290029275661452,738,Charlottenburg-Wilmersdorf,14193,0.0,85.90785907859079,14.092140921409213,gut,5.0,309.0,0.0,0.0,,,,0.0,17.295081967213115,61.0,6008.867256637168,113.0,,0.0,Halensee S,S Ringbahn,1.3383823008401716,7362.6338347863375,75.0,46142.0,2.2476641040804264,0.0358017642015156,0,0,4849,228,333,96,389,975,741,658,1430,2572,100.0,338717,1362.26
04400728,Hagenplatz,mittel,mittel,gut,gering,mittlerer Status-Index,keine starke Belastung,keine starke Belastung,keine starke Belastung,52.48323117039747,13.27347477550799,662,Charlottenburg-Wilmersdorf,14193,0.0,100.0,0.0,gut,4.0,176.0,0.0,0.0,,,,0.0,19.45777777777778,36.0,6721.235294117647,68.0,,0.0,Westkreuz,S Ringbahn,2.3692241669920344,7362.6338347863375,75.0,46142.0,2.2476641040804264,0.0358017642015156,0,0,4156,197,281,80,335,837,634,568,1224,2199,100.0,338717,1362.26
04400729,Hundekehle,hoch,gering,gut,gering,mittlerer Status-Index,einfach,einfach,einfach,52.47480804638592,13.261174038267534,690,Charlottenburg-Wilmersdorf,14193,0.0,98.9855072463768,1.0144927536231882,gut,1.0,30.0,0.0,0.0,,,,0.0,21.22553398058253,103.0,6795.215789473684,190.0,,0.0,Theodor-Heuss-Platz,U2,3.7435863104046447,7362.6338347863375,75.0,46142.0,2.2476641040804264,0.0358017642015156,0,0,3878,170,275,87,292,743,598,524,1190,2063,100.0,338717,1362.26
04400830,Forckenbeckstraße,mittel,mittel,mittel,mittel,mittlerer Status-Index,keine starke Belastung,keine starke Belastung,keine starke Belastung,52.48018942191301,13.297885140538352,621,Charlottenburg-Wilmersdorf,14199,0.0,83.25281803542673,16.74718196457327,gut,4.0,179.0,4.0,2.0,648.0,,,0.0,17.28464,125.0,5874.255924170616,211.0,10515.157894736842,57.0,Halensee S,S Ringbahn,1.7674049175666953,6733.077593396801,16.0,46142.0,2.2476641040804264,0.0358017642015156,1,0,6079,269,454,142,476,1209,937,787,1804,3284,100.0,338717,1362.26
04400831,Messelpark,mittel,mittel,gut,gering,hoher Status-Index,keine starke Belastung,keine starke Belastung,keine starke Belastung,52.47281447290331,13.283893673001016,429,Charlottenburg-Wilmersdorf,14199,0.0,100.0,0.0,gut,1.0,91.0,0.0,0.0,,,,0.0,16.036315789473683,38.0,5641.8375,80.0,,0.0,Halensee S,S Ringbahn,2.903306417890545,6733.077593396801,16.0,46142.0,2.2476641040804264,0.0358017642015156,0,0,3482,147,266,88,260,671,539,447,1063,1883,100.0,338717,1362.26
04400832,Breite Straße,gering,mittel,schlecht,mittel,hoher Status-Index,einfach,einfach,einfach,52.47208845614369,13.29657679666958,638,Charlottenburg-Wilmersdorf,14199,0.0,100.0,0.0,gut,4.0,362.0,1.0,1.0,576.0,,,0.0,16.321875,64.0,5641.089108910891,101.0,10789.050847457627,59.0,Heidelberger Platz,S Ringbahn,2.473389983890467,6733.077593396801,16.0,46142.0,2.2476641040804264,0.0358017642015156,0,0,5788,252,438,140,446,1138,893,744,1737,3128,100.0,338717,1362.26
04400833,Schlangenbader Straße,mittel,hoch,schlecht,mittel,mittlerer Status-Index,zweifach,zweifach,zweifach,52.47311797774667,13.3052193850657,227,Charlottenburg-Wilmersdorf,14197,0.0,2.202643171806168,97.79735682819384,mittel,2.0,98.0,0.0,0.0,,,,0.0,15.26,21.0,6014.368421052632,38.0,10667.016666666666,60.0,Heidelberger Platz,S Ringbahn,1.5733409667712448,7675.989197711183,31.0,46142.0,2.2476641040804264,0.0358017642015156,0,0,3073,135,193,64,239,612,493,461,875,1662,100.0,338717,1362.26
04400834,Binger Straße,mittel,mittel,mittel,mittel,hoher Status-Index,keine starke Belastung,keine starke Belastung,keine starke Belastung,52.47366586926295,13.310847118151306,381,Charlottenburg-Wilmersdorf,14197,0.0,82.41469816272966,17.585301837270343,gut,3.0,126.0,1.0,1.0,648.0,,,0.0,15.33125,24.0,5616.257142857143,35.0,,0.0,Heidelberger Platz,S Ringbahn,1.0626325654540074,7675.989197711183,31.0,46142.0,2.2476641040804264,0.0358017642015156,0,1,5369,236,330,111,418,1069,866,816,1523,2904,100.0,338717,1362.26
04400835,Rüdesheimer Platz,mittel,hoch,schlecht,mittel,mittlerer Status-Index,zweifach,zweifach,zweifach,52.47217601041999,13.316369306938633,673,Charlottenburg-Wilmersdorf,14197,0.0,97.91976225854384,2.080237741456166,gut,5.0,253.0,0.0,0.0,,,,0.0,17.5028125,32.0,5523.136363636364,66.0,9657.425925925923,54.0,Heidelberger Platz,S Ringbahn,0.98196152255859,7675.989197711183,31.0,46142.0,2.2476641040804264,0.0358017642015156,0,0,9499,417,584,197,739,1892,1532,1445,2694,5138,100.0,338717,1362.26
04500936,Droysenstraße,mittel,hoch,schlecht,hoch,mittlerer Status-Index,dreifach,dreifach,dreifach,52.50160243679838,13.302002083015118,185,Charlottenburg-Wilmersdorf,10629,0.0,100.0,0.0,gut,3.0,136.0,0.0,0.0,,,,0.0,19.594615384615384,26.0,6027.0,31.0,,0.0,Charlottenburg S,Stadtbahn,0.5005398561421317,8475.56990824511,32.0,46142.0,2.2476641040804264,0.0358017642015156,0,0,4774,230,271,86,410,1173,767,724,1114,2457,100.0,338717,1362.26
04500937,Halensee,hoch,mittel,schlecht,mittel,mittlerer Status-Index,zweifach,zweifach,zweifach,52.49925049413814,13.290535640240185,379,Charlottenburg-Wilmersdorf,10711,0.0,73.61477572559367,26.385224274406333,gut,2.0,43.0,1.0,1.0,576.0,,,0.0,18.124107142857145,56.0,6266.558558558559,111.0,,0.0,Halensee S,S Ringbahn,0.7057447714106033,7333.19836003889,42.0,46142.0,2.2476641040804264,0.0358017642015156,0,0,7293,323,426,146,659,1935,1086,1057,1661,3731,100.0,338717,1362.26
04500938,Hochmeisterplatz,hoch,hoch,schlecht,hoch,mittlerer Status-Index,vierfach,vierfach,vierfach,52.49593662650712,13.297467863430192,369,Charlottenburg-Wilmersdorf,10709,0.0,99.7289972899729,0.2710027100271002,gut,13.0,373.0,0.0,0.0,,,,0.0,17.248378378378376,74.0,6094.78431372549,102.0,11032.5,58.0,Halensee S,S Ringbahn,0.1630846227901191,8859.147735010802,14.0,46142.0,2.2476641040804264,0.0358017642015156,0,0,6354,282,362,128,576,1646,923,916,1521,3289,100.0,338717,1362.26
04500939,Eisenzahnstraße,hoch,hoch,mittel,hoch,mittlerer Status-Index,dreifach,dreifach,dreifach,52.49197875357622,13.30457981775942,519,Charlottenburg-Wilmersdorf,10709,0.0,33.140655105973025,66.85934489402698,mittel,6.0,599.0,3.0,2.0,648.0,,,0.0,18.20172839506173,81.0,6582.313559322034,118.0,,0.0,Adenauerplatz,U7,0.8243585475576174,8859.147735010802,14.0,46142.0,2.2476641040804264,0.0358017642015156,0,0,8167,370,457,165,750,2068,1161,1167,2030,4272,100.0,338717,1362.26
04501040,Hindemithplatz,mittel,hoch,schlecht,hoch,mittlerer Status-Index,dreifach,dreifach,dreifach,52.50280920199298,13.309613423217332,247,Charlottenburg-Wilmersdorf,10629,0.0,100.0,0.0,gut,0.0,0.0,1.0,1.0,830.0,2.41397849462366,-0.1894033456499197,1.0,18.95285714285714,14.0,6197.391304347826,23.0,11026.5,66.0,Adenauerplatz,U7,0.5127671489777547,8475.56990824511,32.0,46142.0,2.2476641040804264,0.0358017642015156,2,0,6655,324,376,119,568,1622,1078,1013,1555,3426,100.0,338717,1362.26
04501041,George-Grosz-Platz,hoch,hoch,schlecht,hoch,mittlerer Status-Index,vierfach,vierfach,vierfach,52.50226959878536,13.319123166557796,368,Charlottenburg-Wilmersdorf,10629,0.0,100.0,0.0,gut,5.0,432.0,1.0,1.0,720.0,,,0.0,17.175,8.0,6321.2,15.0,,0.0,Savignyplatz,Stadtbahn,0.3556655685758247,8475.56990824511,32.0,46142.0,2.2476641040804264,0.0358017642015156,1,1,7502,352,409,141,642,1852,1195,1119,1793,3837,100.0,338717,1362.26
04501042,Breitscheidplatz,hoch,hoch,schlecht,hoch,mittlerer Status-Index,vierfach,vierfach,vierfach,52.50339978644153,13.332460674647226,307,Charlottenburg-Wilmersdorf,10719,0.0,100.0,0.0,gut,2.0,84.0,0.0,0.0,,,,0.0,20.87666666666667,6.0,7633.444444444444,18.0,,0.0,Kurfürstendamm,U1,0.0805314677068473,10442.296551916044,22.0,46142.0,2.2476641040804264,0.0358017642015156,0,0,4886,235,278,78,429,1318,740,670,1137,2393,100.0,338717,1362.26
04501043,Preußenpark,mittel,mittel,schlecht,mittel,mittlerer Status-Index,einfach,einfach,einfach,52.49591761675529,13.31327609027394,470,Charlottenburg-Wilmersdorf,10707,0.0,99.36170212765958,0.6382978723404255,gut,2.0,108.0,0.0,0.0,,,,0.0,20.589583333333334,48.0,6465.538461538462,78.0,,0.0,Konstanzer Straße,U7,0.3986379662713332,8972.77602377103,62.0,46142.0,2.2476641040804264,0.0358017642015156,2,0,9664,485,508,176,811,2386,1491,1399,2407,4986,100.0,338717,1362.26
04501044,Ludwigkirchplatz,mittel,hoch,schlecht,mittel,mittlerer Status-Index,zweifach,zweifach,zweifach,52.4958649187628,13.320893818865136,259,Charlottenburg-Wilmersdorf,10719,0.0,100.0,0.0,gut,5.0,215.0,1.0,1.0,720.0,,,0.0,18.73785714285714,14.0,6741.076923076923,26.0,,0.0,Fehrbelliner Platz,U7,0.6916757271387176,10442.296551916044,22.0,46142.0,2.2476641040804264,0.0358017642015156,0,0,4588,216,244,88,376,1101,725,664,1174,2345,100.0,338717,1362.26
04501045,Schaperstraße,mittel,hoch,schlecht,hoch,mittlerer Status-Index,dreifach,dreifach,dreifach,52.49748838411253,13.330979457642147,437,Charlottenburg-Wilmersdorf,10719,0.0,99.77116704805492,0.2288329519450801,gut,4.0,135.0,0.0,0.0,,,,0.0,19.463,10.0,7249.0,12.0,,0.0,Kurfürstendamm,U1,0.6295131152876069,10442.296551916044,22.0,46142.0,2.2476641040804264,0.0358017642015156,0,0,8520,376,476,127,766,2186,1309,1162,2117,4285,100.0,338717,1362.26
04501146,Barstraße,hoch,hoch,gut,mittel,mittlerer Status-Index,zweifach,zweifach,zweifach,52.48615739840555,13.311944121732276,372,Charlottenburg-Wilmersdorf,10713,0.0,10.75268817204301,89.24731182795699,mittel,3.0,84.0,0.0,0.0,,,,0.0,19.869052631578946,95.0,6586.5921052631575,152.0,10845.2,50.0,Hohenzollerndamm S,S Ringbahn,0.5689427601650694,6414.160765713497,44.0,46142.0,2.2476641040804264,0.0358017642015156,0,0,6437,357,441,144,768,1794,938,852,1144,3286,100.0,338717,1362.26
04501147,Leon-Jessel-Platz,mittel,hoch,schlecht,hoch,mittlerer Status-Index,dreifach,dreifach,dreifach,52.48974422610925,13.31966638198194,238,Charlottenburg-Wilmersdorf,10713,0.0,100.0,0.0,gut,8.0,221.0,0.0,0.0,,,,0.0,19.923214285714288,28.0,6592.21875,32.0,,0.0,Fehrbelliner Platz,U7,0.3271499920842088,6414.160765713497,44.0,46142.0,2.2476641040804264,0.0358017642015156,1,0,5218,250,321,113,545,1361,778,723,1127,2683,100.0,338717,1362.26
04501148,Brabanter Platz,hoch,hoch,mittel,mittel,mittlerer Status-Index,zweifach,zweifach,zweifach,52.480969838888704,13.315195483578748,213,Charlottenburg-Wilmersdorf,10713,0.0,4.694835680751173,95.30516431924885,mittel,4.0,150.0,0.0,0.0,,,,0.0,19.57095238095238,42.0,6732.116666666667,60.0,,0.0,Heidelberger Platz,S Ringbahn,0.2003292994595679,6414.160765713497,44.0,46142.0,2.2476641040804264,0.0358017642015156,0,0,3671,203,252,82,438,1022,535,486,653,1875,100.0,338717,1362.26
04501149,Nikolsburger Platz,mittel,hoch,schlecht,hoch,mittlerer Status-Index,dreifach,dreifach,dreifach,52.490502387223366,13.326713650555464,369,Charlottenburg-Wilmersdorf,10717,0.0,100.0,0.0,gut,8.0,224.0,0.0,0.0,,,,0.0,18.552666666666667,30.0,6774.418604651163,43.0,11610.076923076924,104.0,Berliner Straße,U7,0.6187349827141764,6471.607475198383,83.0,46142.0,2.2476641040804264,0.0358017642015156,1,0,9758,423,560,207,932,2436,1474,1388,2337,5041,100.0,338717,1362.26
04501150,Wilhelmsaue,hoch,mittel,mittel,mittel,mittlerer Status-Index,einfach,einfach,einfach,52.48484465390318,13.3258223983416,174,Charlottenburg-Wilmersdorf,10715,0.0,100.0,0.0,gut,6.0,324.0,0.0,0.0,,,,0.0,19.131304347826084,23.0,6879.195652173913,46.0,,0.0,Berliner Straße,U7,0.4811204085120872,5953.600439274934,36.0,46142.0,2.2476641040804264,0.0358017642015156,0,0,3859,184,254,85,411,1050,592,501,782,1987,100.0,338717,1362.26
04501151,Hildegardstraße,hoch,hoch,mittel,hoch,mittlerer Status-Index,dreifach,dreifach,dreifach,52.48028426703485,13.324457904949998,279,Charlottenburg-Wilmersdorf,10715,0.0,100.0,0.0,gut,13.0,529.0,0.0,0.0,,,,0.0,18.52589743589744,39.0,6377.092592592592,54.0,,0.0,Bundesplatz,S Ringbahn,0.6930665379831954,5953.600439274934,36.0,46142.0,2.2476641040804264,0.0358017642015156,1,3,6136,293,405,135,656,1671,941,797,1238,3159,100.0,338717,1362.26
04501152,Prager Platz,gering,hoch,schlecht,hoch,mittlerer Status-Index,dreifach,dreifach,dreifach,52.491464264859935,13.333703589692597,272,Charlottenburg-Wilmersdorf,10717,0.0,100.0,0.0,gut,8.0,351.0,0.0,0.0,,,,0.0,16.2675,8.0,6749.9375,16.0,,0.0,Berliner Straße,U7,0.7327241671171445,6471.607475198383,83.0,46142.0,2.2476641040804264,0.0358017642015156,0,1,6731,291,387,130,618,1651,1060,950,1644,3454,100.0,338717,1362.26
04501153,Babelsberger Straße,hoch,hoch,mittel,hoch,mittlerer Status-Index,dreifach,dreifach,dreifach,52.48238612778332,13.333178408260208,342,Charlottenburg-Wilmersdorf,10715,0.0,92.10526315789474,7.894736842105263,gut,10.0,191.0,2.0,2.0,288.0,,,0.0,20.391142857142857,35.0,5993.0,67.0,,0.0,Berliner Straße,U7,0.5342128156696988,5953.600439274934,36.0,46142.0,2.2476641040804264,0.0358017642015156,0,0,7300,346,479,167,755,1966,1141,945,1501,3757,100.0,338717,1362.26
05100101,Hakenfelde Nord,gering,gering,gut,gering,hoher Status-Index,keine starke Belastung,keine starke Belastung,keine starke Belastung,52.57868695569953,13.17999122267026,1367,Spandau,13587,1.6093635698610096,3.218727139722019,95.17190929041696,mittel,7.0,569.0,0.0,0.0,,,,0.0,6.568235294117647,17.0,2292.0,15.0,,0.0,Altstadt Spandau,U7,5.206945278653085,3549.46978622045,20.0,22477.33333333333,2.4361643835616444,-0.1198930746023453,0,0,10016,508,706,233,974,2232,1377,1319,2666,5182,100.0,242137,928.29
05100102,Am Forstacker,gering,mittel,gut,gering,mittlerer Status-Index,keine starke Belastung,keine starke Belastung,keine starke Belastung,52.5641100035164,13.202139905482897,301,Spandau,13587,0.0,0.0,100.0,mittel,0.0,0.0,2.0,1.0,900.0,2.97647058823529,-0.4719886135681901,1.0,6.87,1.0,,0.0,,0.0,Altstadt Spandau,U7,2.8052324810639724,3549.46978622045,20.0,22477.33333333333,2.4361643835616444,-0.1198930746023453,0,0,2197,111,154,51,214,490,302,290,586,1136,100.0,242137,928.29
05100103,Mertensstraße,gering,mittel,gut,mittel,mittlerer Status-Index,keine starke Belastung,keine starke Belastung,keine starke Belastung,52.56368956097207,13.216970088277767,391,Spandau,13587,11.253196930946292,0.0,88.7468030690537,mittel,2.0,125.0,1.0,1.0,576.0,,,0.0,,0.0,1855.0,1.0,,0.0,Altstadt Spandau,U7,3.045645489692226,3549.46978622045,20.0,22477.33333333333,2.4361643835616444,-0.1198930746023453,0,0,2854,144,200,66,278,637,393,376,761,1476,100.0,242137,928.29
05100104,Maselake,mittel,mittel,gut,mittel,mittlerer Status-Index,keine starke Belastung,keine starke Belastung,keine starke Belastung,52.55811556128846,13.21390482955441,294,Spandau,13587,13.26530612244898,0.0,86.73469387755102,mittel,6.0,441.0,0.0,0.0,,,,0.0,8.956666666666667,3.0,2935.714285714286,7.0,,0.0,Altstadt Spandau,U7,2.340759917024565,3549.46978622045,20.0,22477.33333333333,2.4361643835616444,-0.1198930746023453,0,0,2146,108,150,50,209,479,295,283,572,1110,100.0,242137,928.29
05100105,Amorbacher Weg,gering,gering,gut,gering,mittlerer Status-Index,keine starke Belastung,keine starke Belastung,keine starke Belastung,52.557475381906926,13.18914850711464,1573,Spandau,13589,10.680228862047043,0.0,89.31977113795296,mittel,3.0,80.0,0.0,0.0,,,,0.0,6.992564102564103,117.0,2182.447619047619,210.0,,0.0,Altstadt Spandau,U7,2.702136641518312,3252.491645935292,4.0,22477.33333333333,2.4361643835616444,-0.1198930746023453,0,0,13397,798,1146,388,1308,2897,1830,1717,3315,6938,100.0,242137,928.29
05100206,Griesingerstraße,mittel,gering,gut,gering,mittlerer Status-Index,keine starke Belastung,keine starke Belastung,keine starke Belastung,52.55948432638651,13.157686630513256,413,Spandau,13589,100.0,0.0,0.0,einfach,1.0,72.0,0.0,0.0,,,,0.0,6.296,5.0,1972.692307692308,13.0,,0.0,Rathaus Spandau,U7,5.46900228624213,3252.491645935292,4.0,22477.33333333333,2.4361643835616444,-0.1198930746023453,0,0,3690,234,345,118,354,767,501,469,903,1918,100.0,242137,928.29
05100207,An der Tränke,hoch,mittel,gut,gering,hoher Status-Index,einfach,einfach,einfach,52.550568800252734,13.135771127470251,601,Spandau,13591,100.0,0.0,0.0,einfach,0.0,0.0,0.0,0.0,,,,0.0,7.06,1.0,2354.2,5.0,,0.0,Rathaus Spandau,U7,7.418800032630803,5580.899657509784,12.0,22477.33333333333,2.4361643835616444,-0.1198930746023453,0,2,2590,137,231,81,259,498,443,367,574,1333,100.0,242137,928.29
05100208,Im Spektefeld,gering,gering,gut,gering,niedriger/sehr niedriger Status-Index,keine starke Belastung,einfach,einfach,52.54956359924779,13.15848995088781,986,Spandau,13589,100.0,0.0,0.0,einfach,8.0,522.0,1.0,1.0,12.0,,,0.0,8.129473684210527,19.0,2329.333333333333,27.0,,0.0,Rathaus Spandau,U7,4.952983064419782,3252.491645935292,4.0,22477.33333333333,2.4361643835616444,-0.1198930746023453,0,0,8397,529,783,268,807,1739,1153,1072,2046,4364,100.0,242137,928.29
05100209,Westerwaldstraße,gering,mittel,mittel,gering,niedriger/sehr niedriger Status-Index,keine starke Belastung,einfach,einfach,52.54938760159556,13.178228327327616,493,Spandau,13589,100.0,0.0,0.0,einfach,6.0,669.0,2.0,1.0,432.0,,,0.0,7.1731428571428575,70.0,2221.090909090909,110.0,,0.0,Rathaus Spandau,U7,2.932116954556769,3252.491645935292,4.0,22477.33333333333,2.4361643835616444,-0.1198930746023453,0,0,4851,308,423,139,486,1096,670,624,1104,2519,100.0,242137,928.29
05100210,Germersheimer Platz,mittel,mittel,gut,gering,niedriger/sehr niedriger Status-Index,keine starke Belastung,einfach,einfach,52.54639869744165,13.18724559753745,568,Spandau,13583,100.0,0.0,0.0,einfach,3.0,151.0,0.0,0.0,,,,0.0,7.694,65.0,2323.675213675214,117.0,,0.0,Rathaus Spandau,U7,1.9139583438781376,5448.423664604498,15.0,22477.33333333333,2.4361643835616444,-0.1198930746023453,0,0,6677,426,526,161,718,1696,946,868,1334,3449,100.0,242137,928.29
05100211,An der Kappe,mittel,mittel,gut,gering,mittlerer Status-Index,keine starke Belastung,keine starke Belastung,keine starke Belastung,52.54361292128652,13.168094751376325,1489,Spandau,13583,100.0,0.0,0.0,einfach,5.0,384.0,1.0,1.0,888.0,,,0.0,7.643333333333333,39.0,2261.690476190476,84.0,,0.0,Rathaus Spandau,U7,3.74896145997346,5448.423664604498,15.0,22477.33333333333,2.4361643835616444,-0.1198930746023453,0,0,12739,782,1026,323,1338,3053,1883,1698,2637,6595,100.0,242137,928.29
05100312,Eckschanze,gering,mittel,gut,mittel,niedriger/sehr niedriger Status-Index,keine starke Belastung,einfach,einfach,52.55136019541479,13.19650780679478,279,Spandau,13585,100.0,0.0,0.0,einfach,0.0,0.0,2.0,2.0,504.0,,,0.0,7.050294117647059,34.0,2299.833333333333,54.0,,0.0,Altstadt Spandau,U7,1.6645995235054465,5051.7492666212365,32.0,22477.33333333333,2.4361643835616444,-0.1198930746023453,0,0,4657,315,391,129,574,1319,662,547,719,2298,100.0,242137,928.29
05100313,Eiswerder,mittel,mittel,gut,mittel,mittlerer Status-Index,keine starke Belastung,keine starke Belastung,keine starke Belastung,52.55199180068817,13.214272108209324,430,Spandau,13585,95.34883720930232,0.0,4.651162790697675,einfach,3.0,275.0,0.0,0.0,,,,0.0,8.370000000000001,53.0,2661.603305785124,121.0,,0.0,Altstadt Spandau,U7,1.771689619634253,5051.7492666212365,32.0,22477.33333333333,2.4361643835616444,-0.1198930746023453,0,0,5928,385,484,160,706,1621,839,710,1024,2949,100.0,242137,928.29
05100314,Kurstraße,mittel,hoch,schlecht,mittel,niedriger/sehr niedriger Status-Index,zweifach,dreifach,dreifach,52.54594495009681,13.20621048209083,320,Spandau,13585,100.0,0.0,0.0,einfach,8.0,443.0,0.0,0.0,,,,0.0,8.529642857142857,56.0,2787.1666666666665,60.0,5315.865671641791,67.0,Altstadt Spandau,U7,0.7825114146566812,5051.7492666212365,32.0,22477.33333333333,2.4361643835616444,-0.1198930746023453,0,0,5260,356,442,146,648,1488,749,618,813,2596,100.0,242137,928.29
05100315,Ackerstraße,mittel,hoch,schlecht,mittel,niedriger/sehr niedriger Status-Index,zweifach,dreifach,dreifach,52.54525509144938,13.19889276532391,407,Spandau,13585,100.0,0.0,0.0,einfach,6.0,474.0,2.0,2.0,750.0,,,0.0,8.898387096774194,62.0,2668.6666666666665,87.0,,0.0,Altstadt Spandau,U7,0.9703741920766168,5051.7492666212365,32.0,22477.33333333333,2.4361643835616444,-0.1198930746023453,0,0,6788,460,570,188,837,1922,965,797,1048,3350,100.0,242137,928.29
05100316,Carl-Schurz-Straße,mittel,mittel,gut,mittel,niedriger/sehr niedriger Status-Index,keine starke Belastung,einfach,einfach,52.53890274096207,13.1957669520594,989,Spandau,13583,100.0,0.0,0.0,einfach,8.0,480.0,2.0,2.0,890.0,2.302083333333336,-0.0775081843595952,2.0,8.576026490066225,151.0,2744.79079497908,239.0,5378.785714285715,70.0,Rathaus Spandau,U7,0.6642466284922522,5448.423664604498,15.0,22477.33333333333,2.4361643835616444,-0.1198930746023453,0,0,10961,726,902,293,1230,2864,1582,1359,2006,5524,100.0,242137,928.29
05100317,Freiheit,hoch,mittel,mittel,mittel,niedriger/sehr niedriger Status-Index,einfach,zweifach,zweifach,52.53035676958452,13.224734364604725,341,Spandau,13597,99.41348973607036,0.0,0.5865102639296188,einfach,3.0,206.0,1.0,1.0,576.0,,,0.0,9.108833333333331,60.0,2999.1894736842105,95.0,,0.0,Ruhleben,U2,1.3402614073010783,4219.319706897453,2.0,22477.33333333333,2.4361643835616444,-0.1198930746023453,0,0,3153,218,273,95,362,832,468,371,535,1546,99.1,242137,928.29
05200418,Isenburger Weg,mittel,mittel,gut,gering,hoher Status-Index,keine starke Belastung,keine starke Belastung,keine starke Belastung,52.54324641099096,13.13387488764143,1448,Spandau,13591,56.83701657458563,0.0,43.16298342541437,einfach,0.0,0.0,0.0,0.0,,,,0.0,7.612727272727272,44.0,2176.3387096774195,62.0,,0.0,Rathaus Spandau,U7,7.494178116780922,5580.899657509784,12.0,22477.33333333333,2.4361643835616444,-0.1198930746023453,0,0,6240,331,557,195,623,1201,1066,883,1383,3211,100.0,242137,928.29
05200419,Am Heideberg,gering,mittel,gut,mittel,mittlerer Status-Index,keine starke Belastung,keine starke Belastung,keine starke Belastung,52.54126595666339,13.146610906185089,521,Spandau,13591,100.0,0.0,0.0,einfach,2.0,59.0,0.0,0.0,,,,0.0,8.0192,25.0,2183.3414634146343,41.0,,0.0,Rathaus Spandau,U7,6.065420103757785,5580.899657509784,12.0,22477.33333333333,2.4361643835616444,-0.1198930746023453,0,0,2245,119,200,70,224,432,384,318,498,1155,100.0,242137,928.29
05200420,Staakener Straße,mittel,gering,gut,mittel,mittlerer Status-Index,keine starke Belastung,keine starke Belastung,keine starke Belastung,52.5338136966711,13.16638135407613,1896,Spandau,13591,21.04430379746836,0.0,78.95569620253164,mittel,6.0,383.0,0.0,0.0,,,,0.0,7.729399999999999,50.0,2327.75,64.0,,0.0,Rathaus Spandau,U7,3.8503251585364575,5580.899657509784,12.0,22477.33333333333,2.4361643835616444,-0.1198930746023453,0,0,12309,652,978,302,1399,2770,1831,1604,2773,6158,100.0,242137,928.29
05200421,Spandauer Straße,mittel,gering,gut,gering,mittlerer Status-Index,keine starke Belastung,keine starke Belastung,keine starke Belastung,52.53563824213799,13.144102009087351,501,Spandau,13591,94.81037924151696,0.0,5.189620758483033,einfach,2.0,187.0,0.0,0.0,,,,0.0,7.457954545454545,88.0,2091.1964285714284,112.0,,0.0,Rathaus Spandau,U7,6.315804643302785,5580.899657509784,12.0,22477.33333333333,2.4361643835616444,-0.1198930746023453,0,0,2159,115,193,68,216,415,369,306,479,1111,100.0,242137,928.29
05200422,Werkstraße,hoch,gering,gut,gering,mittlerer Status-Index,einfach,einfach,einfach,52.53294123517264,13.129769005256604,288,Spandau,13591,98.95833333333334,0.0,1.0416666666666663,einfach,3.0,205.0,0.0,0.0,,,,0.0,6.9543333333333335,60.0,2271.434108527132,129.0,4770.563636363637,55.0,Rathaus Spandau,U7,7.913926868053258,5580.899657509784,12.0,22477.33333333333,2.4361643835616444,-0.1198930746023453,0,0,1241,66,111,39,124,239,212,176,275,639,100.0,242137,928.29
05200423,Magistratsweg,gering,mittel,gut,gering,niedriger/sehr niedriger Status-Index,keine starke Belastung,einfach,einfach,52.531222332580064,13.153592211882952,360,Spandau,13591,56.388888888888886,0.0,43.61111111111112,einfach,2.0,204.0,1.0,1.0,432.0,,,0.0,7.824,45.0,2195.8571428571427,77.0,,0.0,Rathaus Spandau,U7,5.288919352725919,5580.899657509784,12.0,22477.33333333333,2.4361643835616444,-0.1198930746023453,0,0,2165,115,175,55,241,476,330,286,486,1088,100.0,242137,928.29
05200524,Döberitzer Weg,mittel,gering,gut,gering,hoher Status-Index,keine starke Belastung,keine starke Belastung,keine starke Belastung,52.52398112630215,13.12886731004206,844,Spandau,13591,16.587677725118482,0.0,83.41232227488152,mittel,2.0,164.0,1.0,1.0,432.0,,,0.0,6.894390243902439,41.0,2178.40625,64.0,,0.0,Rathaus Spandau,U7,8.117112297859059,5580.899657509784,12.0,22477.33333333333,2.4361643835616444,-0.1198930746023453,0,0,3637,193,325,114,363,700,622,515,806,1872,100.0,242137,928.29
05200525,Pillnitzer Weg,gering,gering,gut,gering,hoher Status-Index,keine starke Belastung,keine starke Belastung,keine starke Belastung,52.52253962622105,13.146250995014054,479,Spandau,13591,0.0,0.0,100.0,mittel,3.0,284.0,0.0,0.0,,,,0.0,7.1692857142857145,28.0,2272.71875,64.0,,0.0,Rathaus Spandau,U7,6.258111888805177,5580.899657509784,12.0,22477.33333333333,2.4361643835616444,-0.1198930746023453,0,0,2826,180,267,92,288,574,423,367,633,1454,100.0,242137,928.29
05200526,Rudolf-Wissell-Großsiedlung,mittel,mittel,gut,gering,niedriger/sehr niedriger Status-Index,keine starke Belastung,einfach,einfach,52.5216211551211,13.15783559524539,135,Spandau,13593,87.4074074074074,0.0,12.592592592592592,einfach,2.0,140.0,0.0,0.0,,,,0.0,7.34,3.0,2111.25,4.0,,0.0,Rathaus Spandau,U7,5.050093818652526,3753.6615209871743,7.0,22477.33333333333,2.4361643835616444,-0.1198930746023453,0,0,1297,97,130,44,135,278,166,153,294,668,100.0,242137,928.29
05200527,Maulbeerallee,mittel,gering,gut,gering,niedriger/sehr niedriger Status-Index,keine starke Belastung,einfach,einfach,52.522153916274085,13.173827390465558,533,Spandau,13593,93.62101313320824,0.0,6.378986866791744,einfach,7.0,697.0,0.0,0.0,,,,0.0,8.225,2.0,2672.333333333333,3.0,,0.0,Rathaus Spandau,U7,3.3851628770453304,3753.6615209871743,7.0,22477.33333333333,2.4361643835616444,-0.1198930746023453,0,1,4931,349,470,156,528,1079,641,589,1118,2520,100.0,242137,928.29
05200528,Weinmeisterhornweg,mittel,gering,gut,gering,mittlerer Status-Index,keine starke Belastung,keine starke Belastung,keine starke Belastung,52.51050698238705,13.17029679004017,1589,Spandau,13593,0.0,0.0,100.0,mittel,2.0,257.0,0.0,0.0,,,,0.0,,0.0,,0.0,,0.0,Rathaus Spandau,U7,4.429694244855001,3753.6615209871743,7.0,22477.33333333333,2.4361643835616444,-0.1198930746023453,0,0,17268,1317,1725,584,1808,3753,2144,2005,3931,8891,100.0,242137,928.29
05200629,Borkumer Straße,mittel,mittel,gut,mittel,mittlerer Status-Index,keine starke Belastung,keine starke Belastung,keine starke Belastung,52.53142309727863,13.190110821691448,584,Spandau,13581,94.34931506849315,0.0,5.650684931506849,einfach,6.0,515.0,0.0,0.0,,,,0.0,9.111162790697676,43.0,2749.0461538461536,65.0,,0.0,Rathaus Spandau,U7,1.3111268256737705,3919.324747496195,10.0,22477.33333333333,2.4361643835616444,-0.1198930746023453,0,0,5075,268,379,107,612,1225,699,633,1152,2503,100.0,242137,928.29
05200630,Wilhelmstadt West,mittel,mittel,gut,mittel,mittlerer Status-Index,keine starke Belastung,keine starke Belastung,keine starke Belastung,52.52296502386661,13.19129678967286,675,Spandau,13595,99.11111111111111,0.0,0.8888888888888888,einfach,13.0,462.0,3.0,2.0,576.0,,,0.0,7.69,3.0,2802.5,8.0,,0.0,Rathaus Spandau,U7,1.8037513437858856,3793.638728747174,34.0,22477.33333333333,2.4361643835616444,-0.1198930746023453,0,1,6105,312,399,134,639,1461,916,798,1446,3130,100.0,242137,928.29
05200631,Wilhelmstadt Ost,mittel,mittel,gut,mittel,niedriger/sehr niedriger Status-Index,keine starke Belastung,einfach,einfach,52.52121876307072,13.2004884961551,586,Spandau,13595,100.0,0.0,0.0,einfach,6.0,203.0,0.0,0.0,,,,0.0,,0.0,2777.0,5.0,,0.0,Rathaus Spandau,U7,1.641699386351119,3793.638728747174,34.0,22477.33333333333,2.4361643835616444,-0.1198930746023453,0,0,5287,271,348,116,558,1266,789,689,1249,2704,100.0,242137,928.29
05200632,Tiefwerder,hoch,mittel,gut,mittel,niedriger/sehr niedriger Status-Index,einfach,zweifach,zweifach,52.523003543989866,13.212199288308176,297,Spandau,13597,100.0,0.0,0.0,einfach,1.0,25.0,0.0,0.0,,,,0.0,8.278,5.0,3008.6363636363635,11.0,,0.0,Rathaus Spandau,U7,1.904327618321548,4219.319706897453,2.0,22477.33333333333,2.4361643835616444,-0.1198930746023453,0,0,2771,191,240,83,318,731,411,326,470,1358,100.0,242137,928.29
05200633,Graetschelsteig,hoch,mittel,gut,mittel,niedriger/sehr niedriger Status-Index,einfach,zweifach,zweifach,52.51694079460778,13.188637119067083,149,Spandau,13595,91.94630872483222,0.0,8.053691275167784,einfach,0.0,0.0,0.0,0.0,,,,0.0,,0.0,,0.0,,0.0,Rathaus Spandau,U7,2.521665290857354,3793.638728747174,34.0,22477.33333333333,2.4361643835616444,-0.1198930746023453,0,0,1400,79,101,34,145,329,204,179,330,720,100.0,242137,928.29
05200634,Börnicker Straße,mittel,gering,gut,gering,mittlerer Status-Index,keine starke Belastung,keine starke Belastung,keine starke Belastung,52.50845391549844,13.197268839949745,1160,Spandau,13595,3.362068965517241,0.0,96.63793103448276,mittel,5.0,290.0,1.0,1.0,600.0,,,0.0,,0.0,,0.0,,0.0,Rathaus Spandau,U7,3.085537115823334,3793.638728747174,34.0,22477.33333333333,2.4361643835616444,-0.1198930746023453,0,0,10529,538,681,232,1089,2520,1591,1380,2498,5413,100.0,242137,928.29
05300735,Haveleck,mittel,gering,gut,mittel,mittlerer Status-Index,keine starke Belastung,keine starke Belastung,keine starke Belastung,52.55569550323353,13.229712855582871,565,Spandau,13599,100.0,0.0,0.0,einfach,2.0,231.0,0.0,0.0,,,,0.0,7.840909090909091,22.0,2540.228571428572,35.0,,0.0,Rohrdamm,U7,2.519754953483651,4196.398156782904,7.0,22477.33333333333,2.4361643835616444,-0.1198930746023453,0,0,4340,279,369,118,439,1067,630,559,880,2247,100.0,242137,928.29
05300736,Zitadellenweg,gering,mittel,gut,mittel,mittlerer Status-Index,keine starke Belastung,keine starke Belastung,keine starke Belastung,52.54138166441634,13.224996527887926,640,Spandau,13599,100.0,0.0,0.0,einfach,3.0,283.0,3.0,3.0,664.0,2.56521739130435,-0.0781464530892499,1.0,8.429473684210526,209.0,2752.4850948509484,369.0,5171.434782608696,46.0,Rohrdamm,U7,1.8741370680678568,4196.398156782904,7.0,22477.33333333333,2.4361643835616444,-0.1198930746023453,0,0,4922,317,418,133,498,1210,714,634,997,2547,100.0,242137,928.29
05300737,Gartenfelder Straße,mittel,mittel,gut,mittel,niedriger/sehr niedriger Status-Index,keine starke Belastung,einfach,einfach,52.5428827837035,13.240049153088794,846,Spandau,13599,100.0,0.0,0.0,einfach,6.0,363.0,4.0,2.0,504.0,,,0.0,8.567327586206897,116.0,2856.8555555555554,180.0,,0.0,Rohrdamm,U7,0.7712449130773632,4196.398156782904,7.0,22477.33333333333,2.4361643835616444,-0.1198930746023453,0,0,6499,418,552,176,657,1597,943,837,1318,3364,100.0,242137,928.29
05300838,Gartenfeld,hoch,gering,schlecht,mittel,-,zweifach,zweifach,zweifach,52.5505356609663,13.245945596164452,10,Spandau,13599,100.0,0.0,0.0,einfach,0.0,0.0,1.0,1.0,1326.0,,,0.0,7.951212121212121,33.0,2656.529411764706,68.0,,0.0,Rohrdamm,U7,1.7042905485027953,4196.398156782904,7.0,22477.33333333333,2.4361643835616444,-0.1198930746023453,0,0,77,5,7,2,8,19,11,10,16,40,100.0,242137,928.29
05300839,Rohrdamm,gering,mittel,gut,gering,niedriger/sehr niedriger Status-Index,keine starke Belastung,einfach,einfach,52.54422188761504,13.263621022500754,635,Spandau,13629,99.68503937007874,0.0,0.3149606299212598,einfach,5.0,232.0,2.0,2.0,1038.0,2.55921052631579,-0.3346353773420496,1.0,8.925689655172414,58.0,3029.269230769231,104.0,,0.0,Siemensdamm,U7,1.024493531277353,3525.1747999732047,11.0,22477.33333333333,2.4361643835616444,-0.1198930746023453,0,0,8059,528,687,211,941,2111,1157,951,1474,4039,100.0,242137,928.29
05300840,Nonnendammallee,hoch,mittel,schlecht,mittel,mittlerer Status-Index,zweifach,zweifach,zweifach,52.53442759141233,13.257384532381373,142,Spandau,13629,77.46478873239437,0.0,22.53521126760564,einfach,1.0,115.0,0.0,0.0,,,,0.0,9.195364806866952,233.0,3105.326829268293,410.0,5473.783333333334,120.0,Siemensdamm,U7,0.7370605899144417,3525.1747999732047,11.0,22477.33333333333,2.4361643835616444,-0.1198930746023453,0,0,1326,86,113,35,149,341,191,160,250,670,86.6,242137,928.29
05300841,Siemensdamm,hoch,hoch,schlecht,hoch,mittlerer Status-Index,vierfach,vierfach,vierfach,52.53701051746514,13.270176559390483,248,Spandau,13629,20.56451612903226,0.0,79.43548387096774,mittel,4.0,305.0,0.0,0.0,,,,0.0,11.71,15.0,3412.733333333333,30.0,,0.0,Siemensdamm,U7,0.721005166341265,3525.1747999732047,11.0,22477.33333333333,2.4361643835616444,-0.1198930746023453,0,0,3135,205,267,82,366,821,450,370,573,1571,99.6,242137,928.29
05400942,Alt-Gatow,gering,gering,gut,gering,hoher Status-Index,keine starke Belastung,keine starke Belastung,keine starke Belastung,52.48238731959595,13.167221724197333,1564,Spandau,14089,0.0,14.9616368286445,85.0383631713555,mittel,8.0,399.0,1.0,1.0,288.0,,,0.0,8.737294520547945,292.0,2717.670565302144,513.0,5805.218181818182,55.0,Nikolassee,S1,6.592505141960255,5573.7112417607295,16.0,22477.33333333333,2.4361643835616444,-0.1198930746023453,0,1,4104,224,419,144,312,672,654,599,1079,2069,100.0,242137,928.29
05400943,Jägerallee,gering,gering,gut,gering,hoher Status-Index,keine starke Belastung,keine starke Belastung,keine starke Belastung,52.46733988533114,13.133544620025514,3790,Spandau,14089,0.0,59.28759894459103,40.71240105540897,gut,4.0,332.0,0.0,0.0,,,,0.0,9.433414634146342,82.0,2904.1338028169016,142.0,,0.0,Wannsee,S1,6.248220380044287,5573.7112417607295,16.0,22477.33333333333,2.4361643835616444,-0.1198930746023453,0,0,9944,543,1016,349,757,1628,1586,1452,2614,5013,100.0,242137,928.29
05400944,Kladower Damm,gering,gering,gut,gering,hoher Status-Index,keine starke Belastung,keine starke Belastung,keine starke Belastung,52.45434183325484,13.151590980343771,929,Spandau,14089,0.0,85.68353067814854,14.316469321851452,gut,0.0,0.0,0.0,0.0,,,,0.0,9.27654255319149,188.0,2842.5765765765764,333.0,6256.058823529412,119.0,Wannsee,S1,4.053165083795771,5573.7112417607295,16.0,22477.33333333333,2.4361643835616444,-0.1198930746023453,0,1,2438,133,249,85,186,399,389,356,641,1229,100.0,242137,928.29
05400945,Kafkastraße,gering,gering,gut,gering,hoher Status-Index,keine starke Belastung,keine starke Belastung,keine starke Belastung,52.44924083020121,13.1249631042703,1338,Spandau,14089,0.0,100.0,0.0,gut,3.0,180.0,0.0,0.0,,,,0.0,9.53327868852459,61.0,2907.0776699029125,103.0,6210.734693877551,49.0,Wannsee,S1,5.413916620662926,5573.7112417607295,16.0,22477.33333333333,2.4361643835616444,-0.1198930746023453,0,0,3511,192,359,123,267,575,560,512,923,1770,100.0,242137,928.29
06100101,Fichtenberg,mittel,mittel,gut,mittel,hoher Status-Index,keine starke Belastung,keine starke Belastung,keine starke Belastung,52.45947634655775,13.31173596562651,869,Steglitz-Zehlendorf,12163,0.0,99.5397008055236,0.4602991944764096,gut,6.0,326.0,3.0,1.0,664.0,2.28932038834951,-0.0647452393757697,1.0,16.102413793103448,29.0,5052.30303030303,33.0,,0.0,Botanischer Garten,S1,1.963502455868693,5836.63811597813,27.0,23979.0,2.197657952069716,0.0664041696682678,0,1,10545,587,717,254,1043,2672,1580,1408,2285,5565,100.0,306576,782.16
06100102,Schloßstraße,mittel,hoch,schlecht,hoch,mittlerer Status-Index,dreifach,dreifach,dreifach,52.45951078878165,13.320294409868517,472,Steglitz-Zehlendorf,12163,0.0,87.71186440677965,12.28813559322034,gut,8.0,394.0,0.0,0.0,,,,0.0,16.166129032258063,31.0,5174.345454545454,55.0,,0.0,Friedenau S,S1,1.7556918691190453,5836.63811597813,27.0,23979.0,2.197657952069716,0.0664041696682678,0,3,6715,374,440,146,653,1729,999,898,1476,3574,100.0,306576,782.16
06100103,Markelstraße,mittel,hoch,schlecht,hoch,hoher Status-Index,dreifach,dreifach,dreifach,52.464473250338095,13.3211898441912,363,Steglitz-Zehlendorf,12163,0.0,100.0,0.0,gut,5.0,158.0,2.0,1.0,950.0,2.85681818181818,-0.35233620715108,1.0,16.0128125,32.0,5465.68253968254,63.0,,0.0,Friedenau S,S1,1.2862156113411092,5836.63811597813,27.0,23979.0,2.197657952069716,0.0664041696682678,0,0,5268,294,338,110,509,1375,781,710,1151,2816,94.8,306576,782.16
06100204,Munsterdamm,mittel,mittel,gut,gering,mittlerer Status-Index,keine starke Belastung,keine starke Belastung,keine starke Belastung,52.4536320849701,13.348386871268838,666,Steglitz-Zehlendorf,12169,0.0,0.7507507507507507,99.24924924924925,mittel,4.0,317.0,0.0,0.0,,,,0.0,13.783589743589742,39.0,4780.746268656716,67.0,,0.0,Schöneberg S,S Ringbahn,2.6983694181784528,4902.241896099049,45.0,23979.0,2.197657952069716,0.0664041696682678,0,0,8454,429,573,173,826,2105,1311,1112,1925,4425,100.0,306576,782.16
06100205,Südende,mittel,hoch,mittel,mittel,mittlerer Status-Index,einfach,einfach,einfach,52.4469957054431,13.350842948144052,818,Steglitz-Zehlendorf,12247,0.0,0.0,100.0,mittel,4.0,328.0,1.0,1.0,432.0,,,0.0,12.371714285714283,35.0,4523.076923076923,52.0,,0.0,Schöneberg S,S Ringbahn,3.394431650403035,4316.699615786205,26.0,23979.0,2.197657952069716,0.0664041696682678,0,0,9201,488,584,185,861,2309,1354,1215,2204,4904,100.0,306576,782.16
06100206,Stadtpark,mittel,mittel,gut,mittel,mittlerer Status-Index,keine starke Belastung,keine starke Belastung,keine starke Belastung,52.44780695588498,13.333489427495588,516,Steglitz-Zehlendorf,12167,0.0,20.73643410852713,79.26356589147287,mittel,2.0,62.0,0.0,0.0,,,,0.0,14.102142857142857,42.0,4709.898734177215,79.0,,0.0,Friedenau S,S1,2.713216683046947,5199.909198039076,45.0,23979.0,2.197657952069716,0.0664041696682678,0,0,7558,407,468,145,734,1991,1121,987,1705,4051,100.0,306576,782.16
06100207,Mittelstraße,mittel,hoch,mittel,mittel,mittlerer Status-Index,einfach,einfach,einfach,52.45098527760932,13.323568880519913,581,Steglitz-Zehlendorf,12167,0.0,3.614457831325301,96.3855421686747,mittel,7.0,394.0,0.0,0.0,,,,0.0,14.03945945945946,37.0,4831.6875,80.0,9197.291666666666,72.0,Botanischer Garten,S1,1.899973395918062,5199.909198039076,45.0,23979.0,2.197657952069716,0.0664041696682678,0,0,7835,424,500,165,773,2044,1169,1027,1734,4171,100.0,306576,782.16
06100208,Bergstraße,mittel,mittel,mittel,mittel,mittlerer Status-Index,keine starke Belastung,keine starke Belastung,keine starke Belastung,52.45588473327545,13.332600910950848,489,Steglitz-Zehlendorf,12169,0.0,64.62167689161554,35.37832310838446,gut,5.0,234.0,0.0,0.0,,,,0.0,14.405333333333331,45.0,4986.121739130434,115.0,,0.0,Friedenau S,S1,1.8119421839820056,4902.241896099049,45.0,23979.0,2.197657952069716,0.0664041696682678,2,0,6285,320,423,128,614,1573,971,826,1429,3296,100.0,306576,782.16
06100209,Feuerbachstraße,hoch,hoch,schlecht,mittel,mittlerer Status-Index,dreifach,dreifach,dreifach,52.46223577043599,13.334076325500543,528,Steglitz-Zehlendorf,12157,0.0,23.863636363636363,76.13636363636364,mittel,4.0,167.0,0.0,0.0,,,,0.0,14.669701492537314,67.0,4997.977611940299,134.0,,0.0,Friedenau S,S1,1.1744860042294518,4952.150389312203,84.0,23979.0,2.197657952069716,0.0664041696682678,0,0,8798,498,542,160,824,2469,1322,1205,1779,4723,100.0,306576,782.16
06100210,Bismarckstraße,mittel,hoch,schlecht,mittel,mittlerer Status-Index,zweifach,zweifach,zweifach,52.46110497554662,13.342399642824274,268,Steglitz-Zehlendorf,12157,0.0,0.0,100.0,mittel,3.0,46.0,0.0,0.0,,,,0.0,12.973636363636365,11.0,5061.121212121212,33.0,,0.0,Innsbrucker Platz,S Ringbahn,1.810924265238851,4952.150389312203,84.0,23979.0,2.197657952069716,0.0664041696682678,1,0,4170,234,265,74,386,1148,635,558,870,2231,100.0,306576,782.16
06200311,Alt-Lankwitz,mittel,mittel,mittel,gering,mittlerer Status-Index,keine starke Belastung,keine starke Belastung,keine starke Belastung,52.43865900729942,13.3583334101235,827,Steglitz-Zehlendorf,12247,0.0,11.366384522370012,88.63361547762999,mittel,0.0,0.0,0.0,0.0,,,,0.0,11.552407407407408,54.0,3986.9277108433735,83.0,8194.702127659575,47.0,Südkreuz,S Ringbahn,4.101162608144963,4316.699615786205,26.0,23979.0,2.197657952069716,0.0664041696682678,0,0,6058,316,396,134,515,1362,864,820,1653,3206,100.0,306576,782.16
06200312,Komponistenviertel Lankwitz,mittel,mittel,gut,gering,hoher Status-Index,keine starke Belastung,keine starke Belastung,keine starke Belastung,52.44063241189105,13.336132693539934,911,Steglitz-Zehlendorf,12247,0.0,29.198682766191,70.801317233809,mittel,6.0,399.0,0.0,0.0,,,,0.0,12.566753246753247,77.0,4102.648275862069,145.0,,0.0,Botanischer Garten,S1,3.0155522543770803,4316.699615786205,26.0,23979.0,2.197657952069716,0.0664041696682678,0,0,6813,356,447,150,583,1536,970,920,1852,3606,100.0,306576,782.16
06200313,Lankwitz Kirche,mittel,mittel,gut,gering,mittlerer Status-Index,keine starke Belastung,keine starke Belastung,keine starke Belastung,52.43732845043849,13.346968235655508,620,Steglitz-Zehlendorf,12247,0.0,18.548387096774192,81.45161290322581,mittel,5.0,266.0,1.0,1.0,576.0,,,0.0,12.36047619047619,84.0,4077.5126050420167,119.0,8201.522935779816,109.0,Botanischer Garten,S1,4.2462546124296106,4316.699615786205,26.0,23979.0,2.197657952069716,0.0664041696682678,0,1,4491,235,298,99,394,1005,650,603,1206,2376,100.0,306576,782.16
06200314,Kaiser-Wilhelm-Straße,gering,mittel,gut,mittel,mittlerer Status-Index,keine starke Belastung,keine starke Belastung,keine starke Belastung,52.43073023692308,13.33770284519166,678,Steglitz-Zehlendorf,12249,0.0,0.1474926253687315,99.85250737463129,mittel,9.0,520.0,2.0,2.0,664.0,2.05112781954887,0.1734473294248704,1.0,12.14340425531915,47.0,4385.966666666666,60.0,,0.0,Botanischer Garten,S1,3.422799574320423,4010.605988438044,11.0,23979.0,2.197657952069716,0.0664041696682678,0,0,4712,250,325,106,442,1037,709,622,1221,2493,100.0,306576,782.16
06200315,Gallwitzallee,gering,mittel,gut,gering,mittlerer Status-Index,keine starke Belastung,keine starke Belastung,keine starke Belastung,52.42668439661409,13.346420904331362,786,Steglitz-Zehlendorf,12249,0.0,1.3994910941475829,98.6005089058524,mittel,4.0,312.0,2.0,1.0,504.0,,,0.0,12.03190476190476,21.0,4161.586956521739,46.0,,0.0,Botanischer Garten,S1,4.488151258656687,4010.605988438044,11.0,23979.0,2.197657952069716,0.0664041696682678,0,0,5359,287,379,121,530,1171,829,696,1345,2835,100.0,306576,782.16
06200316,Belßstraße,gering,mittel,mittel,mittel,mittlerer Status-Index,keine starke Belastung,keine starke Belastung,keine starke Belastung,52.43045600575533,13.35963536448183,328,Steglitz-Zehlendorf,12249,0.0,0.0,100.0,mittel,3.0,321.0,0.0,0.0,,,,0.0,12.312380952380952,21.0,4008.032258064516,31.0,,0.0,Südkreuz,S Ringbahn,4.980112122521446,4010.605988438044,11.0,23979.0,2.197657952069716,0.0664041696682678,0,0,2264,122,160,50,226,497,351,293,565,1197,100.0,306576,782.16
06200317,Lankwitz Süd,gering,mittel,gut,gering,mittlerer Status-Index,keine starke Belastung,keine starke Belastung,keine starke Belastung,52.42273852968109,13.354807072674152,1860,Steglitz-Zehlendorf,12249,0.0,0.0,100.0,mittel,2.0,135.0,0.0,0.0,,,,0.0,10.14,27.0,3227.818181818182,44.0,,0.0,Botanischer Garten,S1,5.515808964120148,4010.605988438044,11.0,23979.0,2.197657952069716,0.0664041696682678,0,0,12695,682,898,284,1262,2780,1967,1645,3177,6715,99.6,306576,782.16
06200418,Landweg,,gering,,mittel,-,keine starke Belastung,keine starke Belastung,keine starke Belastung,52.40603763815088,13.31565185743308,7,Steglitz-Zehlendorf,12207,42.85714285714285,0.0,57.14285714285714,mittel,0.0,0.0,0.0,0.0,,,,0.0,,0.0,,0.0,,0.0,Botanischer Garten,S1,4.059533722026339,4232.537608172352,40.0,23979.0,2.197657952069716,0.0664041696682678,0,0,57,3,4,1,6,12,8,7,16,30,100.0,306576,782.16
06200419,Thermometersiedlung,mittel,mittel,schlecht,gering,mittlerer Status-Index,einfach,einfach,einfach,52.413108395640265,13.315137844205656,134,Steglitz-Zehlendorf,12207,67.16417910447761,0.0,32.83582089552239,einfach,3.0,414.0,1.0,1.0,432.0,,,0.0,,0.0,,0.0,,0.0,Botanischer Garten,S1,3.278538537896716,4232.537608172352,40.0,23979.0,2.197657952069716,0.0664041696682678,0,0,1100,60,85,26,111,227,155,135,300,576,100.0,306576,782.16
06200420,Lichterfelde Süd,mittel,mittel,gut,gering,mittlerer Status-Index,keine starke Belastung,keine starke Belastung,keine starke Belastung,52.41529215399848,13.30558240858266,1031,Steglitz-Zehlendorf,12207,53.83123181377304,0.0,46.16876818622696,einfach,3.0,223.0,3.0,2.0,360.0,2.6000000000000005,-0.1129290617849001,1.0,15.181333333333331,15.0,4185.166666666667,24.0,,0.0,Lichterfelde West,S1,2.7008431287906207,4232.537608172352,40.0,23979.0,2.197657952069716,0.0664041696682678,1,0,8465,462,657,201,850,1748,1196,1039,2311,4433,100.0,306576,782.16
06200421,Königsberger Straße,mittel,mittel,gut,gering,mittlerer Status-Index,keine starke Belastung,keine starke Belastung,keine starke Belastung,52.43077007263001,13.319550890219263,1171,Steglitz-Zehlendorf,12207,0.0,23.3134073441503,76.68659265584971,mittel,6.0,443.0,2.0,2.0,648.0,,,0.0,14.641228070175435,114.0,4612.913043478261,184.0,9288.064516129032,62.0,Botanischer Garten,S1,1.7103819712021022,4232.537608172352,40.0,23979.0,2.197657952069716,0.0664041696682678,0,2,9585,523,741,228,959,1984,1355,1180,2617,5021,100.0,306576,782.16
06200422,Oberhofer Platz,mittel,mittel,gut,gering,hoher Status-Index,keine starke Belastung,keine starke Belastung,keine starke Belastung,52.42270705703497,13.327907276835958,1334,Steglitz-Zehlendorf,12209,0.0,0.224887556221889,99.77511244377811,mittel,3.0,225.0,0.0,0.0,,,,0.0,13.155909090909091,22.0,4510.52,25.0,,0.0,Botanischer Garten,S1,2.9984442257612423,4735.266627397588,22.0,23979.0,2.197657952069716,0.0664041696682678,0,1,6297,309,505,192,501,1110,980,887,1812,3354,100.0,306576,782.16
06200423,Schütte-Lanz-Straße,gering,mittel,gut,gering,mittlerer Status-Index,keine starke Belastung,keine starke Belastung,keine starke Belastung,52.41339823929837,13.329223824851836,1975,Steglitz-Zehlendorf,12209,0.0,0.0,100.0,mittel,5.0,371.0,1.0,1.0,360.0,,,0.0,10.26,1.0,3131.5,2.0,,0.0,Botanischer Garten,S1,3.888271230824264,4735.266627397588,22.0,23979.0,2.197657952069716,0.0664041696682678,0,0,9445,466,756,285,760,1680,1465,1324,2710,5027,99.4,306576,782.16
06300524,Berlepschstraße,mittel,gering,gut,gering,mittlerer Status-Index,keine starke Belastung,keine starke Belastung,keine starke Belastung,52.4263102990802,13.241393131224587,1432,Steglitz-Zehlendorf,14165,0.0,3.56145251396648,96.43854748603351,mittel,1.0,85.0,0.0,0.0,,,,0.0,18.44,46.0,5733.533333333334,90.0,10452.020408163266,49.0,Zehlendorf S,S1,1.8673835244591424,4795.120442705567,42.0,23979.0,2.197657952069716,0.0664041696682678,0,0,7504,352,602,220,624,1294,1165,1031,2216,4022,100.0,306576,782.16
06300525,Zehlendorf Süd,gering,gering,gut,gering,mittlerer Status-Index,keine starke Belastung,keine starke Belastung,keine starke Belastung,52.41066336441239,13.256749229891218,663,Steglitz-Zehlendorf,14165,0.0,0.0,100.0,mittel,3.0,206.0,0.0,0.0,,,,0.0,18.61,4.0,4922.333333333333,3.0,,0.0,Zehlendorf S,S1,2.0400961459833327,4795.120442705567,42.0,23979.0,2.197657952069716,0.0664041696682678,0,0,3573,167,278,100,296,629,549,491,1064,1927,100.0,306576,782.16
06300526,Zehlendorf Mitte,mittel,mittel,gut,mittel,mittlerer Status-Index,keine starke Belastung,keine starke Belastung,keine starke Belastung,52.43236984757215,13.254535207673989,498,Steglitz-Zehlendorf,14163,0.0,96.5863453815261,3.413654618473896,gut,6.0,432.0,1.0,1.0,950.0,1.9951388888888897,0.2294362600848503,1.0,18.038,75.0,5628.993055555556,144.0,,0.0,Zehlendorf S,S1,0.5364948030018395,6560.357919069579,14.0,23979.0,2.197657952069716,0.0664041696682678,0,0,2448,119,215,80,210,409,396,330,689,1292,100.0,306576,782.16
06300527,Sundgauer Straße,mittel,mittel,gut,gering,mittlerer Status-Index,keine starke Belastung,keine starke Belastung,keine starke Belastung,52.43542535799352,13.273824233874722,696,Steglitz-Zehlendorf,14167,0.0,65.08620689655173,34.91379310344828,gut,4.0,395.0,0.0,0.0,,,,0.0,17.9608,25.0,6032.822222222222,45.0,,0.0,Sundgauer Straße,S1,0.6936650174531053,5462.375482471926,24.0,23979.0,2.197657952069716,0.0664041696682678,0,0,3597,179,305,113,316,645,582,473,984,1921,100.0,306576,782.16
06300528,Teltower Damm,gering,gering,gut,gering,hoher Status-Index,keine starke Belastung,keine starke Belastung,keine starke Belastung,52.42143880076268,13.26493040126416,2619,Steglitz-Zehlendorf,14167,0.0,34.89881634211531,65.10118365788469,mittel,7.0,490.0,1.0,1.0,1520.0,1.9214285714285697,0.5830534032385302,1.0,18.239224806201552,129.0,5482.629310344828,232.0,,0.0,Zehlendorf S,S1,1.1385061492365458,5462.375482471926,24.0,23979.0,2.197657952069716,0.0664041696682678,0,0,13182,676,1074,404,1115,2454,2070,1758,3630,6954,100.0,306576,782.16
06300629,Botanischer Garten,hoch,mittel,mittel,mittel,mittlerer Status-Index,einfach,einfach,einfach,52.44991390496142,13.301165334330047,774,Steglitz-Zehlendorf,12203,0.0,100.0,0.0,gut,4.0,141.0,0.0,0.0,,,,0.0,19.5780701754386,57.0,6216.6547619047615,84.0,,0.0,Botanischer Garten,S1,1.2361028871355038,5632.469913776213,46.0,23979.0,2.197657952069716,0.0664041696682678,0,0,6425,325,528,181,603,1370,1048,865,1504,3352,100.0,306576,782.16
06300630,Hindenburgdamm,mittel,mittel,gut,gering,mittlerer Status-Index,keine starke Belastung,keine starke Belastung,keine starke Belastung,52.442130593564606,13.31823876383532,474,Steglitz-Zehlendorf,12203,0.0,0.0,100.0,mittel,6.0,483.0,1.0,1.0,576.0,,,0.0,14.503333333333334,27.0,4878.608695652174,46.0,,0.0,Botanischer Garten,S1,1.0256052331291914,5632.469913776213,46.0,23979.0,2.197657952069716,0.0664041696682678,0,1,4520,230,354,120,431,992,729,614,1050,2356,100.0,306576,782.16
06300631,Goerzwerke,hoch,mittel,gut,gering,hoher Status-Index,einfach,einfach,einfach,52.41476210504142,13.287147342771233,533,Steglitz-Zehlendorf,12207,0.0,0.0,100.0,mittel,2.0,139.0,0.0,0.0,,,,0.0,15.664827586206895,29.0,4486.5625,32.0,,0.0,Lichterfelde West,S1,1.802480541782456,4232.537608172352,40.0,23979.0,2.197657952069716,0.0664041696682678,0,0,3798,208,300,98,370,775,552,472,1024,1984,100.0,306576,782.16
06300632,Schweizer Viertel,gering,gering,gut,gering,hoher Status-Index,keine starke Belastung,keine starke Belastung,keine starke Belastung,52.424730666583656,13.288264722189853,3195,Steglitz-Zehlendorf,14167,0.0,2.378716744913928,97.62128325508608,mittel,6.0,512.0,0.0,0.0,,,,0.0,14.13,94.0,4788.878787878788,165.0,9413.793103448275,58.0,Lichterfelde West,S1,0.709914761701481,5462.375482471926,24.0,23979.0,2.197657952069716,0.0664041696682678,0,0,16592,864,1535,531,1390,3172,2717,2144,4240,8662,100.0,306576,782.16
06300633,Augustaplatz,mittel,mittel,gut,gering,mittlerer Status-Index,keine starke Belastung,keine starke Belastung,keine starke Belastung,52.44171979509071,13.308388031031498,1378,Steglitz-Zehlendorf,12203,0.0,52.17706821480407,47.82293178519594,gut,12.0,839.0,2.0,2.0,350.0,,,0.0,14.86741935483871,62.0,4886.09,100.0,9038.3125,64.0,Botanischer Garten,S1,0.0747105708390572,5632.469913776213,46.0,23979.0,2.197657952069716,0.0664041696682678,0,0,12915,655,1025,348,1219,2827,2101,1760,2981,6732,100.0,306576,782.16
06300634,Lichterfelde West,mittel,mittel,gut,gering,hoher Status-Index,keine starke Belastung,keine starke Belastung,keine starke Belastung,52.43677237325461,13.293347008543758,1393,Steglitz-Zehlendorf,12205,0.0,80.8327351040919,19.16726489590811,gut,4.0,159.0,1.0,1.0,581.0,2.25769230769231,-0.0331171587185696,1.0,14.56972602739726,73.0,4966.647540983607,122.0,9176.528301886792,53.0,Lichterfelde West,S1,0.9523050296488074,5900.106169069587,22.0,23979.0,2.197657952069716,0.0664041696682678,0,0,7753,374,798,247,617,1441,1320,999,1957,4084,100.0,306576,782.16
06400735,Wannsee,mittel,gering,gut,gering,hoher Status-Index,keine starke Belastung,keine starke Belastung,keine starke Belastung,52.419835028695886,13.141230510189288,2764,Steglitz-Zehlendorf,14109,0.0,94.64544138929088,5.354558610709118,gut,7.0,331.0,0.0,0.0,,,,0.0,18.49884514435696,381.0,5504.123100303951,658.0,11136.322916666666,96.0,Wannsee,S1,2.527479705221156,6838.414059026867,10.0,23979.0,2.197657952069716,0.0664041696682678,4,5,10433,548,975,307,702,1652,1729,1416,3105,5341,100.0,306576,782.16
06400736,Düppel,mittel,gering,gut,gering,hoher Status-Index,keine starke Belastung,keine starke Belastung,keine starke Belastung,52.42083915856932,13.207317630506006,907,Steglitz-Zehlendorf,14129,0.0,40.02205071664829,59.977949283351705,mittel,4.0,394.0,0.0,0.0,,,,0.0,19.61470588235294,34.0,5763.579710144928,69.0,,0.0,Nikolassee,S1,1.6073788767928143,5763.461851785478,17.0,23979.0,2.197657952069716,0.0664041696682678,0,2,4250,199,375,131,440,694,657,548,1207,2217,100.0,306576,782.16
06400737,Nikolassee,hoch,gering,gut,gering,hoher Status-Index,einfach,einfach,einfach,52.44715561047592,13.19670300518233,2237,Steglitz-Zehlendorf,14129,0.0,99.73178363880196,0.2682163611980331,gut,7.0,359.0,0.0,0.0,,,,0.0,18.575446153846155,325.0,5565.763837638377,542.0,10621.371681415929,113.0,Nikolassee,S1,1.793575754480965,5763.461851785478,17.0,23979.0,2.197657952069716,0.0664041696682678,0,1,10226,474,893,293,1149,1688,1542,1273,2914,5323,99.9,306576,782.16
06400838,Krumme Lanke,mittel,gering,gut,gering,hoher Status-Index,keine starke Belastung,keine starke Belastung,keine starke Belastung,52.449777509901686,13.230691338255616,1894,Steglitz-Zehlendorf,14163,0.0,100.0,0.0,gut,1.0,55.0,0.0,0.0,,,,0.0,15.364,5.0,5087.666666666667,9.0,,0.0,Mexikoplatz,S1,0.3109550293930467,6560.357919069579,14.0,23979.0,2.197657952069716,0.0664041696682678,0,0,8896,421,790,283,869,1442,1396,1168,2526,4643,100.0,306576,782.16
06400839,Fischerhüttenstraße,mittel,mittel,gut,gering,hoher Status-Index,keine starke Belastung,keine starke Belastung,keine starke Belastung,52.43901083949562,13.24440089058031,1213,Steglitz-Zehlendorf,14163,0.0,100.0,0.0,gut,6.0,585.0,1.0,1.0,,,,0.0,18.52185185185185,27.0,6100.365853658536,41.0,,0.0,Zehlendorf S,S1,1.874397563134991,6560.357919069579,14.0,23979.0,2.197657952069716,0.0664041696682678,0,0,5730,278,516,196,484,915,930,784,1628,2994,100.0,306576,782.16
06400840,Fischtal,gering,gering,gut,gering,hoher Status-Index,keine starke Belastung,keine starke Belastung,keine starke Belastung,52.44971939943475,13.2546132621422,1960,Steglitz-Zehlendorf,14169,0.0,100.0,0.0,gut,5.0,191.0,0.0,0.0,,,,0.0,14.87,1.0,6099.75,4.0,,0.0,Sundgauer Straße,S1,2.060397727599808,5738.18936651273,14.0,23979.0,2.197657952069716,0.0664041696682678,0,0,10583,482,911,328,935,1744,1727,1414,3042,5751,100.0,306576,782.16
06400841,Zehlendorf Eiche,mittel,mittel,gut,gering,mittlerer Status-Index,keine starke Belastung,keine starke Belastung,keine starke Belastung,52.44050016147411,13.265175974746814,1051,Steglitz-Zehlendorf,14169,0.0,66.03235014272121,33.96764985727878,gut,2.0,100.0,0.0,0.0,,,,0.0,18.465652173913043,23.0,6034.0,37.0,,0.0,Sundgauer Straße,S1,0.6488432694525677,5738.18936651273,14.0,23979.0,2.197657952069716,0.0664041696682678,0,0,5863,263,499,178,523,973,958,780,1690,3214,100.0,306576,782.16
06400842,Hüttenweg,mittel,gering,gut,gering,hoher Status-Index,keine starke Belastung,keine starke Belastung,keine starke Belastung,52.459885331827465,13.263141424807303,399,Steglitz-Zehlendorf,14195,0.0,77.69423558897243,22.305764411027567,gut,5.0,488.0,1.0,1.0,96.0,,,0.0,19.33086956521739,23.0,6974.948717948718,39.0,,0.0,Sundgauer Straße,S1,2.2705211094388384,8751.747000603184,44.0,23979.0,2.197657952069716,0.0664041696682678,0,0,2001,97,189,68,182,344,330,255,534,1065,99.5,306576,782.16
06400843,Thielallee,mittel,gering,gut,gering,hoher Status-Index,keine starke Belastung,keine starke Belastung,keine starke Belastung,52.44926844828986,13.285068729698535,1242,Steglitz-Zehlendorf,14195,0.0,98.06763285024157,1.932367149758454,gut,3.0,213.0,0.0,0.0,,,,0.0,20.45496598639456,147.0,6491.273469387756,245.0,12509.466666666667,60.0,Sundgauer Straße,S1,1.811363533752096,8751.747000603184,44.0,23979.0,2.197657952069716,0.0664041696682678,0,0,5931,299,597,216,547,1046,983,737,1506,3100,100.0,306576,782.16
06400844,Dahlem,mittel,gering,gut,gering,hoher Status-Index,keine starke Belastung,keine starke Belastung,keine starke Belastung,52.46126401507375,13.287839638511231,1737,Steglitz-Zehlendorf,14195,0.0,89.9251583189407,10.074841681059295,gut,5.0,370.0,2.0,1.0,558.0,1.8245614035087696,0.4000137454649701,1.0,18.473980099502487,201.0,6328.253289473684,304.0,12686.675213675211,117.0,Sundgauer Straße,S1,2.9245998329989424,8751.747000603184,44.0,23979.0,2.197657952069716,0.0664041696682678,0,1,8184,414,829,302,760,1457,1354,1012,2056,4258,100.0,306576,782.16
07100101,Wittenbergplatz,mittel,hoch,schlecht,hoch,mittlerer Status-Index,dreifach,dreifach,dreifach,52.49921048137384,13.342248393580752,461,Tempelhof-Schöneberg,10777,0.0,39.69631236442516,60.30368763557483,mittel,9.0,372.0,0.0,0.0,,,,0.0,18.76333333333333,3.0,7132.75,8.0,,0.0,Wittenbergplatz,U1,0.2879287627896399,7391.395814732825,42.0,37192.333333333336,2.335949367088608,-0.0334518849292158,0,0,10193,453,587,210,1022,2785,1629,1423,2083,4689,100.0,348739,1066.48
07100102,Kalckreuthstraße,mittel,hoch,schlecht,hoch,mittlerer Status-Index,dreifach,dreifach,dreifach,52.49834870147781,13.350203884782593,358,Tempelhof-Schöneberg,10777,0.0,9.497206703910614,90.5027932960894,mittel,4.0,323.0,0.0,0.0,,,,0.0,18.975,4.0,6500.8,5.0,,0.0,Nollendorfplatz,U1,0.4494195254641134,7391.395814732825,42.0,37192.333333333336,2.335949367088608,-0.0334518849292158,0,0,8300,394,517,173,858,2272,1391,1158,1537,3882,100.0,348739,1066.48
07100103,Frobenstraße,hoch,hoch,schlecht,mittel,mittlerer Status-Index,dreifach,dreifach,dreifach,52.49793529112217,13.357921378165146,311,Tempelhof-Schöneberg,10783,97.10610932475883,0.0,2.893890675241157,einfach,4.0,240.0,0.0,0.0,,,,0.0,20.87,2.0,,0.0,,0.0,Bülowstraße,U2,0.2153236493298798,8889.873581204158,6.0,37192.333333333336,2.335949367088608,-0.0334518849292158,1,0,7553,393,589,188,912,2158,1192,990,1130,3578,100.0,348739,1066.48
07100204,Barbarossaplatz,gering,mittel,schlecht,mittel,mittlerer Status-Index,einfach,einfach,einfach,52.49218852720734,13.352562246111429,458,Tempelhof-Schöneberg,10781,0.0,84.49781659388647,15.502183406113538,gut,8.0,470.0,1.0,1.0,1050.0,2.28484848484848,0.2196334898186203,1.0,13.193333333333332,9.0,5620.071428571428,14.0,,0.0,Eisenacher Straße,U7,0.7424586697595725,6853.946287902862,36.0,37192.333333333336,2.335949367088608,-0.0334518849292158,2,0,11217,592,785,257,1116,3163,1895,1616,1793,5581,100.0,348739,1066.48
07100205,Alvenslebenstraße,hoch,hoch,mittel,mittel,niedriger/sehr niedriger Status-Index,zweifach,dreifach,dreifach,52.49634920569681,13.365093599697166,226,Tempelhof-Schöneberg,10783,98.23008849557522,0.0,1.7699115044247788,einfach,2.0,140.0,0.0,0.0,,,,0.0,19.74,3.0,5864.666666666667,3.0,,0.0,Kurfürstenstraße,U1,0.460738715379428,8889.873581204158,6.0,37192.333333333336,2.335949367088608,-0.0334518849292158,0,1,5460,286,441,140,694,1572,844,698,784,2556,100.0,348739,1066.48
07100206,Großgörschenstraße,mittel,mittel,mittel,mittel,mittlerer Status-Index,keine starke Belastung,keine starke Belastung,keine starke Belastung,52.49077609441461,13.3677783190524,318,Tempelhof-Schöneberg,10783,0.0,0.0,100.0,mittel,7.0,291.0,0.0,0.0,,,,0.0,15.365,10.0,5122.882352941177,17.0,,0.0,Kleistpark,U7,0.7512256657353183,8889.873581204158,6.0,37192.333333333336,2.335949367088608,-0.0334518849292158,1,0,6690,384,491,149,804,2175,1042,831,813,3226,100.0,348739,1066.48
07200307,Bayerischer Platz,mittel,hoch,schlecht,hoch,mittlerer Status-Index,dreifach,dreifach,dreifach,52.48997506748246,13.341266816024074,546,Tempelhof-Schöneberg,10779,0.0,95.23809523809524,4.761904761904762,gut,3.0,117.0,1.0,1.0,288.0,,,0.0,12.246,5.0,5589.769230769231,13.0,,0.0,Bayerischer Platz,U7,0.4438447094724475,6599.559498547346,18.0,37192.333333333336,2.335949367088608,-0.0334518849292158,1,1,10617,491,628,209,1090,2805,1669,1436,2288,5434,100.0,348739,1066.48
07200308,Volkspark (Rudolph-Wilde-Park),mittel,hoch,mittel,hoch,mittlerer Status-Index,zweifach,zweifach,zweifach,52.48168637188355,13.34301522881686,455,Tempelhof-Schöneberg,10825,0.0,1.098901098901099,98.9010989010989,mittel,9.0,542.0,0.0,0.0,,,,0.0,17.516444444444446,45.0,5490.739726027397,73.0,,0.0,Bayerischer Platz,U7,0.5005744881880289,6857.869878943633,14.0,37192.333333333336,2.335949367088608,-0.0334518849292158,0,1,9853,538,651,211,1046,2940,1498,1267,1703,4925,100.0,348739,1066.48
07200409,Belziger Straße,mittel,mittel,schlecht,hoch,mittlerer Status-Index,zweifach,zweifach,zweifach,52.48702393943344,13.351211479185116,402,Tempelhof-Schöneberg,10823,0.0,0.0,100.0,mittel,13.0,650.0,1.0,1.0,600.0,,,0.0,16.099473684210526,38.0,5602.8,50.0,,0.0,Eisenacher Straße,U7,0.221518773143714,7109.237888825885,9.0,37192.333333333336,2.335949367088608,-0.0334518849292158,3,1,9436,567,580,203,919,2941,1643,1295,1288,4766,100.0,348739,1066.48
07200410,Feurigstraße,mittel,hoch,schlecht,hoch,niedriger/sehr niedriger Status-Index,dreifach,vierfach,vierfach,52.48351555580245,13.354174330543904,221,Tempelhof-Schöneberg,10827,76.92307692307693,0.0,23.07692307692308,einfach,6.0,205.0,0.0,0.0,,,,0.0,15.40027027027027,37.0,5462.095238095239,42.0,,0.0,Eisenacher Straße,U7,0.2882027210435811,5877.492944887613,8.0,37192.333333333336,2.335949367088608,-0.0334518849292158,1,2,5703,335,388,126,702,1965,801,703,682,2753,100.0,348739,1066.48
07200411,Julius-Leber-Brücke,mittel,hoch,schlecht,hoch,mittlerer Status-Index,dreifach,dreifach,dreifach,52.48797815095029,13.360391580948788,104,Tempelhof-Schöneberg,10827,0.0,0.0,100.0,mittel,1.0,130.0,0.0,0.0,,,,0.0,13.225,6.0,6153.166666666667,12.0,,0.0,Kleistpark,U7,0.1465745721810956,5877.492944887613,8.0,37192.333333333336,2.335949367088608,-0.0334518849292158,1,0,2684,158,183,59,331,925,377,331,321,1295,100.0,348739,1066.48
07200412,Schöneberger Linse,hoch,mittel,schlecht,hoch,mittlerer Status-Index,dreifach,dreifach,dreifach,52.4770503453772,13.360360009117295,137,Tempelhof-Schöneberg,10829,0.0,0.0,100.0,mittel,4.0,221.0,0.0,0.0,,,,0.0,14.288636363636364,22.0,5213.694444444444,36.0,,0.0,Südkreuz,S Ringbahn,0.5630822410786948,5334.615667070606,10.0,37192.333333333336,2.335949367088608,-0.0334518849292158,0,0,2274,133,143,40,239,813,387,290,229,1131,100.0,348739,1066.48
07200413,Cheruskerstraße,mittel,mittel,mittel,mittel,mittlerer Status-Index,keine starke Belastung,keine starke Belastung,keine starke Belastung,52.48099701698138,13.363274268122307,438,Tempelhof-Schöneberg,10829,0.0,0.0,100.0,mittel,9.0,394.0,0.0,0.0,,,,0.0,16.63266666666667,60.0,5436.435064935065,154.0,,0.0,Südkreuz,S Ringbahn,0.6926823636029752,5334.615667070606,10.0,37192.333333333336,2.335949367088608,-0.0334518849292158,0,0,7253,424,458,126,762,2590,1235,925,732,3608,100.0,348739,1066.48
07200414,Hohenfriedbergstraße,mittel,mittel,mittel,mittel,mittlerer Status-Index,keine starke Belastung,keine starke Belastung,keine starke Belastung,52.48649872550714,13.368136311791858,164,Tempelhof-Schöneberg,10829,0.0,0.0,100.0,mittel,8.0,312.0,0.0,0.0,,,,0.0,16.62764705882353,17.0,5251.0,20.0,,0.0,Kleistpark,U7,0.7288857474323963,5334.615667070606,10.0,37192.333333333336,2.335949367088608,-0.0334518849292158,0,0,2537,159,174,46,270,885,440,315,247,1260,100.0,348739,1066.48
07300515,Taunusstraße,hoch,hoch,schlecht,hoch,hoher Status-Index,vierfach,vierfach,vierfach,52.47437969052428,13.324312248672928,337,Tempelhof-Schöneberg,12161,0.0,100.0,0.0,gut,3.0,180.0,0.0,0.0,,,,0.0,15.338478260869566,46.0,5553.338028169014,71.0,,0.0,Bundesplatz,S Ringbahn,0.5505467436382326,6173.166814312976,48.0,37192.333333333336,2.335949367088608,-0.0334518849292158,1,0,6801,364,513,164,685,1687,1143,982,1263,3598,100.0,348739,1066.48
07300516,Odenwaldstraße,gering,hoch,schlecht,hoch,hoher Status-Index,dreifach,dreifach,dreifach,52.46844738298505,13.325810489133788,442,Tempelhof-Schöneberg,12161,0.0,100.0,0.0,gut,8.0,374.0,0.0,0.0,,,,0.0,16.700212765957446,47.0,5676.358695652174,92.0,10124.42857142857,49.0,Friedenau S,S1,0.609723403676189,6173.166814312976,48.0,37192.333333333336,2.335949367088608,-0.0334518849292158,1,1,8944,471,684,220,877,2238,1502,1303,1649,4729,100.0,348739,1066.48
07300517,Perelsplatz,mittel,hoch,schlecht,hoch,mittlerer Status-Index,dreifach,dreifach,dreifach,52.47465022135631,13.334276962743376,514,Tempelhof-Schöneberg,12159,0.0,100.0,0.0,gut,17.0,736.0,0.0,0.0,,,,0.0,16.851176470588232,68.0,5919.068627450981,102.0,,0.0,Friedenau S,S1,0.5584975070367516,5907.717741622021,40.0,37192.333333333336,2.335949367088608,-0.0334518849292158,3,0,8770,468,702,229,869,2043,1398,1271,1790,4699,100.0,348739,1066.48
07300618,Ceciliengärten,hoch,hoch,schlecht,mittel,mittlerer Status-Index,dreifach,dreifach,dreifach,52.47164226223723,13.339175537377685,561,Tempelhof-Schöneberg,12159,0.0,100.0,0.0,gut,12.0,597.0,2.0,2.0,504.0,,,0.0,17.030434782608694,46.0,5797.385542168675,83.0,,0.0,Innsbrucker Platz,S Ringbahn,0.6934574591089435,5907.717741622021,40.0,37192.333333333336,2.335949367088608,-0.0334518849292158,0,0,9964,534,789,257,994,2409,1591,1431,1959,5297,100.0,348739,1066.48
07300619,Grazer Platz,hoch,mittel,schlecht,mittel,mittlerer Status-Index,zweifach,zweifach,zweifach,52.46848815615859,13.351337358766198,702,Tempelhof-Schöneberg,12157,0.0,0.0,100.0,mittel,8.0,537.0,1.0,1.0,1126.0,2.71538461538462,-0.2109026407175198,1.0,15.996842105263156,133.0,5545.621761658031,193.0,9804.0,123.0,Schöneberg S,S Ringbahn,1.017196788694441,4952.150389312203,84.0,37192.333333333336,2.335949367088608,-0.0334518849292158,1,2,13608,854,1019,332,1566,4010,2144,1690,1992,6981,99.4,348739,1066.48
07400720,Gontermannstraße,mittel,hoch,mittel,mittel,mittlerer Status-Index,einfach,einfach,einfach,52.47813571606319,13.375423543279034,748,Tempelhof-Schöneberg,12101,0.0,0.0,100.0,mittel,8.0,418.0,1.0,1.0,,2.7333333333333303,-0.2462623951182299,1.0,13.220249999999998,40.0,4936.176470588235,85.0,,0.0,Südkreuz,S Ringbahn,1.2082336983817787,5184.577922077922,6.0,37192.333333333336,2.335949367088608,-0.0334518849292158,1,0,6601,389,530,168,678,1673,1037,826,1300,3392,100.0,348739,1066.48
07400721,Paradestraße,hoch,mittel,gut,mittel,mittlerer Status-Index,einfach,einfach,einfach,52.47492589582928,13.396845068154605,1301,Tempelhof-Schöneberg,12101,0.0,4.15065334358186,95.84934665641816,mittel,5.0,388.0,0.0,0.0,,,,0.0,12.452264150943396,106.0,4259.94578313253,166.0,7375.550847457627,118.0,Tempelhof S,S Ringbahn,1.38513722978642,5184.577922077922,6.0,37192.333333333336,2.335949367088608,-0.0334518849292158,0,1,11612,703,946,294,1199,2971,1847,1441,2210,5954,100.0,348739,1066.48
07400822,Lindenhofsiedlung,mittel,mittel,mittel,mittel,mittlerer Status-Index,keine starke Belastung,keine starke Belastung,keine starke Belastung,52.46351863627933,13.3643475566646,434,Tempelhof-Schöneberg,12105,35.944700460829495,0.0,64.0552995391705,mittel,3.0,104.0,0.0,0.0,,,,0.0,11.07,13.0,4673.138888888889,36.0,,0.0,Südkreuz,S Ringbahn,1.276487428909205,5062.040604426543,35.0,37192.333333333336,2.335949367088608,-0.0334518849292158,0,0,5391,313,348,106,541,1491,772,695,1126,2809,100.0,348739,1066.48
07400823,Wittekindstraße,mittel,hoch,schlecht,mittel,mittlerer Status-Index,zweifach,zweifach,zweifach,52.463416096937216,13.373783872027092,739,Tempelhof-Schöneberg,12103,98.91745602165088,0.0,1.0825439783491204,einfach,5.0,146.0,0.0,0.0,,,,0.0,11.495135135135136,37.0,4076.578947368421,57.0,,0.0,Tempelhof S,S Ringbahn,1.5028806145248033,3476.6215193476805,38.0,37192.333333333336,2.335949367088608,-0.0334518849292158,0,1,9980,583,641,187,1010,2917,1416,1261,1965,5233,100.0,348739,1066.48
07400824,Bosepark,hoch,hoch,mittel,mittel,mittlerer Status-Index,zweifach,zweifach,zweifach,52.46481174792952,13.381704457449398,450,Tempelhof-Schöneberg,12103,0.0,0.0,100.0,mittel,7.0,508.0,1.0,1.0,88.0,,,0.0,11.362857142857145,56.0,4096.851851851852,108.0,,0.0,Tempelhof S,S Ringbahn,0.7782284679686725,3476.6215193476805,38.0,37192.333333333336,2.335949367088608,-0.0334518849292158,1,1,6021,355,389,112,621,1780,851,753,1160,3150,100.0,348739,1066.48
07400825,Friedrich-Karl-Straße,mittel,hoch,mittel,hoch,mittlerer Status-Index,zweifach,zweifach,zweifach,52.45619481333109,13.3803150494113,393,Tempelhof-Schöneberg,12103,0.0,0.0,100.0,mittel,15.0,533.0,0.0,0.0,,,,0.0,13.295625,16.0,4004.913043478261,23.0,,0.0,Tempelhof S,S Ringbahn,1.7236920997481573,3476.6215193476805,38.0,37192.333333333336,2.335949367088608,-0.0334518849292158,0,0,4976,291,322,96,507,1411,704,631,1013,2598,100.0,348739,1066.48
07400826,Marienhöhe,hoch,mittel,gut,gering,mittlerer Status-Index,einfach,einfach,einfach,52.45173429170613,13.36615011342973,750,Tempelhof-Schöneberg,12105,0.0,0.0,100.0,mittel,2.0,121.0,0.0,0.0,,,,0.0,14.064285714285711,7.0,3615.153846153846,13.0,,0.0,Südkreuz,S Ringbahn,2.585647121633027,5062.040604426543,35.0,37192.333333333336,2.335949367088608,-0.0334518849292158,0,0,8426,484,545,174,832,2141,1196,1110,1944,4379,100.0,348739,1066.48
07400927,Rathaus Tempelhof,hoch,hoch,mittel,hoch,mittlerer Status-Index,dreifach,dreifach,dreifach,52.45945490287494,13.39916911283406,1084,Tempelhof-Schöneberg,12099,39.29889298892989,0.0,60.70110701107011,mittel,8.0,520.0,2.0,2.0,664.0,2.70980392156863,-0.4852287725948896,1.0,11.472834645669291,127.0,4046.905759162304,191.0,,0.0,Tempelhof S,S Ringbahn,2.028760048641562,4203.528054898702,15.0,37192.333333333336,2.335949367088608,-0.0334518849292158,0,0,11172,721,786,224,1422,3482,1492,1240,1804,5606,100.0,348739,1066.48
07400928,Germaniagarten,hoch,hoch,gut,mittel,niedriger/sehr niedriger Status-Index,zweifach,dreifach,dreifach,52.4609757328441,13.417591007073632,431,Tempelhof-Schöneberg,12099,100.0,0.0,0.0,einfach,2.0,145.0,0.0,0.0,,,,0.0,13.25,1.0,4279.75,4.0,,0.0,Hermannstraße,U8,1.6804963602510907,4203.528054898702,15.0,37192.333333333336,2.335949367088608,-0.0334518849292158,0,0,4423,287,312,89,567,1388,590,488,703,2216,99.1,348739,1066.48
07501029,Ringstraße,mittel,mittel,mittel,gering,mittlerer Status-Index,keine starke Belastung,keine starke Belastung,keine starke Belastung,52.44299304573967,13.373044617079486,585,Tempelhof-Schöneberg,12105,86.32478632478633,0.0,13.675213675213676,einfach,6.0,434.0,0.0,0.0,,,,0.0,10.022727272727272,66.0,3370.2065217391305,92.0,,0.0,Tempelhof S,S Ringbahn,3.3801653727193366,5062.040604426543,35.0,37192.333333333336,2.335949367088608,-0.0334518849292158,0,0,6243,355,405,130,614,1571,886,821,1462,3245,100.0,348739,1066.48
07501030,Machonstraße,mittel,hoch,mittel,mittel,mittlerer Status-Index,einfach,einfach,einfach,52.44639795154211,13.382804155057975,575,Tempelhof-Schöneberg,12105,37.56521739130434,0.0,62.43478260869565,mittel,6.0,339.0,0.0,0.0,,,,0.0,10.705454545454543,33.0,3444.3478260869565,46.0,6712.914893617021,47.0,Tempelhof S,S Ringbahn,2.741683200151565,5062.040604426543,35.0,37192.333333333336,2.335949367088608,-0.0334518849292158,0,0,6152,349,397,128,605,1546,873,813,1442,3201,100.0,348739,1066.48
07501031,Eisenacher Straße,mittel,mittel,gut,mittel,mittlerer Status-Index,keine starke Belastung,keine starke Belastung,keine starke Belastung,52.44778744327528,13.394379029999364,860,Tempelhof-Schöneberg,12109,26.27906976744186,0.0,73.72093023255813,mittel,3.0,364.0,2.0,1.0,504.0,,,0.0,10.72591836734694,49.0,3519.651162790697,86.0,6776.880733944954,109.0,Tempelhof S,S Ringbahn,2.778968727426629,4136.369776802437,14.0,37192.333333333336,2.335949367088608,-0.0334518849292158,0,0,7505,396,462,160,719,1773,1065,1032,1898,3945,100.0,348739,1066.48
07501032,Imbrosweg,gering,mittel,gut,gering,mittlerer Status-Index,keine starke Belastung,keine starke Belastung,keine starke Belastung,52.445570253320525,13.407614728959476,889,Tempelhof-Schöneberg,12109,83.23959505061868,0.0,16.76040494938133,einfach,4.0,386.0,0.0,0.0,,,,0.0,10.342,20.0,3461.4166666666665,24.0,,0.0,Hermannstraße,U8,3.575388923114996,4136.369776802437,14.0,37192.333333333336,2.335949367088608,-0.0334518849292158,0,0,7648,403,473,164,734,1805,1084,1047,1937,4018,100.0,348739,1066.48
07501133,Fritz-Werner-Straße,mittel,mittel,mittel,mittel,mittlerer Status-Index,keine starke Belastung,keine starke Belastung,keine starke Belastung,52.432514574707085,13.381914579602894,1013,Tempelhof-Schöneberg,12107,91.31293188548864,0.0,8.687068114511352,einfach,6.0,432.0,0.0,0.0,,,,0.0,10.62963963963964,111.0,3403.954773869347,199.0,,0.0,Tempelhof S,S Ringbahn,4.285588790947863,5282.090980917416,17.0,37192.333333333336,2.335949367088608,-0.0334518849292158,0,0,5691,277,412,139,524,1192,810,723,1613,2953,100.0,348739,1066.48
07501134,Hundsteinweg,mittel,mittel,gut,gering,mittlerer Status-Index,keine starke Belastung,keine starke Belastung,keine starke Belastung,52.43206655550372,13.399607931043931,1978,Tempelhof-Schöneberg,12107,14.1051567239636,0.0,85.8948432760364,mittel,4.0,459.0,0.0,0.0,,,,0.0,10.439764705882354,85.0,3443.7919463087246,149.0,,0.0,Tempelhof S,S Ringbahn,4.615791559571668,5282.090980917416,17.0,37192.333333333336,2.335949367088608,-0.0334518849292158,0,0,11670,548,799,277,1069,2460,1647,1491,3377,6087,100.0,348739,1066.48
07501135,Birnhornweg,mittel,hoch,gut,gering,hoher Status-Index,einfach,einfach,einfach,52.42197982785134,13.392338834117515,735,Tempelhof-Schöneberg,12107,0.0,0.0,100.0,mittel,2.0,208.0,0.0,0.0,,,,0.0,10.37,4.0,3120.333333333333,3.0,,0.0,Tempelhof S,S Ringbahn,5.5018790830412,5282.090980917416,17.0,37192.333333333336,2.335949367088608,-0.0334518849292158,0,0,4215,201,297,102,387,884,597,537,1210,2193,100.0,348739,1066.48
07601236,Marienfelder Allee Nordwest,mittel,mittel,gut,mittel,mittlerer Status-Index,keine starke Belastung,keine starke Belastung,keine starke Belastung,52.419072361810215,13.362125786066422,1097,Tempelhof-Schöneberg,12277,98.63263445761169,0.0,1.367365542388332,einfach,8.0,702.0,0.0,0.0,,,,0.0,10.511311475409835,61.0,3119.94,100.0,6243.836734693878,49.0,Südkreuz,S Ringbahn,6.21616037234029,3892.199758614227,26.0,37192.333333333336,2.335949367088608,-0.0334518849292158,0,0,9377,538,803,251,872,1994,1244,1180,2494,4816,100.0,348739,1066.48
07601237,Kirchstraße,mittel,mittel,gut,mittel,hoher Status-Index,keine starke Belastung,keine starke Belastung,keine starke Belastung,52.415268041360505,13.37261018597818,1229,Tempelhof-Schöneberg,12277,0.0,0.0,100.0,mittel,5.0,373.0,0.0,0.0,,,,0.0,10.388782608695651,115.0,3046.2311827956987,186.0,6616.05,60.0,Tempelhof S,S Ringbahn,6.33727250541339,3892.199758614227,26.0,37192.333333333336,2.335949367088608,-0.0334518849292158,0,0,5699,342,532,162,547,1174,845,711,1385,2873,100.0,348739,1066.48
07601238,Marienfelde Nordost,mittel,mittel,mittel,mittel,mittlerer Status-Index,keine starke Belastung,keine starke Belastung,keine starke Belastung,52.4178605452064,13.384150267833636,626,Tempelhof-Schöneberg,12277,75.5591054313099,0.0,24.44089456869009,einfach,1.0,60.0,0.0,0.0,,,,0.0,9.091509433962264,53.0,3326.689655172414,87.0,,0.0,Tempelhof S,S Ringbahn,5.899233553102113,3892.199758614227,26.0,37192.333333333336,2.335949367088608,-0.0334518849292158,0,0,2889,172,268,82,277,595,429,361,705,1457,100.0,348739,1066.48
07601339,Tirschenreuther Ring West,gering,mittel,gut,gering,niedriger/sehr niedriger Status-Index,keine starke Belastung,einfach,einfach,52.41060778876357,13.346753416185022,225,Tempelhof-Schöneberg,12279,100.0,0.0,0.0,einfach,2.0,106.0,0.0,0.0,,,,0.0,9.311666666666667,6.0,3085.4,5.0,,0.0,Botanischer Garten,S1,5.450078930251425,4129.425756601386,10.0,37192.333333333336,2.335949367088608,-0.0334518849292158,0,0,3824,220,309,97,344,817,475,472,1091,2018,100.0,348739,1066.48
07601340,Tirschenreuther Ring Ost,mittel,hoch,mittel,gering,niedriger/sehr niedriger Status-Index,einfach,zweifach,zweifach,52.41103966839741,13.355044024213052,178,Tempelhof-Schöneberg,12279,100.0,0.0,0.0,einfach,6.0,389.0,3.0,1.0,720.0,,,0.0,9.885714285714286,14.0,3281.2954545454545,44.0,6408.644444444444,45.0,Botanischer Garten,S1,6.158844076121047,4129.425756601386,10.0,37192.333333333336,2.335949367088608,-0.0334518849292158,0,0,3025,174,245,77,272,646,375,373,863,1596,100.0,348739,1066.48
07601341,Diedersdorfer Weg,mittel,gering,gut,mittel,mittlerer Status-Index,keine starke Belastung,keine starke Belastung,keine starke Belastung,52.401650249270425,13.37039600393926,782,Tempelhof-Schöneberg,12277,85.80562659846548,0.0,14.194373401534529,einfach,3.0,133.0,2.0,2.0,1135.0,2.45494505494506,0.0495369197220401,1.0,10.215660377358487,106.0,3010.503546099291,141.0,6317.5,50.0,Tempelhof S,S Ringbahn,7.866654363303388,3892.199758614227,26.0,37192.333333333336,2.335949367088608,-0.0334518849292158,0,0,7296,423,613,192,666,1535,962,908,1998,3803,100.0,348739,1066.48
07601442,Kettinger Straße,mittel,mittel,gut,gering,mittlerer Status-Index,keine starke Belastung,keine starke Belastung,keine starke Belastung,52.40496633514528,13.397858407618976,2735,Tempelhof-Schöneberg,12305,3.656307129798903,0.0,96.3436928702011,mittel,6.0,254.0,4.0,3.0,648.0,,,0.0,9.255645161290325,124.0,2891.57,200.0,6146.518518518518,54.0,Britz-Süd,U7,6.379559191948026,4426.691224672388,23.0,37192.333333333336,2.335949367088608,-0.0334518849292158,0,0,12565,597,929,367,991,2304,1958,1733,3687,6593,100.0,348739,1066.48
07601443,Töpchiner Weg,gering,mittel,gut,gering,mittlerer Status-Index,keine starke Belastung,keine starke Belastung,keine starke Belastung,52.40343383787731,13.412892351719773,2591,Tempelhof-Schöneberg,12305,36.819760710150526,0.0,63.18023928984948,mittel,9.0,835.0,0.0,0.0,,,,0.0,9.3784126984127,63.0,2973.295918367347,98.0,6066.1875,64.0,Britz-Süd,U7,5.272267213226344,4426.691224672388,23.0,37192.333333333336,2.335949367088608,-0.0334518849292158,0,2,13363,743,1133,394,1144,2544,2024,1791,3591,6939,100.0,348739,1066.48
07601544,John-Locke-Straße,gering,mittel,mittel,gering,mittlerer Status-Index,keine starke Belastung,keine starke Belastung,keine starke Belastung,52.39075927119047,13.400036163198724,1010,Tempelhof-Schöneberg,12307,0.0,0.0,100.0,mittel,6.0,419.0,0.0,0.0,,,,0.0,9.779594594594595,74.0,2957.9327731092435,119.0,,0.0,Britz-Süd,U7,7.271077902729432,4384.200587382668,23.0,37192.333333333336,2.335949367088608,-0.0334518849292158,0,1,3937,192,297,113,321,701,640,563,1110,2055,100.0,348739,1066.48
07601545,Nahariyastraße,gering,mittel,gut,gering,niedriger/sehr niedriger Status-Index,keine starke Belastung,einfach,einfach,52.391295639217695,13.41647750886183,803,Tempelhof-Schöneberg,12309,98.13200498132004,0.0,1.86799501867995,einfach,12.0,725.0,1.0,1.0,576.0,,,0.0,9.927333333333332,15.0,3222.5945945945946,37.0,,0.0,Johannisthaler Chaussee,U7,5.913585439522016,3834.878058459327,8.0,37192.333333333336,2.335949367088608,-0.0334518849292158,0,0,4724,301,451,140,437,934,694,614,1153,2428,100.0,348739,1066.48
07601546,Franziusweg,gering,mittel,gut,gering,hoher Status-Index,keine starke Belastung,keine starke Belastung,keine starke Belastung,52.387742682911046,13.39051742035407,2075,Tempelhof-Schöneberg,12307,0.0,12.048192771084338,87.95180722891565,mittel,2.0,198.0,0.0,0.0,,,,0.0,8.935,38.0,2856.121951219512,82.0,,0.0,Britz-Süd,U7,8.245330124254277,4384.200587382668,23.0,37192.333333333336,2.335949367088608,-0.0334518849292158,0,0,7285,363,558,207,608,1270,1221,1067,1991,3785,100.0,348739,1066.48
07601547,Horstwalder Straße,gering,mittel,gut,gering,mittlerer Status-Index,keine starke Belastung,keine starke Belastung,keine starke Belastung,52.380892249676855,13.408187953996828,798,Tempelhof-Schöneberg,12307,0.0,0.0,100.0,mittel,2.0,48.0,0.0,0.0,,,,0.0,9.813333333333333,6.0,2341.0,7.0,,0.0,Johannisthaler Chaussee,U7,7.388200371995935,4384.200587382668,23.0,37192.333333333336,2.335949367088608,-0.0334518849292158,1,0,3022,158,242,86,257,540,495,434,810,1567,100.0,348739,1066.48
07601548,Wittelsbacherstraße,gering,gering,gut,gering,mittlerer Status-Index,keine starke Belastung,keine starke Belastung,keine starke Belastung,52.38356153868818,13.41945253641772,1039,Tempelhof-Schöneberg,12309,0.0,0.0,100.0,mittel,1.0,60.0,0.0,0.0,,,,0.0,9.396666666666668,3.0,3150.0,7.0,,0.0,Johannisthaler Chaussee,U7,6.3858725411169015,3834.878058459327,8.0,37192.333333333336,2.335949367088608,-0.0334518849292158,0,0,6151,394,591,182,571,1218,903,799,1494,3159,100.0,348739,1066.48
08100101,Hasenheide,mittel,gering,gut,mittel,mittlerer Status-Index,keine starke Belastung,keine starke Belastung,keine starke Belastung,52.48433355698944,13.415766244772456,165,Neukölln,12049,61.81818181818181,0.0,38.18181818181819,einfach,8.0,370.0,0.0,0.0,,,,0.0,16.35222222222222,9.0,4438.8421052631575,19.0,,0.0,Hermannplatz,U7,0.8701362367519329,6049.406016788382,21.0,40211.333333333336,2.4958695652173915,-0.2326983742952114,0,1,4530,274,278,81,486,1973,595,443,401,2163,98.8,329233,1221.36
08100102,Schillerpromenade Nord,gering,mittel,gut,hoch,mittlerer Status-Index,einfach,einfach,einfach,52.47894259644182,13.416834141120228,275,Neukölln,12049,4.727272727272728,0.0,95.27272727272728,mittel,8.0,302.0,0.0,0.0,,,,0.0,12.808333333333332,12.0,4845.1578947368425,19.0,,0.0,Hermannplatz,U7,1.1039991006706678,6049.406016788382,21.0,40211.333333333336,2.4958695652173915,-0.2326983742952114,2,0,8206,492,487,155,875,3686,1051,771,689,3895,99.6,329233,1221.36
08100103,Schillerpromenade Süd,gering,mittel,gut,hoch,mittlerer Status-Index,einfach,einfach,einfach,52.47417234523177,13.419671939658352,262,Neukölln,12049,100.0,0.0,0.0,einfach,8.0,291.0,0.0,0.0,,,,0.0,12.662222222222224,9.0,4931.727272727273,11.0,,0.0,Boddinstraße,U8,1.2604532630352532,6049.406016788382,21.0,40211.333333333336,2.4958695652173915,-0.2326983742952114,1,0,7847,470,466,148,837,3525,1005,737,659,3725,100.0,329233,1221.36
08100104,Wartheplatz,mittel,mittel,schlecht,mittel,niedriger/sehr niedriger Status-Index,einfach,zweifach,zweifach,52.469257419644144,13.423360188040515,249,Neukölln,12051,100.0,0.0,0.0,einfach,9.0,407.0,0.0,0.0,,,,0.0,10.151666666666666,6.0,4463.785714285715,14.0,,0.0,Hermannstraße,U8,0.9051137772670508,5310.668535142749,13.0,40211.333333333336,2.4958695652173915,-0.2326983742952114,0,0,5925,375,477,153,793,2298,714,500,615,2879,100.0,329233,1221.36
08100105,Silbersteinstraße,hoch,hoch,schlecht,mittel,niedriger/sehr niedriger Status-Index,dreifach,vierfach,vierfach,52.46449548422774,13.427317998595642,209,Neukölln,12051,100.0,0.0,0.0,einfach,5.0,494.0,0.0,0.0,,,,0.0,12.87,2.0,4831.0,1.0,,0.0,Hermannstraße,U8,0.5470909177386347,5310.668535142749,13.0,40211.333333333336,2.4958695652173915,-0.2326983742952114,0,0,4374,277,353,113,586,1695,527,369,454,2125,88.0,329233,1221.36
08100206,Flughafenstraße,mittel,hoch,schlecht,hoch,mittlerer Status-Index,dreifach,dreifach,dreifach,52.48130324868036,13.42933504271535,358,Neukölln,12053,100.0,0.0,0.0,einfach,7.0,201.0,0.0,0.0,,,,0.0,11.947837837837838,37.0,4170.433962264151,53.0,,0.0,Boddinstraße,U8,0.2042188734006559,5310.338546363086,13.0,40211.333333333336,2.4958695652173915,-0.2326983742952114,1,5,9762,581,743,244,1080,3883,1237,923,1071,4778,100.0,329233,1221.36
08100207,Rollberg,gering,hoch,mittel,mittel,niedriger/sehr niedriger Status-Index,einfach,zweifach,zweifach,52.476546245762506,13.433581742586847,246,Neukölln,12053,100.0,0.0,0.0,einfach,7.0,701.0,0.0,0.0,,,,0.0,12.55896551724138,29.0,4597.051282051282,39.0,,0.0,Leinestraße,U8,0.4110406316866453,5310.338546363086,13.0,40211.333333333336,2.4958695652173915,-0.2326983742952114,0,2,6675,399,509,166,740,2657,843,630,731,3267,100.0,329233,1221.36
08100208,Körnerpark,gering,hoch,mittel,hoch,niedriger/sehr niedriger Status-Index,zweifach,dreifach,dreifach,52.4716341527364,13.434914748768897,475,Neukölln,12051,100.0,0.0,0.0,einfach,14.0,617.0,0.0,0.0,,,,0.0,11.169473684210526,19.0,4589.4358974358975,39.0,,0.0,Leinestraße,U8,0.3920784448734931,5310.668535142749,13.0,40211.333333333336,2.4958695652173915,-0.2326983742952114,0,0,12098,740,951,312,1487,4726,1499,1084,1298,5901,100.0,329233,1221.36
08100209,Glasower Straße,mittel,hoch,schlecht,hoch,niedriger/sehr niedriger Status-Index,dreifach,vierfach,vierfach,52.466178905909366,13.439890581858986,503,Neukölln,12051,100.0,0.0,0.0,einfach,16.0,648.0,2.0,1.0,360.0,,,0.0,10.688,5.0,3576.4,10.0,,0.0,Neukölln S,S Ringbahn,0.2565623216120077,5310.668535142749,13.0,40211.333333333336,2.4958695652173915,-0.2326983742952114,0,0,11681,759,952,304,1563,4480,1413,999,1211,5665,100.0,329233,1221.36
08100310,Maybachufer,gering,hoch,schlecht,hoch,mittlerer Status-Index,dreifach,dreifach,dreifach,52.49257557331413,13.427298632667757,287,Neukölln,12047,21.951219512195124,0.0,78.04878048780488,mittel,8.0,309.0,0.0,0.0,,,,0.0,11.34,4.0,4207.4,15.0,,0.0,Schönleinstraße,U8,0.5327142780468663,5122.388272672121,22.0,40211.333333333336,2.4958695652173915,-0.2326983742952114,0,0,7865,501,491,120,679,3526,1141,738,669,3949,100.0,329233,1221.36
08100311,Reuterplatz,gering,hoch,schlecht,hoch,mittlerer Status-Index,dreifach,dreifach,dreifach,52.48905128670413,13.428694884847344,281,Neukölln,12047,0.0,0.0,100.0,mittel,5.0,148.0,1.0,1.0,1082.0,2.48636363636364,0.0181183383034602,1.0,12.135,10.0,4880.6,15.0,,0.0,Hermannplatz,U7,0.6624184485927165,5122.388272672121,22.0,40211.333333333336,2.4958695652173915,-0.2326983742952114,1,3,7748,494,482,119,664,3486,1125,724,656,3893,100.0,329233,1221.36
08100312,Weichselplatz,gering,hoch,schlecht,hoch,mittlerer Status-Index,dreifach,dreifach,dreifach,52.48629090067672,13.437421179822792,411,Neukölln,12045,100.0,0.0,0.0,einfach,14.0,826.0,1.0,1.0,581.0,2.66811594202899,-0.4435407930552499,1.0,12.98014705882353,68.0,4157.023809523809,84.0,,0.0,Rathaus Neukölln,U7,0.6385153729205459,6084.32588347654,8.0,40211.333333333336,2.4958695652173915,-0.2326983742952114,1,0,11906,758,727,196,1291,5349,1457,994,1134,5860,100.0,329233,1221.36
08100313,Bouchéstraße,gering,hoch,mittel,mittel,mittlerer Status-Index,einfach,einfach,einfach,52.48734451363236,13.443973981349684,162,Neukölln,12059,96.29629629629628,0.0,3.7037037037037033,einfach,1.0,17.0,0.0,0.0,,,,0.0,13.412307692307694,26.0,4218.5,30.0,,0.0,Rathaus Neukölln,U7,0.8276110763128923,5805.3160662287455,34.0,40211.333333333336,2.4958695652173915,-0.2326983742952114,0,0,4272,286,305,85,475,1726,526,395,474,2111,100.0,329233,1221.36
08100314,Donaustraße,mittel,hoch,schlecht,hoch,niedriger/sehr niedriger Status-Index,dreifach,vierfach,vierfach,52.48406463451581,13.431730978431784,266,Neukölln,12043,98.87218045112782,0.0,1.1278195488721805,einfach,3.0,265.0,0.0,0.0,,,,0.0,13.5525,20.0,4088.242424242424,33.0,,0.0,Boddinstraße,U8,0.5545642833163638,7276.691331023225,28.0,40211.333333333336,2.4958695652173915,-0.2326983742952114,0,0,6598,437,448,121,741,2897,775,585,593,3188,100.0,329233,1221.36
08100415,Ganghoferstraße,mittel,hoch,schlecht,hoch,mittlerer Status-Index,dreifach,dreifach,dreifach,52.47884489542563,13.442858613857616,241,Neukölln,12043,100.0,0.0,0.0,einfach,7.0,283.0,0.0,0.0,,,,0.0,12.028095238095238,42.0,3986.9,50.0,,0.0,Rathaus Neukölln,U7,0.4129273492058328,7276.691331023225,28.0,40211.333333333336,2.4958695652173915,-0.2326983742952114,0,0,5916,394,410,116,690,2554,686,529,538,2845,100.0,329233,1221.36
08100416,Alt-Rixdorf,gering,hoch,schlecht,hoch,mittlerer Status-Index,dreifach,dreifach,dreifach,52.47506404112791,13.443705350989452,365,Neukölln,12043,100.0,0.0,0.0,einfach,7.0,345.0,0.0,0.0,,,,0.0,11.8834375,32.0,4281.634146341464,41.0,7525.677966101695,59.0,Karl-Marx-Straße,U7,0.4223282778482268,7276.691331023225,28.0,40211.333333333336,2.4958695652173915,-0.2326983742952114,2,0,8958,584,609,184,1099,3881,1039,798,764,4261,100.0,329233,1221.36
08100417,Braunschweiger Straße,mittel,hoch,schlecht,hoch,niedriger/sehr niedriger Status-Index,dreifach,vierfach,vierfach,52.472282327268495,13.449356828854494,339,Neukölln,12055,100.0,0.0,0.0,einfach,8.0,439.0,0.0,0.0,,,,0.0,10.738,10.0,4527.0,14.0,,0.0,Sonnenallee,S Ringbahn,0.8410730471663762,5589.584639379638,16.0,40211.333333333336,2.4958695652173915,-0.2326983742952114,0,0,8596,542,568,192,1129,3657,1023,771,715,4055,100.0,329233,1221.36
08100418,Hertzbergplatz,gering,mittel,schlecht,mittel,mittlerer Status-Index,einfach,einfach,einfach,52.47935906166372,13.450418033060377,386,Neukölln,12059,100.0,0.0,0.0,einfach,9.0,307.0,0.0,0.0,,,,0.0,12.297066666666666,75.0,4046.660714285714,112.0,,0.0,Sonnenallee,S Ringbahn,1.007923767335608,5805.3160662287455,34.0,40211.333333333336,2.4958695652173915,-0.2326983742952114,2,0,10330,687,721,200,1147,4248,1268,938,1121,5101,100.0,329233,1221.36
08100419,Treptower Straße Nord,mittel,mittel,schlecht,mittel,niedriger/sehr niedriger Status-Index,einfach,zweifach,zweifach,52.48374328771631,13.452297710038286,278,Neukölln,12059,100.0,0.0,0.0,einfach,4.0,433.0,1.0,1.0,432.0,,,0.0,12.01,59.0,4192.4915254237285,118.0,,0.0,Sonnenallee,S Ringbahn,1.2973203238599087,5805.3160662287455,34.0,40211.333333333336,2.4958695652173915,-0.2326983742952114,0,0,7287,490,525,146,810,2926,898,677,814,3603,100.0,329233,1221.36
08100520,Weiße Siedlung,mittel,mittel,gut,mittel,niedriger/sehr niedriger Status-Index,keine starke Belastung,einfach,einfach,52.47573425247275,13.4634365956418,247,Neukölln,12057,95.1417004048583,0.0,4.8582995951417,einfach,1.0,130.0,1.0,1.0,576.0,,,0.0,11.964583333333334,72.0,3999.478260869565,115.0,7182.333333333333,60.0,Sonnenallee,S Ringbahn,0.7864819536283573,4437.5,1.0,40211.333333333336,2.4958695652173915,-0.2326983742952114,0,0,4099,382,492,140,550,1061,538,395,541,2018,100.0,329233,1221.36
08100521,Schulenburgpark,hoch,hoch,gut,hoch,niedriger/sehr niedriger Status-Index,dreifach,vierfach,vierfach,52.46508142321771,13.463066813157791,735,Neukölln,12057,100.0,0.0,0.0,einfach,5.0,572.0,0.0,0.0,,,,0.0,10.857809523809523,105.0,3581.173410404624,173.0,6807.533333333334,60.0,Sonnenallee,S Ringbahn,1.1140631707823738,4437.5,1.0,40211.333333333336,2.4958695652173915,-0.2326983742952114,0,0,12649,1139,1449,418,1693,3487,1644,1211,1608,6203,100.0,329233,1221.36
08200622,Jahnstraße,hoch,hoch,mittel,hoch,niedriger/sehr niedriger Status-Index,dreifach,vierfach,vierfach,52.46146822182848,13.444324667415913,329,Neukölln,12347,100.0,0.0,0.0,einfach,5.0,205.0,0.0,0.0,,,,0.0,9.438,10.0,3514.333333333333,9.0,,0.0,Neukölln S,S Ringbahn,0.5111351779297927,4752.09246445372,23.0,40211.333333333336,2.4958695652173915,-0.2326983742952114,0,0,3424,235,294,90,392,926,482,404,601,1721,100.0,329233,1221.36
08200623,Park am Buschkrug,mittel,hoch,gut,mittel,mittlerer Status-Index,einfach,einfach,einfach,52.45578146099835,13.448967976617272,619,Neukölln,12347,100.0,0.0,0.0,einfach,4.0,300.0,0.0,0.0,,,,0.0,9.874444444444444,45.0,3314.78494623656,93.0,,0.0,Grenzallee,U7,0.4278096973593555,4752.09246445372,23.0,40211.333333333336,2.4958695652173915,-0.2326983742952114,0,0,5458,349,429,136,579,1380,794,700,1091,2775,100.0,329233,1221.36
08200624,Tempelhofer Weg,mittel,hoch,gut,mittel,niedriger/sehr niedriger Status-Index,einfach,zweifach,zweifach,52.4562538191083,13.429134971182974,535,Neukölln,12347,100.0,0.0,0.0,einfach,6.0,414.0,0.0,0.0,,,,0.0,11.242173913043478,23.0,3280.333333333333,24.0,,0.0,Hermannstraße,U8,1.2603496368574012,4752.09246445372,23.0,40211.333333333336,2.4958695652173915,-0.2326983742952114,0,0,5002,325,407,124,550,1309,729,624,933,2526,99.8,329233,1221.36
08200725,Mohriner Allee Nord,gering,mittel,gut,mittel,mittlerer Status-Index,keine starke Belastung,keine starke Belastung,keine starke Belastung,52.44641758352128,13.423454627813207,728,Neukölln,12347,91.48351648351648,0.0,8.516483516483516,einfach,1.0,33.0,1.0,1.0,432.0,,,0.0,10.327777777777778,18.0,3527.0,46.0,,0.0,Britz-Süd,U7,2.385304853352653,4752.09246445372,23.0,40211.333333333336,2.4958695652173915,-0.2326983742952114,0,0,6819,444,554,169,750,1785,994,851,1273,3443,100.0,329233,1221.36
08200726,Hufeisensiedlung,mittel,hoch,gut,mittel,mittlerer Status-Index,einfach,einfach,einfach,52.44848266642018,13.44440682091622,1205,Neukölln,12359,100.0,0.0,0.0,einfach,7.0,388.0,0.0,0.0,,,,0.0,9.594222222222225,90.0,3309.9444444444443,180.0,5933.778761061947,226.0,Parchimer Allee,U7,0.1557933718665112,4250.3429162453685,7.0,40211.333333333336,2.4958695652173915,-0.2326983742952114,0,0,9066,551,640,228,860,2058,1312,1255,2161,4704,100.0,329233,1221.36
08200727,Parchimer Allee Süd,mittel,mittel,gut,gering,mittlerer Status-Index,keine starke Belastung,keine starke Belastung,keine starke Belastung,52.44180923070349,13.445880960217533,973,Neukölln,12359,100.0,0.0,0.0,einfach,6.0,383.0,4.0,2.0,996.0,2.25352112676056,-0.0289459777868197,1.0,9.100731707317074,82.0,3183.6043165467627,139.0,,0.0,Britz-Süd,U7,0.3450465284075643,4250.3429162453685,7.0,40211.333333333336,2.4958695652173915,-0.2326983742952114,0,0,7254,440,509,183,683,1635,1049,1009,1747,3768,100.0,329233,1221.36
08200728,Ortolanweg,hoch,hoch,mittel,mittel,mittlerer Status-Index,zweifach,zweifach,zweifach,52.445960191714576,13.464856868769305,102,Neukölln,12359,99.01960784313728,0.0,0.9803921568627452,einfach,1.0,150.0,1.0,1.0,648.0,,,0.0,10.366097560975607,41.0,3056.6388888888887,72.0,,0.0,Grenzallee,U7,2.017484125788628,4250.3429162453685,7.0,40211.333333333336,2.4958695652173915,-0.2326983742952114,0,0,761,46,53,19,72,172,110,106,183,396,100.0,329233,1221.36
08200729,Britzer Garten,gering,gering,gut,gering,hoher Status-Index,keine starke Belastung,keine starke Belastung,keine starke Belastung,52.43286482767332,13.422014288686974,540,Neukölln,12349,31.29629629629629,0.0,68.7037037037037,mittel,1.0,40.0,0.0,0.0,,,,0.0,9.152676056338027,71.0,3012.544827586207,145.0,,0.0,Britz-Süd,U7,2.5278839108453064,4740.173266044914,13.0,40211.333333333336,2.4958695652173915,-0.2326983742952114,0,0,3767,207,292,96,388,836,562,495,892,1926,100.0,329233,1221.36
08200730,Handwerker-Siedlung,hoch,mittel,gut,gering,mittlerer Status-Index,einfach,einfach,einfach,52.43213193948584,13.441308440103231,853,Neukölln,12351,78.19460726846424,0.0,21.80539273153576,einfach,5.0,454.0,1.0,1.0,360.0,,,0.0,9.004827586206897,116.0,2995.6857142857143,210.0,,0.0,Britz-Süd,U7,0.8633501684536483,4083.775559709085,17.0,40211.333333333336,2.4958695652173915,-0.2326983742952114,0,0,6652,344,508,175,627,1269,911,871,1947,3492,100.0,329233,1221.36
08200831,Buckow West,gering,mittel,gut,gering,mittlerer Status-Index,keine starke Belastung,keine starke Belastung,keine starke Belastung,52.41833174692872,13.41001212330134,1753,Neukölln,12349,100.0,0.0,0.0,einfach,5.0,392.0,1.0,1.0,576.0,,,0.0,9.27,1.0,2653.833333333333,6.0,,0.0,Britz-Süd,U7,4.425707320897099,4740.173266044914,13.0,40211.333333333336,2.4958695652173915,-0.2326983742952114,0,0,10296,493,767,268,1009,2026,1562,1393,2777,5309,98.1,329233,1221.36
08200832,Buckow Mitte,gering,mittel,gut,gering,mittlerer Status-Index,keine starke Belastung,keine starke Belastung,keine starke Belastung,52.41884703068421,13.427677250048443,1672,Neukölln,12349,100.0,0.0,0.0,einfach,8.0,699.0,3.0,3.0,830.0,2.83833333333333,-0.6137581843595896,1.0,8.998596491228069,57.0,3116.8875,80.0,,0.0,Britz-Süd,U7,2.9083021172736627,4740.173266044914,13.0,40211.333333333336,2.4958695652173915,-0.2326983742952114,0,1,10038,483,752,259,987,1952,1517,1362,2725,5179,100.0,329233,1221.36
08200833,Buckow Ost,gering,mittel,mittel,gering,mittlerer Status-Index,keine starke Belastung,keine starke Belastung,keine starke Belastung,52.42073518985715,13.446337636702618,1216,Neukölln,12353,100.0,0.0,0.0,einfach,4.0,381.0,1.0,1.0,360.0,,,0.0,9.090759493670886,79.0,2859.753968253968,126.0,,0.0,Johannisthaler Chaussee,U7,1.3012527934919755,4511.315718122973,6.0,40211.333333333336,2.4958695652173915,-0.2326983742952114,0,1,20825,1306,1683,560,2119,4465,2703,2528,5461,10853,100.0,329233,1221.36
08300934,Gropiusstadt Nord-West,mittel,hoch,mittel,gering,niedriger/sehr niedriger Status-Index,einfach,zweifach,zweifach,52.43032780579137,13.460596506985093,446,Neukölln,12351,98.20627802690582,0.0,1.7937219730941705,einfach,5.0,285.0,0.0,0.0,,,,0.0,8.471770833333332,96.0,2755.411042944785,163.0,,0.0,Lipschitzallee,U7,0.6769564340830099,4083.775559709085,17.0,40211.333333333336,2.4958695652173915,-0.2326983742952114,0,0,4891,280,385,130,479,989,649,616,1363,2560,100.0,329233,1221.36
08300935,Gropiusstadt Süd-West,gering,mittel,gut,gering,mittlerer Status-Index,keine starke Belastung,keine starke Belastung,keine starke Belastung,52.42639205531764,13.453758568415749,225,Neukölln,12353,86.66666666666667,0.0,13.333333333333334,einfach,5.0,466.0,0.0,0.0,,,,0.0,9.221285714285717,70.0,2887.1028037383176,107.0,,0.0,Johannisthaler Chaussee,U7,0.5474643002069884,4511.315718122973,6.0,40211.333333333336,2.4958695652173915,-0.2326983742952114,0,0,3524,218,284,95,356,747,458,430,936,1839,100.0,329233,1221.36
08301036,Gropiusstadt Mitte,gering,mittel,gut,gering,niedriger/sehr niedriger Status-Index,keine starke Belastung,einfach,einfach,52.42475684955427,13.469297519361657,164,Neukölln,12353,88.41463414634147,0.0,11.585365853658535,einfach,3.0,425.0,3.0,2.0,1025.0,2.51836734693878,-0.03129640872368,1.0,8.748526315789475,95.0,2654.1182795698924,93.0,,0.0,Lipschitzallee,U7,0.4761176544385443,4511.315718122973,6.0,40211.333333333336,2.4958695652173915,-0.2326983742952114,0,0,2467,152,198,66,249,521,322,302,658,1287,100.0,329233,1221.36
08301037,Gropiusstadt Süd-Ost,gering,hoch,schlecht,gering,niedriger/sehr niedriger Status-Index,zweifach,dreifach,dreifach,52.42300134387867,13.478162286646487,194,Neukölln,12353,69.58762886597938,0.0,30.412371134020617,einfach,5.0,359.0,0.0,0.0,,,,0.0,9.650645161290322,31.0,2891.3375,80.0,,0.0,Wutzkyallee,U7,0.1332607200630031,4511.315718122973,6.0,40211.333333333336,2.4958695652173915,-0.2326983742952114,0,0,3380,213,273,91,344,726,438,410,885,1761,100.0,329233,1221.36
08401138,Goldhähnchenweg,gering,hoch,schlecht,gering,niedriger/sehr niedriger Status-Index,zweifach,dreifach,dreifach,52.44282610721032,13.46019761647844,102,Neukölln,12359,100.0,0.0,0.0,einfach,0.0,0.0,0.0,0.0,,,,0.0,8.505714285714285,7.0,3213.0,10.0,,0.0,Johannisthaler Chaussee,U7,1.5972345672175443,4250.3429162453685,7.0,40211.333333333336,2.4958695652173915,-0.2326983742952114,0,0,767,46,54,19,72,170,110,106,190,399,100.0,329233,1221.36
08401139,Vogelviertel Süd,mittel,mittel,gut,mittel,mittlerer Status-Index,keine starke Belastung,keine starke Belastung,keine starke Belastung,52.43576651647233,13.460246105856584,756,Neukölln,12351,72.61904761904762,0.0,27.380952380952383,einfach,1.0,124.0,0.0,0.0,,,,0.0,8.698627450980393,51.0,2842.2183908045977,87.0,,0.0,Johannisthaler Chaussee,U7,1.057230226598757,4083.775559709085,17.0,40211.333333333336,2.4958695652173915,-0.2326983742952114,0,0,5979,312,456,157,562,1146,816,783,1746,3141,100.0,329233,1221.36
08401140,Vogelviertel Nord,mittel,hoch,gut,gering,mittlerer Status-Index,einfach,einfach,einfach,52.438912566191945,13.466467697409078,644,Neukölln,12351,100.0,0.0,0.0,einfach,2.0,151.0,0.0,0.0,,,,0.0,9.867692307692309,13.0,2453.705882352941,17.0,,0.0,Lipschitzallee,U7,1.2678581511256948,4083.775559709085,17.0,40211.333333333336,2.4958695652173915,-0.2326983742952114,0,0,5048,270,380,132,475,994,695,668,1434,2647,100.0,329233,1221.36
08401241,Blumenviertel,mittel,hoch,gut,gering,mittlerer Status-Index,einfach,einfach,einfach,52.433182289635546,13.48262377757156,2762,Neukölln,12357,0.0,0.0,100.0,mittel,3.0,189.0,0.0,0.0,,,,0.0,9.1146875,64.0,2897.9655172413795,116.0,,0.0,Wutzkyallee,U7,1.3653302227822692,4506.022934661287,9.0,40211.333333333336,2.4958695652173915,-0.2326983742952114,0,0,11303,591,793,331,1054,2076,1786,1604,3068,5728,100.0,329233,1221.36
08401242,Zittauer Straße,gering,mittel,gut,gering,mittlerer Status-Index,keine starke Belastung,keine starke Belastung,keine starke Belastung,52.4146617722253,13.480454322756042,2267,Neukölln,12355,0.0,0.0,100.0,mittel,4.0,317.0,1.0,1.0,792.0,,,0.0,10.043381294964028,139.0,3072.547511312217,221.0,,0.0,Zwickauer Damm,U7,0.7184907541410853,4168.325191458052,16.0,40211.333333333336,2.4958695652173915,-0.2326983742952114,0,0,10257,565,823,302,942,1963,1615,1443,2604,5303,100.0,329233,1221.36
08401243,Alt-Rudow,mittel,mittel,gut,mittel,mittlerer Status-Index,keine starke Belastung,keine starke Belastung,keine starke Belastung,52.42434196399542,13.501809874874745,2185,Neukölln,12357,24.53089244851259,0.0,75.46910755148741,mittel,7.0,746.0,1.0,1.0,1025.0,2.62765957446809,-0.1231775998009898,1.0,10.191627906976745,86.0,2976.938271604938,162.0,,0.0,Rudow,U7,1.487953455175216,4506.022934661287,9.0,40211.333333333336,2.4958695652173915,-0.2326983742952114,0,0,8020,415,573,240,736,1452,1312,1164,2128,4061,100.0,329233,1221.36
08401244,Waßmannsdorfer Chaussee,gering,mittel,gut,gering,hoher Status-Index,keine starke Belastung,keine starke Belastung,keine starke Belastung,52.4061029344609,13.49232732940222,2207,Neukölln,12355,0.0,0.0,100.0,mittel,2.0,170.0,0.0,0.0,,,,0.0,10.439866666666669,75.0,3178.268292682927,123.0,,0.0,Rudow,U7,1.3456049366275538,4168.325191458052,16.0,40211.333333333336,2.4958695652173915,-0.2326983742952114,0,0,9144,495,733,272,828,1724,1471,1309,2311,4724,100.0,329233,1221.36
08401245,Frauenviertel,gering,mittel,gut,mittel,mittlerer Status-Index,keine starke Belastung,keine starke Belastung,keine starke Belastung,52.402694418179856,13.50646846397964,360,Neukölln,12355,0.0,0.0,100.0,mittel,4.0,225.0,0.0,0.0,,,,0.0,11.82,1.0,3881.0,1.0,,0.0,Rudow,U7,2.4955780742317835,4168.325191458052,16.0,40211.333333333336,2.4958695652173915,-0.2326983742952114,0,0,1492,81,120,44,135,281,240,214,377,771,100.0,329233,1221.36
08401246,Waltersdorfer Chaussee Ost,mittel,mittel,gut,gering,mittlerer Status-Index,keine starke Belastung,keine starke Belastung,keine starke Belastung,52.41273569002599,13.513036055099262,1515,Neukölln,12355,84.68646864686468,0.0,15.313531353135312,einfach,2.0,177.0,0.0,0.0,,,,0.0,10.581515151515152,33.0,3006.730769230769,52.0,,0.0,Rudow,U7,2.6229203562728296,4168.325191458052,16.0,40211.333333333336,2.4958695652173915,-0.2326983742952114,0,0,6277,339,503,187,568,1184,1010,899,1586,3243,100.0,329233,1221.36
09100101,Alt-Treptow,gering,mittel,gut,mittel,mittlerer Status-Index,keine starke Belastung,keine starke Belastung,keine starke Belastung,52.49002435541123,13.460462401988124,730,Treptow-Köpenick,12435,0.684931506849315,4.931506849315069,94.3835616438356,mittel,11.0,805.0,2.0,2.0,720.0,,,0.0,12.15622691292876,379.0,4185.274336283186,678.0,7368.20424403183,377.0,Treptower Park,S Ringbahn,0.5235289266963271,5345.580635039477,14.0,24610.0,2.3066258919469926,-0.0125176123587419,1,0,11357,825,850,211,834,4261,1721,1046,1611,5710,99.3,264993,928.7
09100202,Plänterwald West,hoch,mittel,gut,mittel,mittlerer Status-Index,einfach,einfach,einfach,52.482003876825424,13.467485181430128,295,Treptow-Köpenick,12435,21.35593220338983,0.0,78.64406779661017,mittel,2.0,60.0,0.0,0.0,,,,0.0,11.4809243697479,119.0,4012.571428571429,210.0,7228.966666666666,60.0,Treptower Park,S Ringbahn,1.4215968245500623,5345.580635039477,14.0,24610.0,2.3066258919469926,-0.0125176123587419,0,0,4621,336,346,86,339,1734,700,425,655,2323,100.0,264993,928.7
09100203,Plänterwald Ost,hoch,mittel,gut,gering,mittlerer Status-Index,einfach,einfach,einfach,52.47864412727818,13.484511078662573,596,Treptow-Köpenick,12437,99.32885906040268,0.5033557046979865,0.1677852348993288,einfach,3.0,315.0,2.0,1.0,1332.0,2.74137931034483,-0.2368973356777299,1.0,11.30185628742515,167.0,3678.1633986928105,306.0,7336.968253968253,63.0,Treptower Park,S Ringbahn,2.933697309364684,3789.2818178066095,18.0,24610.0,2.3066258919469926,-0.0125176123587419,0,0,6263,382,382,105,522,2065,890,631,1286,3197,100.0,264993,928.7
09100304,Baumschulenweg West,mittel,mittel,mittel,mittel,mittlerer Status-Index,keine starke Belastung,keine starke Belastung,keine starke Belastung,52.46406964307472,13.48551671025936,926,Treptow-Köpenick,12437,0.0,0.0,100.0,mittel,10.0,699.0,2.0,1.0,720.0,,,0.0,10.588938053097344,113.0,3514.0495049504952,202.0,,0.0,Sonnenallee,S Ringbahn,3.327533741351817,3789.2818178066095,18.0,24610.0,2.3066258919469926,-0.0125176123587419,0,1,7872,415,401,121,713,2338,1066,841,1976,4062,100.0,264993,928.7
09100305,Baumschulenweg Ost,hoch,hoch,gut,mittel,mittlerer Status-Index,zweifach,zweifach,zweifach,52.470212241800176,13.490955942200197,284,Treptow-Köpenick,12437,9.507042253521126,0.0,90.49295774647888,mittel,4.0,106.0,1.0,1.0,108.0,,,0.0,11.283928571428572,28.0,3322.4324324324325,37.0,,0.0,Sonnenallee,S Ringbahn,3.7928535869784654,3789.2818178066095,18.0,24610.0,2.3066258919469926,-0.0125176123587419,0,0,2414,127,123,37,219,717,327,258,606,1246,100.0,264993,928.7
09100306,Späthsfelde,hoch,hoch,gut,mittel,hoher Status-Index,zweifach,zweifach,zweifach,52.45049620342368,13.476528826570194,1163,Treptow-Köpenick,12437,0.9458297506448838,0.0,99.05417024935512,mittel,0.0,0.0,0.0,0.0,,,,0.0,10.53,42.0,3593.4142857142856,70.0,,0.0,Lipschitzallee,U7,2.807403873903915,3789.2818178066095,18.0,24610.0,2.3066258919469926,-0.0125176123587419,0,0,9731,516,505,153,877,2871,1325,1048,2436,5021,100.0,264993,928.7
09100407,Johannisthal West,hoch,mittel,gut,gering,mittlerer Status-Index,einfach,einfach,einfach,52.44907418793876,13.495298057738331,1235,Treptow-Köpenick,12487,35.1417004048583,0.0,64.8582995951417,mittel,5.0,617.0,0.0,0.0,,,,0.0,10.907619047619049,21.0,3350.0857142857144,35.0,,0.0,Rudow,U7,3.499009059689936,3784.452989101252,25.0,24610.0,2.3066258919469926,-0.0125176123587419,0,0,7781,450,556,175,635,1966,1182,969,1849,4007,100.0,264993,928.7
09100408,Johannisthal Ost,mittel,mittel,gut,mittel,mittlerer Status-Index,keine starke Belastung,keine starke Belastung,keine starke Belastung,52.44501681078619,13.50824503903879,791,Treptow-Köpenick,12487,15.6763590391909,0.0,84.3236409608091,mittel,9.0,405.0,1.0,1.0,792.0,,,0.0,,0.0,,0.0,,0.0,Rudow,U7,3.618650246872301,3784.452989101252,25.0,24610.0,2.3066258919469926,-0.0125176123587419,0,0,4969,288,356,112,405,1253,756,620,1180,2559,100.0,264993,928.7
09100409,Landschaftspark Adlershof,hoch,mittel,gut,mittel,mittlerer Status-Index,einfach,einfach,einfach,52.43866149183833,13.515460546875762,1128,Treptow-Köpenick,12487,0.0886524822695035,0.0,99.91134751773048,mittel,4.0,345.0,1.0,1.0,1332.0,,,0.0,11.453846153846154,13.0,3279.88,25.0,,0.0,Rudow,U7,3.6396097571821415,3784.452989101252,25.0,24610.0,2.3066258919469926,-0.0125176123587419,0,0,7098,411,508,160,580,1793,1078,884,1683,3654,100.0,264993,928.7
09200510,Helmholtz-Kiez,mittel,mittel,schlecht,mittel,mittlerer Status-Index,einfach,einfach,einfach,52.47158933510167,13.505640960834866,513,Treptow-Köpenick,12459,94.34697855750488,0.0,5.653021442495127,einfach,2.0,330.0,1.0,1.0,432.0,,,0.0,11.504666666666669,15.0,3415.9615384615386,26.0,,0.0,Ostkreuz,S Ringbahn,5.334179373444278,4852.8268760649935,13.0,24610.0,2.3066258919469926,-0.0125176123587419,0,0,6808,505,468,153,892,2433,842,632,883,3330,100.0,264993,928.7
09200511,Griechischer Park,gering,mittel,mittel,hoch,mittlerer Status-Index,einfach,einfach,einfach,52.460643119897306,13.522175262472564,874,Treptow-Köpenick,12459,34.21052631578947,0.0,65.78947368421053,mittel,14.0,670.0,2.0,2.0,720.0,,,0.0,9.28,2.0,1946.0,2.0,,0.0,Rudow,U7,5.929606275374759,4852.8268760649935,13.0,24610.0,2.3066258919469926,-0.0125176123587419,0,1,11599,860,796,261,1520,4145,1435,1077,1505,5674,100.0,264993,928.7
09200512,Wuhlheide,mittel,gering,gut,mittel,mittlerer Status-Index,keine starke Belastung,keine starke Belastung,keine starke Belastung,52.4636207530984,13.54073734704179,287,Treptow-Köpenick,12459,58.18815331010453,2.0905923344947737,39.721254355400696,einfach,4.0,388.0,1.0,1.0,432.0,,,0.0,10.398666666666664,15.0,3068.2,25.0,,0.0,Rudow,U7,7.573691542976113,4852.8268760649935,13.0,24610.0,2.3066258919469926,-0.0125176123587419,0,0,3809,282,262,86,499,1361,471,354,494,1863,100.0,264993,928.7
09200613,Bahnhof Schöneweide,hoch,hoch,mittel,mittel,mittlerer Status-Index,zweifach,zweifach,zweifach,52.45648018204002,13.519778814495576,668,Treptow-Köpenick,12439,45.05988023952096,0.0,54.94011976047904,mittel,10.0,453.0,1.0,1.0,504.0,,,0.0,9.956666666666669,9.0,3426.5,12.0,,0.0,Rudow,U7,5.400925350175753,3995.6436991762366,16.0,24610.0,2.3066258919469926,-0.0125176123587419,1,1,5646,364,381,101,616,1735,712,582,1155,2806,100.0,264993,928.7
09200614,Oberspree,mittel,gering,gut,gering,mittlerer Status-Index,keine starke Belastung,keine starke Belastung,keine starke Belastung,52.448967406324,13.537046795009225,711,Treptow-Köpenick,12439,100.0,0.0,0.0,einfach,6.0,480.0,0.0,0.0,,,,0.0,10.928888888888888,9.0,3287.294117647059,17.0,,0.0,Rudow,U7,6.251952371708356,3995.6436991762366,16.0,24610.0,2.3066258919469926,-0.0125176123587419,0,0,6014,388,407,107,657,1849,758,620,1228,2988,100.0,264993,928.7
09200715,Wista,mittel,mittel,gut,mittel,mittlerer Status-Index,keine starke Belastung,keine starke Belastung,keine starke Belastung,52.43134271441672,13.534347288709874,453,Treptow-Köpenick,12489,2.207505518763797,0.0,97.7924944812362,mittel,6.0,383.0,0.0,0.0,,,,0.0,10.859577464788732,142.0,3407.2596153846152,208.0,7036.131147540984,61.0,Rudow,U7,5.140522585416254,4640.01105125292,44.0,24610.0,2.3066258919469926,-0.0125176123587419,0,1,2952,183,182,53,347,913,393,325,557,1476,100.0,264993,928.7
09200716,Dörpfeldstraße West,hoch,mittel,mittel,mittel,mittlerer Status-Index,einfach,einfach,einfach,52.43727805221139,13.5438762125152,1203,Treptow-Köpenick,12489,0.0,0.0,100.0,mittel,7.0,428.0,0.0,0.0,,,,0.0,11.301830985915494,71.0,3345.669014084507,142.0,,0.0,Rudow,U7,6.351576325386138,4640.01105125292,44.0,24610.0,2.3066258919469926,-0.0125176123587419,0,0,7843,485,484,142,922,2427,1042,862,1478,3921,100.0,264993,928.7
09200717,Dörpfeldstraße Ost,mittel,mittel,mittel,gering,mittlerer Status-Index,keine starke Belastung,keine starke Belastung,keine starke Belastung,52.43994449221752,13.551969841320505,1219,Treptow-Köpenick,12489,35.27481542247744,0.0,64.72518457752255,mittel,2.0,153.0,1.0,1.0,720.0,,,0.0,11.133009708737864,103.0,3255.620689655173,174.0,,0.0,Rudow,U7,7.297202787142536,4640.01105125292,44.0,24610.0,2.3066258919469926,-0.0125176123587419,1,0,7945,491,490,144,934,2459,1056,874,1497,3972,100.0,264993,928.7
09200818,Spindlersfeld,mittel,hoch,gut,mittel,mittlerer Status-Index,einfach,einfach,einfach,52.44903853641204,13.564131482403486,412,Treptow-Köpenick,12555,0.4854368932038834,0.0,99.51456310679612,mittel,2.0,360.0,1.0,1.0,830.0,2.15050505050505,0.0740700984686903,1.0,11.1764,25.0,3104.231884057971,69.0,7046.531914893617,47.0,Rudow,U7,8.920745795896499,5469.171024853671,50.0,24610.0,2.3066258919469926,-0.0125176123587419,0,0,2599,155,168,53,191,698,363,335,635,1354,100.0,264993,928.7
09200819,Köllnische Vorstadt,hoch,mittel,mittel,mittel,niedriger/sehr niedriger Status-Index,einfach,zweifach,zweifach,52.4370003656426,13.56648913023963,670,Treptow-Köpenick,12557,90.44776119402984,0.0,9.55223880597015,einfach,7.0,458.0,1.0,1.0,576.0,,,0.0,10.659466666666669,75.0,3277.3606557377047,122.0,,0.0,Rudow,U7,8.748321849014548,6723.260368681036,33.0,24610.0,2.3066258919469926,-0.0125176123587419,0,0,3928,234,283,84,269,970,579,543,966,2019,100.0,264993,928.7
09300920,Dorf Altglienicke,mittel,mittel,gut,gering,mittlerer Status-Index,keine starke Belastung,keine starke Belastung,keine starke Belastung,52.41690680266026,13.536313448984815,3840,Treptow-Köpenick,12524,14.84375,0.0,85.15625,mittel,11.0,759.0,1.0,1.0,432.0,,,0.0,10.6108,25.0,3274.568181818182,44.0,,0.0,Rudow,U7,5.142224769696995,4501.11293533782,16.0,24610.0,2.3066258919469926,-0.0125176123587419,0,1,15429,1054,1454,443,1240,3660,2719,2188,2671,7777,100.0,264993,928.7
09300921,Preußen Siedlung,hoch,mittel,gut,gering,hoher Status-Index,einfach,einfach,einfach,52.41299092552018,13.557976259839064,1025,Treptow-Köpenick,12524,0.4878048780487805,0.0,99.51219512195122,mittel,0.0,0.0,0.0,0.0,,,,0.0,10.332424242424242,66.0,3004.4054054054054,111.0,,0.0,Rudow,U7,7.565822802722038,4501.11293533782,16.0,24610.0,2.3066258919469926,-0.0125176123587419,0,0,4120,281,388,118,331,977,726,584,713,2076,100.0,264993,928.7
09300922,Kosmos Viertel,mittel,hoch,gut,gering,niedriger/sehr niedriger Status-Index,einfach,zweifach,zweifach,52.40381945495869,13.526713412269755,174,Treptow-Köpenick,12524,84.48275862068965,0.0,15.517241379310343,einfach,5.0,593.0,2.0,2.0,913.0,2.407,-0.1824248510262598,1.0,,0.0,,0.0,,0.0,Rudow,U7,4.368611557440029,4501.11293533782,16.0,24610.0,2.3066258919469926,-0.0125176123587419,0,0,699,48,66,20,56,166,123,99,121,352,100.0,264993,928.7
09300923,Kölner Viertel,gering,mittel,gut,gering,mittlerer Status-Index,keine starke Belastung,keine starke Belastung,keine starke Belastung,52.40419458826007,13.539265438926002,1561,Treptow-Köpenick,12524,100.0,0.0,0.0,einfach,4.0,370.0,1.0,1.0,975.0,,,0.0,15.04,1.0,3466.5,2.0,,0.0,Rudow,U7,5.679115017369765,4501.11293533782,16.0,24610.0,2.3066258919469926,-0.0125176123587419,0,0,6274,429,591,180,504,1488,1106,890,1086,3162,100.0,264993,928.7
09301024,Falkenberg,mittel,mittel,gut,gering,mittlerer Status-Index,keine starke Belastung,keine starke Belastung,keine starke Belastung,52.40694843463414,13.565268017412636,874,Treptow-Köpenick,12526,100.0,0.0,0.0,einfach,4.0,230.0,0.0,0.0,,,,0.0,10.460727272727274,55.0,2954.297297297297,111.0,,0.0,Rudow,U7,8.44432931689927,4261.987290255082,5.0,24610.0,2.3066258919469926,-0.0125176123587419,0,0,2655,164,229,70,200,593,472,398,530,1338,100.0,264993,928.7
09301025,Alt-Bohnsdorf,hoch,mittel,gut,gering,mittlerer Status-Index,einfach,einfach,einfach,52.39639482418698,13.563987534691792,4207,Treptow-Köpenick,12526,94.46161159971476,0.0,5.538388400285239,einfach,5.0,272.0,1.0,1.0,576.0,,,0.0,10.145925925925926,27.0,3043.1428571428573,56.0,6621.1,60.0,Rudow,U7,8.555600991795625,4261.987290255082,5.0,24610.0,2.3066258919469926,-0.0125176123587419,0,0,10655,598,848,258,759,2256,1906,1669,2360,5371,100.0,264993,928.7
09301126,Grünau,mittel,gering,gut,gering,mittlerer Status-Index,keine starke Belastung,keine starke Belastung,keine starke Belastung,52.40550716377633,13.595738188977366,1423,Treptow-Köpenick,12527,15.460295151089248,0.8432888264230498,83.69641602248771,mittel,7.0,522.0,1.0,1.0,932.0,2.60625,-0.1017680253329,1.0,10.56944099378882,161.0,3003.1949458483755,277.0,6640.83870967742,62.0,Rudow,U7,11.818573805578254,5261.767237528145,23.0,24610.0,2.3066258919469926,-0.0125176123587419,0,1,4425,239,291,97,259,981,750,627,1180,2259,100.0,264993,928.7
09301227,Karolinenhof,hoch,gering,gut,gering,hoher Status-Index,einfach,einfach,einfach,52.39246031650335,13.633427263677325,859,Treptow-Köpenick,12527,100.0,0.0,0.0,einfach,2.0,70.0,0.0,0.0,,,,0.0,11.151904761904762,21.0,3158.5,16.0,,0.0,Rudow,U7,16.170858300411446,5261.767237528145,23.0,24610.0,2.3066258919469926,-0.0125176123587419,1,1,2678,145,176,58,157,594,454,379,715,1367,100.0,264993,928.7
09301228,Schmöckwitz/Rauchfangswerder,mittel,gering,gut,gering,hoher Status-Index,keine starke Belastung,keine starke Belastung,keine starke Belastung,52.3722974014331,13.657382217047852,1169,Treptow-Köpenick,12527,100.0,0.0,0.0,einfach,2.0,66.0,0.0,0.0,,,,0.0,10.757088607594936,237.0,3014.748730964467,394.0,7060.962962962963,54.0,Rudow,U7,19.25955050465695,5261.767237528145,23.0,24610.0,2.3066258919469926,-0.0125176123587419,0,0,3616,196,238,79,211,802,613,512,966,1846,99.2,264993,928.7
09401329,Kietzer Feld/Nachtheide,gering,gering,gut,gering,mittlerer Status-Index,keine starke Belastung,keine starke Belastung,keine starke Belastung,52.42528380214415,13.625314321303025,2650,Treptow-Köpenick,12557,7.886792452830188,1.1320754716981132,90.98113207547168,mittel,6.0,542.0,1.0,1.0,360.0,,,0.0,10.734193548387095,62.0,3151.453608247423,97.0,,0.0,Rudow,U7,15.04163425573418,6723.260368681036,33.0,24610.0,2.3066258919469926,-0.0125176123587419,0,1,15290,908,1116,328,1032,3721,2269,2134,3781,7842,100.0,264993,928.7
09401330,Wendenschloß,gering,gering,gut,gering,hoher Status-Index,keine starke Belastung,keine starke Belastung,keine starke Belastung,52.4183739005586,13.58996209534643,457,Treptow-Köpenick,12557,0.0,70.02188183807439,29.978118161925604,gut,1.0,70.0,0.0,0.0,,,,0.0,9.37076923076923,13.0,3106.740740740741,27.0,,0.0,Rudow,U7,11.095870202506864,6723.260368681036,33.0,24610.0,2.3066258919469926,-0.0125176123587419,0,0,2655,158,194,57,180,648,394,370,653,1362,100.0,264993,928.7
09401431,Allende I,mittel,mittel,gut,gering,mittlerer Status-Index,keine starke Belastung,keine starke Belastung,keine starke Belastung,52.4447958494312,13.588936779540887,302,Treptow-Köpenick,12559,0.0,3.9735099337748334,96.02649006622516,mittel,2.0,231.0,0.0,0.0,,,,0.0,10.553125,16.0,3004.5666666666666,30.0,,0.0,Rudow,U7,11.377637472757064,4382.541664176697,6.0,24610.0,2.3066258919469926,-0.0125176123587419,0,0,1238,56,86,27,71,245,173,184,396,635,100.0,264993,928.7
09401432,Siedlung Kämmereiheide,mittel,gering,gut,gering,mittlerer Status-Index,keine starke Belastung,keine starke Belastung,keine starke Belastung,52.445010571051085,13.602002959410427,409,Treptow-Köpenick,12559,0.0,0.0,100.0,mittel,0.0,0.0,0.0,0.0,,,,0.0,11.896666666666668,6.0,3234.083333333333,12.0,,0.0,Rudow,U7,12.78873861853187,4382.541664176697,6.0,24610.0,2.3066258919469926,-0.0125176123587419,0,0,1646,73,114,36,93,319,230,247,533,843,100.0,264993,928.7
09401433,Allende II,gering,gering,gut,gering,mittlerer Status-Index,keine starke Belastung,keine starke Belastung,keine starke Belastung,52.43782219839136,13.609861334957492,89,Treptow-Köpenick,12559,0.0,0.0,100.0,mittel,2.0,160.0,3.0,2.0,582.0,,,0.0,11.556,5.0,3288.818181818182,11.0,,0.0,Rudow,U7,13.485316481079224,4382.541664176697,6.0,24610.0,2.3066258919469926,-0.0125176123587419,0,0,358,16,25,8,20,69,50,54,116,183,100.0,264993,928.7
09401534,Altstadt Köpenick,mittel,mittel,mittel,hoch,mittlerer Status-Index,einfach,einfach,einfach,52.44269683212885,13.577983236763576,631,Treptow-Köpenick,12557,83.67670364500792,0.6339144215530903,15.689381933438987,einfach,8.0,502.0,0.0,0.0,,,,0.0,11.173188405797102,69.0,3165.528925619835,121.0,,0.0,Rudow,U7,10.143592426580271,6723.260368681036,33.0,24610.0,2.3066258919469926,-0.0125176123587419,0,0,3782,225,262,79,266,964,546,509,932,1954,100.0,264993,928.7
09401635,Müggelheim,hoch,gering,gut,gering,hoher Status-Index,einfach,einfach,einfach,52.40700977382448,13.683626496828523,3702,Treptow-Köpenick,12559,54.67314964883847,0.1350621285791464,45.19178822258239,einfach,3.0,238.0,1.0,1.0,432.0,,,0.0,9.789479768786126,346.0,2875.514866979656,639.0,6359.840909090909,132.0,Rudow,U7,21.52713445541693,4382.541664176697,6.0,24610.0,2.3066258919469926,-0.0125176123587419,1,0,14896,659,1033,330,845,2883,2086,2235,4824,7626,100.0,264993,928.7
09501736,Hirschgarten,hoch,gering,gut,gering,mittlerer Status-Index,einfach,einfach,einfach,52.455384132016576,13.612254910188174,782,Treptow-Köpenick,12587,0.0,11.253196930946292,88.7468030690537,mittel,3.0,401.0,1.0,1.0,360.0,,,0.0,12.100693069306931,101.0,3399.0285714285715,140.0,,0.0,Rudow,U7,14.190574624826397,6379.214158247782,16.0,24610.0,2.3066258919469926,-0.0125176123587419,0,0,5090,277,370,112,249,1080,801,641,1561,2745,100.0,264993,928.7
09501737,Alt-Friedrichshagen,gering,gering,mittel,gering,mittlerer Status-Index,keine starke Belastung,keine starke Belastung,keine starke Belastung,52.45857716705408,13.644434942929504,2051,Treptow-Köpenick,12587,0.0,92.3451974646514,7.654802535348611,gut,12.0,731.0,4.0,3.0,500.0,,,0.0,11.71440329218107,243.0,3394.4511873350925,379.0,7462.775510204082,49.0,Rudow,U7,17.724117023145908,6379.214158247782,16.0,24610.0,2.3066258919469926,-0.0125176123587419,0,0,13350,726,970,294,653,2833,2100,1681,4094,7198,100.0,264993,928.7
09501838,Rahnsdorf,gering,gering,gut,gering,hoher Status-Index,keine starke Belastung,keine starke Belastung,keine starke Belastung,52.44414808215185,13.702960217130569,4639,Treptow-Köpenick,12589,100.0,0.0,0.0,einfach,9.0,537.0,1.0,1.0,576.0,,,0.0,9.092307692307692,13.0,2592.222222222222,9.0,,0.0,Rudow,U7,23.81610378614146,5889.515455304929,3.0,24610.0,2.3066258919469926,-0.0125176123587419,1,1,9499,487,776,226,499,1694,1677,1592,2548,4746,100.0,264993,928.7
09501939,Bahnhofstraße,hoch,mittel,gut,mittel,mittlerer Status-Index,einfach,einfach,einfach,52.45423791784348,13.570408653483964,548,Treptow-Köpenick,12555,0.0,19.52554744525548,80.47445255474453,mittel,5.0,231.0,0.0,0.0,,,,0.0,10.425,44.0,3336.1311475409834,61.0,6892.80701754386,114.0,Rudow,U7,9.789884264554717,5469.171024853671,50.0,24610.0,2.3066258919469926,-0.0125176123587419,0,1,3496,209,224,72,260,948,486,446,851,1823,100.0,264993,928.7
09501940,Güterbahnhof Köpenick,mittel,gering,gut,gering,mittlerer Status-Index,keine starke Belastung,keine starke Belastung,keine starke Belastung,52.45665507392656,13.587607072644303,228,Treptow-Köpenick,12555,0.0,0.0,100.0,mittel,3.0,176.0,0.0,0.0,,,,0.0,10.26375,8.0,3214.0,10.0,,0.0,Rudow,U7,11.653073393719351,5469.171024853671,50.0,24610.0,2.3066258919469926,-0.0125176123587419,0,0,1449,86,93,30,107,392,201,185,354,756,100.0,264993,928.7
09501941,Friedrichshagener Straße,mittel,mittel,gut,gering,mittlerer Status-Index,keine starke Belastung,keine starke Belastung,keine starke Belastung,52.45102026182074,13.584914867792111,276,Treptow-Köpenick,12555,0.0,0.0,100.0,mittel,3.0,238.0,0.0,0.0,,,,0.0,10.465862068965516,58.0,3072.25,80.0,7016.115942028986,69.0,Rudow,U7,11.15490346602142,5469.171024853671,50.0,24610.0,2.3066258919469926,-0.0125176123587419,0,0,1758,104,114,36,125,464,248,224,442,921,100.0,264993,928.7
09502042,Mittelheide,mittel,gering,gut,gering,mittlerer Status-Index,keine starke Belastung,keine starke Belastung,keine starke Belastung,52.465577379905376,13.601466907454846,1057,Treptow-Köpenick,12555,0.0,0.0,100.0,mittel,3.0,231.0,1.0,1.0,432.0,,,0.0,11.6,17.0,3553.0,22.0,7536.895833333333,48.0,Rudow,U7,13.452759718534136,5469.171024853671,50.0,24610.0,2.3066258919469926,-0.0125176123587419,0,1,6716,400,431,137,497,1817,934,859,1641,3503,100.0,264993,928.7
09502043,Dammheide,mittel,gering,gut,gering,mittlerer Status-Index,keine starke Belastung,keine starke Belastung,keine starke Belastung,52.46953146373686,13.573474304945108,1880,Treptow-Köpenick,12555,0.0,0.2659574468085106,99.7340425531915,mittel,3.0,362.0,1.0,1.0,850.0,2.48602150537634,0.0184604692907601,1.0,11.645,2.0,3189.777777777778,9.0,,0.0,Rudow,U7,10.889010238383594,5469.171024853671,50.0,24610.0,2.3066258919469926,-0.0125176123587419,0,0,11973,714,768,245,889,3244,1664,1529,2920,6244,100.0,264993,928.7
10100101,Marzahn West,gering,hoch,gut,gering,niedriger/sehr niedriger Status-Index,einfach,zweifach,zweifach,52.56766518997179,13.5565117367747,411,Marzahn-Hellersdorf,12689,100.0,0.0,0.0,einfach,2.0,240.0,0.0,0.0,,,,0.0,,0.0,,0.0,,0.0,Landsberger Allee,S Ringbahn,10.3159739157857,3805.094598879611,2.0,21410.33333333333,2.379207920792081,-0.0788251288106969,0,0,9695,720,996,280,899,2658,1233,1675,1234,4792,100.0,266681,802.84
10100102,Rosenbecker Straße,gering,hoch,mittel,mittel,niedriger/sehr niedriger Status-Index,einfach,zweifach,zweifach,52.57101266754004,13.571021639757603,138,Marzahn-Hellersdorf,12689,100.0,0.0,0.0,einfach,4.0,200.0,0.0,0.0,,,,0.0,,0.0,,0.0,,0.0,Storkower Straße,S Ringbahn,11.916547437025116,3805.094598879611,2.0,21410.33333333333,2.379207920792081,-0.0788251288106969,0,0,3255,242,334,94,302,893,414,562,414,1609,100.0,266681,802.84
10100103,Wittenberger Straße,gering,hoch,gut,gering,niedriger/sehr niedriger Status-Index,einfach,zweifach,zweifach,52.56505730299138,13.566603699994982,249,Marzahn-Hellersdorf,12689,100.0,0.0,0.0,einfach,2.0,280.0,0.0,0.0,,,,0.0,,0.0,,0.0,,0.0,Storkower Straße,S Ringbahn,11.188477670121136,3805.094598879611,2.0,21410.33333333333,2.379207920792081,-0.0788251288106969,0,0,5873,436,603,170,545,1611,747,1015,747,2903,100.0,266681,802.84
10100104,Golliner Straße,gering,mittel,gut,gering,niedriger/sehr niedriger Status-Index,keine starke Belastung,einfach,einfach,52.56533851696285,13.578148928949512,226,Marzahn-Hellersdorf,12689,100.0,0.0,0.0,einfach,5.0,678.0,2.0,2.0,550.0,,,0.0,,0.0,,0.0,,0.0,Storkower Straße,S Ringbahn,12.376500777520334,3805.094598879611,2.0,21410.33333333333,2.379207920792081,-0.0788251288106969,0,0,5331,396,548,154,494,1462,678,921,678,2635,100.0,266681,802.84
10100205,Gewerbegebiet Bitterfelder Straße,hoch,mittel,gut,mittel,-,einfach,einfach,einfach,52.55416616832165,13.54033622540427,160,Marzahn-Hellersdorf,12681,100.0,0.0,0.0,einfach,2.0,37.0,0.0,0.0,,,,0.0,6.804651162790698,43.0,1980.7794117647056,68.0,,0.0,Storkower Straße,S Ringbahn,8.035167558607922,5650.724637681159,1.0,21410.33333333333,2.379207920792081,-0.0788251288106969,0,0,1907,105,139,40,175,500,205,276,466,932,95.0,266681,802.84
10100206,Wuhletalstraße,mittel,hoch,gut,gering,mittlerer Status-Index,einfach,einfach,einfach,52.55852120393015,13.565346646983636,302,Marzahn-Hellersdorf,12687,100.0,0.0,0.0,einfach,5.0,485.0,1.0,1.0,1220.0,,,0.0,6.81,5.0,1743.3,10.0,,0.0,Storkower Straße,S Ringbahn,10.775734874545035,,0.0,21410.33333333333,2.379207920792081,-0.0788251288106969,0,0,10019,680,861,244,765,2650,967,1696,2156,5106,100.0,266681,802.84
10100207,Ahrensfelder Berge,gering,mittel,gut,gering,niedriger/sehr niedriger Status-Index,keine starke Belastung,einfach,einfach,52.55382990892797,13.579924866757054,271,Marzahn-Hellersdorf,12679,100.0,0.0,0.0,einfach,2.0,380.0,1.0,1.0,201.0,,,0.0,6.329999999999999,6.0,1743.5,2.0,,0.0,Storkower Straße,S Ringbahn,12.139011434065624,3549.555736273004,3.0,21410.33333333333,2.379207920792081,-0.0788251288106969,0,0,8337,491,673,184,689,2121,893,1427,1859,4187,100.0,266681,802.84
10100208,Bürgerpark,mittel,hoch,gut,gering,niedriger/sehr niedriger Status-Index,einfach,zweifach,zweifach,52.55289867155719,13.557757812043114,235,Marzahn-Hellersdorf,12687,100.0,0.0,0.0,einfach,4.0,337.0,1.0,1.0,1162.0,2.51071428571429,-0.2861391367405499,1.0,6.280322580645161,31.0,1943.6666666666667,42.0,,0.0,Storkower Straße,S Ringbahn,9.76723433175454,,0.0,21410.33333333333,2.379207920792081,-0.0788251288106969,0,0,7538,482,631,176,596,1961,763,1282,1648,3817,100.0,266681,802.84
10100209,Lea-Grundig-Straße,mittel,hoch,mittel,gering,mittlerer Status-Index,einfach,einfach,einfach,52.550086291591406,13.56794947956607,454,Marzahn-Hellersdorf,12679,100.0,0.0,0.0,einfach,5.0,753.0,1.0,1.0,648.0,,,0.0,6.470769230769231,13.0,1940.658536585366,41.0,,0.0,Storkower Straße,S Ringbahn,10.74653878885124,3549.555736273004,3.0,21410.33333333333,2.379207920792081,-0.0788251288106969,0,0,13108,812,1076,301,1049,3368,1363,2225,2915,6618,100.0,266681,802.84
10100210,Marzahner Promenade,hoch,hoch,schlecht,gering,mittlerer Status-Index,dreifach,dreifach,dreifach,52.54578725120784,13.55066945375948,264,Marzahn-Hellersdorf,12679,100.0,0.0,0.0,einfach,6.0,637.0,1.0,1.0,1162.0,,,0.0,6.312222222222222,81.0,2062.3972602739727,146.0,4377.326923076923,52.0,Storkower Straße,S Ringbahn,8.771897499367643,3549.555736273004,3.0,21410.33333333333,2.379207920792081,-0.0788251288106969,0,0,8028,472,647,177,664,2043,860,1373,1792,4031,100.0,266681,802.84
10100311,Marzahner Chaussee,hoch,mittel,gut,gering,mittlerer Status-Index,einfach,einfach,einfach,52.524180147713736,13.530442273946385,1097,Marzahn-Hellersdorf,12681,0.8204193254329991,0.0,99.179580674567,mittel,1.0,120.0,2.0,1.0,288.0,,,0.0,8.571973684210526,76.0,2555.3982300884954,113.0,,0.0,Storkower Straße,S Ringbahn,6.155486448902659,5650.724637681159,1.0,21410.33333333333,2.379207920792081,-0.0788251288106969,0,0,13035,690,909,264,1195,3398,1373,1849,3356,6363,100.0,266681,802.84
10100312,Springpfuhl,mittel,mittel,gut,gering,mittlerer Status-Index,keine starke Belastung,keine starke Belastung,keine starke Belastung,52.52791683340405,13.54335728131186,325,Marzahn-Hellersdorf,12681,4.615384615384616,0.0,95.3846153846154,mittel,10.0,925.0,0.0,0.0,,,,0.0,7.362222222222223,9.0,2263.6,15.0,,0.0,Storkower Straße,S Ringbahn,7.607261045404228,5650.724637681159,1.0,21410.33333333333,2.379207920792081,-0.0788251288106969,0,0,3806,201,266,77,349,991,402,541,980,1858,100.0,266681,802.84
10100313,Alt-Marzahn,mittel,hoch,gut,mittel,mittlerer Status-Index,einfach,einfach,einfach,52.53961487221265,13.549390097550877,932,Marzahn-Hellersdorf,12685,100.0,0.0,0.0,einfach,4.0,302.0,1.0,1.0,432.0,,,0.0,6.283473684210525,95.0,1941.0944881889764,127.0,,0.0,Storkower Straße,S Ringbahn,8.460749259810015,4545.80324242478,7.0,21410.33333333333,2.379207920792081,-0.0788251288106969,0,0,11048,680,819,260,810,2656,1241,1718,2864,5589,100.0,266681,802.84
10100314,Auersbergstraße,mittel,hoch,gut,gering,mittlerer Status-Index,einfach,einfach,einfach,52.53765334575704,13.556350071497809,284,Marzahn-Hellersdorf,12685,99.29577464788731,0.0,0.7042253521126761,einfach,2.0,249.0,1.0,1.0,432.0,,,0.0,6.68923076923077,26.0,2016.9433962264152,53.0,,0.0,Storkower Straße,S Ringbahn,9.175178807272378,4545.80324242478,7.0,21410.33333333333,2.379207920792081,-0.0788251288106969,0,0,3366,208,250,80,245,807,379,525,873,1705,100.0,266681,802.84
10100315,Bärenstein,mittel,hoch,gut,gering,mittlerer Status-Index,einfach,einfach,einfach,52.53948829524593,13.565599162082222,339,Marzahn-Hellersdorf,12685,94.10029498525071,0.0,5.899705014749262,einfach,2.0,103.0,3.0,1.0,720.0,,,0.0,6.435714285714285,28.0,2025.4772727272727,44.0,,0.0,Storkower Straße,S Ringbahn,10.221691040600874,4545.80324242478,7.0,21410.33333333333,2.379207920792081,-0.0788251288106969,0,0,3646,224,270,86,266,871,416,571,942,1846,100.0,266681,802.84
10100316,Landsberger Tor,gering,gering,gut,mittel,mittlerer Status-Index,keine starke Belastung,keine starke Belastung,keine starke Belastung,52.539553109103686,13.577726773998938,221,Marzahn-Hellersdorf,12685,0.904977375565611,0.0,99.0950226244344,mittel,3.0,199.0,0.0,0.0,,,,0.0,5.016666666666667,12.0,1855.7096774193549,31.0,,0.0,Storkower Straße,S Ringbahn,11.549759632466753,4545.80324242478,7.0,21410.33333333333,2.379207920792081,-0.0788251288106969,0,0,3206,195,244,74,244,784,355,513,796,1618,100.0,266681,802.84
10200417,Zossener Straße,mittel,hoch,gut,mittel,niedriger/sehr niedriger Status-Index,einfach,zweifach,zweifach,52.54662260771664,13.593821464679792,207,Marzahn-Hellersdorf,12629,100.0,0.0,0.0,einfach,5.0,506.0,1.0,1.0,648.0,,,0.0,7.033333333333334,6.0,1817.8823529411768,17.0,,0.0,Storkower Straße,S Ringbahn,13.447304381040784,,0.0,21410.33333333333,2.379207920792081,-0.0788251288106969,0,0,3761,318,372,96,373,1091,517,540,454,1900,100.0,266681,802.84
10200418,Kyritzer Straße,gering,mittel,gut,mittel,mittlerer Status-Index,keine starke Belastung,keine starke Belastung,keine starke Belastung,52.54263865732319,13.587997530867597,348,Marzahn-Hellersdorf,12629,100.0,0.0,0.0,einfach,2.0,345.0,1.0,1.0,1000.0,2.73,-0.2255180253328998,1.0,6.205454545454546,11.0,1814.9166666666667,12.0,,0.0,Storkower Straße,S Ringbahn,12.730746178931453,,0.0,21410.33333333333,2.379207920792081,-0.0788251288106969,0,0,6235,535,616,161,624,1811,847,889,752,3144,100.0,266681,802.84
10200419,Havelländer Ring,gering,mittel,mittel,mittel,mittlerer Status-Index,keine starke Belastung,keine starke Belastung,keine starke Belastung,52.54217993769831,13.600264321522884,160,Marzahn-Hellersdorf,12627,99.375,0.0,0.625,einfach,2.0,210.0,0.0,0.0,,,,0.0,5.972666666666667,15.0,1736.0,12.0,,0.0,Storkower Straße,S Ringbahn,14.066385057391006,3242.915248853766,6.0,21410.33333333333,2.379207920792081,-0.0788251288106969,0,0,2985,245,296,75,291,864,419,434,362,1512,100.0,266681,802.84
10200420,Gut Hellersdorf,gering,mittel,gut,gering,niedriger/sehr niedriger Status-Index,keine starke Belastung,einfach,einfach,52.53735800366886,13.59320472642422,476,Marzahn-Hellersdorf,12629,97.2689075630252,0.0,2.73109243697479,einfach,5.0,415.0,0.0,0.0,,,,0.0,5.942777777777779,54.0,1636.68,75.0,,0.0,Storkower Straße,S Ringbahn,13.217163727821898,,0.0,21410.33333333333,2.379207920792081,-0.0788251288106969,0,0,8733,729,865,222,861,2531,1210,1259,1056,4416,100.0,266681,802.84
10200421,Helle Mitte,hoch,hoch,gut,hoch,mittlerer Status-Index,dreifach,dreifach,dreifach,52.53787064917017,13.604602206004976,124,Marzahn-Hellersdorf,12627,0.0,0.0,100.0,mittel,1.0,15.0,0.0,0.0,,,,0.0,6.0975,24.0,1662.8709677419354,31.0,,0.0,Storkower Straße,S Ringbahn,14.480233137894729,3242.915248853766,6.0,21410.33333333333,2.379207920792081,-0.0788251288106969,0,0,2354,189,234,58,227,680,335,345,286,1195,100.0,266681,802.84
10200422,Hellersdorfer Promenade,gering,mittel,gut,mittel,niedriger/sehr niedriger Status-Index,keine starke Belastung,einfach,einfach,52.54234418172917,13.607427901914514,296,Marzahn-Hellersdorf,12627,92.9054054054054,0.0,7.094594594594595,einfach,6.0,267.0,1.0,1.0,720.0,,,0.0,6.021142857142857,35.0,1809.706896551724,58.0,4045.918032786885,61.0,Storkower Straße,S Ringbahn,14.855493970807848,3242.915248853766,6.0,21410.33333333333,2.379207920792081,-0.0788251288106969,0,0,5619,452,558,139,543,1623,800,822,682,2852,100.0,266681,802.84
10200423,Böhlener Straße,mittel,gering,gut,gering,niedriger/sehr niedriger Status-Index,keine starke Belastung,einfach,einfach,52.54153545341333,13.62282064766202,286,Marzahn-Hellersdorf,12627,100.0,0.0,0.0,einfach,5.0,767.0,2.0,2.0,648.0,,,0.0,6.174375,16.0,1657.590909090909,44.0,,0.0,Storkower Straße,S Ringbahn,16.536581255480016,3242.915248853766,6.0,21410.33333333333,2.379207920792081,-0.0788251288106969,0,0,5429,436,539,135,524,1568,773,795,659,2755,100.0,266681,802.84
10200524,Adele-Sandrock-Straße,gering,mittel,gut,mittel,mittlerer Status-Index,keine starke Belastung,keine starke Belastung,keine starke Belastung,52.5353130390682,13.61818602877312,544,Marzahn-Hellersdorf,12627,80.14705882352942,0.0,19.852941176470587,einfach,5.0,341.0,2.0,2.0,864.0,,,0.0,5.748545454545455,55.0,1756.5348837209303,86.0,,0.0,Storkower Straße,S Ringbahn,15.952306509659204,3242.915248853766,6.0,21410.33333333333,2.379207920792081,-0.0788251288106969,0,0,10327,830,1025,256,997,2983,1470,1512,1254,5241,100.0,266681,802.84
10200525,Schleipfuhl,gering,mittel,gut,gering,niedriger/sehr niedriger Status-Index,keine starke Belastung,einfach,einfach,52.52949458861777,13.615274529707898,262,Marzahn-Hellersdorf,12627,91.98473282442748,0.0,8.015267175572518,einfach,3.0,360.0,2.0,2.0,720.0,,,0.0,5.988666666666666,15.0,1804.794871794872,39.0,,0.0,Storkower Straße,S Ringbahn,15.587152369613516,3242.915248853766,6.0,21410.33333333333,2.379207920792081,-0.0788251288106969,0,1,4907,394,487,122,473,1416,699,719,597,2490,100.0,266681,802.84
10200526,Boulevard Kastanienallee,gering,mittel,gut,mittel,niedriger/sehr niedriger Status-Index,keine starke Belastung,einfach,einfach,52.53207629568622,13.603102097364506,346,Marzahn-Hellersdorf,12627,100.0,0.0,0.0,einfach,6.0,448.0,2.0,2.0,478.0,,,0.0,6.222586206896551,58.0,1807.25,92.0,,0.0,Storkower Straße,S Ringbahn,14.254978741300944,3242.915248853766,6.0,21410.33333333333,2.379207920792081,-0.0788251288106969,0,0,6578,499,593,154,592,1866,899,1016,960,3359,100.0,266681,802.84
10200627,Am Kienberg,gering,mittel,gut,mittel,mittlerer Status-Index,keine starke Belastung,keine starke Belastung,keine starke Belastung,52.52865416955711,13.586354094474908,244,Marzahn-Hellersdorf,12619,63.934426229508205,0.0,36.0655737704918,einfach,1.0,136.0,0.0,0.0,,,,0.0,6.708333333333333,12.0,1792.5,14.0,,0.0,Storkower Straße,S Ringbahn,12.376228216107824,3749.0214708441313,4.0,21410.33333333333,2.379207920792081,-0.0788251288106969,0,0,4648,321,356,100,372,1283,597,773,847,2394,100.0,266681,802.84
10200628,Neue Grottkauer Straße,gering,mittel,gut,gering,niedriger/sehr niedriger Status-Index,keine starke Belastung,einfach,einfach,52.5286419601568,13.594063248299385,258,Marzahn-Hellersdorf,12619,99.2248062015504,0.0,0.7751937984496124,einfach,5.0,631.0,1.0,1.0,830.0,,,0.0,5.677142857142857,21.0,1791.0416666666667,24.0,3989.456140350877,57.0,Storkower Straße,S Ringbahn,13.230850238293549,3749.0214708441313,4.0,21410.33333333333,2.379207920792081,-0.0788251288106969,0,0,4916,339,376,105,393,1356,631,818,899,2533,100.0,266681,802.84
10200629,Teterower Ring,gering,mittel,gut,mittel,mittlerer Status-Index,keine starke Belastung,keine starke Belastung,keine starke Belastung,52.51908864960984,13.58158478355394,475,Marzahn-Hellersdorf,12619,0.0,0.0,100.0,mittel,6.0,553.0,2.0,1.0,576.0,,,0.0,7.07,14.0,2055.833333333333,24.0,,0.0,Frankfurter Allee,S Ringbahn,11.835877399880472,3749.0214708441313,4.0,21410.33333333333,2.379207920792081,-0.0788251288106969,0,1,9052,624,692,194,724,2496,1162,1506,1655,4663,100.0,266681,802.84
10200630,Cecilienplatz,gering,hoch,mittel,gering,mittlerer Status-Index,einfach,einfach,einfach,52.52150427925549,13.59222340816414,261,Marzahn-Hellersdorf,12619,0.0,0.0,100.0,mittel,1.0,220.0,0.0,0.0,,,,0.0,6.83,5.0,2035.6666666666667,6.0,,0.0,Storkower Straße,S Ringbahn,13.012857467260774,3749.0214708441313,4.0,21410.33333333333,2.379207920792081,-0.0788251288106969,0,0,4940,340,377,106,395,1362,634,822,903,2545,100.0,266681,802.84
10300731,Oberfeldstraße,mittel,mittel,gut,gering,hoher Status-Index,keine starke Belastung,keine starke Belastung,keine starke Belastung,52.5232657790648,13.556394414489578,2655,Marzahn-Hellersdorf,12683,0.0,0.0,100.0,mittel,4.0,156.0,0.0,0.0,,,,0.0,7.2071875,32.0,2260.064516129032,62.0,,0.0,Storkower Straße,S Ringbahn,9.034828174141172,4898.896222464127,9.0,21410.33333333333,2.379207920792081,-0.0788251288106969,0,0,7938,398,575,165,592,1636,1284,1416,1872,4006,100.0,266681,802.84
10300732,Buckower Ring,mittel,mittel,gut,gering,mittlerer Status-Index,keine starke Belastung,keine starke Belastung,keine starke Belastung,52.52398019625616,13.571499475468276,708,Marzahn-Hellersdorf,12683,79.51977401129943,0.0,20.480225988700564,einfach,6.0,524.0,1.0,1.0,600.0,,,0.0,6.883333333333333,9.0,2116.7,10.0,,0.0,Storkower Straße,S Ringbahn,10.71199434138662,4898.896222464127,9.0,21410.33333333333,2.379207920792081,-0.0788251288106969,0,0,2117,106,153,44,158,436,342,377,499,1068,100.0,266681,802.84
10300733,Alt-Biesdorf,hoch,mittel,gut,gering,hoher Status-Index,einfach,einfach,einfach,52.50697865000152,13.550671059984326,1204,Marzahn-Hellersdorf,12683,0.0,0.0,100.0,mittel,6.0,388.0,3.0,2.0,784.0,1.8034782608695696,0.42109688810417,1.0,7.364675925925926,216.0,2305.4328358208954,335.0,5036.276595744681,47.0,Frankfurter Allee,S Ringbahn,8.45896769691305,4898.896222464127,9.0,21410.33333333333,2.379207920792081,-0.0788251288106969,0,0,3600,181,261,75,269,742,582,642,849,1817,100.0,266681,802.84
10300734,Biesdorf Süd,mittel,mittel,gut,gering,hoher Status-Index,keine starke Belastung,keine starke Belastung,keine starke Belastung,52.492680127345736,13.560064687780658,4358,Marzahn-Hellersdorf,12683,0.0,0.0,100.0,mittel,5.0,505.0,2.0,1.0,432.0,,,0.0,7.208260869565217,92.0,2300.4488636363635,176.0,,0.0,Frankfurter Allee,S Ringbahn,9.790563428794924,4898.896222464127,9.0,21410.33333333333,2.379207920792081,-0.0788251288106969,0,0,13030,654,943,271,972,2685,2108,2324,3073,6576,100.0,266681,802.84
10400835,Kaulsdorf Nord,gering,mittel,gut,gering,hoher Status-Index,keine starke Belastung,keine starke Belastung,keine starke Belastung,52.5199769531594,13.602409937417123,3021,Marzahn-Hellersdorf,12621,0.0,0.0,100.0,mittel,7.0,672.0,0.0,0.0,,,,0.0,6.9664179104477615,67.0,2000.908256880734,109.0,,0.0,Storkower Straße,S Ringbahn,14.146483376363973,4601.575054202271,2.0,21410.33333333333,2.379207920792081,-0.0788251288106969,0,1,8477,460,640,215,503,1805,1478,1584,1794,4306,100.0,266681,802.84
10400836,Alt-Kaulsdorf,mittel,mittel,gut,gering,mittlerer Status-Index,keine starke Belastung,keine starke Belastung,keine starke Belastung,52.509069373712585,13.58817524670113,1336,Marzahn-Hellersdorf,12621,0.0,0.0,100.0,mittel,2.0,89.0,2.0,1.0,504.0,,,0.0,7.357107438016529,121.0,2125.5183246073298,191.0,4876.254237288135,59.0,Frankfurter Allee,S Ringbahn,12.585985525342412,4601.575054202271,2.0,21410.33333333333,2.379207920792081,-0.0788251288106969,0,0,3046,152,228,81,163,595,568,587,672,1543,100.0,266681,802.84
10400837,Kaulsdorf Süd,mittel,mittel,gut,gering,hoher Status-Index,keine starke Belastung,keine starke Belastung,keine starke Belastung,52.4917591255838,13.580467716401657,3592,Marzahn-Hellersdorf,12621,0.0,0.0,100.0,mittel,3.0,151.0,1.0,1.0,432.0,,,0.0,6.989666666666667,90.0,2156.7730061349694,163.0,,0.0,Frankfurter Allee,S Ringbahn,12.012158854554036,4601.575054202271,2.0,21410.33333333333,2.379207920792081,-0.0788251288106969,0,0,8178,411,613,215,438,1601,1527,1575,1799,4138,99.9,266681,802.84
10400938,Mahlsdorf Nord,mittel,mittel,gut,gering,hoher Status-Index,keine starke Belastung,keine starke Belastung,keine starke Belastung,52.52195871279916,13.632005434024665,4182,Marzahn-Hellersdorf,12623,0.0,45.45671927307509,54.54328072692491,mittel,5.0,265.0,1.0,1.0,432.0,,,0.0,5.423636363636363,11.0,2191.5714285714284,14.0,,0.0,Storkower Straße,S Ringbahn,17.427986455348783,5105.146643235767,8.0,21410.33333333333,2.379207920792081,-0.0788251288106969,0,2,9434,492,728,229,516,1875,1770,1806,2018,4714,100.0,266681,802.84
10400939,Alt-Mahlsdorf,mittel,mittel,gut,gering,hoher Status-Index,keine starke Belastung,keine starke Belastung,keine starke Belastung,52.50895915600223,13.6176348863845,1666,Marzahn-Hellersdorf,12623,0.0,91.0564225690276,8.94357743097239,gut,5.0,243.0,1.0,1.0,550.0,2.7320000000000007,-0.2275180253329001,1.0,6.872368421052631,76.0,2148.1944444444443,108.0,4761.235294117647,51.0,Frankfurter Allee,S Ringbahn,15.851749961349451,5105.146643235767,8.0,21410.33333333333,2.379207920792081,-0.0788251288106969,0,1,3758,196,290,91,205,747,705,719,804,1878,100.0,266681,802.84
10400940,Elsensee,gering,mittel,gut,gering,hoher Status-Index,keine starke Belastung,keine starke Belastung,keine starke Belastung,52.49133077383428,13.600379956464966,2658,Marzahn-Hellersdorf,12623,0.0,89.20240782543266,10.797592174567344,gut,3.0,389.0,2.0,2.0,576.0,,,0.0,7.492054794520548,73.0,2176.657894736842,114.0,4831.491803278688,61.0,Frankfurter Allee,S Ringbahn,14.18400382410968,5105.146643235767,8.0,21410.33333333333,2.379207920792081,-0.0788251288106969,0,0,5997,312,463,146,328,1192,1125,1148,1284,2998,100.0,266681,802.84
10400941,Pilgramer Straße,gering,mittel,gut,gering,hoher Status-Index,keine starke Belastung,keine starke Belastung,keine starke Belastung,52.48828388433553,13.61426225307535,4178,Marzahn-Hellersdorf,12623,0.0,99.23408329344184,0.7659167065581618,gut,7.0,529.0,0.0,0.0,,,,0.0,6.82568,125.0,2104.4761904761904,231.0,,0.0,Frankfurter Allee,S Ringbahn,15.761280124777729,5105.146643235767,8.0,21410.33333333333,2.379207920792081,-0.0788251288106969,0,0,9425,491,728,229,515,1873,1768,1804,2017,4710,100.0,266681,802.84
11100101,Dörfer Malchow-Wartenberg,gering,gering,gut,gering,hoher Status-Index,keine starke Belastung,keine starke Belastung,keine starke Belastung,52.582615934783625,13.5120245703726,1718,Lichtenberg,13059,1.80442374854482,0.0,98.19557625145518,mittel,3.0,291.0,3.0,2.0,1501.0,2.39846153846154,0.1060204362055601,1.0,7.458658146964856,626.0,2228.5723938223937,1036.0,4799.77037037037,270.0,Landsberger Allee,S Ringbahn,7.426750035667281,3827.1346524813457,6.0,25746.33333333333,2.29593253968254,0.0502196103122902,0,0,16444,1074,1454,398,1314,4105,2237,3064,2800,8399,100.0,286242,899.46
11100102,Dorf Falkenberg,gering,gering,gut,gering,mittlerer Status-Index,keine starke Belastung,keine starke Belastung,keine starke Belastung,52.57574616451419,13.549632677887288,1112,Lichtenberg,13057,100.0,0.0,0.0,einfach,2.0,110.0,1.0,1.0,1116.0,2.14590163934426,0.0786735096294801,1.0,7.550000000000001,37.0,2258.2093023255816,86.0,,0.0,Landsberger Allee,S Ringbahn,10.058851953017134,3764.310023137472,2.0,25746.33333333333,2.29593253968254,0.0502196103122902,0,0,12113,889,1146,319,1004,3304,1767,2087,1598,6070,100.0,286242,899.46
11100203,Falkenberg Ost,gering,mittel,gut,gering,niedriger/sehr niedriger Status-Index,keine starke Belastung,einfach,einfach,52.56534391101663,13.531148445903444,259,Lichtenberg,13057,100.0,0.0,0.0,einfach,4.0,612.0,2.0,2.0,725.0,,,0.0,8.586000000000002,5.0,2596.8571428571427,7.0,,0.0,Landsberger Allee,S Ringbahn,7.705845547017651,3764.310023137472,2.0,25746.33333333333,2.29593253968254,0.0502196103122902,0,0,2821,207,267,74,234,770,411,486,372,1414,100.0,286242,899.46
11100204,Falkenberg West,mittel,mittel,gut,mittel,mittlerer Status-Index,keine starke Belastung,keine starke Belastung,keine starke Belastung,52.56277534199801,13.52220624712474,209,Lichtenberg,13057,100.0,0.0,0.0,einfach,4.0,371.0,0.0,0.0,,,,0.0,8.137272727272729,22.0,2491.051282051282,39.0,5503.4375,64.0,Landsberger Allee,S Ringbahn,6.716592460686485,3764.310023137472,2.0,25746.33333333333,2.29593253968254,0.0502196103122902,0,0,2277,167,215,60,189,621,332,392,300,1141,100.0,286242,899.46
11100205,Wartenberg Süd,gering,hoch,gut,gering,niedriger/sehr niedriger Status-Index,einfach,zweifach,zweifach,52.57024193540119,13.5178735382813,260,Lichtenberg,13059,70.38461538461539,0.0,29.615384615384617,einfach,2.0,267.0,0.0,0.0,,,,0.0,8.520999999999999,20.0,2423.046511627907,43.0,,0.0,Landsberger Allee,S Ringbahn,6.847250505112089,3827.1346524813457,6.0,25746.33333333333,2.29593253968254,0.0502196103122902,0,0,1946,127,172,47,157,493,272,356,322,1005,100.0,286242,899.46
11100206,Wartenberg Nord,gering,mittel,gut,gering,niedriger/sehr niedriger Status-Index,keine starke Belastung,einfach,einfach,52.573945319045954,13.507549716074005,426,Lichtenberg,13059,98.8262910798122,0.0,1.1737089201877933,einfach,5.0,567.0,0.0,0.0,,,,0.0,7.759756097560975,41.0,2303.4918032786886,61.0,,0.0,Landsberger Allee,S Ringbahn,6.360855960835799,3827.1346524813457,6.0,25746.33333333333,2.29593253968254,0.0502196103122902,0,0,3188,207,283,77,258,807,445,583,528,1647,100.0,286242,899.46
11100307,Zingster Straße Ost,gering,mittel,gut,gering,niedriger/sehr niedriger Status-Index,keine starke Belastung,einfach,einfach,52.56972603896705,13.502502151269002,207,Lichtenberg,13051,100.0,0.0,0.0,einfach,5.0,633.0,3.0,3.0,600.0,,,0.0,8.375,78.0,2466.3714285714286,105.0,5385.0,69.0,Landsberger Allee,S Ringbahn,5.647916788472035,3876.251169212422,7.0,25746.33333333333,2.29593253968254,0.0502196103122902,0,0,4165,274,366,101,325,1011,539,804,745,2082,100.0,286242,899.46
11100308,Zingster Straße West,gering,mittel,gut,gering,niedriger/sehr niedriger Status-Index,keine starke Belastung,einfach,einfach,52.56679069135679,13.493898001867796,304,Lichtenberg,13051,100.0,0.0,0.0,einfach,4.0,512.0,2.0,2.0,1501.0,,,0.0,8.232533333333334,75.0,2510.3,110.0,,0.0,Landsberger Allee,S Ringbahn,4.848119692792309,3876.251169212422,7.0,25746.33333333333,2.29593253968254,0.0502196103122902,0,0,6157,405,542,149,481,1494,796,1188,1101,3078,100.0,286242,899.46
11100309,Mühlengrund,mittel,mittel,gut,mittel,mittlerer Status-Index,keine starke Belastung,keine starke Belastung,keine starke Belastung,52.56124115161692,13.513439709275287,220,Lichtenberg,13053,37.72727272727273,0.0,62.27272727272727,mittel,4.0,402.0,2.0,2.0,725.0,,,0.0,8.15148148148148,54.0,2650.8279569892475,93.0,,0.0,Landsberger Allee,S Ringbahn,5.828019417108678,5313.560531847616,9.0,25746.33333333333,2.29593253968254,0.0502196103122902,0,0,1415,98,117,29,116,351,185,230,289,710,100.0,286242,899.46
11200410,Malchower Weg,mittel,hoch,gut,mittel,mittlerer Status-Index,einfach,einfach,einfach,52.55634930973687,13.5052515107311,2219,Lichtenberg,13053,99.2789544840018,0.0,0.7210455159981974,einfach,6.0,597.0,1.0,1.0,550.0,,,0.0,8.263035714285715,112.0,2550.438888888889,180.0,,0.0,Landsberger Allee,S Ringbahn,4.778995022218405,5313.560531847616,9.0,25746.33333333333,2.29593253968254,0.0502196103122902,0,0,19079,1293,1617,413,1535,4694,2488,3317,3720,9562,100.0,286242,899.46
11200411,Hauptstraße,hoch,mittel,mittel,mittel,mittlerer Status-Index,einfach,einfach,einfach,52.54604003041501,13.515835089951402,520,Lichtenberg,13053,35.19230769230769,0.0,64.8076923076923,mittel,4.0,326.0,1.0,1.0,432.0,,,0.0,6.078333333333333,6.0,2720.0,9.0,,0.0,Storkower Straße,S Ringbahn,5.204405868612684,5313.560531847616,9.0,25746.33333333333,2.29593253968254,0.0502196103122902,0,0,5093,344,395,114,425,1376,656,705,1077,2591,99.6,286242,899.46
11200512,Orankesee,gering,mittel,gut,mittel,mittlerer Status-Index,keine starke Belastung,keine starke Belastung,keine starke Belastung,52.5446886382782,13.48124784476867,653,Lichtenberg,13053,0.4594180704441041,0.0,99.5405819295559,mittel,5.0,437.0,3.0,2.0,1584.0,2.25526315789474,0.2492188167723599,1.0,10.748947368421051,19.0,4102.222222222223,36.0,,0.0,Landsberger Allee,S Ringbahn,2.021468185236646,5313.560531847616,9.0,25746.33333333333,2.29593253968254,0.0502196103122902,0,0,4642,318,378,96,382,1180,605,724,958,2338,100.0,286242,899.46
11200513,Große-Leege-Straße,gering,hoch,schlecht,mittel,mittlerer Status-Index,zweifach,zweifach,zweifach,52.54090848081656,13.491644201157396,699,Lichtenberg,13055,0.0,0.0,100.0,mittel,4.0,427.0,0.0,0.0,,,,0.0,,0.0,3583.0,1.0,,0.0,Landsberger Allee,S Ringbahn,2.5498769495075373,4021.09060532151,5.0,25746.33333333333,2.29593253968254,0.0502196103122902,0,0,10684,711,792,256,902,3048,1362,1305,2309,5483,100.0,286242,899.46
11200514,Landsberger Allee,mittel,hoch,gut,gering,mittlerer Status-Index,einfach,einfach,einfach,52.53621148561808,13.490631220262753,503,Lichtenberg,13055,5.168986083499006,0.0,94.831013916501,mittel,5.0,966.0,3.0,3.0,875.0,2.44583333333333,0.0586486413337699,1.0,11.56,1.0,3323.0,1.0,,0.0,Landsberger Allee,S Ringbahn,2.217578583350925,4021.09060532151,5.0,25746.33333333333,2.29593253968254,0.0502196103122902,0,0,7689,512,570,184,649,2193,980,939,1662,3946,100.0,286242,899.46
11200515,Weiße Taube,gering,mittel,gut,mittel,hoher Status-Index,keine starke Belastung,keine starke Belastung,keine starke Belastung,52.539019218063466,13.511275131453546,904,Lichtenberg,13055,0.0,0.0,100.0,mittel,4.0,247.0,1.0,1.0,648.0,,,0.0,,0.0,,0.0,,0.0,Storkower Straße,S Ringbahn,4.4016790859329165,4021.09060532151,5.0,25746.33333333333,2.29593253968254,0.0502196103122902,0,0,11215,751,848,262,942,3129,1436,1446,2401,5734,100.0,286242,899.46
11300616,Hohenschönhauser Straße,hoch,hoch,gut,gering,niedriger/sehr niedriger Status-Index,zweifach,dreifach,dreifach,52.53452343679911,13.469143240088984,192,Lichtenberg,10369,100.0,0.0,0.0,einfach,3.0,483.0,3.0,2.0,432.0,,,0.0,,0.0,5089.0,1.0,,0.0,Landsberger Allee,S Ringbahn,0.6902507244405071,3967.5960650035327,3.0,25746.33333333333,2.29593253968254,0.0502196103122902,0,0,6480,333,392,112,609,1665,722,685,1963,3326,100.0,286242,899.46
11300617,Fennpfuhlpark,hoch,hoch,mittel,gering,niedriger/sehr niedriger Status-Index,zweifach,dreifach,dreifach,52.52965773730015,13.471807149308852,84,Lichtenberg,10369,78.57142857142857,0.0,21.428571428571427,einfach,2.0,259.0,1.0,1.0,360.0,,,0.0,16.81,4.0,6548.4,5.0,,0.0,Landsberger Allee,S Ringbahn,0.0760823624048204,3967.5960650035327,3.0,25746.33333333333,2.29593253968254,0.0502196103122902,0,0,2821,145,171,49,266,729,315,298,850,1448,100.0,286242,899.46
11300618,Storkower Bogen,mittel,hoch,mittel,mittel,mittlerer Status-Index,einfach,einfach,einfach,52.52689869155949,13.46290489234966,207,Lichtenberg,10369,0.0,0.0,100.0,mittel,2.0,90.0,0.0,0.0,,,,0.0,18.54,4.0,7317.0,3.0,,0.0,Landsberger Allee,S Ringbahn,1.0361508452868275,3967.5960650035327,3.0,25746.33333333333,2.29593253968254,0.0502196103122902,0,0,6987,358,422,121,657,1795,779,739,2116,3585,100.0,286242,899.46
11300619,Rudolf-Seiffert-Park,mittel,hoch,gut,mittel,mittlerer Status-Index,einfach,einfach,einfach,52.52514726009676,13.473365983223143,144,Lichtenberg,10369,0.0,0.0,100.0,mittel,5.0,695.0,1.0,1.0,600.0,,,0.0,13.845,6.0,5471.75,4.0,,0.0,Storkower Straße,S Ringbahn,0.2995095282269654,3967.5960650035327,3.0,25746.33333333333,2.29593253968254,0.0502196103122902,0,0,4709,248,285,81,446,1253,526,495,1375,2415,100.0,286242,899.46
11300620,Fennpfuhl Ost,hoch,hoch,schlecht,mittel,mittlerer Status-Index,dreifach,dreifach,dreifach,52.52893904569544,13.48181860744796,210,Lichtenberg,10367,100.0,0.0,0.0,einfach,6.0,584.0,2.0,2.0,504.0,,,0.0,9.186,5.0,3599.4,5.0,,0.0,Storkower Straße,S Ringbahn,1.003710534023701,4901.112438833609,19.0,25746.33333333333,2.29593253968254,0.0502196103122902,0,0,5649,347,345,90,565,1860,643,574,1226,2882,100.0,286242,899.46
11300721,Herzbergstraße,mittel,mittel,gut,mittel,mittlerer Status-Index,keine starke Belastung,keine starke Belastung,keine starke Belastung,52.52668986404032,13.504237943679612,422,Lichtenberg,10365,83.64928909952607,0.0,16.350710900473935,einfach,3.0,252.0,3.0,3.0,900.0,,,0.0,10.193979591836737,98.0,3031.078212290503,179.0,,0.0,Storkower Straße,S Ringbahn,3.271154081137975,4382.617585797251,12.0,25746.33333333333,2.29593253968254,0.0502196103122902,0,0,6835,423,439,128,807,2291,798,713,1235,3349,100.0,286242,899.46
11300722,Rathaus Lichtenberg,mittel,hoch,gut,mittel,mittlerer Status-Index,einfach,einfach,einfach,52.51870060105658,13.479677128503813,576,Lichtenberg,10367,0.0,0.0,100.0,mittel,3.0,315.0,0.0,0.0,,,,0.0,11.50875,24.0,3650.283333333333,60.0,,0.0,Frankfurter Allee,S Ringbahn,0.5994902023782527,4901.112438833609,19.0,25746.33333333333,2.29593253968254,0.0502196103122902,0,0,15252,937,933,245,1531,5023,1737,1548,3298,7776,100.0,286242,899.46
11300723,Bornitzstraße,gering,mittel,mittel,hoch,mittlerer Status-Index,einfach,einfach,einfach,52.520067103236535,13.495587834212763,397,Lichtenberg,10365,69.77329974811083,0.0,30.22670025188917,einfach,3.0,521.0,0.0,0.0,,,,0.0,9.319230769230767,52.0,3260.270833333333,96.0,6439.369565217391,46.0,Storkower Straße,S Ringbahn,2.3083217992925134,4382.617585797251,12.0,25746.33333333333,2.29593253968254,0.0502196103122902,0,0,5479,360,379,116,672,1883,659,539,873,2669,100.0,286242,899.46
11300724,Roedeliusplatz,mittel,hoch,mittel,mittel,mittlerer Status-Index,einfach,einfach,einfach,52.51527962552044,13.489515135182328,282,Lichtenberg,10365,99.29078014184395,0.0,0.7092198581560284,einfach,4.0,228.0,0.0,0.0,,,,0.0,10.351538461538462,39.0,3397.1492537313434,67.0,6322.056603773585,53.0,Frankfurter Allee,S Ringbahn,1.6131629990531915,4382.617585797251,12.0,25746.33333333333,2.29593253968254,0.0502196103122902,0,0,3892,256,269,82,477,1337,468,383,620,1896,100.0,286242,899.46
11300725,Nibelungenviertel,mittel,hoch,schlecht,mittel,mittlerer Status-Index,zweifach,zweifach,zweifach,52.51552961981805,13.500835740330665,734,Lichtenberg,10365,0.6811989100817438,0.0,99.31880108991824,mittel,6.0,363.0,2.0,1.0,792.0,,,0.0,10.186947368421052,95.0,3066.6023391812864,171.0,,0.0,Frankfurter Allee,S Ringbahn,2.868242439827561,4382.617585797251,12.0,25746.33333333333,2.29593253968254,0.0502196103122902,0,1,10131,666,700,214,1242,3481,1218,996,1614,4935,100.0,286242,899.46
11300826,Frankfurter Allee Süd,hoch,mittel,mittel,mittel,mittlerer Status-Index,einfach,einfach,einfach,52.50897899564946,13.484960789058746,248,Lichtenberg,10365,65.32258064516128,0.0,34.67741935483871,einfach,5.0,776.0,2.0,2.0,750.0,2.53243243243243,-0.0279504577653297,1.0,10.782298850574712,87.0,3592.668674698796,166.0,7267.315068493151,73.0,Frankfurter Allee,S Ringbahn,1.3527062296085424,4382.617585797251,12.0,25746.33333333333,2.29593253968254,0.0502196103122902,0,0,3418,225,236,72,419,1177,411,336,542,1665,100.0,286242,899.46
11400927,Victoriastadt,hoch,hoch,schlecht,hoch,mittlerer Status-Index,vierfach,vierfach,vierfach,52.504286086498034,13.476337562411572,319,Lichtenberg,10317,0.0,0.0,100.0,mittel,5.0,294.0,0.0,0.0,,,,0.0,12.488148148148149,27.0,3829.490566037736,53.0,,0.0,Ostkreuz,S Ringbahn,0.820129738353966,6154.179169486589,47.0,25746.33333333333,2.29593253968254,0.0502196103122902,0,0,3676,308,268,56,388,1669,450,269,267,1753,100.0,286242,899.46
11400928,Nöldnerplatz,hoch,mittel,mittel,mittel,mittlerer Status-Index,einfach,einfach,einfach,52.49933962267134,13.489581762346903,223,Lichtenberg,10317,0.0,0.0,100.0,mittel,4.0,141.0,1.0,1.0,720.0,,,0.0,11.563968253968254,63.0,3598.3711340206187,97.0,7163.892857142857,56.0,Ostkreuz,S Ringbahn,2.3056941804869235,6154.179169486589,47.0,25746.33333333333,2.29593253968254,0.0502196103122902,0,0,3084,224,212,49,311,1185,366,265,472,1525,100.0,286242,899.46
11400929,Weitlingkiez,gering,hoch,mittel,mittel,mittlerer Status-Index,einfach,einfach,einfach,52.50516442017987,13.495894589628785,993,Lichtenberg,10317,0.0,0.0,100.0,mittel,11.0,708.0,0.0,0.0,,,,0.0,10.558947368421054,114.0,3442.1,170.0,7101.436363636363,55.0,Frankfurter Allee,S Ringbahn,2.6126147737937044,6154.179169486589,47.0,25746.33333333333,2.29593253968254,0.0502196103122902,1,0,13200,991,898,202,1431,5455,1572,1136,1514,6352,100.0,286242,899.46
11400930,Zachertstraße,gering,hoch,mittel,mittel,mittlerer Status-Index,einfach,einfach,einfach,52.505146062229,13.506484833463292,405,Lichtenberg,10315,0.0,0.0,100.0,mittel,4.0,351.0,0.0,0.0,,,,0.0,10.198536585365853,41.0,3115.9253731343283,67.0,,0.0,Frankfurter Allee,S Ringbahn,3.6966544885818817,4792.8968321718185,18.0,25746.33333333333,2.29593253968254,0.0502196103122902,0,0,8140,455,465,127,932,2633,910,932,1687,3992,100.0,286242,899.46
11400931,Massower Straße,mittel,hoch,mittel,mittel,mittlerer Status-Index,einfach,einfach,einfach,52.50835635311262,13.513090806421532,250,Lichtenberg,10315,18.8,0.0,81.2,mittel,2.0,270.0,0.0,0.0,,,,0.0,9.72462962962963,54.0,2999.759493670886,79.0,,0.0,Frankfurter Allee,S Ringbahn,4.312367673651837,4792.8968321718185,18.0,25746.33333333333,2.29593253968254,0.0502196103122902,0,0,4827,277,280,75,550,1596,542,542,965,2364,100.0,286242,899.46
11401032,Rosenfelder Ring,hoch,hoch,mittel,mittel,mittlerer Status-Index,zweifach,zweifach,zweifach,52.51224808407058,13.51054736170573,262,Lichtenberg,10315,93.89312977099236,0.0,6.106870229007633,einfach,1.0,181.0,1.0,1.0,432.0,,,0.0,9.227179487179487,78.0,2954.157024793388,121.0,6338.19696969697,66.0,Frankfurter Allee,S Ringbahn,3.9676744618871775,4792.8968321718185,18.0,25746.33333333333,2.29593253968254,0.0502196103122902,0,0,4651,283,279,72,525,1611,529,498,853,2270,100.0,286242,899.46
11401033,Gensinger Straße,hoch,hoch,gut,gering,mittlerer Status-Index,zweifach,zweifach,zweifach,52.51200055169494,13.528173806401965,338,Lichtenberg,10315,100.0,0.0,0.0,einfach,3.0,432.0,0.0,0.0,,,,0.0,8.693870967741935,31.0,2723.0,43.0,6036.160714285715,56.0,Frankfurter Allee,S Ringbahn,5.918964310179561,4792.8968321718185,18.0,25746.33333333333,2.29593253968254,0.0502196103122902,0,0,6793,380,388,106,777,2197,759,777,1408,3332,100.0,286242,899.46
11401034,Tierpark,hoch,gering,mittel,gering,mittlerer Status-Index,einfach,einfach,einfach,52.503213612235136,13.529145232196983,173,Lichtenberg,10319,98.26589595375722,0.0,1.7341040462427744,einfach,2.0,185.0,0.0,0.0,,,,0.0,9.016444444444444,90.0,2693.978102189781,137.0,,0.0,Frankfurter Allee,S Ringbahn,6.175429790784171,3465.135674936168,2.0,25746.33333333333,2.29593253968254,0.0502196103122902,0,0,3897,200,228,66,388,1046,433,442,1093,2012,100.0,286242,899.46
11401135,Dolgenseestraße,gering,mittel,gut,gering,mittlerer Status-Index,keine starke Belastung,keine starke Belastung,keine starke Belastung,52.49453194598007,13.50592891599356,329,Lichtenberg,10319,69.90881458966565,0.0,30.091185410334347,einfach,3.0,382.0,2.0,2.0,1129.0,,,0.0,10.175294117647056,17.0,3316.111111111112,18.0,,0.0,Frankfurter Allee,S Ringbahn,4.179080256539512,3465.135674936168,2.0,25746.33333333333,2.29593253968254,0.0502196103122902,0,0,8022,389,478,142,725,1874,887,906,2621,4272,100.0,286242,899.46
11401136,Volkradstraße,mittel,hoch,gut,gering,mittlerer Status-Index,einfach,einfach,einfach,52.499986938065135,13.508781666068334,434,Lichtenberg,10319,0.0,0.0,100.0,mittel,6.0,605.0,2.0,2.0,550.0,2.704,-0.1995180253329,1.0,10.59764705882353,34.0,3109.264150943396,53.0,,0.0,Frankfurter Allee,S Ringbahn,4.149706629927436,3465.135674936168,2.0,25746.33333333333,2.29593253968254,0.0502196103122902,0,1,10197,508,603,177,965,2545,1130,1154,3116,5354,100.0,286242,899.46
11401137,Erieseering,mittel,mittel,gut,mittel,mittlerer Status-Index,keine starke Belastung,keine starke Belastung,keine starke Belastung,52.4984812551857,13.519120187411978,203,Lichtenberg,10319,76.84729064039408,0.0,23.15270935960591,einfach,1.0,141.0,1.0,1.0,1129.0,2.54736842105263,-0.04288644638553,1.0,9.755384615384616,13.0,2960.6976744186045,43.0,,0.0,Frankfurter Allee,S Ringbahn,5.269282772567784,3465.135674936168,2.0,25746.33333333333,2.29593253968254,0.0502196103122902,0,0,4907,240,292,87,448,1164,543,554,1579,2605,100.0,286242,899.46
11501238,Rummelsburg,hoch,mittel,gut,mittel,mittlerer Status-Index,einfach,einfach,einfach,52.49178332720732,13.492942954718192,645,Lichtenberg,10317,0.0,0.0,100.0,mittel,4.0,352.0,1.0,1.0,432.0,,,0.0,11.947289719626168,107.0,3706.8115183246073,191.0,7496.88,50.0,Ostkreuz,S Ringbahn,2.915422066367817,6154.179169486589,47.0,25746.33333333333,2.29593253968254,0.0502196103122902,0,0,7216,604,531,111,758,3243,889,537,543,3449,100.0,286242,899.46
11501339,Karlshorst West,gering,mittel,schlecht,mittel,mittlerer Status-Index,einfach,einfach,einfach,52.48864273269436,13.520309029092743,852,Lichtenberg,10318,0.0,78.28638497652582,21.71361502347418,gut,9.0,649.0,0.0,0.0,,,,0.0,10.170727272727271,55.0,3187.224719101124,89.0,,0.0,Frankfurter Allee,S Ringbahn,5.874960821202673,4624.728739562005,18.0,25746.33333333333,2.29593253968254,0.0502196103122902,0,1,4851,383,446,111,415,1438,734,550,775,2480,100.0,286242,899.46
11501340,Karlshorst Nord,mittel,mittel,gut,gering,hoher Status-Index,keine starke Belastung,keine starke Belastung,keine starke Belastung,52.48561496863058,13.538490051320446,2396,Lichtenberg,10318,0.0,14.858096828046744,85.14190317195326,mittel,6.0,583.0,4.0,4.0,792.0,,,0.0,10.339375,160.0,3076.2671232876714,292.0,6604.041666666667,168.0,Frankfurter Allee,S Ringbahn,7.812883652789694,4624.728739562005,18.0,25746.33333333333,2.29593253968254,0.0502196103122902,0,0,13643,1076,1256,312,1167,4044,2063,1546,2178,6975,100.0,286242,899.46
11501341,Karlshorst Süd,mittel,mittel,gut,mittel,mittlerer Status-Index,keine starke Belastung,keine starke Belastung,keine starke Belastung,52.47798074862442,13.52016191456995,1499,Lichtenberg,10318,0.0,23.282188125416944,76.71781187458305,mittel,14.0,706.0,2.0,1.0,432.0,,,0.0,10.700106382978722,94.0,3119.0062111801244,161.0,6591.425531914893,47.0,Ostkreuz,S Ringbahn,6.301940670124114,4624.728739562005,18.0,25746.33333333333,2.29593253968254,0.0502196103122902,0,0,8559,675,787,196,733,2544,1293,968,1363,4374,100.0,286242,899.46
12100101,Letteplatz,mittel,hoch,schlecht,mittel,niedriger/sehr niedriger Status-Index,zweifach,dreifach,dreifach,52.563708313753565,13.37105953642484,767,Reinickendorf,13409,100.0,0.0,0.0,einfach,2.0,231.0,0.0,0.0,,,,0.0,14.76,9.0,5487.777777777777,9.0,,0.0,Franz-Neumann-Platz,U8,1.371950041260208,4040.575975338061,25.0,23550.0,2.2858995137763376,-0.0386518256977431,0,0,10660,690,837,271,1345,3042,1521,1270,1684,5269,100.0,263494,893.76
12100102,Hausotterplatz,gering,mittel,schlecht,mittel,niedriger/sehr niedriger Status-Index,einfach,zweifach,zweifach,52.56973777154091,13.376763861919516,755,Reinickendorf,13409,98.1456953642384,1.854304635761589,0.0,einfach,6.0,417.0,0.0,0.0,,,,0.0,13.725,6.0,4723.6,15.0,,0.0,Osloer Straße,U8,1.6524826415265648,4040.575975338061,25.0,23550.0,2.2858995137763376,-0.0386518256977431,0,0,10291,666,808,262,1298,2938,1469,1226,1624,5087,98.0,263494,893.76
12100103,Breitkopfbecken,mittel,hoch,gut,mittel,niedriger/sehr niedriger Status-Index,einfach,zweifach,zweifach,52.57303110288427,13.366042192450095,517,Reinickendorf,13409,100.0,0.0,0.0,einfach,5.0,451.0,0.0,0.0,,,,0.0,12.85,1.0,,0.0,,0.0,Franz-Neumann-Platz,U8,1.5474049388773463,4040.575975338061,25.0,23550.0,2.2858995137763376,-0.0386518256977431,0,1,7135,460,559,180,899,2031,1018,852,1136,3530,100.0,263494,893.76
12100204,Schäfersee,mittel,mittel,gut,mittel,niedriger/sehr niedriger Status-Index,keine starke Belastung,einfach,einfach,52.56487936329466,13.352445372326006,741,Reinickendorf,13407,100.0,0.0,0.0,einfach,8.0,377.0,0.0,0.0,,,,0.0,9.246363636363636,44.0,3342.392156862745,51.0,,0.0,Residenzstraße,U8,0.1094144917712137,4568.100263335479,45.0,23550.0,2.2858995137763376,-0.0386518256977431,0,0,8084,476,571,162,952,2058,1146,1034,1685,4122,100.0,263494,893.76
12100205,Teichstraße,mittel,mittel,mittel,mittel,mittlerer Status-Index,keine starke Belastung,keine starke Belastung,keine starke Belastung,52.57616275468252,13.349529936327258,1434,Reinickendorf,13407,99.9302649930265,0.0,0.0697350069735007,einfach,12.0,672.0,1.0,1.0,576.0,,,0.0,9.533196721311477,122.0,3169.333333333333,177.0,6012.232142857143,56.0,Lindauer Allee,U8,0.6589771390288128,4568.100263335479,45.0,23550.0,2.2858995137763376,-0.0386518256977431,0,1,15431,899,1082,306,1803,3885,2189,1983,3284,7873,100.0,263494,893.76
12100206,Humboldtstraße,mittel,mittel,gut,gering,mittlerer Status-Index,keine starke Belastung,keine starke Belastung,keine starke Belastung,52.57493744272294,13.338574697989072,452,Reinickendorf,13403,100.0,0.0,0.0,einfach,1.0,137.0,1.0,1.0,648.0,,,0.0,10.008666666666668,45.0,3272.586956521739,92.0,,0.0,Lindauer Allee,U8,0.9079908021838334,4154.612606435078,52.0,23550.0,2.2858995137763376,-0.0386518256977431,0,0,5196,300,376,113,600,1310,741,659,1097,2609,100.0,263494,893.76
12200307,Reinickes Hof,hoch,mittel,gut,mittel,mittlerer Status-Index,einfach,einfach,einfach,52.575044425944256,13.327202543508823,360,Reinickendorf,13403,100.0,0.0,0.0,einfach,1.0,21.0,0.0,0.0,,,,0.0,9.86135135135135,37.0,3190.019230769231,52.0,,0.0,Rathaus Reinickendorf,U8,0.8488739142108617,4154.612606435078,52.0,23550.0,2.2858995137763376,-0.0386518256977431,0,0,4227,244,310,94,486,1066,604,533,889,2111,100.0,263494,893.76
12200308,Meller Bogen,gering,mittel,mittel,gering,mittlerer Status-Index,keine starke Belastung,keine starke Belastung,keine starke Belastung,52.57330365078722,13.31994047167992,418,Reinickendorf,13403,100.0,0.0,0.0,einfach,3.0,230.0,1.0,1.0,1062.0,2.63380281690141,-0.1293208422343097,1.0,10.126296296296298,27.0,3235.695652173913,46.0,,0.0,Rathaus Reinickendorf,U8,1.5879829862916577,4154.612606435078,52.0,23550.0,2.2858995137763376,-0.0386518256977431,0,0,4907,283,359,110,565,1238,702,619,1032,2451,100.0,263494,893.76
12200309,Scharnweberstraße,mittel,hoch,schlecht,mittel,niedriger/sehr niedriger Status-Index,zweifach,dreifach,dreifach,52.56731346020032,13.321685782584654,744,Reinickendorf,13403,100.0,0.0,0.0,einfach,7.0,442.0,0.0,0.0,,,,0.0,10.022790697674418,43.0,3086.4625,80.0,,0.0,Rathaus Reinickendorf,U8,1.9022966541081832,4154.612606435078,52.0,23550.0,2.2858995137763376,-0.0386518256977431,0,0,8298,520,642,196,984,2128,1177,1021,1630,4110,100.0,263494,893.76
12200310,Klixstraße,hoch,hoch,schlecht,mittel,niedriger/sehr niedriger Status-Index,dreifach,vierfach,vierfach,52.57191230863262,13.308743674736323,379,Reinickendorf,13403,100.0,0.0,0.0,einfach,6.0,345.0,0.0,0.0,,,,0.0,9.038947368421054,19.0,3104.296296296296,27.0,,0.0,Rathaus Reinickendorf,U8,2.7715408581571137,4154.612606435078,52.0,23550.0,2.2858995137763376,-0.0386518256977431,0,0,4165,246,309,95,481,1051,598,523,864,2077,100.0,263494,893.76
12200411,Schumacher-Quartier,hoch,hoch,mittel,mittel,mittlerer Status-Index,zweifach,zweifach,zweifach,52.5625982376298,13.317153915147104,187,Reinickendorf,13405,100.0,0.0,0.0,einfach,0.0,0.0,0.0,0.0,,,,0.0,10.2208,25.0,3242.516129032258,31.0,,0.0,Rathaus Reinickendorf,U8,2.6244660612346005,3913.927567281935,5.0,23550.0,2.2858995137763376,-0.0386518256977431,0,0,1599,149,164,50,224,452,215,167,180,752,100.0,263494,893.76
12200412,Waldidyll/Flughafensee,mittel,gering,gut,mittel,mittlerer Status-Index,keine starke Belastung,keine starke Belastung,keine starke Belastung,52.56839878688886,13.27483492345496,1556,Reinickendorf,13507,13.046272493573266,0.0,86.95372750642673,mittel,1.0,187.0,1.0,1.0,432.0,,,0.0,9.934292452830189,212.0,3163.056022408964,357.0,,0.0,Halemweg,U7,3.0614903390086496,4566.811891872659,9.0,23550.0,2.2858995137763376,-0.0386518256977431,0,0,12630,696,813,292,1241,3040,1841,1604,3103,6379,98.1,263494,893.76
12200413,Tegel Süd,mittel,mittel,mittel,gering,niedriger/sehr niedriger Status-Index,keine starke Belastung,einfach,einfach,52.57777385833762,13.281140890279994,524,Reinickendorf,13507,62.21374045801527,0.0,37.786259541984734,einfach,4.0,311.0,1.0,1.0,432.0,,,0.0,10.057291666666666,96.0,3240.252032520325,123.0,,0.0,Jakob-Kaiser-Platz,U7,3.9831914221176334,4566.811891872659,9.0,23550.0,2.2858995137763376,-0.0386518256977431,0,0,4436,222,262,98,410,1046,649,575,1173,2260,100.0,263494,893.76
12200414,TXL,mittel,gering,gut,mittel,hoher Status-Index,keine starke Belastung,keine starke Belastung,keine starke Belastung,52.55681349054095,13.282778272786212,455,Reinickendorf,13629,99.56043956043956,0.0,0.4395604395604395,einfach,1.0,15.0,0.0,0.0,,,,0.0,10.49,20.0,3094.53125,32.0,,0.0,Jakob-Kaiser-Platz,U7,1.7301972202981062,3525.1747999732047,11.0,23550.0,2.2858995137763376,-0.0386518256977431,0,0,1839,120,154,42,186,408,266,240,422,880,97.8,263494,893.76
12200515,Alt-Tegel,gering,mittel,gut,mittel,mittlerer Status-Index,keine starke Belastung,keine starke Belastung,keine starke Belastung,52.58905865337637,13.279308065172062,1036,Reinickendorf,13507,0.6756756756756757,41.7953667953668,57.52895752895753,mittel,9.0,626.0,0.0,0.0,,,,0.0,9.178852459016394,183.0,3057.0433070866143,254.0,5757.047619047619,63.0,Wittenau U,U8,5.187282617650596,4566.811891872659,9.0,23550.0,2.2858995137763376,-0.0386518256977431,0,0,8747,438,516,194,809,2062,1281,1134,2313,4456,100.0,263494,893.76
12400616,Konradshöhe/Tegelort,gering,mittel,gut,gering,hoher Status-Index,keine starke Belastung,keine starke Belastung,keine starke Belastung,52.58160961296205,13.226163181779118,2050,Reinickendorf,13505,0.0,0.0,100.0,mittel,3.0,156.0,0.0,0.0,,,,0.0,7.8625,4.0,3168.777777777778,18.0,,0.0,Altstadt Spandau,U7,5.280916872893299,5158.427028218694,3.0,23550.0,2.2858995137763376,-0.0386518256977431,0,0,6167,274,467,230,447,903,1044,942,1859,3150,100.0,263494,893.76
12400617,Alt-Heiligensee,mittel,gering,gut,gering,hoher Status-Index,keine starke Belastung,keine starke Belastung,keine starke Belastung,52.60886782835996,13.221257304158485,2608,Reinickendorf,13503,78.22085889570552,0.0,21.77914110429448,einfach,5.0,397.0,0.0,0.0,,,,0.0,9.611994047619048,336.0,3048.7874794069194,607.0,,0.0,Altstadt Spandau,U7,7.96251007115686,3461.4289364845536,5.0,23550.0,2.2858995137763376,-0.0386518256977431,0,0,7216,365,569,228,481,1137,1202,1198,2035,3688,100.0,263494,893.76
12400618,Heiligensee Nord,hoch,mittel,gut,gering,hoher Status-Index,einfach,einfach,einfach,52.62114162811776,13.249262265697672,1321,Reinickendorf,13503,0.6813020439061317,0.0,99.31869795609389,mittel,2.0,106.0,0.0,0.0,,,,0.0,9.830722891566266,166.0,2901.9965034965035,286.0,6251.33962264151,53.0,Wittenau U,U8,9.151408185115775,3461.4289364845536,5.0,23550.0,2.2858995137763376,-0.0386518256977431,0,1,3638,185,287,114,241,576,605,607,1022,1859,100.0,263494,893.76
12400619,Heiligensee,gering,gering,gut,gering,hoher Status-Index,keine starke Belastung,keine starke Belastung,keine starke Belastung,52.595143569691885,13.255368470115704,2605,Reinickendorf,13503,11.132437619961612,0.4606525911708253,88.40690978886757,mittel,4.0,245.0,1.0,1.0,498.0,2.22456140350877,1.374546497023843e-05,1.0,9.88015306122449,196.0,3057.8538681948426,349.0,6566.524590163935,122.0,Halemweg,U7,6.513829829657583,3461.4289364845536,5.0,23550.0,2.2858995137763376,-0.0386518256977431,0,0,7215,368,569,226,480,1146,1199,1201,2026,3688,100.0,263494,893.76
12400720,Frohnau West,gering,mittel,gut,gering,hoher Status-Index,keine starke Belastung,keine starke Belastung,keine starke Belastung,52.63245276847197,13.27720318043579,2697,Reinickendorf,13465,0.0,100.0,0.0,gut,2.0,149.0,0.0,0.0,,,,0.0,10.5839375,160.0,3250.3703703703704,297.0,7035.966942148761,121.0,Wittenau U,U8,7.107001234052967,4700.990118165821,3.0,23550.0,2.2858995137763376,-0.0386518256977431,1,1,8592,418,777,281,602,1212,1423,1213,2666,4461,100.0,263494,893.76
12400721,Frohnau Ost,gering,gering,gut,gering,hoher Status-Index,keine starke Belastung,keine starke Belastung,keine starke Belastung,52.64430064016769,13.295912374593891,2616,Reinickendorf,13465,0.0,89.29663608562691,10.703363914373089,gut,9.0,340.0,0.0,0.0,,,,0.0,11.223153153153152,111.0,3216.792270531401,207.0,6985.976923076923,130.0,Wittenau U,U8,6.793910439810794,4700.990118165821,3.0,23550.0,2.2858995137763376,-0.0386518256977431,2,0,8334,405,754,273,584,1176,1380,1176,2586,4327,100.0,263494,893.76
12400722,Hermsdorf West,gering,gering,gut,gering,hoher Status-Index,keine starke Belastung,keine starke Belastung,keine starke Belastung,52.61406587105771,13.297300318182716,2615,Reinickendorf,13467,0.0,41.26195028680688,58.73804971319312,mittel,5.0,364.0,0.0,0.0,,,,0.0,10.621300448430494,223.0,3350.382436260624,353.0,6684.416,125.0,Wittenau U,U8,4.087010570210837,5091.614200511222,9.0,23550.0,2.2858995137763376,-0.0386518256977431,0,0,8545,415,690,241,619,1327,1380,1290,2583,4440,100.0,263494,893.76
12400723,Hermsdorf Ost/Waldsee,gering,gering,gut,gering,hoher Status-Index,keine starke Belastung,keine starke Belastung,keine starke Belastung,52.62072880843422,13.317242957655584,2452,Reinickendorf,13467,0.0,53.548123980424144,46.451876019575856,gut,10.0,488.0,0.0,0.0,,,,0.0,10.827086614173227,127.0,3192.179487179488,195.0,,0.0,Wittenau U,U8,3.440082948944837,5091.614200511222,9.0,23550.0,2.2858995137763376,-0.0386518256977431,0,1,8006,389,649,227,579,1240,1294,1206,2422,4160,100.0,263494,893.76
12500824,Ziekowstraße/Freie Scholle,mittel,mittel,gut,gering,mittlerer Status-Index,keine starke Belastung,keine starke Belastung,keine starke Belastung,52.59662762116606,13.29504659104006,1996,Reinickendorf,13509,0.0,0.0,100.0,mittel,6.0,297.0,2.0,1.0,576.0,,,0.0,9.224285714285717,98.0,3071.020833333333,144.0,5664.992366412213,131.0,Wittenau U,U8,3.4921518158864413,4062.021045389896,9.0,23550.0,2.2858995137763376,-0.0386518256977431,0,0,10261,492,635,210,956,2246,1699,1420,2604,5319,100.0,263494,893.76
12500825,Borsigwalde,mittel,mittel,mittel,hoch,mittlerer Status-Index,einfach,einfach,einfach,52.58388661742999,13.307532593470524,1184,Reinickendorf,13509,98.1418918918919,0.0,1.858108108108108,einfach,4.0,221.0,0.0,0.0,,,,0.0,9.228068181818182,176.0,2996.541420118343,338.0,,0.0,Wittenau U,U8,2.1966934088369325,4062.021045389896,9.0,23550.0,2.2858995137763376,-0.0386518256977431,0,0,6316,307,396,130,598,1397,1037,869,1585,3266,100.0,263494,893.76
12500926,Wittenau Mitte,hoch,hoch,gut,mittel,mittlerer Status-Index,zweifach,zweifach,zweifach,52.59117402640301,13.33477061753716,806,Reinickendorf,13437,100.0,0.0,0.0,einfach,6.0,440.0,1.0,1.0,183.0,,,0.0,9.735405405405404,148.0,3202.081712062257,257.0,,0.0,Karl-Bonhoeffer-Nervenklinik,U8,0.7426964906063858,3656.556457159046,3.0,23550.0,2.2858995137763376,-0.0386518256977431,0,0,4598,259,298,118,451,894,685,609,1283,2367,100.0,263494,893.76
12500927,Wittenau Nord,mittel,mittel,gut,gering,mittlerer Status-Index,keine starke Belastung,keine starke Belastung,keine starke Belastung,52.5951628526342,13.318106343762842,1222,Reinickendorf,13437,7.283142389525368,0.0818330605564648,92.63502454991816,mittel,3.0,140.0,0.0,0.0,,,,0.0,10.238385650224217,223.0,3246.198910081744,367.0,5721.854838709677,62.0,Wittenau U,U8,0.9905725503740168,3656.556457159046,3.0,23550.0,2.2858995137763376,-0.0386518256977431,0,0,6904,392,480,186,674,1344,1033,914,1880,3550,100.0,263494,893.76
12500928,Waidmannslust,mittel,gering,gut,gering,mittlerer Status-Index,keine starke Belastung,keine starke Belastung,keine starke Belastung,52.60663299009477,13.316344047852503,1332,Reinickendorf,13469,0.0,0.0,100.0,mittel,8.0,408.0,0.0,0.0,,,,0.0,9.844545454545454,44.0,3078.313432835821,67.0,,0.0,Wittenau U,U8,2.039586236250166,5065.775726283398,11.0,23550.0,2.2858995137763376,-0.0386518256977431,0,0,6526,383,664,230,613,1267,1018,880,1471,3321,100.0,263494,893.76
12500929,Lübars,gering,gering,gut,gering,hoher Status-Index,keine starke Belastung,keine starke Belastung,keine starke Belastung,52.61522849801988,13.354296374113533,1868,Reinickendorf,13469,0.0,0.0,100.0,mittel,4.0,243.0,1.0,1.0,504.0,,,0.0,9.654745098039216,255.0,3108.316017316017,462.0,,0.0,Karl-Bonhoeffer-Nervenklinik,U8,3.5122940090035604,5065.775726283398,11.0,23550.0,2.2858995137763376,-0.0386518256977431,0,0,9152,537,932,322,860,1776,1428,1234,2063,4657,100.0,263494,893.76
12500930,Wittenau Süd,mittel,mittel,mittel,gering,mittlerer Status-Index,keine starke Belastung,keine starke Belastung,keine starke Belastung,52.58270264406679,13.331058252191593,1319,Reinickendorf,13437,100.0,0.0,0.0,einfach,4.0,389.0,1.0,1.0,432.0,,,0.0,10.154888888888888,90.0,3256.260869565217,138.0,6050.21568627451,51.0,Rathaus Reinickendorf,U8,0.2159766153085093,3656.556457159046,3.0,23550.0,2.2858995137763376,-0.0386518256977431,0,0,10124,576,693,238,1084,2276,1478,1313,2465,5139,100.0,263494,893.76
12601031,Lübarser Straße,hoch,mittel,gut,mittel,mittlerer Status-Index,einfach,einfach,einfach,52.60295176875939,13.33670436896388,869,Reinickendorf,13435,99.7698504027618,0.0,0.2301495972382048,einfach,6.0,345.0,0.0,0.0,,,,0.0,8.868658536585366,164.0,3038.298449612403,258.0,5494.808383233533,167.0,Wittenau U,U8,1.780947494523619,4406.784083496412,4.0,23550.0,2.2858995137763376,-0.0386518256977431,0,0,12486,830,1156,434,1287,2455,1654,1437,3233,6488,100.0,263494,893.76
12601032,Rollbergesiedlung,gering,mittel,gut,mittel,niedriger/sehr niedriger Status-Index,keine starke Belastung,einfach,einfach,52.607786866213374,13.331363888496435,290,Reinickendorf,13469,85.86206896551725,0.0,14.13793103448276,einfach,1.0,40.0,0.0,0.0,,,,0.0,9.741428571428573,21.0,3232.4411764705883,34.0,,0.0,Wittenau U,U8,1.9561531513797965,5065.775726283398,11.0,23550.0,2.2858995137763376,-0.0386518256977431,0,0,1421,83,145,50,133,276,222,192,320,723,100.0,263494,893.76
12601133,Treuenbrietzener Straße,mittel,mittel,mittel,gering,niedriger/sehr niedriger Status-Index,keine starke Belastung,einfach,einfach,52.60168887936645,13.36540009672981,124,Reinickendorf,13439,58.87096774193549,0.0,41.12903225806452,einfach,1.0,133.0,1.0,1.0,576.0,,,0.0,9.104594594594596,111.0,2928.416184971098,173.0,6540.277777777777,72.0,Karl-Bonhoeffer-Nervenklinik,U8,3.25691495257325,3581.87984496124,4.0,23550.0,2.2858995137763376,-0.0386518256977431,0,0,2747,221,342,104,290,613,335,298,545,1416,100.0,263494,893.76
12601134,Märkisches Zentrum,gering,mittel,mittel,gering,niedriger/sehr niedriger Status-Index,keine starke Belastung,einfach,einfach,52.6017714432346,13.351738233468708,275,Reinickendorf,13435,56.36363636363636,0.0,43.63636363636363,einfach,10.0,920.0,1.0,1.0,996.0,2.63030303030303,-0.4057278813292896,1.0,9.029681274900398,251.0,2962.004854368932,412.0,,0.0,Karl-Bonhoeffer-Nervenklinik,U8,2.094289864204105,4406.784083496412,4.0,23550.0,2.2858995137763376,-0.0386518256977431,0,1,4913,349,508,178,511,1003,631,551,1182,2548,100.0,263494,893.76
12601235,Dannenwalder Weg,hoch,hoch,schlecht,gering,niedriger/sehr niedriger Status-Index,dreifach,vierfach,vierfach,52.59426104875168,13.357105936483224,211,Reinickendorf,13439,41.23222748815166,0.0,58.767772511848335,mittel,5.0,373.0,2.0,1.0,576.0,,,0.0,9.100731707317074,41.0,3084.5625,64.0,,0.0,Karl-Bonhoeffer-Nervenklinik,U8,2.0627369014544645,3581.87984496124,4.0,23550.0,2.2858995137763376,-0.0386518256977431,0,0,4900,402,630,188,518,1111,592,527,931,2521,100.0,263494,893.76
12601236,Schorfheidestraße,hoch,hoch,gut,gering,mittlerer Status-Index,zweifach,zweifach,zweifach,52.594489939057055,13.347543443713333,823,Reinickendorf,13439,0.0,0.0,100.0,mittel,4.0,234.0,0.0,0.0,,,,0.0,8.810361445783132,83.0,2997.4897959183672,147.0,,0.0,Karl-Bonhoeffer-Nervenklinik,U8,1.179960439162172,3581.87984496124,4.0,23550.0,2.2858995137763376,-0.0386518256977431,0,0,17790,1411,2176,673,1874,3935,2184,1934,3604,9173,100.0,263494,893.76
