e_nr,e_name,e_bez_nr,e_bez,e_plz,e_ort,e_strasse,e_hnr,e_zusatz,e_tel,e_web,e_platz,e_art,ang_1,ang_2,t_nr,t_name,t_art,t_web,lon,lat
01010010,Kita F.A.I.R.play,01,Mitte,10117,Berlin,Albrechtstr.,20,,030 281 64 73,http://www.gfj-berlin.de,65,Kindertagesstätte,Offene-Arbeit/Situationsansatz,,1224,GFJ - gemeinnützige Gesellschaft für Familien- und Jugendhilfe mbH,freie Träger,http://www.gfj-berlin.de,13.38439251,52.52251616
01010020,Kita Kinderwelt,01,Mitte,10117,Berlin,An der Kolonnade,3,-5,030 2291378,http://www.forum-soziale-dienste.de,130,Kindertagesstätte,Offene-Arbeit,,1334,Forum Soziale Dienste GmbH,freie Träger,http://www.forum-soziale-dienste.de,13.38211866,52.51174973
01010030,FRÖBEL Kindergarten Casa Fantasia,01,Mitte,10115,Berlin,Anklamer Str.,38,,48495184,https://casafantasia.froebel.info/,69,Kindertagesstätte,Reggio-Pädagogik/Offene-Arbeit,,1227,Fröbel Bildung und Erziehung gGmbH,freie Träger,http://www.froebel-gruppe.de/,13.39925122,52.53523005
01010080,Kita Regenbogen,01,Mitte,10119,Berlin,Fehrbelliner Str.,80,,44383327,https://www.pfefferwerk.de/kindertagesstaetten/kita-regenbogen/,85,Kindertagesstätte,Sonstiges/Situationsansatz,,1202,Pfefferwerk Stadtkultur gGmbH,freie Träger,http://www.pfefferwerk.de,13.40497854,52.53212275
01010100,"FRÖBEL Kindergarten ""Schatzinsel""",01,Mitte,10179,Berlin,Fischerinsel,8,,2013788,https://schatzinsel.froebel.info/,234,Kindertagesstätte,Situationsansatz/Offene-Arbeit,,1227,Fröbel Bildung und Erziehung gGmbH,freie Träger,http://www.froebel-gruppe.de/,13.40558003,52.51230198
01010110,Kita Französische Str. 16a u. 16b,01,Mitte,10117,Berlin,Französische Str.,16,,030 208 92 14,http://www.kinder-im-kiez.de/unsere-kitas/franzoesische-strasse/,102,Kindertagesstätte,Situationsansatz,,1318,Kinder im Kiez gGmbH,freie Träger,http://www.kinder-im-kiez.de,13.38799579,52.51452368
01010130,Kita Pelikan,01,Mitte,10117,Berlin,Friedrichstr.,129F,,030403662090,http://www.volkssolidaritaet-berlin.de,190,Kindertagesstätte,Offene-Arbeit/Situationsansatz,,1339,Kinder- und Jugend der Volkssolidarität Berlin gGmbH,freie Träger,http://www.volkssolidaritaet-berlin.de,13.38432023,52.52577085
01010150,Kita Gartenstr. 107/Kigä City,01,Mitte,10115,Berlin,Gartenstr.,107,,030 2828337,http://www.kindergaerten-city.de/gartenstr-107,140,Kindertagesstätte,Offene-Arbeit,,0120,Kindergärten City,Eigenbetriebe,http://www.kindergaertencity.de,13.39198531,52.52969735
01010170,Kita Kinderakademie,01,Mitte,10115,Berlin,Habersaathstr.,13,,030 2824496,http://www.gfj-berlin.de,150,Kindertagesstätte,Offene-Arbeit/Situationsansatz,,1224,GFJ - gemeinnützige Gesellschaft für Familien- und Jugendhilfe mbH,freie Träger,http://www.gfj-berlin.de,13.37518366,52.53115908
01010180,Lichtenberger Straße 32/33,01,Mitte,10179,Berlin,Lichtenberger Str.,32,-33,030 2492179,http://www.kindergaertencity.de/lichtenberger-str-32-33,190,Kindertagesstätte,Offene-Arbeit/Situationsansatz,,0120,Kindergärten City,Eigenbetriebe,http://www.kindergaertencity.de,13.42389331,52.51514665
01010200,Kita Jerusalemer Str. 10/12/Kigä City,01,Mitte,10117,Berlin,Jerusalemer Str.,10,,030 20216803,http://www.kindergaertencity.de/jerusalemer-str-10-12,185,Kindertagesstätte,Sonstiges/Offene-Arbeit,,0120,Kindergärten City,Eigenbetriebe,http://www.kindergaertencity.de,13.39688139,52.51188324
01010210,Kita Kleine Auguststr. 10/11Kigä City,01,Mitte,10119,Berlin,Kleine Auguststr.,11,-10,030 2826045,http://www.kindergaerten-city.de/kl-auguststr-10-11,220,Kindertagesstätte,Offene-Arbeit,,0120,Kindergärten City,Eigenbetriebe,http://www.kindergaertencity.de,13.39916978,52.52806488
01010250,Kita Max-Beer-Str. 24/26/Kigä City,01,Mitte,10119,Berlin,Max-Beer-Str.,24,-26,030 2476849,http://www.kindergaertencity.de/max-beer-str-24-26,200,Kindertagesstätte,Offene-Arbeit,,0120,Kindergärten City,Eigenbetriebe,http://www.kindergaertencity.de,13.40880028,52.52599915
01010280,"FRÖBEL Kindergarten ""Traumzauberbaum""",01,Mitte,10178,Berlin,Mollstr.,7A,,2419156,https://traumzauberbaum.froebel.info/,240,Kindertagesstätte,Situationsansatz,,1227,Fröbel Bildung und Erziehung gGmbH,freie Träger,http://www.froebel-gruppe.de/,13.42123481,52.52336319
01010330,Kita Umka,01,Mitte,10117,Berlin,Leipziger Str.,47,,0176 83176995,http://www.mitra-kindergarten.de,64,Kindertagesstätte,Sonstiges,,8368,MITRA bilinguale Kindergärten gemeinnützige GmbH,freie Träger,http://www.mitra-kindergarten.de,13.39763095,52.51019677
01010360,Kita Schwedter Straße,01,Mitte,10435,Berlin,Schwedter Str.,232,,030 449 34 59,,70,Kindertagesstätte,Situationsansatz,,1318,Kinder im Kiez gGmbH,freie Träger,http://www.kinder-im-kiez.de,13.4046019,52.53865117
01010390,Kita Pfiffikus,01,Mitte,10119,Berlin,Rückerstr.,2,,283057224,https://www.bik-ev.de/verzeichnis/visitenkarte.php?mandat=211691,80,Kindertagesstätte,Sonstiges,,1205,BIK e.V. Berliner Institut für Kleinkindpädagogik und familienbegleitende Kinderbetreuung,freie Träger,http://www.bik-ev.de,13.40710173,52.52771966
01010410,Kita Trauminsel,01,Mitte,10179,Berlin,Schmidstr.,2,,030 2794009,http://www.forum-soziale-dienste.de,80,Kindertagesstätte,Offene-Arbeit,,1334,Forum Soziale Dienste GmbH,freie Träger,http://www.forum-soziale-dienste.de,13.41876325,52.50882133
01010450,Kita Villa Murkelmaier,01,Mitte,10179,Berlin,Sebastianstr.,22,,030 2792668,http://www.gfj-berlin.de,90,Kindertagesstätte,Offene-Arbeit/Situationsansatz,,1224,GFJ - gemeinnützige Gesellschaft für Familien- und Jugendhilfe mbH,freie Träger,http://www.gfj-berlin.de,13.41044792,52.50747453
01010460,Kita Pusteblume,01,Mitte,10179,Berlin,Sebastianstr.,23,,030 279 22 10,http://www.gfj-berlin.de,86,Kindertagesstätte,Offene-Arbeit/Situationsansatz,,1224,GFJ - gemeinnützige Gesellschaft für Familien- und Jugendhilfe mbH,freie Träger,http://www.gfj-berlin.de,13.41032483,52.50778217
01010470,Kita Veteranenstr. 10/Kigä City,01,Mitte,10119,Berlin,Veteranenstr.,10,,030 47378193,http://www.kindergaertencity.de/veteranenstr-10,133,Kindertagesstätte,Offene-Arbeit,,0120,Kindergärten City,Eigenbetriebe,http://www.kindergaertencity.de,13.40171167,52.53296789
01010500,Kita Weydemeyerstr. 20/21,01,Mitte,10178,Berlin,Weydemeyerstr.,20,/21,030 2419151,http://www.kindergaertencity.de/weydemeyerstr-20-21,138,Kindertagesstätte,Offene-Arbeit/Sonstiges/Situationsansatz,,0120,Kindergärten City,Eigenbetriebe,http://www.kindergaertencity.de,13.42682576,52.5204787
01010550,Kita Oase,01,Mitte,10119,Berlin,Kastanienallee,63A,,030 443 83 661,https://www.pfefferwerk.de/kindertagesstaetten/kita-oase/,95,Kindertagesstätte,Situationsansatz,,1202,Pfefferwerk Stadtkultur gGmbH,freie Träger,http://www.pfefferwerk.de,13.4070155,52.53405359
01010560,Kita St. Elisabeth,01,Mitte,10115,Berlin,Elisabethkirchstr.,21,,030 449 65 27,http://evkvbmn.de,125,Kindertagesstätte,Situationsansatz/Ansatz von Emmi Pikler,,5425,Ev. Kirchenkreisverband für Kindertageseinrichtungen Berlin Mitte-Nord,freie Träger,http://evkvbmn.de,13.39669469,52.53336397
01010570,Zions-Kindergarten,01,Mitte,10435,Berlin,Griebenowstr.,16,,030 627 37521,http://evkvbmn.de,85,Kindertagesstätte,Situationsansatz,,5425,Ev. Kirchenkreisverband für Kindertageseinrichtungen Berlin Mitte-Nord,freie Träger,http://evkvbmn.de,13.40503153,52.53542048
01010580,Ev. Kita Sophien,01,Mitte,10115,Berlin,Große Hamburger Str.,28,,030 24342439,http://evkvbmn.de,84,Kindertagesstätte,Situationsansatz,,5425,Ev. Kirchenkreisverband für Kindertageseinrichtungen Berlin Mitte-Nord,freie Träger,http://evkvbmn.de,13.39912397,52.5251089
01010590,Kindergarten Alegria Jardin infantil,01,Mitte,10117,Berlin,Mohrenstr.,7,,030 51055655,http://www.kiga-alegria.de,100,Kindertagesstätte,Sonstiges/Situationsansatz,,1301,Alegria Kiga gGmbH,freie Träger,http://www.kiga-alegria.de,13.38729309,52.51181947
01010620,Kita Habersaathstraße,01,Mitte,10115,Berlin,Habersaathstr.,5,,030 282 35 35,https://www.inakindergarten.de/berlin/kita-habersaathstrasse,65,Kindertagesstätte,Situationsansatz,,1312,INA.KINDER.GARTEN gGmbH,freie Träger,http://www.inakindergarten.de,13.37422628,52.53145343
01010630,Kita Kinderinsel,01,Mitte,10115,Berlin,Eichendorffstr.,17,,030 41716928,http://www.kinderinsel.de,30,Kindertagesstätte,Situationsansatz,,1310,Kinderinsel e. V. Inselnest,freie Träger,http://www.kinderinsel.de,13.38732074,52.53013918
01010640,Kinderladen Rosenthaler Vorstadt,01,Mitte,10435,Berlin,Wolliner Str.,60,,030 5471 3948,http://kinderladen-rosenthaler-vorstadt.de/,19,Eltern-Initiativ-Kindertagesstätte,Situationsansatz,,1152,Kinderladen Rosenthaler Vorstadt e.V.,freie Träger,http://www.kinderladen-rosenthaler-vorstadt.de,13.40344059,52.53687327
01010720,Kita Fürstenberger Str. 4/5/Kigä City,01,Mitte,10435,Berlin,Fürstenberger Str.,4,,030 34620678,http://www.kindergaertencity.de/fuerstenberger-str-4,180,Kindertagesstätte,Offene-Arbeit,,0120,Kindergärten City,Eigenbetriebe,http://www.kindergaertencity.de,13.40476741,52.53713421
01010810,EKT - Rosinante,01,Mitte,10115,Berlin,Strelitzer Str.,71,,01636939419,http://kita-rosinante.de/,15,Eltern-Initiativ-Kindertagesstätte,Situationsansatz,,1173,Rosinante e.V.,freie Träger,http://www.kita-rosinante.de,13.39614357,52.53400296
01010830,"EKT - ""Pippi Langstrumpf""",01,Mitte,10115,Berlin,Krausnickstr.,3A,,030 2479252,http://www.kinderladen-pippilangstrumpf.de,15,Eltern-Initiativ-Kindertagesstätte,Montessori-Pädagogik,,0508,Kinderladen Pippi Langstrumpf e.V.,freie Träger,,13.39639742,52.52493172
01010850,Kita Cavalo-Marinho/Portubi e.V.,01,Mitte,10115,Berlin,Anklamer Str.,46,,030 4849 1840,http://www.cavalomarinho-kita.de,28,Kindertagesstätte,Montessori-Pädagogik,,1332,PORTUBI e. V.,freie Träger,http://www.cavalomarinho-kita.com,13.39679079,52.53489465
01010870,Kinderladen Oskar Kirschkern,01,Mitte,10115,Berlin,Anklamer Str.,29,(Seitenflügel/Quergebäude),017643318775,http://www.kirschkern-ev.de,35,Kindertagesstätte,Situationsansatz,,0772,Kirschkern e.V.,freie Träger,http://www.kirschkern-ev.de,13.40043282,52.53626921
01010890,Kindergarten Alegria,01,Mitte,10117,Berlin,Voßstr.,12,,030 51055655,http://www.kiga-alegria.de,45,Kindertagesstätte,Sonstiges/Situationsansatz,,1301,Alegria Kiga gGmbH,freie Träger,http://www.kiga-alegria.de,13.3800458,52.51133295
01010900,Fliederhof Waldorfkindergarten Berlin-Mitte,01,Mitte,10119,Berlin,Zionskirchstr.,49,,030 40006900,http://www.kindergarten-fliederhof.de,43,Eltern-Initiativ-Kindertagesstätte,Waldorfpädagogik,,1368,Waldorfkindergarten Fliederhof Berlin-Mitte e.V.,freie Träger,http://www.kindergarten-fliederhof.de,13.40617559,52.53375457
01010940,EKT NaturKindergarten Berlin Mitte,01,Mitte,10115,Berlin,Krausnickstr.,11,,030 27596089,http://www.naturkindergarten-berlin.org,19,Eltern-Initiativ-Kindertagesstätte,Montessori-Pädagogik/Sonstiges,,1388,Initiative zur Gründung eines Naturkindergartens in Berlin Mitte e.V.,freie Träger,http://www.naturkindergarten-berlin.org,13.39834862,52.52527014
01010950,Fröbel Musikkindergarten Daniel Barenboim,01,Mitte,10117,Berlin,Leipziger Str.,40,-41,030-70084892,http://www.musikkindergarten-berlin.de,130,Kindertagesstätte,Sonstiges,,1227,Fröbel Bildung und Erziehung gGmbH,freie Träger,http://www.froebel-gruppe.de/,13.39426702,52.50998573
01010960,Kinderladen Paul Kirschkern,01,Mitte,10115,Berlin,Anklamer Str.,29,,017643320882,http://www.kirschkern-ev.de,25,Eltern-Initiativ-Kindertagesstätte,Situationsansatz,,0772,Kirschkern e.V.,freie Träger,http://www.kirschkern-ev.de,13.40043282,52.53626921
01010980,Berlin Metropolitan School,01,Mitte,10115,Berlin,Linienstr.,122,-124,030 887273918,http://www.metropolitanschool.com,140,Eltern-Initiativ-Kindertagesstätte,,,7373,Berlin Metropolitan School gGmbH,freie Träger,http://www.metropolitanschool.com,13.39048886,52.52691675
01011000,Lauder Nitzan Kindergarten Yeshivat Beit Zion-Lauder Jüdisches Lehrhaus,01,Mitte,10115,Berlin,Brunnenstr.,33,,030 405046925,http://www.lauderyeshurun.de,70,Kindertagesstätte,Situationsansatz/Montessori-Pädagogik,,1391,Lauder Yeshurun gGmbH,freie Träger,http://www.lauderyeshurun.de,13.39814898,52.53537428
01011020,Kita CASA AZUL - MAISON BLEUE,01,Mitte,10117,Berlin,Reinhardtstr.,31,,030 24083164,http://www.eukita.de,45,Kindertagesstätte,Offene-Arbeit/Situationsansatz/Montessori-Pädagogik,,7393,CASA AZUL - BLAUES HAUS e.V.,freie Träger,http://www.eukita.de,13.38084911,52.52264514
01011030,Kita Torstraße,01,Mitte,10119,Berlin,Torstr.,134,,030 24628214,http://www.besmartacademy.com,86,Kindertagesstätte,Situationsansatz/Sonstiges,,7434,"Be Smart Academy ""Alte Seifenfabrik"" gGmbH",freie Träger,http://www.besmartacademy.com,13.39987765,52.52931522
01011050,Kita im BMFSFJ,01,Mitte,10117,Berlin,Glinkastr.,24,,030 325 144 85,http://www.kinder-im-kiez.de,14,Kindertagesstätte,Situationsansatz,,1318,Kinder im Kiez gGmbH,freie Träger,http://www.kinder-im-kiez.de,13.38659557,52.51324045
01011090,El mundo de los ninos,01,Mitte,10119,Berlin,Brunnenstr.,30,,0049 015775764079,https://www.elmundo.berlin,42,Kindertagesstätte,Situationsansatz,,7502,El mundo de los ninos e. V.,freie Träger,https://www.elmundo.berlin,13.39844349,52.53457447
01011150,Kita Adalbertstraße 24,01,Mitte,10179,Berlin,Adalbertstr.,24,,40054204,https://kinderladen-klein-and-stark.jimdosite.com/,30,Kindertagesstätte,Offene-Arbeit/Situationsansatz,,0643,Gemeindeaufbauprojekt Kreuzberg Ost e.V.,freie Träger,,13.42261958,52.5056522
01011160,FRÖBEL Kindergarten Mittendrin,01,Mitte,10115,Berlin,Borsigstr.,32,/34,28500856,https://mittendrin.froebel.info/,200,Kindertagesstätte,Reggio-Pädagogik/Offene-Arbeit,,1227,Fröbel Bildung und Erziehung gGmbH,freie Träger,http://www.froebel-gruppe.de/,13.39040903,52.5286968
01011170,Kinderinsel MITTEndrin,01,Mitte,10178,Berlin,Garnisonkirchplatz,2,,24723369,http://www.kinderinsel-mittendrin.de,23,Kindertagesstätte,Situationsansatz,,7875,Inseln für Kinder gGmbH,freie Träger,http://www.inseln-fuer-kinder.de,13.40184912,52.52175161
01011180,Kita im BMAS,01,Mitte,10117,Berlin,Wilhelmstr.,50,,030 325 144 85,http://www.kinder-im-kiez.de,18,Kindertagesstätte,Situationsansatz,,1318,Kinder im Kiez gGmbH,freie Träger,http://www.kinder-im-kiez.de,13.38365602,52.51254398
01011190,Kila Spreepferdchen,01,Mitte,10179,Berlin,Köpenicker Str.,45,,030 24088849,http://www.kila.spreepferdchen.de,22,Kindertagesstätte,Montessori-Pädagogik/Offene-Arbeit/Situationsansatz,,7994,abc city kids e. V.,freie Träger,http://www.kilaspreepferdchen.de,13.42439265,52.50905737
01011210,BCS Kindergarten Preschool,01,Mitte,10115,Berlin,Invalidenstr.,130,,030 688332340,http://www.cosmopolitanschool.de,320,Kindertagesstätte,Montessori-Pädagogik/Ansatz von Emmi Pikler/Sonstiges/Reggio-Pädagogik,,7409,EBS-Europäische Bildungsstiftung gGmbH,freie Träger,http://www.cosmopolitanschool.de,13.38898107,52.53154102
01011220,Kita im BMEL,01,Mitte,10117,Berlin,Wilhelmstr.,54,,030 325 144 85,http://www.kinder-im-kiez.de,15,Kindertagesstätte,Situationsansatz,,1318,Kinder im Kiez gGmbH,freie Träger,http://www.kinder-im-kiez.de,13.38250109,52.51361522
01011230,Kinderinsel Nebenan,01,Mitte,10178,Berlin,Garnisonkirchplatz,2,,24723369,http://www.kinderinsel-nebenan.de,25,Kindertagesstätte,Situationsansatz,,7875,Inseln für Kinder gGmbH,freie Träger,http://www.inseln-fuer-kinder.de,13.40184912,52.52175161
01011250,Kinderinsel Ziegelstraße,01,Mitte,10117,Berlin,Ziegelstr.,27,,247 233 69,http://www.kinderinsel-ziegelstrasse.de,23,Kindertagesstätte,Situationsansatz,,7875,Inseln für Kinder gGmbH,freie Träger,http://www.inseln-fuer-kinder.de,13.39133226,52.52360422
01011260,Musikkindergarten Sternenklang,01,Mitte,10115,Berlin,Rheinsberger Str.,56,,030 48496222,http://www.kita-sternenklang.de,25,Kindertagesstätte,Sonstiges,,8241,Musikkindergarten Sternenklang gemeinnützige UG (haftungsbeschränkt),freie Träger,http://www.kita-sternenklang.de,13.39967461,52.53781891
01011270,Kita jurella am Park,01,Mitte,10115,Berlin,Chausseestr.,50B,,03052667912,http://www.jurella.de,54,Kindertagesstätte,Sonstiges,,8250,Jurella gGmbH,freie Träger,http://www.jurella.de,13.37824897,52.53563463
01011280,El mundo de los ninos,01,Mitte,10119,Berlin,Fehrbelliner Str.,51,,0049 03048492077,https://www.elmundo.berlin,65,Kindertagesstätte,Situationsansatz,,7502,El mundo de los ninos e. V.,freie Träger,https://www.elmundo.berlin,13.40112991,52.53424935
01011290,Kinderladen IrgendWieAnders,01,Mitte,10179,Berlin,Wilhelmine-Gemberg-Weg,10,,030 30861535,http://www.kinderladen-irgendwieanders.de,25,Kindertagesstätte,Reggio-Pädagogik/Offene-Arbeit/Situationsansatz,,8120,FürKinder e. V.,freie Träger,http://www.kinderladen-irgendwieanders.de,13.4246592,52.51054995
01011300,Kinderladen Emil Kirschkern,01,Mitte,10115,Berlin,Ackerstr.,3A,,017643327555,http://www.kirschkern-ev.de,25,Kindertagesstätte,Situationsansatz,,0772,Kirschkern e.V.,freie Träger,http://www.kirschkern-ev.de,13.39757803,52.52999799
01011310,Kita Steinstraße 27,01,Mitte,10119,Berlin,Steinstr.,27,,030 40006900,http://www.kindergarten-fliederhof.de,25,Kindertagesstätte,Waldorfpädagogik,,1368,Waldorfkindergarten Fliederhof Berlin-Mitte e.V.,freie Träger,http://www.kindergarten-fliederhof.de,13.40495341,52.52690345
01011320,Kita BMBF,01,Mitte,10117,Berlin,Kapelle-Ufer,2,,3758951,http://bmftr-kindergarten.froebel.info,12,Kindertagesstätte,Ansatz von Emmi Pikler/Offene-Arbeit,,1227,Fröbel Bildung und Erziehung gGmbH,freie Träger,http://www.froebel-gruppe.de/,13.37475104,52.52365549
01011330,Kita an der Humboldt-Universität zu Berlin,01,Mitte,10117,Berlin,Ziegelstr.,5,- 7,030 93939-8620,http://www.stw.berlin,88,Kindertagesstätte,Offene-Arbeit,,1256,studierendenWERK BERLIN,freie Träger,http://www.stw.berlin,13.39001127,52.52310013
01011340,Alegria Kiga,01,Mitte,10117,Berlin,Mohrenstr.,11,,030 51055655,http://www.kiga-alegria.de,48,Kindertagesstätte,Sonstiges/Situationsansatz,,1301,Alegria Kiga gGmbH,freie Träger,http://www.kiga-alegria.de,13.38819445,52.51187401
01011350,Kita am Alex,01,Mitte,10178,Berlin,Wadzeckstr.,4,,030 40042027,https://mahalo.berlin/kitas,100,Kindertagesstätte,Offene-Arbeit/Situationsansatz,,8875,Mahalo gGmbH,freie Träger,http://www.mahalo.berlin,13.41562841,52.52523451
01011360,Kita Jacoby-Schwalbe,01,Mitte,10179,Berlin,Jacobystr.,4,,030 225027940,http://www.casabambini-berlin.de,105,Kindertagesstätte,Situationsansatz,,8575,casa bambini - Gesellschaft zur Förderung und Begleitung von Kindesentwicklung mbH,freie Träger,https://www.casabambini-berlin.de,13.41890646,52.51985616
01011370,Eschkol Kindergarten,01,Mitte,10115,Berlin,Brunnenstr.,33,,030405046923,,25,Kindertagesstätte,Situationsansatz,,8518,Kahal Adass Jisroel KiTa gemeinnützige UG (haftungsbeschränkt),freie Träger,http://www.kaj-berlin.de,13.39814898,52.53537428
01011380,Jump Bilingual Kindergarten,01,Mitte,10117,Berlin,Wilhelmstr.,88,,030 47051700,http://www.jump-kita.com,20,Kindertagesstätte,Sonstiges,,8648,Jump Bilingual Kindergarten gUG,freie Träger,http://www.jump-kita.com,13.38173255,52.51307334
01011390,Kita Jump Bilingual by VAA,01,Mitte,10115,Berlin,Bergstr.,79,,030 98452132,,42,Kindertagesstätte,,,8645,Vielfalt auf Augenhöhe gGmbH,freie Träger,http://www.vaakitabahnhof.de,13.39516568,52.52964612
01011400,FRÖBEL - Kindergarten Charité Mitte,01,Mitte,10115,Berlin,Invalidenstr.,103A,,28094011,https://charite-kindergarten.froebel.info/,70,Kindertagesstätte,Offene-Arbeit,,1227,Fröbel Bildung und Erziehung gGmbH,freie Träger,http://www.froebel-gruppe.de/,13.38115581,52.52948586
01011410,Kita Feuerfalter,01,Mitte,10115,Berlin,Chausseestr.,84,,120 83 21 22,http://www.kita.socius.diebildungspartner.de/feuerfalter/,28,Kindertagesstätte,Situationsansatz/Offene-Arbeit,,8000,SOCIUS - Die Bildungspartner gemeinnützige GmbH,freie Träger,http://www.socius.diebildungspartner.de,13.37340455,52.53768604
01011420,Kleiner Fratz,01,Mitte,10179,Berlin,Alexandrinenstr.,56,,030 28444482,http://www.kleiner-fratz-berlin.de,26,Kindertagesstätte,Offene-Arbeit/Situationsansatz,,0627,Kleiner Fratz GmbH,freie Träger,http://www.kleinerfratz.berlin.de,13.40826117,52.50649728
01011430,El Mundo de Los Ninos,01,Mitte,10178,Berlin,Hirtenstr.,12,,0176 21725432,https://www.elmundo.berlin,13,Kindertagesstätte,Situationsansatz,,8701,El mundo de los ninos gGmbH,freie Träger,https://www.elmundo.berlin,13.41018131,52.52604648
01011440,FRÖBEL-Kindergarten,01,Mitte,10117,Berlin,Wilhelmstr.,97,,20075362,https://bmf.froebel.info/,30,Kindertagesstätte,Ansatz von Emmi Pikler/Offene-Arbeit,,1227,Fröbel Bildung und Erziehung gGmbH,freie Träger,http://www.froebel-gruppe.de/,13.39498925,52.51394442
01011450,FRÖBEL-Kindergarten in der Charite Rahel Hirsch,01,Mitte,10117,Berlin,Charitéplatz,1,tatsächlich: Hufelandweg 12A,20095246,https://charite-rahel-hirsch.froebel.info/,25,Kindertagesstätte,Offene-Arbeit,,1227,Fröbel Bildung und Erziehung gGmbH,freie Träger,http://www.froebel-gruppe.de/,13.37718105,52.52675644
01011460,Kita Wasserflöhe,01,Mitte,10115,Berlin,An der Kieler Brücke,31,,030 8169013940,https://www.johanniter.de/juh/lv-bb/rv-berlin/unsere-standorte-und-einrichtungen-in-berlin/einrichtungs-detailseite/kita-wasserfloehe-mitte-3179/,60,Kindertagesstätte,Offene-Arbeit,,8194,Johanniter-Unfall-Hilfe e. V. Regionalverband Berlin,freie Träger,http://www.johanniter.de/rv-berlin,13.36750011,52.53598058
01011470,Kita Schmidchen,01,Mitte,10179,Berlin,Schmidstr.,4,- 4a,030 40362060,,215,Kindertagesstätte,Offene-Arbeit/Situationsansatz,,1339,Kinder- und Jugend der Volkssolidarität Berlin gGmbH,freie Träger,http://www.volkssolidaritaet-berlin.de,13.41882486,52.50940387
01011480,FRÖBEL -Kita im BMG,01,Mitte,10117,Berlin,Mauerstr.,29,,184411970,https://bmg-kita.froebel.info/,15,Kindertagesstätte,Ansatz von Emmi Pikler/Situationsansatz,,1227,Fröbel Bildung und Erziehung gGmbH,freie Träger,http://www.froebel-gruppe.de/,13.38480172,52.51489731
01011490,Deutsch-Italienische Kita/Kigä City,01,Mitte,10179,Berlin,Schmidstr.,2E,,030 249 2179,https://kindergaertencity.de/schmidstrasse-2e,55,Kindertagesstätte,Offene-Arbeit,,0120,Kindergärten City,Eigenbetriebe,http://www.kindergaertencity.de,13.41825254,52.50888643
01011500,Heilpädagogische Gruppe Kita Trauminsel,01,Mitte,10179,Berlin,Schmidstr.,2,,030 2794009,,4,Kindertagesstätte,Offene-Arbeit,,1334,Forum Soziale Dienste GmbH,freie Träger,http://www.forum-soziale-dienste.de,13.41876325,52.50882133
01011510,Inklusionskita Salamander Fischerinsel,01,Mitte,10179,Berlin,Mühlendamm,1,,03053843379,http://www.kita-salamander.de,25,Kindertagesstätte,Situationsansatz/Offene-Arbeit,,9013,Kita Salamander gGmbH,freie Träger,http://www.kita-salamander.de,13.40646269,52.51422498
01020010,Kita Fantasia,01,Mitte,10551,Berlin,Bredowstr.,27A,,030 3989 5301,http://www.ortefuerkinder.de/unsere-kitas/fantasia/,92,Kindertagesstätte,,,0107,Orte für Kinder GmbH,freie Träger,http://www.ortefuerkinder.de,13.33967025,52.53198684
01020020,Kita Paradies für Kinder,01,Mitte,10557,Berlin,Calvinstr.,16,,030 3948 0196,https://www.jugendundsozialwerk.de/kitas/berlin/mitte/kita-paradies-fuer-kinder/,98,Kindertagesstätte,Sonstiges/Situationsansatz,,1296,Jugend- und Sozialwerk gGmbH,freie Träger,http://www.jus-or.de,13.35097687,52.52092569
01020030,Kita Emdener Str. 11/Kigä City,01,Mitte,10551,Berlin,Emdener Str.,11,-13,030 39408573,http://www.kindergaertencity.de/emdener-str-11-13,220,Kindertagesstätte,Offene-Arbeit/Situationsansatz,,0120,Kindergärten City,Eigenbetriebe,http://www.kindergaertencity.de,13.33405468,52.52928532
01020040,Kita Havelberger Str. 21/Kigä City,01,Mitte,10559,Berlin,Havelberger Str.,21,,030 39494392,http://www.kindergaertencity.de/havelberger-str-21,158,Kindertagesstätte,Offene-Arbeit,,0120,Kindergärten City,Eigenbetriebe,http://www.kindergaertencity.de,13.34673811,52.53280789
01020050,Kita/Kinder in Bewegung (KiB),01,Mitte,10557,Berlin,Klopstockstr.,29,,030 3640 9507,http://www.hansa-spatzen.de,85,Kindertagesstätte,Situationsansatz,,1329,Kinder in Bewegung gGmbH Gemeinnützige Kindergarten-Trägergesellschaft des Berliner Sports,freie Träger,http://www.kib-online.org,13.34028866,52.51741651
01020060,Evangelische Kindertagesstätte St. Johannis der Gemeinde Tiergarten,01,Mitte,10559,Berlin,Alt-Moabit,25,,030 39889094,,75,Kindertagesstätte,Situationsansatz,,0450,Ev. Kirchengemeinde Tiergarten,freie Träger,http://www.ev-gemeinde-tiergarten.de,13.34934828,52.52535525
01020080,Kita Birkelinchen/Ev. Kirchengem. Heilige-Geist,01,Mitte,10559,Berlin,Birkenstr.,60,,030 44724023,http://www.heilige-geist-gemeinde.de/kita/,23,Kindertagesstätte,Situationsansatz/Offene-Arbeit,,0451,Ev. Kirchengemeinde Heilige-Geist,freie Träger,http://www.heilige-geist-gemeinde.de/,13.34607982,52.53074782
01020090,KITA Sonnenschein,01,Mitte,10785,Berlin,Pohlstr.,87,,030 (030) 23005178,http://www.kaeptnbrowser.de/front_content.php?idcat=174,135,Kindertagesstätte,Situationsansatz,,1355,Käpt'n Browser gemeinnützige Gesellschaft mit beschränkter Haftung,freie Träger,http://www.kaeptnbrowser.de,13.36109065,52.50137947
01020100,Kita Rathenower Str. 15/Kigä City,01,Mitte,10559,Berlin,Rathenower Str.,15,,030 74780168,http://www.kindergaertencity.de/rathenower-str-15,200,Kindertagesstätte,Sonstiges/Offene-Arbeit,,0120,Kindergärten City,Eigenbetriebe,http://www.kindergaertencity.de,13.35426872,52.52864208
01020110,Kita Hosianna,01,Mitte,10555,Berlin,Ottostr.,16,,030 3927979,http://evkvbmn.de,45,Kindertagesstätte,Situationsansatz,,5425,Ev. Kirchenkreisverband für Kindertageseinrichtungen Berlin Mitte-Nord,freie Träger,http://evkvbmn.de,13.33597682,52.52599978
01020120,Kita Sprachwelt,01,Mitte,10553,Berlin,Rostocker Str.,32A,,030 3948 0513,https://www.jugendundsozialwerk.de/kitas/berlin/mitte/kita-sprachwelt/,110,Kindertagesstätte,Offene-Arbeit/Situationsansatz,,1296,Jugend- und Sozialwerk gGmbH,freie Träger,http://www.jus-or.de,13.32585269,52.53186062
01020180,Kita Holsteiner Ufer 12/Kigä City,01,Mitte,10557,Berlin,Holsteiner Ufer,12,,030 36409506,http://www.kindergaertencity.de/holsteiner-ufer-12,115,Kindertagesstätte,Offene-Arbeit/Situationsansatz,,0120,Kindergärten City,Eigenbetriebe,http://www.kindergaertencity.de,13.34335714,52.52200273
01020200,Spreekita,01,Mitte,10557,Berlin,Paulstr.,20D,,030 22635770,http://evkvbmn.de,110,Kindertagesstätte,Situationsansatz,,5425,Ev. Kirchenkreisverband für Kindertageseinrichtungen Berlin Mitte-Nord,freie Träger,http://evkvbmn.de,13.35590934,52.51893373
01020210,Kath. Kita St. Laurentius,01,Mitte,10559,Berlin,Bandelstr.,41,,030 259 365 125,,65,Kindertagesstätte,Offene-Arbeit/Situationsansatz,,9193,Kitas im Erzbistum Berlin-Zweckverband der katholischen Kirchengemeinden,freie Träger,http://hedikitas.de,13.34972079,52.52714556
01020230,EKT - Cocorico et Co,01,Mitte,10785,Berlin,Kluckstr.,29,,030 25799626,http://Kinderladen-cocorico.de,16,Eltern-Initiativ-Kindertagesstätte,Situationsansatz,,0562,COCORICO et Co. e. V.,freie Träger,,13.36146559,52.50274682
01020240,Kita Alt-Moabit 117/Kigä City,01,Mitte,10559,Berlin,Alt-Moabit,117,,030 39805060,http://www.kindergaertencity.de/alt-moabit-117,105,Kindertagesstätte,Offene-Arbeit,,0120,Kindergärten City,Eigenbetriebe,http://www.kindergaertencity.de,13.3543363,52.52367992
01020270,AWO Kita Maulwurf,01,Mitte,10785,Berlin,Lützowstr.,83,- 85 (Zugang Pohlstraße 62),030 261 89 50,,100,Kindertagesstätte,Offene-Arbeit/Situationsansatz,,0150,Arbeiterwohlfahrt Kreisverband Berlin-Mitte e.V.,freie Träger,http://www.awo-mitte.de,13.36268908,52.50212389
01020280,AWO Kita Schmetterling,01,Mitte,10551,Berlin,Turmstr.,71,,030 397 41 995,,60,Kindertagesstätte,Situationsansatz/Offene-Arbeit,,0150,Arbeiterwohlfahrt Kreisverband Berlin-Mitte e.V.,freie Träger,http://www.awo-mitte.de,13.33229561,52.52684103
01020310,EKT - Frecher Spatz,01,Mitte,10555,Berlin,Elberfelder Str.,18,,030 391 45 40,,20,Eltern-Initiativ-Kindertagesstätte,Situationsansatz,,0636,Frecher Spatz e.V.,freie Träger,http://www.frecherspatz.de,13.33570464,52.52167506
01020440,Kinderladen Stoppelhopser,01,Mitte,10559,Berlin,Quitzowstr.,136,,030 395 75 78,,20,Eltern-Initiativ-Kindertagesstätte,,,1006,Stoppelhopser e.V.,freie Träger,,13.35163077,52.53515179
01020480,Kita Lehrter Straße 40,01,Mitte,10557,Berlin,Lehrter Str.,40,,030 39703022,http://www.kindergaertencity.de/lehrter-str-40,74,Kindertagesstätte,Offene-Arbeit/Situationsansatz,,0120,Kindergärten City,Eigenbetriebe,http://www.kindergaertencity.de,13.35866146,52.53494111
01020490,EKT - Maluch,01,Mitte,10559,Berlin,Stephanstr.,17,,030 3967815,http://www.kinderladenmaluch.de,15,Eltern-Initiativ-Kindertagesstätte,Montessori-Pädagogik,,1038,Verein zur Förderung und Integration polnischer Kinder in der Berliner Gesellschaft e.V.,freie Träger,http://www.kinderladenmaluch.de,13.34964635,52.53428166
01020500,EKT - Perle,01,Mitte,10559,Berlin,Wilsnacker Str.,14,,030 3945859,http://montessori-perle.de,20,Eltern-Initiativ-Kindertagesstätte,Montessori-Pädagogik,,0897,Perle e.V.,freie Träger,http://www.montessori-perle.de,13.3517071,52.52768124
01020510,Kita Safina,01,Mitte,10553,Berlin,Rostocker Str.,26,,39480386,,20,Kindertagesstätte,Situationsansatz,,8428,HadeWe-Integra gemeinnützige GmbH,freie Träger,,13.32677745,52.5319681
01020520,EKT Flocke,01,Mitte,10555,Berlin,Bochumer Str.,11,,030 3922126,,25,Eltern-Initiativ-Kindertagesstätte,Situationsansatz,,0626,Elterninitiativ-Kindertagesstätten (EKT) Verein Flocke e.V.,freie Träger,http://www.ekt-flocke.de,13.33817909,52.52184201
01020550,EKT - Drunter und Drüber,01,Mitte,10551,Berlin,Stromstr.,58,,030 3951860,http://www.drunterunddrueber-kinderladen.de,23,Eltern-Initiativ-Kindertagesstätte,Sonstiges/Montessori-Pädagogik,,0602,EKT Drunter und Drüber Stromstraße 58 e.V.,freie Träger,http://www.drunterunddrueber-kinderladen.de,13.34299468,52.5275209
01020580,EKT Schneckenhaus,01,Mitte,10557,Berlin,Flemingstr.,11,,030 3921261,,18,Eltern-Initiativ-Kindertagesstätte,Situationsansatz/Montessori-Pädagogik,,0636,Frecher Spatz e.V.,freie Träger,http://www.frecherspatz.de,13.35686481,52.5207444
01020620,EKT - ALIBABA,01,Mitte,10551,Berlin,Waldstr.,15,,030 396 26 64,,15,Eltern-Initiativ-Kindertagesstätte,Situationsansatz,,0521,Ali Baba e.V.,freie Träger,http://www.kinderladen-alibaba.de,13.33154095,52.52994941
01020640,EKT - Kinderladen Badehaus,01,Mitte,10559,Berlin,Wilsnacker Str.,62,,030/3946069,http://www.kinderladen-badehaus.de,26,Eltern-Initiativ-Kindertagesstätte,Situationsansatz,,0744,Kinderladen Badehaus e.V.,freie Träger,http://www.kinderladen-badehaus.de,13.35134142,52.52732909
01020670,"EKT - Panther, Tiger und Co.",01,Mitte,10559,Berlin,Lübecker Str.,13,,01775069879,,18,Eltern-Initiativ-Kindertagesstätte,Reggio-Pädagogik,,1054,VSU-Verein für Sozial- und Umweltpolitik Berlin e.V.,freie Träger,,13.34556419,52.52854138
01020680,EKT - Sagaland,01,Mitte,10559,Berlin,Quitzowstr.,125,,030 395 30 52,http://www.kinderladen-sagaland.de,18,Eltern-Initiativ-Kindertagesstätte,Situationsansatz/Sonstiges,,0942,Sagaland e.V.,freie Träger,http://www.kinderladen-sagaland.de,13.34868103,52.53482025
01020700,Kita Emdener Str.,01,Mitte,10551,Berlin,Emdener Str.,28,,030 3951367,http://www.fsd-kita1.de,40,Kindertagesstätte,Situationsansatz/Sonstiges,,8662,Forum Soziale Dienste Kita I GmbH,freie Träger,http://www.fsd-kita1.de,13.33478834,52.53229958
01020730,Kita Huttenstr. 22A/Kigä City,01,Mitte,10553,Berlin,Huttenstr.,22A,,030 3443521,http://www.kindergaertencity.de/huttenstr-22-a,85,Kindertagesstätte,Offene-Arbeit/Sonstiges/Situationsansatz,,0120,Kindergärten City,Eigenbetriebe,http://www.kindergaertencity.de,13.31885071,52.52908918
01020740,Kita Lützowstraße,01,Mitte,10785,Berlin,Lützowstr.,61,,030 230 05 177,https://www.inakindergarten.de/berlin/kita-luetzowstrasse,105,Kindertagesstätte,Situationsansatz,,1312,INA.KINDER.GARTEN gGmbH,freie Träger,http://www.inakindergarten.de,13.35521126,52.50487455
01020750,Kita Lüneburger Straße,01,Mitte,10557,Berlin,Lüneburger Str.,14,,030 394 80 391,http://www.inakindergarten.de,88,Kindertagesstätte,Situationsansatz,,1312,INA.KINDER.GARTEN gGmbH,freie Träger,http://www.inakindergarten.de,13.35743477,52.52024341
01020760,EKT - Arche Moabit,01,Mitte,10553,Berlin,Huttenstr.,31,,030 349 58 38,http://www.archemoabit.de,30,Eltern-Initiativ-Kindertagesstätte,Sonstiges,,0533,Arche Moabit e.V.,freie Träger,,13.31549668,52.52951532
01020770,Kita Kleiner Frosch,01,Mitte,10559,Berlin,Lübecker Str.,32,,030 3965210,http://www.tevbb.org,41,Kindertagesstätte,Situationsansatz/Offene-Arbeit,,8729,TEVBB Soziale Dienste GmbH,freie Träger,http://www.tevbb.org,13.34473768,52.5301734
01020780,Kenntnisreich Kindertagesstätte Am Zoo,01,Mitte,10787,Berlin,Katharina-Heinroth-Ufer,1,,2693 1422,http://www.kenntnisreich-kindertagesstaetten.de,39,Eltern-Initiativ-Kindertagesstätte,Situationsansatz,,8259,Kenntnisreich Kindertagesstätten gGmbH,freie Träger,http://www.kenntnisreich-kindertagesstaetten.de,13.3443762,52.50787662
01020790,KiBiLuga,01,Mitte,10785,Berlin,Bissingzeile,15,19,030 264 1248,http://www.ortefuerkinder.de/unsere-kitas/kibiluga/,111,Kindertagesstätte,,,0107,Orte für Kinder GmbH,freie Träger,http://www.ortefuerkinder.de,13.37010494,52.50297877
01020820,Kita Pädagogisches Arbeitskollektiv,01,Mitte,10551,Berlin,Emdener Str.,47,,030 396 20 71,,13,Kindertagesstätte,Situationsansatz,,1253,Pädagogisches Arbeitskollektiv e.V.,freie Träger,,13.33371596,52.52982092
01020830,Kita Verein für praktische Pädagogik,01,Mitte,10557,Berlin,Alt-Moabit,133B,,030 392 44 65,,45,Kindertagesstätte,Situationsansatz,,1263,Verein für praktische Pädagogik Moabit e.V.,freie Träger,,13.36066996,52.52242456
01020840,Kinder- und Schülerladen Olle Burg,01,Mitte,10551,Berlin,Waldstr.,42,,030/3955572,http://www.fokusplus.de,30,Kindertagesstätte,Situationsansatz,,5309,Fokus plus gGmbH,freie Träger,http://www.fokusplus.de,13.33108902,52.53055354
01020850,EKT - Der Kick - Initiative im Kiez,01,Mitte,10551,Berlin,Birkenstr.,33,,030 3954982,,15,Eltern-Initiativ-Kindertagesstätte,Situationsansatz,,5309,Fokus plus gGmbH,freie Träger,http://www.fokusplus.de,13.34093245,52.53260077
01020860,Kinderladen Rosa Kirchkern,01,Mitte,10555,Berlin,Bochumer Str.,2,,017643316670,http://www.kirschkern-eV.de,28,Eltern-Initiativ-Kindertagesstätte,Situationsansatz,,0772,Kirschkern e.V.,freie Träger,http://www.kirschkern-ev.de,13.33764536,52.52461727
01020870,Kita Hansa-Ufer 3a Kigä City,01,Mitte,10555,Berlin,Hansa-Ufer,3A,,030 34620664,http://www.kindergaertencity.de/hansa-ufer-3,100,Kindertagesstätte,Offene-Arbeit/Situationsansatz,,0120,Kindergärten City,Eigenbetriebe,http://www.kindergaertencity.de,13.33660067,52.5191045
01020890,Kita am Lützowplatz 1,01,Mitte,10785,Berlin,Lützowplatz,1,,75940911,http://www.kenntnisreich-kindertagesstaetten.de,30,Kindertagesstätte,Offene-Arbeit/Situationsansatz,,8259,Kenntnisreich Kindertagesstätten gGmbH,freie Träger,http://www.kenntnisreich-kindertagesstaetten.de,13.35392937,52.50507161
01020900,Kita Swimmy,01,Mitte,10551,Berlin,Siemensstr.,10,,39880470,https://www.minikitasfirst.de/kindertagesst%C3%A4tten/swimmy/,25,Kindertagesstätte,Situationsansatz,,7859,MiniKitas First gGmbH,freie Träger,https://minikitas.de/,13.3323475,52.53263115
01020950,Kita SOS-Kinderdorf,01,Mitte,10551,Berlin,Waldstr.,23,,33099341,http://www.sos-berlin.de,80,Kindertagesstätte,Offene-Arbeit/Situationsansatz,,1347,SOS-Kinderdorf e.V.,freie Träger,http://www.sos-berlin.de,13.33194568,52.53156273
01020960,Kita an der UdK,01,Mitte,10555,Berlin,Siegmunds Hof,17,a,030 939398480,http://www.stw.berlin,60,Kindertagesstätte,Offene-Arbeit,,1256,studierendenWERK BERLIN,freie Träger,http://www.stw.berlin,13.33558601,52.515572
01021000,FRÖBEL Kindergarten Stepping Stones,01,Mitte,10785,Berlin,Lützowstr.,106,,030 46 99 77 70,http://www.froebel-gruppe.de,170,Kindertagesstätte,Offene-Arbeit,,1227,Fröbel Bildung und Erziehung gGmbH,freie Träger,http://www.froebel-gruppe.de/,13.36868764,52.5012453
01021010,Kita Cheburashka-Tiergarten,01,Mitte,10559,Berlin,Wilsnacker Str.,40,,030 39886617,http://www.kitacheburashka.de,26,Eltern-Initiativ-Kindertagesstätte,Situationsansatz,,7388,Cheburashka gGmbH,freie Träger,http://www.kitacheburashka.de,13.34973139,52.53134546
01021060,EKT biberbau,01,Mitte,10555,Berlin,Elberfelder Str.,19,,030 52102116,http://www.frecherspatz.de,20,Eltern-Initiativ-Kindertagesstätte,Situationsansatz,,0636,Frecher Spatz e.V.,freie Träger,http://www.frecherspatz.de,13.3356832,52.52150123
01021090,Kinderladen Katz & Kedi,01,Mitte,10555,Berlin,Jagowstr.,28,,030 3916129,,24,Eltern-Initiativ-Kindertagesstätte,Situationsansatz,,0636,Frecher Spatz e.V.,freie Träger,http://www.frecherspatz.de,13.33380425,52.52347712
01021100,Die Bärenbande,01,Mitte,10553,Berlin,Rostocker Str.,37,,03098435840,http://www.kita-die-baerenbande.de,23,Kindertagesstätte,Situationsansatz/Sonstiges,,7754,BEB Bildungseinrichtung für Erziehung und Bildung e.V.,freie Träger,http://www.kita-die-baerenbande.de,13.32647463,52.53030179
01021140,Kita Arlecchino,01,Mitte,10555,Berlin,Alt-Moabit,35,,030 3983955,,21,Kindertagesstätte,Reggio-Pädagogik/Montessori-Pädagogik,,7989,Arlecchino gUG (haftungsbeschränkt),freie Träger,,13.33460319,52.52480197
01021160,Kita Spielraum Perlentaucher,01,Mitte,10559,Berlin,Perleberger Str.,47,,03039881662,http://www.spielraumperlentaucher.de,50,Kindertagesstätte,Situationsansatz,,9198,SpielRaum Kindertagesstätten Berlin gGmbH,freie Träger,,13.34787012,52.53093107
01021170,Kindergarten Schatztruhe,01,Mitte,10557,Berlin,Spenerstr.,37,,030 63966448,,45,Kindertagesstätte,Situationsansatz,,8140,"MI-SA-DI gUG (haftungsbeschränkt) gemeinnützige Unternehmergesellschaft für Migration, Soziale Arbeit und Dialog",freie Träger,http://www.misadi.de,13.35415514,52.52324223
01021180,Kita Elfenbein,01,Mitte,10553,Berlin,Huttenstr.,21,,030 34507967,http://www.GfBE-berlin.de,35,Kindertagesstätte,Situationsansatz,,8150,GFBE gGmbH- Gesellschaft für Bildung und Erziehung,freie Träger,http://www.GfBE-berlin.de,13.31902673,52.52861066
01021190,AWO Kita am Spreebogen,01,Mitte,10559,Berlin,Alt-Moabit,98,,030 44724001,,40,Kindertagesstätte,Offene-Arbeit/Situationsansatz,,0150,Arbeiterwohlfahrt Kreisverband Berlin-Mitte e.V.,freie Träger,http://www.awo-mitte.de,13.34645466,52.52477306
01021200,Kita Brighella,01,Mitte,10555,Berlin,Alt-Moabit,37,,030 39839557,,15,Kindertagesstätte,Reggio-Pädagogik/Montessori-Pädagogik,,7989,Arlecchino gUG (haftungsbeschränkt),freie Träger,,13.3338433,52.52466539
01021210,Kita Olle Burg,01,Mitte,10551,Berlin,Waldstr.,41,,030/20679347,http://www.fokusplus.de,12,Kindertagesstätte,Situationsansatz,,5309,Fokus plus gGmbH,freie Träger,http://www.fokusplus.de,13.33112363,52.53069069
01021220,KiLa Jagowspatzen,01,Mitte,10555,Berlin,Jagowstr.,10,- 11,030 32304860,,60,Kindertagesstätte,Situationsansatz,,0636,Frecher Spatz e.V.,freie Träger,http://www.frecherspatz.de,13.3341335,52.5219047
01021230,Kita am Essener Park,01,Mitte,10555,Berlin,Alt-Moabit,86,,03039840277,http://www.pro-gemeinsinn.de,50,Kindertagesstätte,Ansatz von Emmi Pikler/Sonstiges,,9200,GemBeki Gemeinsinn-für Berliner Kinder gGmbH,freie Träger,http://www.pro-gemeinsinn.de,13.34142086,52.52539133
01021240,Kita Engelsnest,01,Mitte,10553,Berlin,Kaiserin-Augusta-Allee,101,,03049085470,http://www.kita-engelsnest.de,25,Kindertagesstätte,Situationsansatz,,8360,Liberi Bildung gemeinnützige GmbH,freie Träger,http://www.liberibildung.de,13.31975809,52.52563328
01021250,Kita Apfelkern,01,Mitte,10555,Berlin,Elberfelder Str.,28,,030 49089209,http://www.kita-apfelkern.de,25,Kindertagesstätte,Situationsansatz,,8372,MetropolitanKids UG (haftungsbeschränkt),freie Träger,http://www.kita-apfelkern.de,13.33620467,52.52236812
01021260,Kita Safina,01,Mitte,10553,Berlin,Erasmusstr.,7A,,94513770,,20,Kindertagesstätte,Situationsansatz,,8428,HadeWe-Integra gemeinnützige GmbH,freie Träger,,13.32664866,52.52678559
01021270,Kita Spielraum Havelsegler,01,Mitte,10559,Berlin,Havelberger Str.,12,,030 39405500,http://www.spielraumhavelsegler.de,25,Kindertagesstätte,Situationsansatz,,8130,GenerationenRaum gemeinnützige Gesellschaft zur Förderung generationsübergreifender Interaktion mbH,freie Träger,http://www.generationenraum.de,13.34734413,52.53343494
01021290,KulturKindergarten Energiebündel der 50Hertz GmbH,01,Mitte,10557,Berlin,Heidestr.,3,,030 3087 3740,http://www.kulturkindergarten.de,25,Kindertagesstätte,Situationsansatz,,7945,Dussmann Kulturkindergarten gemeinnützige GmbH,freie Träger,http://www.kulturkindergarten.de,13.37008195,52.52858671
01021300,Kita Bahnhof,01,Mitte,10785,Berlin,Lützowstr.,68,,030 35050922,http://www.vaakitabahnhof.de,25,Kindertagesstätte,Montessori-Pädagogik,,8645,Vielfalt auf Augenhöhe gGmbH,freie Träger,http://www.vaakitabahnhof.de,13.3568093,52.50457578
01021310,Kita Kolibri,01,Mitte,10555,Berlin,Jagowstr.,18,,030/505696850,http://www.fokusplus.de,15,Kindertagesstätte,Situationsansatz,,5309,Fokus plus gGmbH,freie Träger,http://www.fokusplus.de,13.33426552,52.52324624
01021320,SpielRaum Stephanshafen,01,Mitte,10559,Berlin,Stephanstr.,53,,030 26598704,https://www.spielraumstephanshafen.de,20,Kindertagesstätte,Situationsansatz,,8130,GenerationenRaum gemeinnützige Gesellschaft zur Förderung generationsübergreifender Interaktion mbH,freie Träger,http://www.generationenraum.de,13.34915704,52.53392239
01021330,Kita Bellevue,01,Mitte,10557,Berlin,Paulstr.,18,,030 40748134,http://www.fidea-bildung.de,25,Kindertagesstätte,Situationsansatz,,8675,fidea Bildung gGmbH,freie Träger,http://www.fidea-bildung.de,13.35549329,52.52032973
01021340,Kita Elfenblume,01,Mitte,10553,Berlin,Rostocker Str.,28,,99993235,http://www.fbe-berlin.de,25,Kindertagesstätte,Waldorfpädagogik,,8589,Forum für Bildung und Erziehung (FBE) gGmbH,freie Träger,http://www.fbe-berlin.de,13.3267671,52.53224039
01021350,Kita Schatzinsel,01,Mitte,10551,Berlin,Wiclefstr.,32,,030 36460372,http://www.refo-moabit.de/kita,130,Kindertagesstätte,Ansatz von Emmi Pikler/Situationsansatz,,8728,REFORMATIONS-Campus e. V.,freie Träger,http://www.refo-moabit.de,13.32995579,52.53121955
01021360,Kita Theobald Tiger,01,Mitte,10559,Berlin,Perleberger Str.,39,,030 3965210,http://www.tevbb.org,17,Kindertagesstätte,Situationsansatz,,8729,TEVBB Soziale Dienste GmbH,freie Träger,http://www.tevbb.org,13.34469896,52.52971341
01021370,INA.KINDERGARTEN Berlin Kita in der Europacity,01,Mitte,10557,Berlin,Lydia-Rabinowitsch-Str.,5,,030 39818162,http://www.inakindergarten.de,77,Kindertagesstätte,Situationsansatz,,1312,INA.KINDER.GARTEN gGmbH,freie Träger,http://www.inakindergarten.de,13.36818198,52.53181679
01021380,Kita Spatzenvilla,01,Mitte,10557,Berlin,Klara-Franke-Str.,1,,030 399 189 59,http://www.ek-educationcare.de,25,Kindertagesstätte,Situationsansatz,,8894,E&K Education Care gUG,freie Träger,http://www.ek-educationcare.de,13.36038811,52.53293704
01021390,Fröbel-Kindergarten Wasserstadt,01,Mitte,10557,Berlin,Hedwig-Porschütz-Str.,6,,55462241,https://wasserstadt.froebel.info/,45,Kindertagesstätte,Offene-Arbeit,,1227,Fröbel Bildung und Erziehung gGmbH,freie Träger,http://www.froebel-gruppe.de/,13.36598929,52.53391323
01021400,Schulhort der Theodor-Heuss-Gemeinschaftsschule (nur Sprachförderung),01,Mitte,10551,Berlin,Wiclefstr.,6,,,,24,Kindertagesstätte,,,1347,SOS-Kinderdorf e.V.,freie Träger,http://www.sos-berlin.de,13.33912615,52.53045712
01021410,Kindergarten Beusselstraße,01,Mitte,10553,Berlin,Beusselstr.,32A,,43974213,https://beusselstrasse.froebel.info/,120,Kindertagesstätte,Offene-Arbeit,,1227,Fröbel Bildung und Erziehung gGmbH,freie Träger,http://www.froebel-gruppe.de/,13.32882256,52.53048487
01021420,Kindergarten Lisa-Fittko-Str.,01,Mitte,10557,Berlin,Lisa-Fittko-Str.,9,,398 949 75,https://lisa-fittko.froebel.info/,130,Kindertagesstätte,Offene-Arbeit,,1227,Fröbel Bildung und Erziehung gGmbH,freie Träger,http://www.froebel-gruppe.de/,13.36594324,52.53129228
01021430,Kita Zinzenprinzen,01,Mitte,10555,Berlin,Zinzendorfstr.,5,,030 3916313,http://www.fokusplus.de,18,Kindertagesstätte,Situationsansatz,,5309,Fokus plus gGmbH,freie Träger,http://www.fokusplus.de,13.33196241,52.52318503
01021460,Kita auf Augenhöhe,01,Mitte,10557,Berlin,Lehrter Str.,54,,67387333,http://www.kitaaufaugenhoehe.de,23,Eltern-Initiativ-Kindertagesstätte,Offene-Arbeit,,9207,auf Augenhöhe e.V.,freie Träger,,13.35855175,52.53436416
01021470,Leo Kirschkern,01,Mitte,10557,Berlin,Klopstockstr.,1,,0155 66433074,http://www.kirschkern-ev.de,23,Kindertagesstätte,Situationsansatz,,0772,Kirschkern e.V.,freie Träger,http://www.kirschkern-ev.de,13.33750069,52.51494167
01021480,Little Kiwis,01,Mitte,10553,Berlin,Rostocker Str.,40,,03033308934,,24,Kindertagesstätte,Situationsansatz/Sonstiges,,8597,Little Kiwis Internationaler Kindergarten gemeinnützige UG (haftungsbeschränkt),freie Träger,http://www.littlekiwis.de,13.32648594,52.52990231
01021500,Kita Turab,01,Mitte,10559,Berlin,Havelberger Str.,18,,030 50919267,,18,Kindertagesstätte,,,9332,SU Kindergärten gUG,freie Träger,,13.34694239,52.53423853
01030010,Kita Ackerstr. 60/Kigä City,01,Mitte,13355,Berlin,Ackerstr.,60,,030 34620620,http://www.kindergaerten-city.de/ackerstr-60,158,Kindertagesstätte,Offene-Arbeit/Situationsansatz,,0120,Kindergärten City,Eigenbetriebe,http://www.kindergaertencity.de,13.38733481,52.53731964
01030020,Kita Brüsseler Straße,01,Mitte,13353,Berlin,Brüsseler Str.,30,,030 4541884,https://www.inakindergarten.de/berlin/kita-bruesseler-strasse,120,Kindertagesstätte,Offene-Arbeit/Situationsansatz,,1312,INA.KINDER.GARTEN gGmbH,freie Träger,http://www.inakindergarten.de,13.34708632,52.54496962
01030030,Kita Ramlerstr. 9-10/Kigä City,01,Mitte,13355,Berlin,Ramlerstr.,9,,030 43207225,http://www.kindergaertencity.de/ramlerstr-9-10,185,Kindertagesstätte,Sonstiges/Situationsansatz,,0120,Kindergärten City,Eigenbetriebe,http://www.kindergaertencity.de,13.3929888,52.54719229
01030050,Kita Edinburger Str. 38/Kigä City,01,Mitte,13349,Berlin,Edinburger Str.,38,,030 4529987,http://www.kindergaertencity.de/edinburger-str-38,62,Kindertagesstätte,Offene-Arbeit/Situationsansatz,,0120,Kindergärten City,Eigenbetriebe,http://www.kindergaertencity.de,13.34888915,52.55602525
01030080,Kita Ghanastr. 13/Kigä City,01,Mitte,13351,Berlin,Ghanastr.,13,,030 4518047,http://www.kindergaertencity.de/ghanastr-13,75,Kindertagesstätte,Sonstiges,,0120,Kindergärten City,Eigenbetriebe,http://www.kindergaertencity.de,13.32920073,52.55970666
01030090,Kita Sternenhimmel,01,Mitte,13355,Berlin,Graunstr.,11A,,030 44383451,https://www.pfefferwerk.de/kindertagesstaetten/kita-sternenhimmel/,90,Kindertagesstätte,Sonstiges/Offene-Arbeit,,1202,Pfefferwerk Stadtkultur gGmbH,freie Träger,http://www.pfefferwerk.de,13.39939084,52.54553837
01030140,Kita Kunterbunt,01,Mitte,13357,Berlin,Gottschedstr.,27,,030 4606 0825,http://www.kita-gottschedstrasse-27.de,91,Kindertagesstätte,Offene-Arbeit,,1329,Kinder in Bewegung gGmbH Gemeinnützige Kindergarten-Trägergesellschaft des Berliner Sports,freie Träger,http://www.kib-online.org,13.37184378,52.55301093
01030150,Kita Reinickendorfer Str. 98/Kigä City,01,Mitte,13347,Berlin,Reinickendorfer Str.,98,,030 52134200,http://www.kindergaertencity.de/reinickendorfer-98,130,Kindertagesstätte,Offene-Arbeit/Situationsansatz,,0120,Kindergärten City,Eigenbetriebe,http://www.kindergaertencity.de,13.36890125,52.54723862
01030160,Kita Schönwalder Str. 19a/Kigä City,01,Mitte,13347,Berlin,Schönwalder Str.,19A,,030 43207212,http://www.kindergaertencity.de/schoenwalder-str-19-a,123,Kindertagesstätte,Offene-Arbeit/Situationsansatz,,0120,Kindergärten City,Eigenbetriebe,http://www.kindergaertencity.de,13.37125427,52.54180445
01030180,Kita Der Kinder-Garten in der Schwedenstraße,01,Mitte,13359,Berlin,Schwedenstr.,9A,,030 48478836,https://www.jugendundsozialwerk.de/kitas/berlin/mitte/kita-kindergarten-in-der-schwedenstrasse/,100,Kindertagesstätte,Situationsansatz/Offene-Arbeit/Sonstiges/Ansatz von Emmi Pikler,,1296,Jugend- und Sozialwerk gGmbH,freie Träger,http://www.jus-or.de,13.3716775,52.55786022
01030190,Kita Nordbahnstr. 15-16/Kigä City,01,Mitte,13359,Berlin,Nordbahnstr.,15,,030 4947236,http://www.kindergaerten-city.de/nordbahnstr-15-16,130,Kindertagesstätte,Offene-Arbeit/Sonstiges/Situationsansatz,,0120,Kindergärten City,Eigenbetriebe,http://www.kindergaertencity.de,13.38938446,52.5664785
01030210,Kita Wattstraße,01,Mitte,13355,Berlin,Wattstr.,16,,030 44383340,https://www.pfefferwerk.de/kindertagesstaetten/kita-wattstrasse/,55,Kindertagesstätte,Sonstiges/Situationsansatz,,1202,Pfefferwerk Stadtkultur gGmbH,freie Träger,http://www.pfefferwerk.de,13.38913167,52.5407549
01030230,Kita/Kinder in Bewegung (KIB) gGmbH,01,Mitte,13357,Berlin,Gottschedstr.,28,,030 4606 0810,http://www.kita-gottschedstrasse-28.de,149,Kindertagesstätte,Situationsansatz,,1329,Kinder in Bewegung gGmbH Gemeinnützige Kindergarten-Trägergesellschaft des Berliner Sports,freie Träger,http://www.kib-online.org,13.37151667,52.5528419
01030240,Kita Lynarstr. 10/Kigä City,01,Mitte,13353,Berlin,Lynarstr.,12,,030 4541972,http://www.kindergaertencity.de/lynarstr-10-12,114,Kindertagesstätte,Offene-Arbeit,,0120,Kindergärten City,Eigenbetriebe,http://www.kindergaertencity.de,13.36032631,52.54063397
01030250,Kita Freienwalder Str. 19c/Kigä City,01,Mitte,13359,Berlin,Freienwalder Str.,19C,,030 4946612,http://www.kindergaertencity.de/freienwalder-str-19-c,,Kindertagesstätte,,,0120,Kindergärten City,Eigenbetriebe,http://www.kindergaertencity.de,13.39157869,52.55877157
01030280,Kita/Kinder in Bewegung (KiB),01,Mitte,13351,Berlin,Togostr.,67,,030 451 90 76,http://www.kita-togostrasse.de,129,Kindertagesstätte,Offene-Arbeit/Situationsansatz,,1329,Kinder in Bewegung gGmbH Gemeinnützige Kindergarten-Trägergesellschaft des Berliner Sports,freie Träger,http://www.kib-online.org,13.34427076,52.55077358
01030290,Kita Wiesenstr.,01,Mitte,13357,Berlin,Wiesenstr.,49,-50,030 4606 0490,http://www.ortefuerkinder.de/unsere-kitas/wiesenstrasse/,125,Kindertagesstätte,,,0107,Orte für Kinder GmbH,freie Träger,http://www.ortefuerkinder.de,13.37434166,52.54704823
01030300,Kita/Kinder in Bewegung (KIB),01,Mitte,13355,Berlin,Wolgaster Str.,4,-2,030 467 76 4920,http://www.kita-wolgaster-strasse.de,165,Kindertagesstätte,Offene-Arbeit,,1329,Kinder in Bewegung gGmbH Gemeinnützige Kindergarten-Trägergesellschaft des Berliner Sports,freie Träger,http://www.kib-online.org,13.39698581,52.53913387
01030320,Kita Sprachvielfalt,01,Mitte,13359,Berlin,Koloniestr.,24A,,4935018,https://www.jugendundsozialwerk.de/kitas/berlin/mitte/kita-sprachvielfalt/,190,Kindertagesstätte,Offene-Arbeit/Situationsansatz/Montessori-Pädagogik,,1296,Jugend- und Sozialwerk gGmbH,freie Träger,http://www.jus-or.de,13.38126736,52.55811402
01030330,Ev. Kita Kornelius,01,Mitte,13349,Berlin,Dubliner Str.,29,,030 452 11 78,http://evkvbmn.de,55,Kindertagesstätte,Situationsansatz,,5425,Ev. Kirchenkreisverband für Kindertageseinrichtungen Berlin Mitte-Nord,freie Träger,http://evkvbmn.de,13.34404977,52.55926707
01030340,Kindergarten Ruheplatz 13,01,Mitte,13347,Berlin,Ruheplatzstr.,13,,030 34620607,http://www.kindergaertencity.de/ruheplatzstr-13,171,Kindertagesstätte,Situationsansatz/Offene-Arbeit,,0120,Kindergärten City,Eigenbetriebe,http://www.kindergaertencity.de,13.36170387,52.5475573
01030350,Kita Afrikanische Straße,01,Mitte,13351,Berlin,Afrikanische Str.,28,,030 4502 3277,http://www.kinder-im-kiez.de/unsere-kitas/afrikanische-strasse/,88,Kindertagesstätte,,,1318,Kinder im Kiez gGmbH,freie Träger,http://www.kinder-im-kiez.de,13.34202516,52.54891336
01030370,Kita Märchenland,01,Mitte,13359,Berlin,Bornholmer Str.,44,,030 4998 8690,http://www.ortefuerkinder.de/unsere-kitas/maerchenland/,66,Kindertagesstätte,,,0107,Orte für Kinder GmbH,freie Träger,http://www.ortefuerkinder.de,13.39357368,52.5554477
01030390,Kita Stettiner Str. 21-23/Kigä City,01,Mitte,13357,Berlin,Stettiner Str.,21,,030 34620606,http://www.kindergaertencity.de/stettiner-str-21-23,184,Kindertagesstätte,Sonstiges/Situationsansatz,,0120,Kindergärten City,Eigenbetriebe,http://www.kindergaertencity.de,13.38791777,52.55408689
01030400,Kita Maji-Maji-Allee 14/Kigä City,01,Mitte,13351,Berlin,Maji-Maji-Allee,14,,030 35128686,https://kindergaertencity.de/maji-maji-allee-14,160,Kindertagesstätte,Offene-Arbeit,,0120,Kindergärten City,Eigenbetriebe,http://www.kindergaertencity.de,13.33373557,52.5556885
01030410,Ev. Kita Nazareth,01,Mitte,13347,Berlin,Nazarethkirchstr.,50,,030 456 62 91,http://evkvbmn.de,75,Kindertagesstätte,Situationsansatz,,5425,Ev. Kirchenkreisverband für Kindertageseinrichtungen Berlin Mitte-Nord,freie Träger,http://evkvbmn.de,13.3590762,52.54773658
01030420,Ev. Kinderhaus Kapernaum,01,Mitte,13353,Berlin,Seestr.,35,,030 453 63 07,http://evkvbmn.de,70,Kindertagesstätte,Situationsansatz,,5425,Ev. Kirchenkreisverband für Kindertageseinrichtungen Berlin Mitte-Nord,freie Träger,http://evkvbmn.de,13.34961761,52.54876772
01030430,Ev. Kita Stephanus,01,Mitte,13359,Berlin,Soldiner Str.,21,,030 493 62 62,http://evkvbmn.de,80,Kindertagesstätte,Situationsansatz,,5425,Ev. Kirchenkreisverband für Kindertageseinrichtungen Berlin Mitte-Nord,freie Träger,http://evkvbmn.de,13.38788308,52.5586143
01030440,Ev. Osterkita,01,Mitte,13353,Berlin,Sprengelstr.,35,,030 454 35 59,http://evkvbmn.de,73,Kindertagesstätte,Situationsansatz,,5425,Ev. Kirchenkreisverband für Kindertageseinrichtungen Berlin Mitte-Nord,freie Träger,http://evkvbmn.de,13.35499749,52.54164525
01030470,Kath. Kita St. Sebastian,01,Mitte,13355,Berlin,Feldstr.,20,,259365141,http://www.kita-st-sebastian-berlin.de,55,Kindertagesstätte,Situationsansatz/Montessori-Pädagogik,,9193,Kitas im Erzbistum Berlin-Zweckverband der katholischen Kirchengemeinden,freie Träger,http://hedikitas.de,13.38365369,52.53737911
01030480,Kath. Kita St. Robert,01,Mitte,13347,Berlin,Hochstädter Str.,14,,259365154,,65,Kindertagesstätte,Reggio-Pädagogik/Situationsansatz,,9193,Kitas im Erzbistum Berlin-Zweckverband der katholischen Kirchengemeinden,freie Träger,http://hedikitas.de,13.36430943,52.55078427
01030510,AWO Kita Sonnenblume,01,Mitte,13347,Berlin,Reinickendorfer Str.,62,,030 455 66 50,,120,Kindertagesstätte,Offene-Arbeit,,0150,Arbeiterwohlfahrt Kreisverband Berlin-Mitte e.V.,freie Träger,http://www.awo-mitte.de,13.36564691,52.55432544
01030520,EKT - Kila Spatzenkinder,01,Mitte,13357,Berlin,Bastianstr.,18,,030 +49304655897,,11,Eltern-Initiativ-Kindertagesstätte,Situationsansatz,,0513,Unsere Zukunft e.V.,freie Träger,,13.3807521,52.55047358
01030530,EKT - Flohzirkus Wedding,01,Mitte,13357,Berlin,Eulerstr.,10,,030 4948076,,18,Eltern-Initiativ-Kindertagesstätte,Montessori-Pädagogik,,0628,Flohzirkus Wedding e.V.,freie Träger,,13.3918132,52.55417494
01030550,EKT Sonnenblume,01,Mitte,13353,Berlin,Fehmarner Str.,14,,030,https://www.kinderladen-sonnenblume.de/,19,Eltern-Initiativ-Kindertagesstätte,Situationsansatz,,0978,Elterninitiativkindertagesstätte Sonnenblume e. V.,freie Träger,https://www.kinderladen-sonnenblume.de/,13.35038099,52.53973872
01030580,EKT Gänseblümchen,01,Mitte,13349,Berlin,Glasgower Str.,26,,030 4514024,http://www.ekt-gaensebluemchen.de,15,Eltern-Initiativ-Kindertagesstätte,Situationsansatz,,0642,GÄNSEBLÜMCHEN e.V.,freie Träger,http://www.ekt-gaensebluemchen.de,13.3435908,52.55609938
01030600,EKT - Stadtkinder,01,Mitte,13357,Berlin,Grüntaler Str.,8,,030 27018926,,21,Eltern-Initiativ-Kindertagesstätte,Situationsansatz,,0995,Stadtkinder e. V.,freie Träger,http://www.stadtkinder-berlin.de,13.38651623,52.55176069
01030610,Kleine Himmelswolke,01,Mitte,13349,Berlin,Türkenstr.,5,,030 451 91 30,,17,Kindertagesstätte,Situationsansatz,,0785,Kleine Himmelswolke e.V.,freie Träger,http://www.kleine-himmelswolke.de,13.34851562,52.55391953
01030620,EKT Krümelbande,01,Mitte,13353,Berlin,Lütticher Str.,5,,030 98430863,http://kruemelbande.org,13,Eltern-Initiativ-Kindertagesstätte,Situationsansatz,,0807,Eltern-Initiativ-Kindertagesstätte Krümelbande e. V.,freie Träger,http://kruemelbande.org,13.34763729,52.54655615
01030640,EKT Tausendfüßler,01,Mitte,13347,Berlin,Amsterdamer Str.,12,,030 4562624,http://www.ekt-tausendfuessler.de,19,Eltern-Initiativ-Kindertagesstätte,Situationsansatz,,1010,EIKITA Tausendfüßler e. V.,freie Träger,http://www.ekt-tausendfuessler.de,13.35725888,52.55130161
01030700,EKT - Pustebär,01,Mitte,13353,Berlin,Sparrstr.,19,,030 453 30 76,http://www.kinderladen-integration.de,12,Eltern-Initiativ-Kindertagesstätte,Situationsansatz,,1039,Verein zur Förderung integrativer Erziehung e. V.,freie Träger,http://www.kinderladen-integration.de,13.35930203,52.54239731
01030710,"EKT - ""Eisbär""",01,Mitte,13353,Berlin,Sparrstr.,20,,030 453 90 38,http://www.kinderladen-integration.de,12,Eltern-Initiativ-Kindertagesstätte,Situationsansatz,,1039,Verein zur Förderung integrativer Erziehung e. V.,freie Träger,http://www.kinderladen-integration.de,13.35941127,52.54227565
01030720,EKT - Tüte Mücken,01,Mitte,13351,Berlin,Togostr.,78,,030 451 2076,http://www.tuete-muecken.de,60,Eltern-Initiativ-Kindertagesstätte,Situationsansatz,,1027,Tüte Mücken e.V.,freie Träger,http://www.tuete-muecken.de,13.34705458,52.54930738
01030730,Pädag.Initiative EKT am Schillerpark,01,Mitte,13349,Berlin,Türkenstr.,14,,030 4514073,http://www.ekt-am-schillerpark.de,17,Eltern-Initiativ-Kindertagesstätte,Situationsansatz,,0555,Pädagogische Initiative EKT am Schillerpark e.V.,freie Träger,http://www.ekt-am-schillerpark.de,13.34935169,52.55487076
01030740,EKT - Kinderhütte Wiesenstraße,01,Mitte,13357,Berlin,Wiesenstr.,28,,030 4659100,,20,Eltern-Initiativ-Kindertagesstätte,Waldorfpädagogik/Ansatz von Emmi Pikler,,0739,Kinderhütte Wiesenstraße e. V.,freie Träger,,13.37174617,52.54879458
01030750,EKT Sparrbande,01,Mitte,13353,Berlin,Sparrstr.,21,,030 4533773,http://sparrbande.de/finden.html,15,Eltern-Initiativ-Kindertagesstätte,Situationsansatz,,0986,EKT Sparrbande e.V.,freie Träger,http://sparrbande.de/finden.html,13.35953274,52.54214247
01030760,Kita A13,01,Mitte,13347,Berlin,Amsterdamer Str.,13,,030 450 812 660,http://www.kinderschutzbund-berlin.de,45,Kindertagesstätte,Situationsansatz,,1211,Deutscher Kinderschutzbund Landesverband Berlin e. V.,freie Träger,http://www.kinderschutzbund-berlin.de,13.35752249,52.55147071
01030770,Kinderhaus Kunterbunt,01,Mitte,13357,Berlin,Wiesenstr.,25,,030 462 20 76,http://www.unionhilfswerk.de,90,Kindertagesstätte,Situationsansatz,,1260,Unionhilfswerk Sozialeinrichtungen gemeinnützige Gesellschaft mbH,freie Träger,http://www.unionhilfswerk.de,13.37279494,52.54847274
01030780,Deutsch-Französische Kita/Kigä City,01,Mitte,13351,Berlin,Afrikanische Str.,121,,030 4528036,http://www.kindergaertencity.de/afrikanische-str-121,150,Kindertagesstätte,Sonstiges/Offene-Arbeit,,0120,Kindergärten City,Eigenbetriebe,http://www.kindergaertencity.de,13.33540799,52.55454332
01030800,EKT Jo Jo,01,Mitte,13357,Berlin,Schwedenstr.,3A,,030 4656455,http://www.kinderladen-jojo.de,26,Eltern-Initiativ-Kindertagesstätte,Situationsansatz,,0693,Jo-Jo e.V.,freie Träger,http://www.kinderladen-jojo.de,13.37602506,52.55510125
01030820,Kita Liebenwalder Str. 45/Kigä City,01,Mitte,13347,Berlin,Liebenwalder Str.,45,,030 34620660,http://www.kindergaertencity.de/liebenwalder-str-45,135,Kindertagesstätte,Offene-Arbeit,,0120,Kindergärten City,Eigenbetriebe,http://www.kindergaertencity.de,13.36149504,52.55185664
01030830,Wolke 7 gGmbH,01,Mitte,13353,Berlin,Sparrstr.,22,,017672014439,,21,Eltern-Initiativ-Kindertagesstätte,Situationsansatz,,1075,Wolke 7 gemeinnützige Gesellschaft mbH,freie Träger,,13.35966195,52.5419995
01030870,EKT Omas Garten,01,Mitte,13355,Berlin,Stralsunder Str.,7,,030 4642085,,62,Eltern-Initiativ-Kindertagesstätte,Situationsansatz,,0882,Bürgerinitiative Omas Garten e.V.,freie Träger,,13.39589524,52.54033019
01030880,EKT - Villa Römer,01,Mitte,13359,Berlin,Wollankstr.,61D,,030 494 88 78,http://www.villa-roemer.net/,29,Eltern-Initiativ-Kindertagesstätte,Situationsansatz,,1051,Villa Römer e. V.,freie Träger,http://www.villa-roemer.net/,13.38624859,52.56017984
01030900,Kita Exerzierstr. 32a/Kigä City,01,Mitte,13357,Berlin,Exerzierstr.,32A,,030 4925650,https://kindergaertencity.de/exerzierstr-32-a,133,Kindertagesstätte,Situationsansatz,,0120,Kindergärten City,Eigenbetriebe,http://www.kindergaertencity.de,13.37257411,52.55487943
01030910,EKT - Mauerspechte,01,Mitte,13355,Berlin,Swinemünder Str.,64,,030 4606 8040,http://kinderladen-mauerspechte.de,16,Eltern-Initiativ-Kindertagesstätte,Montessori-Pädagogik,,0842,Mauerspechte e.V.,freie Träger,http://www.kinderladen-mauerspechte.de,13.39438275,52.54763109
01030920,EKT - Doppelpünktchen,01,Mitte,13347,Berlin,Oudenarder Str.,1B,,030 4556960,http://www.doppelpuenktchen.de,17,Eltern-Initiativ-Kindertagesstätte,Situationsansatz,,0596,Doppelpünktchen e.V.,freie Träger,http://www.doppelpuenktchen.de,13.36538556,52.55357827
01030930,EKT - Klapperkiste,01,Mitte,13359,Berlin,Soldiner Str.,33,,03042075476,http://klapperkiste.org,20,Eltern-Initiativ-Kindertagesstätte,Situationsansatz,,0780,Klapperkiste e. V.,freie Träger,http://klapperkiste.org,13.38433977,52.55937159
01030940,Montessori Kinderhaus,01,Mitte,13349,Berlin,Edinburger Str.,39,,030 - 4536071,http://www.montessori-kinderladen.de,25,Kindertagesstätte,,,0862,Maria Montessori Kinderwelten gGmbH,freie Träger,http://www.montessori-kinderladen.de,13.34747203,52.55625433
01030960,Kita Seestraße,01,Mitte,13347,Berlin,Seestr.,90,,030 456 80 87,http://www.kinder-im-kiez.de/unsere-kitas/seestrasse/,62,Kindertagesstätte,,,1318,Kinder im Kiez gGmbH,freie Träger,http://www.kinder-im-kiez.de,13.35864703,52.55437963
01030970,EKT - Stadtkinder,01,Mitte,13357,Berlin,Grüntaler Str.,12,,030 27018926,,20,Eltern-Initiativ-Kindertagesstätte,Situationsansatz,,0995,Stadtkinder e. V.,freie Träger,http://www.stadtkinder-berlin.de,13.38719685,52.55226627
01030980,Kita Grüntaler Straße,01,Mitte,13359,Berlin,Grüntaler Str.,34,,030 494 71 63,https://www.inakindergarten.de/berlin/kita-gruentaler-strasse,120,Kindertagesstätte,Situationsansatz,,1312,INA.KINDER.GARTEN gGmbH,freie Träger,http://www.inakindergarten.de,13.39289938,52.55561387
01030990,Kita Neue Hochstr. 44/Kigä City,01,Mitte,13347,Berlin,Neue Hochstr.,44,,030 4614047,http://www.kindergaertencity.de/neue-hochstr-44,135,Kindertagesstätte,Offene-Arbeit/Situationsansatz,,0120,Kindergärten City,Eigenbetriebe,http://www.kindergaertencity.de,13.37541192,52.53964294
01031000,Groni-Weddinger Kinder- u.Jugendzentrum,01,Mitte,13347,Berlin,Malplaquetstr.,24,,030 4559012,http://www.groni-kinder.de,20,Eltern-Initiativ-Kindertagesstätte,,,1098,Weddinger Kinder- und Jugendzentrum e.V.,freie Träger,http://www.groni-kinder.de,13.35691322,52.55198643
01031010,Groni-Weddinger Kinder- u.Jugendzentrum,01,Mitte,13347,Berlin,Amsterdamer Str.,19B,,030 456 23 81,http://www.groni-kinder.de,12,Eltern-Initiativ-Kindertagesstätte,,,1098,Weddinger Kinder- und Jugendzentrum e.V.,freie Träger,http://www.groni-kinder.de,13.35558571,52.55056628
01031020,EKT - Auenland,01,Mitte,13357,Berlin,Zingster Str.,12,,030 494 15 26,http://www.kila-auenland.de,40,Eltern-Initiativ-Kindertagesstätte,Waldorfpädagogik,,0532,Arbeitskreis Fidele Pädagogik e.V.,freie Träger,http://www.kila-auenland.de,13.3891271,52.55123431
01031040,Groni-Weddinger Kinder- u.Jugendzentrum - Malplaquet 37,01,Mitte,13347,Berlin,Malplaquetstr.,37,,030 80929277,http://www.groni-kinder.de,18,Eltern-Initiativ-Kindertagesstätte,,,1098,Weddinger Kinder- und Jugendzentrum e.V.,freie Träger,http://www.groni-kinder.de,13.36031282,52.550096
01031050,Groni-Weddinger Kinder- u.Jugendzentrum,01,Mitte,13347,Berlin,Malplaquetstr.,10,,030 455 86 36,http://www.groni-kinder.de,15,Eltern-Initiativ-Kindertagesstätte,,,1098,Weddinger Kinder- und Jugendzentrum e.V.,freie Träger,http://www.groni-kinder.de,13.36068794,52.55024145
01031060,Kita Akila,01,Mitte,13347,Berlin,Antonstr.,19,,4617000,https://arbeiterkinderladen.my.canva.site/dein,20,Kindertagesstätte,Situationsansatz,,1203,AKILA (Arbeiterkinderladen) e. V.,freie Träger,,13.36506021,52.54784737
01031110,EKT - Waldorf-Kindergarten Berlin-Wedding,01,Mitte,13355,Berlin,Swinemünder Str.,65,,030 464 82 22,http://www.waldorfkindergarten-wedding.de,41,Eltern-Initiativ-Kindertagesstätte,Waldorfpädagogik,,1057,Waldorf-Kindergarten Berlin-Wedding e.V.,freie Träger,http://www.waldorfkindergarten-wedding.de,13.39370936,52.54765432
01031130,Kita/Kinder in Bewegung (KiB),01,Mitte,13359,Berlin,Drontheimer Str.,23A,,030 491 15 15,http://www.kita-drontheimer-strasse.de,85,Kindertagesstätte,Offene-Arbeit/Situationsansatz,,1329,Kinder in Bewegung gGmbH Gemeinnützige Kindergarten-Trägergesellschaft des Berliner Sports,freie Träger,http://www.kib-online.org,13.37614514,52.56013006
01031140,EKT Wilde Wiese,01,Mitte,13405,Berlin,Kurt-Schumacher-Damm,41,,030 41700033,https://www.kita-wilde-wiese.de,50,Eltern-Initiativ-Kindertagesstätte,Situationsansatz,,1053,"Elternverein ""Wilde Wiese"" e. V.",freie Träger,https://www.kita-wilde-wiese.de,13.32457456,52.56008544
01031150,Kita Putte,01,Mitte,13359,Berlin,Prinzenallee,24,,030 4933088,,23,Kindertagesstätte,Situationsansatz,,1265,Putte e.V. - Ausländer- und Sonderprojekt im Wedding -,freie Träger,,13.38509258,52.55658835
01031170,Kita Osloer Str. 105D/Kigä City,01,Mitte,13359,Berlin,Osloer Str.,105D,,030 49308814,http://www.kindergaertencity.de/osloer-str-105-d,100,Kindertagesstätte,Sonstiges/Offene-Arbeit,,0120,Kindergärten City,Eigenbetriebe,http://www.kindergaertencity.de,13.38119827,52.55482146
01031180,EKT - Die kleinen Chaoten,01,Mitte,13347,Berlin,Liebenwalder Str.,44,,03045803777,http://diekleinenchaoten.de,23,Eltern-Initiativ-Kindertagesstätte,Situationsansatz,,0580,DIE KLEINEN CHAOTEN e.V.,freie Träger,http://www.diekleinenchaoten.de,13.36123879,52.55184589
01031190,EKT - Die Ministerne,01,Mitte,13359,Berlin,Sternstr.,9,,030 017622342474,,18,Eltern-Initiativ-Kindertagesstätte,Offene-Arbeit,,1126,EIKITA MINISTERNE e. V.,freie Träger,,13.39004285,52.56510015
01031200,Ev. Kita am Humboldthain,01,Mitte,13355,Berlin,Gustav-Meyer-Allee,2,,030 46404161,http://evkvbmn.de,70,Kindertagesstätte,Situationsansatz/Offene-Arbeit,,5425,Ev. Kirchenkreisverband für Kindertageseinrichtungen Berlin Mitte-Nord,freie Träger,http://evkvbmn.de,13.38935613,52.54442221
01031220,EKT Bäumchen,01,Mitte,13353,Berlin,Brüsseler Str.,38,,030 84422358,http://baeumchen.org,20,Eltern-Initiativ-Kindertagesstätte,Montessori-Pädagogik/Situationsansatz,,1163,Bäumchen e. V.,freie Träger,http://baeumchen.org,13.34926481,52.54637836
01031240,EKT Kleine Himmelswolke,01,Mitte,13349,Berlin,Türkenstr.,20,,030 51574771,http://www.kleine-himmelswolke.de,13,Eltern-Initiativ-Kindertagesstätte,Situationsansatz,,0785,Kleine Himmelswolke e.V.,freie Träger,http://www.kleine-himmelswolke.de,13.34854888,52.55432998
01031260,Kita Bunter Stern,01,Mitte,13353,Berlin,Sprengelstr.,33,,03046067089,http://www.sehstern-ev.de,45,Kindertagesstätte,Situationsansatz,,1306,SEHstern e.V.,freie Träger,http://www.sehstern-ev.de,13.36059232,52.53891676
01031300,EKT - Stadtkinder,01,Mitte,13357,Berlin,Grüntaler Str.,6,,030 27018926,,20,Eltern-Initiativ-Kindertagesstätte,Situationsansatz,,0995,Stadtkinder e. V.,freie Träger,http://www.stadtkinder-berlin.de,13.3861269,52.55147756
01031310,Kita Nazarethkirchstraße,01,Mitte,13347,Berlin,Nazarethkirchstr.,49,,030 56977489,,45,Kindertagesstätte,Sonstiges,,8324,KITA Nazar gemeinnützige GmbH,freie Träger,http://www.kita-nazar.de,13.35980913,52.54821708
01031320,Kita Augustenburger Platz,01,Mitte,13353,Berlin,Augustenburger Platz,1,,030 817 99 165,https://www.inakindergarten.de/berlin/kita-augustenburger-platz,120,Kindertagesstätte,Offene-Arbeit/Sonstiges/Situationsansatz,,1312,INA.KINDER.GARTEN gGmbH,freie Träger,http://www.inakindergarten.de,13.3472399,52.5432129
01031330,Kita RoKoKids,01,Mitte,13349,Berlin,Ofener Str.,4,,030 34628728,http://www.rokokids-kita.de,30,Kindertagesstätte,Sonstiges/Situationsansatz,,1367,Ki.E.Ka. e.V.,freie Träger,http://kieka-ev.de,13.34519622,52.55596989
01031340,Kita phorminis,01,Mitte,13355,Berlin,Ackerstr.,76,,030 467986315,http://www.berlin.phorms.de,160,Kindertagesstätte,Sonstiges,,7387,PHORMS Berlin gemeinnützige GmbH,freie Träger,http://www.phorms.de,13.38439977,52.53854465
01031360,EKT Frischlinge,01,Mitte,13353,Berlin,Tegeler Str.,44,,030 4538849,http://www.frischlinge-kinderladen.com,13,Eltern-Initiativ-Kindertagesstätte,Situationsansatz/Offene-Arbeit,,0639,EIKITA Frischlinge e.V.,freie Träger,http://www.frischlinge-kinderladen.com,13.35824733,52.54003422
01031370,Kita Kinderparadies Wedding,01,Mitte,13355,Berlin,Ackerstr.,104,,030 65706645,http://www.kita-kinderparadies.de,84,Kindertagesstätte,Situationsansatz,,8476,IBEB Initiative für Bildung und Erziehung Berlin gemeinnützige GmbH,freie Träger,http://www.ibeb-berlin.de,13.38051411,52.53987167
01031380,Kita Weiße Wolke,01,Mitte,13347,Berlin,Groninger Str.,32,,030 81799940,http://www.kitaweissewolke.de,20,Eltern-Initiativ-Kindertagesstätte,Situationsansatz,,1408,Kita Weiße Wolke e.V.,freie Träger,http://www.kitaweissewolke.de,13.36192274,52.55364009
01031400,Kita Arcobaleno,01,Mitte,13357,Berlin,Eulerstr.,19A,,030 50597358,http://kita-arcobaleno.de,36,Kindertagesstätte,Situationsansatz,,1367,Ki.E.Ka. e.V.,freie Träger,http://kieka-ev.de,13.38987134,52.55314514
01031420,Kita Ghislan,01,Mitte,13357,Berlin,Bastianstr.,21,,030 46061094,,18,Kindertagesstätte,Situationsansatz,,7421,Ghislan e.V.,freie Träger,http://www.ghislan.de,13.38130068,52.55083713
01031430,Kita Malplaquetstraße,01,Mitte,13347,Berlin,Malplaquetstr.,41,,030 50564222,,30,Kindertagesstätte,Waldorfpädagogik/Montessori-Pädagogik,,7424,Kinderland Wedding e.V.,freie Träger,,13.36114878,52.54963015
01031450,Kita Paradiesvögel Genterstraße,01,Mitte,13353,Berlin,Genter Str.,24,,0176 30724400,http://www.eventusbildung.de,24,Kindertagesstätte,Offene-Arbeit/Situationsansatz/Montessori-Pädagogik,,7464,eventus Bildung gGmbH,freie Träger,https://eventusbildung.de/,13.356531,52.54579436
01031520,Schillerpark-Kita,01,Mitte,13349,Berlin,Bristolstr.,19,,030 25322324,http://www.schillerpark-kita.de,20,Kindertagesstätte,Situationsansatz,,1367,Ki.E.Ka. e.V.,freie Träger,http://kieka-ev.de,13.35004903,52.55912696
01031530,Kita Paradiesvögel Plantagenstraße,01,Mitte,13347,Berlin,Plantagenstr.,9,,030 56978795,http://www.paradiesvoegel.eu,60,Kindertagesstätte,Montessori-Pädagogik/Situationsansatz/Offene-Arbeit/Sonstiges,,7464,eventus Bildung gGmbH,freie Träger,https://eventusbildung.de/,13.36719251,52.5466657
01031550,Kita Groninger Straße 34,01,Mitte,13347,Berlin,Groninger Str.,34,,030 81799940,http://www.kitaweissewolke.de,13,Kindertagesstätte,Situationsansatz,,1408,Kita Weiße Wolke e.V.,freie Träger,http://www.kitaweissewolke.de,13.36189929,52.55375485
01031560,Kita Rauda,01,Mitte,13347,Berlin,Schulstr.,52,-53,030 91444974,,40,Kindertagesstätte,Situationsansatz,,7781,Rauda e. V.,freie Träger,,13.37032471,52.55296485
01031570,Kita Paradiesvögel Sparrstraße,01,Mitte,13353,Berlin,Sparrstr.,26,,030 41997418,http://www.eventusbildung.de,26,Kindertagesstätte,Montessori-Pädagogik/Situationsansatz/Offene-Arbeit/Ansatz von Emmi Pikler,,7464,eventus Bildung gGmbH,freie Träger,https://eventusbildung.de/,13.36017865,52.54143033
01031590,Kita Primavera,01,Mitte,13349,Berlin,Glasgower Str.,25,,030 60944034,,25,Kindertagesstätte,Offene-Arbeit,,7877,Primavera e. V.,freie Träger,,13.34336011,52.55623192
01031610,Kita Zauberwald,01,Mitte,13357,Berlin,Grüntaler Str.,30,,030 53164489,http://www.maerchenreise-ev.de,22,Kindertagesstätte,Offene-Arbeit/Situationsansatz,,7518,Märchenreise e. V.,freie Träger,http://www.maerchenreise-ev.de,13.39097529,52.55453938
01031620,Kindergarten Meilenstein,01,Mitte,13359,Berlin,Wriezener Str.,43,,030 64079141,,21,Eltern-Initiativ-Kindertagesstätte,Offene-Arbeit,,7921,Mitte(l)punkt e. V.,freie Träger,,13.3878861,52.55599705
01031630,Kindertagesstätte Fiorino,01,Mitte,13359,Berlin,Prinzenallee,45C,,60968103,http://www.blitzkinder.de,33,Kindertagesstätte,Situationsansatz,,9116,Blitzkinder gUG,freie Träger,http://www.blitzkinder.de,13.38832666,52.55919037
01031640,Zwergenstube Auenland,01,Mitte,13357,Berlin,Zingster Str.,8,- 10,030 4941526,http://www.kila-auenland.de,10,Kindertagesstätte,Waldorfpädagogik,,0532,Arbeitskreis Fidele Pädagogik e.V.,freie Träger,http://www.kila-auenland.de,13.3888624,52.55097087
01031650,Montessori-Kinderladen Wedding,01,Mitte,13357,Berlin,Eulerstr.,18,,015255789092,http://www.montessori-kinderhaus-wedding.de,25,Kindertagesstätte,Montessori-Pädagogik,,7991,Montessori-Kinderhaus Wedding e. V.,freie Träger,http://www.montessori-kinderhaus-wedding.de,13.39042218,52.55336932
01031680,Kleine RokoKids Kita,01,Mitte,13349,Berlin,Ofener Str.,3A,,030 30345947,http://kleine-rokokids-kita.com,20,Kindertagesstätte,Sonstiges,,1367,Ki.E.Ka. e.V.,freie Träger,http://kieka-ev.de,13.3450379,52.55586517
01031690,Kita Der Kleine Muck,01,Mitte,13357,Berlin,Koloniestr.,7,- 8,03048478294,http://www.timela.eu,30,Kindertagesstätte,Situationsansatz,,9315,TIMELA e.V.,freie Träger,,13.37742123,52.55494808
01031700,EKT Berliner Stadtmäuse,01,Mitte,13351,Berlin,Transvaalstr.,20,,030 015253036039,,25,Eltern-Initiativ-Kindertagesstätte,Montessori-Pädagogik,,8047,EKT Berliner Stadtmäuse e. V.,freie Träger,,13.34011004,52.55119813
01031710,Kita Die kleinen Frösche,01,Mitte,13347,Berlin,Malplaquetstr.,35,,030 29685555,,17,Kindertagesstätte,Waldorfpädagogik/Montessori-Pädagogik,,7424,Kinderland Wedding e.V.,freie Träger,,13.35989107,52.55033111
01031720,Kita Paradiesvögel Stettiner Straße,01,Mitte,13357,Berlin,Stettiner Str.,8,,030 95611311,http://www.paradiesvoegel.eu,83,Kindertagesstätte,Situationsansatz/Montessori-Pädagogik,,7464,eventus Bildung gGmbH,freie Träger,https://eventusbildung.de/,13.38524162,52.55236909
01031740,Kita Arif und Alina,01,Mitte,13353,Berlin,Burgsdorfstr.,13,,030 91443202,,24,Kindertagesstätte,Situationsansatz,,8129,"""KITA Arif & Alina"" gUG (haftungsbeschränkt)",freie Träger,http://www.kitaarifundalina.de,13.36239657,52.54245995
01031750,Kita Vielfalter,01,Mitte,13357,Berlin,Exerzierstr.,26,,030 33848511,http://www.kita-vielfalter.de,25,Kindertagesstätte,Situationsansatz,,8153,Konsti e. V.,freie Träger,http://www.kita-vielfalter.de,13.37317458,52.55419897
01031760,KITA Wirbelzwirbel,01,Mitte,13353,Berlin,Tegeler Str.,13,,030 (030) 45797887,http://www.kaeptnbrowser.de/front_content.php?idcat=550,57,Kindertagesstätte,Situationsansatz,,1355,Käpt'n Browser gemeinnützige Gesellschaft mit beschränkter Haftung,freie Träger,http://www.kaeptnbrowser.de,13.35881169,52.54021907
01031780,Kita - Die Bärenbande,01,Mitte,13359,Berlin,Soldiner Str.,70,/71,030/92280767,http://www.kita-die-baerenbande.de,25,Kindertagesstätte,Offene-Arbeit/Situationsansatz,,7754,BEB Bildungseinrichtung für Erziehung und Bildung e.V.,freie Träger,http://www.kita-die-baerenbande.de,13.38159444,52.55980881
01031790,EKT Kinderoase,01,Mitte,13349,Berlin,Ofener Str.,3,,030 12028791,,25,Eltern-Initiativ-Kindertagesstätte,Situationsansatz,,1396,Wassila Soziale Gesellschaft für Integration u. Arbeit mit Kindern und Jugendlichen gGmbH,freie Träger,,13.34488098,52.55576228
01031800,Kita Omas Garten,01,Mitte,13355,Berlin,Stralsunder Str.,4,,030 4642085,,12,Kindertagesstätte,Situationsansatz,,0882,Bürgerinitiative Omas Garten e.V.,freie Träger,,13.39646456,52.54061033
01031810,Kita Wunderland,01,Mitte,13347,Berlin,Gerichtstr.,40,,030 51307508,http://www.kita-mitte.berlin,30,Kindertagesstätte,Situationsansatz,,8220,minomi gGmbH,freie Träger,http://www.kind.center,13.36365736,52.54503895
01031830,Kita Weltkinder,01,Mitte,13357,Berlin,Badstr.,12,,030 49988084,http://www.netbil.de,82,Kindertagesstätte,Sonstiges,,8286,NetBil gGmbH Bildungs- und Beratungszentrum,freie Träger,http://www.netbil.de,13.38529924,52.55047816
01031840,Kita Brunnengarten,01,Mitte,13355,Berlin,Rügener Str.,1,- 3,030 27018892,,75,Eltern-Initiativ-Kindertagesstätte,Situationsansatz,,8700,Brunnenkids gGmbH,freie Träger,,13.39200479,52.54486013
01031850,Kita Plapperfisch,01,Mitte,13347,Berlin,Seestr.,62,,030 92363306,http://www.wunderkinder-kitas.de,45,Kindertagesstätte,Situationsansatz,,8309,Wunderkinder gGmbH,freie Träger,http://www.wunderkinder-kitas.de,13.35690585,52.55246016
01031860,Kita Safina,01,Mitte,13347,Berlin,Reinickendorfer Str.,30,,015119144326,http://www.hadewe-integra.de,25,Kindertagesstätte,Situationsansatz,,8428,HadeWe-Integra gemeinnützige GmbH,freie Träger,,13.3695457,52.5472403
01031870,Kita am Nettelbeckplatz,01,Mitte,13347,Berlin,Reinickendorfer Str.,110A,,030 469064150,http://www.outlaw-ggmbh.de,50,Kindertagesstätte,Offene-Arbeit/Situationsansatz,,1343,OUTLAW gemeinnützige Gesellschaft für Kinder- und Jugendhilfe mbH,freie Träger,http://www.outlaw-ggmbh.de,13.36993995,52.54513649
01031880,Kita Die Bärenbande,01,Mitte,13359,Berlin,Soldiner Str.,65,/66,03094043452,http://www.kita-die-baerenbande.de,25,Kindertagesstätte,Offene-Arbeit/Situationsansatz,,7754,BEB Bildungseinrichtung für Erziehung und Bildung e.V.,freie Träger,http://www.kita-die-baerenbande.de,13.38032565,52.56013042
01031890,Kita Sonneninsel,01,Mitte,13355,Berlin,Usedomer Str.,23,,030 43205419,http://www.hauptstadt-kinder.de,30,Eltern-Initiativ-Kindertagesstätte,Situationsansatz,,8291,Hauptstadtkinder gGmbH,freie Träger,http://www.hauptstadt-kinder.de,13.38855054,52.53943381
01031900,Kita Piya,01,Mitte,13349,Berlin,Barfusstr.,13,,030 45082694,https://yekmal.de,25,Kindertagesstätte,Situationsansatz,,4908,VEREIN DER ELTERN AUS KURDISTAN IN DEUTSCHLAND e.V. (YEKMAL),freie Träger,https://yekmal.de,13.34677236,52.555599
01031910,Kindertagesstätte Paul-Gerhardt-Stift zu Berlin,01,Mitte,13349,Berlin,Müllerstr.,56,-58,03045005119,https://www.paulgerhardtstift.de/kita,40,Kindertagesstätte,Situationsansatz/Montessori-Pädagogik,,9131,Paul Gerhardt Stift Soziales gGmbH,freie Träger,https://pgssoziales.de,13.34612568,52.5542799
01031920,Kita Kardelen,01,Mitte,13351,Berlin,Cornelius-Fredericks-Str.,3,,030 40752900,http://www.kitakardelen.de,25,Kindertagesstätte,,,8392,Kardelen gGmbH,freie Träger,http://www.kitakardelen.de,13.34936681,52.54994835
01031930,Kita Alina und Arif,01,Mitte,13353,Berlin,Sparrstr.,3A,,0157 37689421,,25,Kindertagesstätte,Situationsansatz,,8129,"""KITA Arif & Alina"" gUG (haftungsbeschränkt)",freie Träger,http://www.kitaarifundalina.de,13.36102717,52.54200853
01031940,Kleiner Fratz,01,Mitte,13347,Berlin,Prinz-Eugen-Str.,8,,0176 31099893,http://www.kleinerfratz.de,25,Kindertagesstätte,Ansatz von Emmi Pikler/Offene-Arbeit,,0627,Kleiner Fratz GmbH,freie Träger,http://www.kleinerfratz.berlin.de,13.3650658,52.54773685
01031960,Kita KIKADO,01,Mitte,13355,Berlin,Demminer Str.,5,,030 23924097,,63,Kindertagesstätte,Offene-Arbeit,,7707,BGFF - Berliner Gesellschaft für Förderung interkultureller Bildung und Erziehung e. V.,freie Träger,http://www.bgff.de,13.39506702,52.5412864
01031980,Kita Knirpsmaus,01,Mitte,13351,Berlin,Kongostr.,46,,030 45082126,http://www.twsd-bb.de,41,Kindertagesstätte,,,8235,Trägerwerk Soziale Dienste in Berlin und Brandenburg gGmbH (TWSD in BB gGmbH),freie Träger,http://www.twsd-bb.de,13.34614405,52.55222306
01031990,Kita Piratenkids,01,Mitte,13351,Berlin,Otawistr.,27,,030 55526507,http://www.piratenkids.de,66,Kindertagesstätte,Situationsansatz,,8469,Piratenkids gemeinnützige GmbH,freie Träger,http://www.piratenkids.de,13.33860008,52.55341213
01032000,Kita Paradiesvögel,01,Mitte,13353,Berlin,Sparrstr.,25,,030 41997441,http://www.eventusbildung.de,22,Kindertagesstätte,Situationsansatz/Ansatz von Emmi Pikler/Montessori-Pädagogik,,7464,eventus Bildung gGmbH,freie Träger,https://eventusbildung.de/,13.36004795,52.54157418
01032010,Kindertagesstätte Schlösschen-Mitte,01,Mitte,13347,Berlin,Reinickendorfer Str.,99,,030 92353514,http://www.lifexperience.de,45,Kindertagesstätte,Situationsansatz/Offene-Arbeit,,8388,LifExperience gemeinnützige Gesellschaft für Bildung Erziehung und Betreuung mbH,freie Träger,http://www.lifexperience.de,13.36889083,52.54692289
01032020,Kita Plapperfrosch,01,Mitte,13349,Berlin,Edinburger Str.,13,,030 55247740,http://www.wunderkinder-kitas.de,25,Kindertagesstätte,Situationsansatz/Montessori-Pädagogik,,8309,Wunderkinder gGmbH,freie Träger,http://www.wunderkinder-kitas.de,13.35125751,52.55412408
01032030,Kleiner Fratz,01,Mitte,13347,Berlin,Adolfstr.,21,,017631099893,http://www.kleinerfratz.berlin.de,19,Kindertagesstätte,Ansatz von Emmi Pikler/Offene-Arbeit,,0627,Kleiner Fratz GmbH,freie Träger,http://www.kleinerfratz.berlin.de,13.36611519,52.54791498
01032040,Kindertagesstätte Paradiesvögel die Elstern,01,Mitte,13347,Berlin,Schönwalder Str.,17,,030 46062745,http://www.paradiesvoegel.eu,50,Kindertagesstätte,Situationsansatz/Montessori-Pädagogik,,7464,eventus Bildung gGmbH,freie Träger,https://eventusbildung.de/,13.37061579,52.54204202
01032050,Kita Ringelblume,01,Mitte,13347,Berlin,Reinickendorfer Str.,32,,030 55595073‬,http://www.fbe-berlin.de,55,Kindertagesstätte,Waldorfpädagogik,,8589,Forum für Bildung und Erziehung (FBE) gGmbH,freie Träger,http://www.fbe-berlin.de,13.36949227,52.54756774
01032060,Kita Moritz (Kita III),01,Mitte,13355,Berlin,Brunnenstr.,85,,030 80961895,http://www.hauptstadt-kinder.de,30,Kindertagesstätte,Situationsansatz,,8291,Hauptstadtkinder gGmbH,freie Träger,http://www.hauptstadt-kinder.de,13.39190037,52.54412595
01032070,Kita Max (Kita II),01,Mitte,13355,Berlin,Brunnenstr.,85,,030 22494984,http://www.hauptstadt-kinder.de,40,Kindertagesstätte,Situationsansatz,,8291,Hauptstadtkinder gGmbH,freie Träger,http://www.hauptstadt-kinder.de,13.39190037,52.54412595
01032080,Kita Lazarus Haus Berlin,01,Mitte,13355,Berlin,Bernauer Str.,115,- 118,030 46705120,http://www.lobetal.de/INTERNET/unsere-angebote/kitas/Kita-Mitte/index.html,64,Kindertagesstätte,Situationsansatz,,8598,Stiftung Bethel - Hoffnungstaler Stiftung Lobetal,freie Träger,https://www.lobetal.de/angebote/kinder-jugendliche/kindertagesstaetten,13.38859007,52.53477069
01032090,Kita Nusshütte Wriezener Straße,01,Mitte,13359,Berlin,Wriezener Str.,39,,030 23931142,,25,Kindertagesstätte,Situationsansatz,,8599,Kita Kleine Kapitäne gGmbH,freie Träger,http://www.cefi-bildung.de,13.38829309,52.55656453
01032100,Kita Umpa Lumpa,01,Mitte,13347,Berlin,Reinickendorfer Str.,63,,030 55 23 59 37,http://www.umpa-lumpa.de,25,Kindertagesstätte,Situationsansatz,,8632,Umpa Lumpa Internationaler Kinderladen gemeinnützige GmbH,freie Träger,http://www.umpa-lumpa.de,13.3658836,52.55371192
01032110,Kita Engelsnest,01,Mitte,13351,Berlin,Kameruner Str.,55,,030 60590438,http://www.kita-engelsnest.de,25,Kindertagesstätte,Situationsansatz,,8360,Liberi Bildung gemeinnützige GmbH,freie Träger,http://www.liberibildung.de,13.34834149,52.5512899
01032120,Smile Kindergarten,01,Mitte,13349,Berlin,Dubliner Str.,8,,0176 030 680 511 33,http://www.smileKindergärtengGmbH.de,25,Kindertagesstätte,Situationsansatz,,8668,Smile Kindergärten gemeinnützige GmbH,freie Träger,http://www.smileKindergärtengGmbH.de,13.34218413,52.55741307
01032130,Kita Freche Früchte,01,Mitte,13351,Berlin,Transvaalstr.,46,,+49 0176 27842105,http://kitafrechefruechte.de,19,Kindertagesstätte,Offene-Arbeit,,8683,KiTa Freche Früchte gemeinnützige UG (haftungsbeschränkt),freie Träger,http://kitafrechefruechte.de,13.3448626,52.55389907
01032150,Kindertagesstätte Tipi,01,Mitte,13347,Berlin,Prinz-Eugen-Str.,16,,40746020,https://www.minikitasfirst.de/kindertagesst%C3%A4tten/tipi/,20,Kindertagesstätte,Situationsansatz,,7859,MiniKitas First gGmbH,freie Träger,https://minikitas.de/,13.36344639,52.54833126
01032160,Kita Ideeninsel,01,Mitte,13353,Berlin,Antwerpener Str.,40,,030 491022491,https://soziale-dienste-brst.de/kindertagesstaetten-kitas-berlin-wedding/,103,Kindertagesstätte,Situationsansatz,,8560,Soziale Dienste Bürgermeister Reuter gGmbH,freie Träger,http://www.soziale-dienste-brst.de,13.35161205,52.54690828
01032170,Kita Osloer Zwerge,01,Mitte,13359,Berlin,Osloer Str.,124,,030 24032367,,23,Kindertagesstätte,Situationsansatz,,8700,Brunnenkids gGmbH,freie Träger,,13.38977199,52.55509305
01032180,Johemi Kita Müllerstraße,01,Mitte,13349,Berlin,Müllerstr.,61,,+49 0163 128 969 5,http://johemi.de,25,Kindertagesstätte,Situationsansatz,,8724,Johemi Kindertagesstätten gGmbH,freie Träger,http://johemi.de,13.34362556,52.55545071
01032200,Kita Kinderburg,01,Mitte,13357,Berlin,Badstr.,57,/58,030 40748055,http://www.kita-kinderburg.de,61,Kindertagesstätte,Situationsansatz,,8740,Kinderburg gemeinnützige GmbH,freie Träger,http://www.kita-kinderburg.de,13.38265631,52.5515156
01032210,Kita am Mauerpark,01,Mitte,13355,Berlin,Lichtburgring,11,,176 735 431 00,https://www.stepke-kitas.de/standorte/berlin/kita-am-mauerpark-berlin-mitte/,78,Kindertagesstätte,Ansatz von Emmi Pikler/Situationsansatz,,8478,Step Kids Kitas gemeinnützige GmbH,freie Träger,http://www.stepke-kitas.de,13.3984795,52.54772088
01032220,Kita Paradiesvögel - Die Zebrafinken -,01,Mitte,13353,Berlin,Burgsdorfstr.,13,,030 23538642,http://www.paradiesvoegel.eu,21,Kindertagesstätte,Situationsansatz,,7464,eventus Bildung gGmbH,freie Träger,https://eventusbildung.de/,13.36239657,52.54245995
01032230,Kita Seestern,01,Mitte,13353,Berlin,Genter Str.,74,,030 25097971,http://www.hauptstadt-kinder.de,23,Kindertagesstätte,Situationsansatz/Offene-Arbeit,,8291,Hauptstadtkinder gGmbH,freie Träger,http://www.hauptstadt-kinder.de,13.35096247,52.54940415
01032240,Kita Johemi,01,Mitte,13349,Berlin,Barfusstr.,14,,0178 6520717,http://www.johemi.de,13,Kindertagesstätte,Situationsansatz,,8724,Johemi Kindertagesstätten gGmbH,freie Träger,http://johemi.de,13.34742165,52.55559278
01032250,Johemi Kita Müllerstraße,01,Mitte,13349,Berlin,Müllerstr.,64,,01632114513,http://johemi.de,25,Kindertagesstätte,Situationsansatz,,8724,Johemi Kindertagesstätten gGmbH,freie Träger,http://johemi.de,13.34266848,52.55599116
01032270,Kita Sari,01,Mitte,13351,Berlin,Transvaalstr.,43,,0049 15110610550,http://www.kitasari.de,25,Kindertagesstätte,Situationsansatz,,8851,Kita Sari gUG,freie Träger,http://www.kitasari.de,13.34419774,52.5534573
01032280,Bezirksamt Mitte von Berlin (nur Sprachförderung),01,Mitte,13357,Berlin,Badstr.,10,,4039492248,https://socius.diebildungspartner.de/sprachfoerdereinrichtung-schillerfalter-wedding/,24,Kindertagesstätte,Offene-Arbeit/Situationsansatz,,8000,SOCIUS - Die Bildungspartner gemeinnützige GmbH,freie Träger,http://www.socius.diebildungspartner.de,13.38569603,52.55023632
01032290,AWO Kita Pinocchio,01,Mitte,13347,Berlin,Iranische Str.,6,,030 32528776,,50,Kindertagesstätte,Offene-Arbeit/Situationsansatz,,0150,Arbeiterwohlfahrt Kreisverband Berlin-Mitte e.V.,freie Träger,http://www.awo-mitte.de,13.36783101,52.5551342
01032300,Kita Plapperschildkröte,01,Mitte,13349,Berlin,Müllerstr.,77,-78,01796860698,http://www.wunderkinder-kitas.de,60,Kindertagesstätte,Offene-Arbeit/Situationsansatz/Montessori-Pädagogik,,8309,Wunderkinder gGmbH,freie Träger,http://www.wunderkinder-kitas.de,13.33710192,52.5591328
01032310,Gipfelstürmer,01,Mitte,13353,Berlin,Triftstr.,67,,030491022492,https://soziale-dienste-brst.de/kindertagesstaetten-kitas-berlin-wedding/,180,Kindertagesstätte,Offene-Arbeit/Situationsansatz,,8560,Soziale Dienste Bürgermeister Reuter gGmbH,freie Träger,http://www.soziale-dienste-brst.de,13.35944295,52.54344313
01032330,Arif und Alina III,01,Mitte,13353,Berlin,Lynarstr.,39,,015257389192,,33,Kindertagesstätte,Situationsansatz,,8129,"""KITA Arif & Alina"" gUG (haftungsbeschränkt)",freie Träger,http://www.kitaarifundalina.de,13.36231849,52.54098822
01032340,Kita Kleine Wölkchen,01,Mitte,13359,Berlin,Soldiner Str.,31,,015739106633,http://www.maerchenreise-ev.de,46,Kindertagesstätte,Offene-Arbeit/Situationsansatz,,7518,Märchenreise e. V.,freie Träger,http://www.maerchenreise-ev.de,13.38478396,52.55924728
01032350,Sprachfördereinrichtung Ritterfalter in der Leo-Lionni-Grundschule (nur Sprachförderung),01,Mitte,13353,Berlin,Willdenowstr.,11,,11474598,http://www.socius.diebildungspartner.de/sprachfoerdereinrichtung-ritterfalter/,16,Kindertagesstätte,Offene-Arbeit/Situationsansatz,,8000,SOCIUS - Die Bildungspartner gemeinnützige GmbH,freie Träger,http://www.socius.diebildungspartner.de,13.36191498,52.54454192
01032360,EKT Pankonauten,01,Mitte,13347,Berlin,Ravenéstr.,10,,175,http://www.pankonauten.de,12,Eltern-Initiativ-Kindertagesstätte,,,8958,Pankonauten e.V.,freie Träger,,13.37283879,52.54290158
01032370,Kita Putti,01,Mitte,13355,Berlin,Putbusser Str.,30,/31,030 22495938,https://www.youtube.com/watch?v=CKVHWEVQjgc,25,Kindertagesstätte,Situationsansatz,,8291,Hauptstadtkinder gGmbH,freie Träger,http://www.hauptstadt-kinder.de,13.39171807,52.54669221
01032390,Kita Kindererde Prinzenallee,01,Mitte,13359,Berlin,Prinzenallee,58,,030 50958890,,36,Kindertagesstätte,Offene-Arbeit/Ansatz von Emmi Pikler/Situationsansatz,,8141,Kindererde gemeinnützige GmbH,freie Träger,http://www.kindererde.de,13.38535994,52.55786422
01032400,Freche Früchte,01,Mitte,13353,Berlin,Brüsseler Str.,45,,030 58595533,http://kitafrechefruechte.de,16,Kindertagesstätte,Offene-Arbeit,,8683,KiTa Freche Früchte gemeinnützige UG (haftungsbeschränkt),freie Träger,http://kitafrechefruechte.de,13.351395,52.54754453
01032420,Naturkindergarten Wedding e.V.,01,Mitte,13351,Berlin,Dohnagestell,8,,015142061173,http://www.naturkindergartenwedding.de,15,Kindertagesstätte,Sonstiges,,9030,Naturkindergarten Wedding e.V.,freie Träger,http://www.naturkindergartenwedding.de,13.33512424,52.5456732
01032430,Spielraum Reinickenufer,01,Mitte,13347,Berlin,Reinickendorfer Str.,4,,030 88708440,https://www.spielraumreinickenufer.de,30,Kindertagesstätte,Situationsansatz,,9198,SpielRaum Kindertagesstätten Berlin gGmbH,freie Träger,,13.37039562,52.5408198
01032440,Kita Siebenschön,01,Mitte,13359,Berlin,Zechliner Str.,1,,030 43200922,http://www.hauptstadt-kinder.de,23,Kindertagesstätte,Situationsansatz,,8291,Hauptstadtkinder gGmbH,freie Träger,http://www.hauptstadt-kinder.de,13.38166176,52.56146678
01032450,Kita an der Beuth Hochschule für Technik,01,Mitte,13353,Berlin,Lütticher Str.,39,,030 939398490,https://www.stw.berlin/kitas/,130,Kindertagesstätte,Offene-Arbeit,,1256,studierendenWERK BERLIN,freie Träger,http://www.stw.berlin,13.35025138,52.54508604
01032490,Kita Piccoli Artisti,01,Mitte,13357,Berlin,Eulerstr.,21,,030-22327374,http://kita-piccoli-artisti.com,21,Kindertagesstätte,Sonstiges/Situationsansatz,,1367,Ki.E.Ka. e.V.,freie Träger,http://kieka-ev.de,13.38955119,52.55286476
01032500,Kita Kindererde Afrikanische Straße,01,Mitte,13351,Berlin,Afrikanische Str.,43,,030 45964041,,25,Kindertagesstätte,Situationsansatz/Ansatz von Emmi Pikler,,8141,Kindererde gemeinnützige GmbH,freie Träger,http://www.kindererde.de,13.33869619,52.55043833
01032510,El Mundo de los Ninos,01,Mitte,13355,Berlin,Hussitenstr.,4,-5,0176 83108824,https://www.elmundo.berlin,20,Kindertagesstätte,Situationsansatz,,7502,El mundo de los ninos e. V.,freie Träger,https://www.elmundo.berlin,13.390783,52.5369359
01032520,Kita Bäumchen,01,Mitte,13353,Berlin,Brüsseler Str.,37,,030 54646884,http://baeumchen.org,21,Kindertagesstätte,Situationsansatz,,1163,Bäumchen e. V.,freie Träger,http://baeumchen.org,13.34885242,52.54616671
01032530,Kita Nachtigall,01,Mitte,13359,Berlin,Wollankstr.,39,,030 24354118,http://www.eventusbildung.de,127,Kindertagesstätte,Offene-Arbeit/Situationsansatz/Montessori-Pädagogik,,7464,eventus Bildung gGmbH,freie Träger,https://eventusbildung.de/,13.3898308,52.56291334
01032540,FREUDE Kita Wedding,01,Mitte,13359,Berlin,Soldiner Str.,44,,030 30207100,https://www.freude-kita.berlin,25,Kindertagesstätte,Situationsansatz,,8878,FREUDE Kindergärten Süd-Ost gGmbH,freie Träger,http://www.freude-kita.berlin,13.38069856,52.56038008
01032550,Kita Abendteuerland,01,Mitte,13351,Berlin,Cornelius-Fredericks-Str.,5,,030 62857899,https://geb-kita.de/,20,Kindertagesstätte,Situationsansatz,,8854,G.E.B. Gesellschaft für Erziehung und Bildung UG,freie Träger,https://geb-kita.de/,13.34912417,52.55008612
01032570,Kita Bienchen,01,Mitte,13347,Berlin,Reinickendorfer Str.,81,,030 98452133,,32,Kindertagesstätte,Montessori-Pädagogik,,8645,Vielfalt auf Augenhöhe gGmbH,freie Träger,http://www.vaakitabahnhof.de,13.36783138,52.55007673
01032580,Freche Früchte,01,Mitte,13353,Berlin,Genter Str.,63,,0152 08538568,http://hinterhof-tiger.de,18,Kindertagesstätte,Situationsansatz/Ansatz von Emmi Pikler,,8683,KiTa Freche Früchte gemeinnützige UG (haftungsbeschränkt),freie Träger,http://kitafrechefruechte.de,13.35122272,52.54844214
01032590,Kenntnisreich Badstraße,01,Mitte,13357,Berlin,Badstr.,33,,2249 4933,http://www.kenntnisreich-kindertagesstaetten.de,45,Kindertagesstätte,Situationsansatz,,8259,Kenntnisreich Kindertagesstätten gGmbH,freie Träger,http://www.kenntnisreich-kindertagesstaetten.de,13.37996814,52.5529987
01032600,Kita Kleine Waschbären,01,Mitte,13357,Berlin,Martin-Opitz-Str.,23,,0152 017643499856,,19,Kindertagesstätte,Situationsansatz,,9132,Baysal - Orte für frühkindliche Bildung gUG,freie Träger,,13.37269628,52.55086031
01032630,Kita Burg-Spatzen,01,Mitte,13359,Berlin,Prinzenallee,62,,030 882062150,https://www.casabambini-berlin.de,63,Kindertagesstätte,Situationsansatz,,8575,casa bambini - Gesellschaft zur Förderung und Begleitung von Kindesentwicklung mbH,freie Träger,https://www.casabambini-berlin.de,13.38505362,52.55744826
01032660,Kita Dracheninsel,01,Mitte,13355,Berlin,Usedomer Str.,28,,32661328,,25,Kindertagesstätte,Situationsansatz,,8291,Hauptstadtkinder gGmbH,freie Träger,http://www.hauptstadt-kinder.de,13.39111602,52.54016822
01032670,Kita Dohnagestell 8,01,Mitte,13351,Berlin,Dohnagestell,8,,201805770,http://www.kindergaertencity.de,60,Kindertagesstätte,Sonstiges/Offene-Arbeit,,0120,Kindergärten City,Eigenbetriebe,http://www.kindergaertencity.de,13.33512424,52.5456732
02050010,Kita Spiel- und Erlebniswelt,02,Friedrichshain-Kreuzberg,10243,Berlin,Andreasstr.,37,,030 29381046,https://www.jugendundsozialwerk.de/kitas/berlin/friedrichshain-kreuzberg/kita-spiel-und-erlebniswelt/,248,Kindertagesstätte,Situationsansatz/Offene-Arbeit/Sonstiges/Fröbel-Pädagogik,,1296,Jugend- und Sozialwerk gGmbH,freie Träger,http://www.jus-or.de,13.43359857,52.5167078
02050020,Kita Auerstraße,02,Friedrichshain-Kreuzberg,10249,Berlin,Auerstr.,13,-17,030 32660425,https://auerstrasse.froebel.info/,230,Kindertagesstätte,Offene-Arbeit,,1227,Fröbel Bildung und Erziehung gGmbH,freie Träger,http://www.froebel-gruppe.de/,13.4439395,52.51919359
02050040,Kita Bänschstr. 76/78/Kigä City,02,Friedrichshain-Kreuzberg,10247,Berlin,Bänschstr.,78,,030 426 93 12,http://www.kindergaertencity.de/baenschstr-76-78,221,Kindertagesstätte,Situationsansatz,,0120,Kindergärten City,Eigenbetriebe,http://www.kindergaertencity.de,13.46975414,52.51713684
02050090,Kita Menschenskinder am Friedrichshain,02,Friedrichshain-Kreuzberg,10249,Berlin,Landsberger Allee,50,-52,030 235999610,http://www.menshenskinder-berlin.eu,30,Kindertagesstätte,Offene-Arbeit/Situationsansatz,,7664,menschenskinder-berlin gGmbH,freie Träger,http://www.menschenskinder-berlin.eu,13.44270063,52.52434174
02050120,Kita Colbestr.9 - 13,02,Friedrichshain-Kreuzberg,10247,Berlin,Colbestr.,9,,030 20050926,http://www.oxxymoron.de,85,Kindertagesstätte,Sonstiges/Situationsansatz,,7659,oXxymoron GmbH,freie Träger,http://www.oxxymoron.de,13.46449083,52.5137204
02050150,Kita Menschenskinder,02,Friedrichshain-Kreuzberg,10243,Berlin,Fürstenwalder Str.,30,,030 235999610,http://www.menschenskinder-berlin.eu,120,Kindertagesstätte,Situationsansatz/Offene-Arbeit/Sonstiges/Ansatz von Emmi Pikler,,7664,menschenskinder-berlin gGmbH,freie Träger,http://www.menschenskinder-berlin.eu,13.43130853,52.51930644
02050160,Kita Gryphiusstr. 34-35,02,Friedrichshain-Kreuzberg,10245,Berlin,Gryphiusstr.,34,- 35,030 2910547,https://kindergaertencity.de/gryphiusstr-34,219,Kindertagesstätte,Situationsansatz,,0120,Kindergärten City,Eigenbetriebe,http://www.kindergaertencity.de,13.46238924,52.50726364
02050170,EKT - SOL,02,Friedrichshain-Kreuzberg,10245,Berlin,Dirschauer Str.,13,,030 2904 9648,http://www.solev.org/,17,Eltern-Initiativ-Kindertagesstätte,Situationsansatz,,1145,Kinderladen Sol e. V.,freie Träger,http://www.solev.org/,13.45700809,52.50814484
02050180,Kita Entdeckerland,02,Friedrichshain-Kreuzberg,10243,Berlin,Hildegard-Jadamowitz-Str.,1,,29666850,https://www.bik-ev.de/verzeichnis/visitenkarte.php?mandat=211687,160,Kindertagesstätte,Sonstiges,,1205,BIK e.V. Berliner Institut für Kleinkindpädagogik und familienbegleitende Kinderbetreuung,freie Träger,http://www.bik-ev.de,13.44172842,52.51557618
02050210,EKT - Pipilota,02,Friedrichshain-Kreuzberg,10249,Berlin,Ebertystr.,43,,030 42809879,http://www.pipilota.de,28,Eltern-Initiativ-Kindertagesstätte,Situationsansatz,,1166,PIPILOTA e. V.,freie Träger,http://www.pipilota.de,13.4527209,52.5246494
02050240,Kita Kinzigstr. 32/34/Kigä City,02,Friedrichshain-Kreuzberg,10247,Berlin,Kinzigstr.,32,,030 2911562,http://www.kindergaertencity.de/kinzigstr-32,140,Kindertagesstätte,Offene-Arbeit/Situationsansatz/Ansatz von Emmi Pikler,,0120,Kindergärten City,Eigenbetriebe,http://www.kindergaertencity.de,13.46472116,52.51227096
02050260,EKT - pinepako,02,Friedrichshain-Kreuzberg,10249,Berlin,Straßmannstr.,28,,030 615 25 79,,19,Eltern-Initiativ-Kindertagesstätte,Situationsansatz,,0861,pinepako e.V.,freie Träger,,13.45166841,52.5224697
02050280,Kinderladen Buana,02,Friedrichshain-Kreuzberg,10247,Berlin,Schreinerstr.,19,,030 42081080,http://www.kinderladen-buana.de,20,Eltern-Initiativ-Kindertagesstätte,Sonstiges/Situationsansatz,,1180,Buana e.V.,freie Träger,https://kinderladen-buana.de/,13.46731443,52.51685531
02050300,Kita Till Eulenspiegel-Kette,02,Friedrichshain-Kreuzberg,10245,Berlin,Simon-Dach-Str.,24,,030 2005 3912,http://www.tilleulenspiegelkette.de,22,Kindertagesstätte,Situationsansatz,,1259,"Eltern - Kinder - Schüler - Gruppe ""Till Eulenspiegel Kette"" e.V.",freie Träger,http://www.tilleulenspiegelkette.de,13.45507918,52.50810438
02050320,EKT - Lieblingsplatz,02,Friedrichshain-Kreuzberg,10247,Berlin,Travestr.,3,,030 2068 7890,http://www.kita-lieblingsplatz.de,28,Eltern-Initiativ-Kindertagesstätte,Situationsansatz,,1182,Kita Lieblingsplatz e. V.,freie Träger,,13.46990998,52.51146373
02050330,Kita Tausendfüsschen,02,Friedrichshain-Kreuzberg,10247,Berlin,Liebigstr.,30,,030 4267875,http://www.awo-spree-wuhle.de,179,Kindertagesstätte,Offene-Arbeit/Situationsansatz,,0156,Arbeiterwohlfahrt Kreisverband Berlin Spree-Wuhle e.V.,freie Träger,https://www.awo-spree-wuhle.de,13.4573335,52.51862811
02050390,FRÖBEL Kindergarten FRÖBELSPATZEN,02,Friedrichshain-Kreuzberg,10243,Berlin,Palisadenstr.,30,,030 42026940,https://froebelspatzen.froebel.info/,230,Kindertagesstätte,Offene-Arbeit/Sonstiges,,1227,Fröbel Bildung und Erziehung gGmbH,freie Träger,http://www.froebel-gruppe.de/,13.43030536,52.52028305
02050400,Kita Palisadenstr. 33/Kigä City,02,Friedrichshain-Kreuzberg,10243,Berlin,Palisadenstr.,33,,030 4265502,http://www.kindergaertencity.de/palisadenstr-33,60,Kindertagesstätte,Sonstiges/Reggio-Pädagogik,,0120,Kindergärten City,Eigenbetriebe,http://www.kindergaertencity.de,13.43274199,52.51978038
02050420,Kita Am Rudolfplatz,02,Friedrichshain-Kreuzberg,10245,Berlin,Rudolfstr.,14B,,030 29663078,http://www.jao-berlin.de,160,Kindertagesstätte,Offene-Arbeit/Situationsansatz,,1298,JAO gGmbH,freie Träger,http://www.jao-berlin.de,13.45668925,52.50393439
02050430,FRÖBEL Kindergarten Palmkernzeile,02,Friedrichshain-Kreuzberg,10245,Berlin,Palmkernzeile,8,,030 29669696,https://inselkinder.froebel.info/,155,Kindertagesstätte,Offene-Arbeit,,1227,Fröbel Bildung und Erziehung gGmbH,freie Träger,http://www.froebel-gruppe.de/,13.47437735,52.49544279
02050450,Kita Richard-Sorge-Str. 43 und 44 Haus Buddelflink und Gänseblümchen,02,Friedrichshain-Kreuzberg,10249,Berlin,Richard-Sorge-Str.,44,,25562629,https://www.bik-ev.de/verzeichnis/visitenkarte.php?mandat=211084,115,Kindertagesstätte,Sonstiges,,1205,BIK e.V. Berliner Institut für Kleinkindpädagogik und familienbegleitende Kinderbetreuung,freie Träger,http://www.bik-ev.de,13.4450051,52.52424437
02050460,FRÖBEL Kindergarten Am Ring,02,Friedrichshain-Kreuzberg,10247,Berlin,Rigaer Str.,53,-54,030/4261815,https://amring.froebel.info/,240,Kindertagesstätte,Sonstiges/Offene-Arbeit,,1227,Fröbel Bildung und Erziehung gGmbH,freie Träger,http://www.froebel-gruppe.de/,13.47214032,52.51492622
02050470,EKT - Grüne Wolke,02,Friedrichshain-Kreuzberg,10249,Berlin,Straßmannstr.,36,,030 42022190,http://www.gruene-wolke-berlin.de,20,Eltern-Initiativ-Kindertagesstätte,Ansatz von Emmi Pikler/Freinet-Pädagogik/Montessori-Pädagogik,,1353,Grüne Wolke e. V.,freie Träger,http://www.gruene-wolke-berlin.de,13.45260633,52.52270854
02050500,EKT- Friedrichshainer Mäuse,02,Friedrichshain-Kreuzberg,10247,Berlin,Kreutzigerstr.,24,,030 29309631,,16,Eltern-Initiativ-Kindertagesstätte,Montessori-Pädagogik,,1361,Friedrichshainer Mäuse e. V.,freie Träger,http://www.maeuse.berlin,13.46072815,52.51385493
02050510,Humanistische Kindertagesstätte Scharnweberstraße,02,Friedrichshain-Kreuzberg,10247,Berlin,Scharnweberstr.,60,,2916164,http://www.humanistischektias.de,90,Kindertagesstätte,Offene-Arbeit,,1230,"Humanistischer Verband Deutschlands, Landesverband Berlin-Brandenburg KdöR",freie Träger,https://humanistisch.de/kitas/,13.47383727,52.51171765
02050560,Kita Kinderland,02,Friedrichshain-Kreuzberg,10245,Berlin,Simplonstr.,18,,2910614,https://www.bik-ev.de/verzeichnis/visitenkarte.php?mandat=211688,200,Kindertagesstätte,Sonstiges,,1205,BIK e.V. Berliner Institut für Kleinkindpädagogik und familienbegleitende Kinderbetreuung,freie Träger,http://www.bik-ev.de,13.4589209,52.50818235
02050580,Krippe Playground,02,Friedrichshain-Kreuzberg,10243,Berlin,Gubener Str.,51,,0157,http://www.kita-playground.de,14,Kindertagesstätte,Montessori-Pädagogik/Ansatz von Emmi Pikler/Situationsansatz,,1401,Playground gGmbH,freie Träger,http://www.kita-playground.de,13.44796554,52.51289791
02050590,KITA Die kleinen Entdecker,02,Friedrichshain-Kreuzberg,10243,Berlin,Strausberger Str.,49,,030 (030) 22502155,http://www.kaeptnbrowser.de/front_content.php?idcat=281,90,Kindertagesstätte,Situationsansatz,,1355,Käpt'n Browser gemeinnützige Gesellschaft mit beschränkter Haftung,freie Träger,http://www.kaeptnbrowser.de,13.43368551,52.5219705
02050600,Kita Fredersdorfer Str. 6/Kigä City,02,Friedrichshain-Kreuzberg,10243,Berlin,Fredersdorfer Str.,6,,030 29770410,http://www.kindergaertencity.de/fredersdorfer-str-6,185,Kindertagesstätte,Offene-Arbeit/Sonstiges/Situationsansatz,,0120,Kindergärten City,Eigenbetriebe,http://www.kindergaertencity.de,13.44198035,52.51382894
02050620,Kita Weidenkätzchen,02,Friedrichshain-Kreuzberg,10247,Berlin,Weidenweg,68,,030 4222428,http://www.awo-spree-wuhle.de,87,Kindertagesstätte,Situationsansatz/Offene-Arbeit,,0156,Arbeiterwohlfahrt Kreisverband Berlin Spree-Wuhle e.V.,freie Träger,https://www.awo-spree-wuhle.de,13.45644538,52.51911463
02050630,Kita Wichtelbühne,02,Friedrichshain-Kreuzberg,10247,Berlin,Weidenweg,78,,030 41724851,http://www.awo-spree-wuhle.de,165,Kindertagesstätte,Situationsansatz/Offene-Arbeit,,0156,Arbeiterwohlfahrt Kreisverband Berlin Spree-Wuhle e.V.,freie Träger,https://www.awo-spree-wuhle.de,13.45739476,52.51915128
02050650,Kita der Ev. Kirchengem. Bartholomäus,02,Friedrichshain-Kreuzberg,10249,Berlin,Friedenstr.,1,,(030) 247 89 23,,32,Kindertagesstätte,Situationsansatz/Ansatz von Emmi Pikler,,0257,Ev. Kirchengemeinde Bartholomäus,freie Träger,http://www.kirchengemeinde-am-friedrichshain.de,13.42502176,52.52768619
02050660,Ev. Kita Auferstehung,02,Friedrichshain-Kreuzberg,10249,Berlin,Diestelmeyerstr.,7,,030 429 19 86,http://www.evkvbmn.de,50,Kindertagesstätte,Situationsansatz/Offene-Arbeit,,5425,Ev. Kirchenkreisverband für Kindertageseinrichtungen Berlin Mitte-Nord,freie Träger,http://evkvbmn.de,13.43993726,52.52170603
02050680,Ev. Kita Galiläa,02,Friedrichshain-Kreuzberg,10247,Berlin,Rigaer Str.,9,,030 422 59 44,http://evkvbmn.de,70,Kindertagesstätte,Situationsansatz,,5425,Ev. Kirchenkreisverband für Kindertageseinrichtungen Berlin Mitte-Nord,freie Träger,http://evkvbmn.de,13.45614598,52.51785917
02050700,Ev. Kita Samariter,02,Friedrichshain-Kreuzberg,10247,Berlin,Samariterstr.,27,,030 41721932,http://evkvbmn.de,32,Kindertagesstätte,Situationsansatz,,5425,Ev. Kirchenkreisverband für Kindertageseinrichtungen Berlin Mitte-Nord,freie Träger,http://evkvbmn.de,13.46602628,52.51867548
02050710,Ev. Kita Sonnenblume,02,Friedrichshain-Kreuzberg,10245,Berlin,Niemannstr.,1,,030 26948055,http://evkvbmn.de,110,Kindertagesstätte,Situationsansatz,,5425,Ev. Kirchenkreisverband für Kindertageseinrichtungen Berlin Mitte-Nord,freie Träger,http://evkvbmn.de,13.45991011,52.50672279
02050720,EKT Integrative Kinderbetreuung NIDO,02,Friedrichshain-Kreuzberg,10247,Berlin,Jungstr.,15,-017,030 2911646,http://www.kinderladen-nido.de,28,Eltern-Initiativ-Kindertagesstätte,Reggio-Pädagogik/Situationsansatz,,0755,Integrative Kinderbetreuung NIDO e.V.,freie Träger,http://www.kinderladen-nido.de,13.46587231,52.51171445
02050800,BOOT-Kita Farbenland,02,Friedrichshain-Kreuzberg,10243,Berlin,Koppenstr.,15,,030 2965462,http://www.bootkitas.de,195,Kindertagesstätte,Situationsansatz,,1277,Gemeinnützige BOOT GmbH,freie Träger,http://www.bootkitas.de,13.43600724,52.51358291
02050910,EKT - Kinderbüro,02,Friedrichshain-Kreuzberg,10247,Berlin,Scharnweberstr.,33,,030 2926120,,20,Eltern-Initiativ-Kindertagesstätte,Freinet-Pädagogik/Situationsansatz/Montessori-Pädagogik,,0722,KINDERBÜRO e.V.,freie Träger,http://www.kinderbüro-berlin.de,13.46251104,52.51301947
02050920,Kita hör-Höchste,02,Friedrichshain-Kreuzberg,10249,Berlin,Höchste Str.,11,,030 84712972,https://www.independentliving-stiftung.de/kitas/berlin/hoer-hoechste/,229,Kindertagesstätte,Situationsansatz,,8867,INDEPENDENT LIVING Stiftung BT Kindertagesstätten für Berlin,freie Träger,http://www.independentliving-stiftung.de,13.42748031,52.52522118
02050930,Die kleinen Entdecker,02,Friedrichshain-Kreuzberg,10247,Berlin,Müggelstr.,19B,,030 44383581,https://www.pfefferwerk.de/kindertagesstaetten/kita-die-kleinen-entdecker/,45,Kindertagesstätte,Sonstiges/Situationsansatz,,1202,Pfefferwerk Stadtkultur gGmbH,freie Träger,http://www.pfefferwerk.de,13.46902674,52.50995261
02050950,Ev. Kita Regenbogenfisch,02,Friedrichshain-Kreuzberg,10247,Berlin,Scharnweberstr.,61,,030 291 12 72,http://evkvbmn.de,70,Kindertagesstätte,Situationsansatz,,5425,Ev. Kirchenkreisverband für Kindertageseinrichtungen Berlin Mitte-Nord,freie Träger,http://evkvbmn.de,13.47460824,52.51171051
02050970,EKT - Kleine Fische,02,Friedrichshain-Kreuzberg,10249,Berlin,Ebertystr.,7,,0170 8454509,http://www.kleine-fische-berlin.de,19,Eltern-Initiativ-Kindertagesstätte,,,1412,Kleine Fische e.V.,freie Träger,http://www.kleine-fische-berlin.de,13.45148055,52.52588293
02050980,EKT JAMSAPALPIM,02,Friedrichshain-Kreuzberg,10245,Berlin,Am Rudolfplatz,5,,0176 43543331,,18,Eltern-Initiativ-Kindertagesstätte,Situationsansatz,,7364,JAMSAPALPIM e.V.,freie Träger,,13.45603257,52.5024282
02051010,EKT Elfentraum,02,Friedrichshain-Kreuzberg,10245,Berlin,Modersohnstr.,67,B,17664631276,https://www.kila-elfentraum.de/,25,Eltern-Initiativ-Kindertagesstätte,Situationsansatz,,7404,Elfenwelt e.V.,freie Träger,,13.45619871,52.50122964
02051020,Kita Mühsamstraße 73,02,Friedrichshain-Kreuzberg,10249,Berlin,Mühsamstr.,73,,03028707878,http://www.kita-salabanda.de,23,Eltern-Initiativ-Kindertagesstätte,Situationsansatz/Offene-Arbeit,,7430,Salabanda gemeinnützige Gesellschaft mit beschränkter Haftung (Salabanda gGmbH),freie Träger,http://www.kita-salabanda.de,13.45419983,52.5211946
02051030,Kita Hopsemops,02,Friedrichshain-Kreuzberg,10243,Berlin,Karl-Marx-Allee,124,,030 7658 3688,https://www.spieltraum-berlin.de/de_DE/kindergarten-karl-marx-allee/,30,Kindertagesstätte,Situationsansatz,,8513,Spieltraum KMA gGmbH,freie Träger,http://www.spieltraum-berlin.de.de,13.4484394,52.51609593
02051040,Kita Miki,02,Friedrichshain-Kreuzberg,10243,Berlin,Gubener Str.,58,,99192979,,15,Kindertagesstätte,Offene-Arbeit/Montessori-Pädagogik/Freinet-Pädagogik,,7437,Mit Kindern. Begegnung - Kultur - Bildung e.V.,freie Träger,,13.44645169,52.51491361
02051050,Kreativitätskindertagesstätte Allesforscher,02,Friedrichshain-Kreuzberg,10243,Berlin,Strausberger Str.,38,,030 74779251,http://www.krea-schulzentrum.de,54,Kindertagesstätte,Sonstiges,,7520,Kreativitätsschulzentrum Berlin gGmbH,freie Träger,http://www.krea-schulzentrum.de,13.43208202,52.5210124
02051060,Kita Nella Propella,02,Friedrichshain-Kreuzberg,10245,Berlin,Seumestr.,31,,03088949514,http://www.lebensnah.de,29,Kindertagesstätte,Ansatz von Emmi Pikler/Situationsansatz,,8806,Lebensnah Kitas gGmbH,freie Träger,http://www.lebensnah.de,13.46050307,52.50768776
02051090,Kita Till Eulenspiegel-Kette,02,Friedrichshain-Kreuzberg,10245,Berlin,Gryphiusstr.,21,,030 75453167,http://www.tilleulenspiegelkette.de,20,Kindertagesstätte,Situationsansatz,,1259,"Eltern - Kinder - Schüler - Gruppe ""Till Eulenspiegel Kette"" e.V.",freie Träger,http://www.tilleulenspiegelkette.de,13.46385408,52.50937128
02051100,Kita Leonardo,02,Friedrichshain-Kreuzberg,10243,Berlin,Kleine Markusstr.,9,,030 20095270,http://www.awo-spree-wuhle.de,130,Kindertagesstätte,Situationsansatz/Offene-Arbeit,,0156,Arbeiterwohlfahrt Kreisverband Berlin Spree-Wuhle e.V.,freie Träger,https://www.awo-spree-wuhle.de,13.4270023,52.51475285
02051140,Kita Hausburg,03,Pankow,10249,Berlin,Thaerstr.,28B,,030 41721972,https://www.minikitasfirst.de/kindertagesst%C3%A4tten/hausburg/,23,Kindertagesstätte,Situationsansatz/Offene-Arbeit/Montessori-Pädagogik,,7859,MiniKitas First gGmbH,freie Träger,https://minikitas.de/,13.45733932,52.52397243
02051150,Kita der Friedrichshainer Zwerge,02,Friedrichshain-Kreuzberg,10245,Berlin,Revaler Str.,10,,69515260,http://www.nestwärme.com,30,Kindertagesstätte,Sonstiges/Situationsansatz,,0570,"Nestwärme - Verein zur Betreuung u. Beratung von AIDS-betroffenen Familien, Kindern u. Jugendlichen e.V.",freie Träger,http://www.nestwaerme-berlin.de,13.45373303,52.50821177
02051160,Kita der Bildungsgarten,02,Friedrichshain-Kreuzberg,10243,Berlin,Gubener Str.,46,(Erdgeschoss),+49 017684151952,http://www.montessori-stiftung.de,27,Kindertagesstätte,Montessori-Pädagogik,,7801,Montessori-Stiftung Berlin (MSB),freie Träger,http://www.montessori-stiftung.de,13.44863817,52.51200133
02051190,Humanistische Kindertagesstätte Bahrfeldtstraße,02,Friedrichshain-Kreuzberg,10245,Berlin,Bahrfeldtstr.,9,- 10,21237415,http://www.humanistischekitas.de,120,Kindertagesstätte,Freinet-Pädagogik/Offene-Arbeit,,1230,"Humanistischer Verband Deutschlands, Landesverband Berlin-Brandenburg KdöR",freie Träger,https://humanistisch.de/kitas/,13.47141752,52.49478657
02051210,KiLa Rumpelbande,02,Friedrichshain-Kreuzberg,10247,Berlin,Schreinerstr.,62,,+49 017637468882,,22,Eltern-Initiativ-Kindertagesstätte,Situationsansatz,,7749,Rumpelbande e. V.,freie Träger,http://nicht vorhanden,13.46268909,52.51796684
02051220,SpielRaum Captain Moder,02,Friedrichshain-Kreuzberg,10245,Berlin,Modersohnstr.,58,,49929771,http://www.spielraumcaptainmoder.de,25,Kindertagesstätte,Situationsansatz,,9198,SpielRaum Kindertagesstätten Berlin gGmbH,freie Träger,,13.45648954,52.50221119
02051230,Kita Blumenkinder,02,Friedrichshain-Kreuzberg,10243,Berlin,Andreasstr.,51,,030 28472144,https://www.taeks.de/blumenkinder,40,Kindertagesstätte,Ansatz von Emmi Pikler/Montessori-Pädagogik,,0564,TÄKS e. V.,freie Träger,https://www.taeks.de,13.43222314,52.51642794
02051240,Kita Spieltraum,02,Friedrichshain-Kreuzberg,10247,Berlin,Kinzigstr.,11,,76583689,http://www.spieltraum-berlin.de,23,Kindertagesstätte,Offene-Arbeit,,7792,Spieltraum gemeinnützige UG (haftungsbeschränkt),freie Träger,http://www.spieltraum-berlin.de,13.46626093,52.51358872
02051250,Musik - Kita KLIMPERKISTE,02,Friedrichshain-Kreuzberg,10247,Berlin,Bänschstr.,52,,48622703,,22,Kindertagesstätte,,,8118,"Musik-Kita ""KLIMPERKISTE"" UG (haftungsbeschränkt)",freie Träger,,13.46527103,52.51801654
02051260,Kinderladen Rock'n'Roll Zwerge,02,Friedrichshain-Kreuzberg,10247,Berlin,Rigaer Str.,14,,0173 7953389,,20,Eltern-Initiativ-Kindertagesstätte,Situationsansatz,,7844,Rock'n'Roll Zwerge e. V.,freie Träger,,13.4577774,52.51756846
02051270,Kita der Bildungsraum,02,Friedrichshain-Kreuzberg,10243,Berlin,Gubener Str.,46,(Dachgeschoss),+49 017684151952,http://www.montessori-stiftung.de,22,Kindertagesstätte,Montessori-Pädagogik,,7801,Montessori-Stiftung Berlin (MSB),freie Träger,http://www.montessori-stiftung.de,13.44863817,52.51200133
02051290,KiLa PeTiTaTu,02,Friedrichshain-Kreuzberg,10245,Berlin,Seumestr.,13,/13 A,030 54489161,,37,Kindertagesstätte,Situationsansatz,,0636,Frecher Spatz e.V.,freie Träger,http://www.frecherspatz.de,13.46245392,52.51005439
02051300,Kita IGELBANDE,02,Friedrichshain-Kreuzberg,10249,Berlin,Landsberger Allee,57,,030 41724995,https://kinderhaus-b-b.de/projekte/kita-igelbande/,25,Kindertagesstätte,Situationsansatz,,1319,Kinderhaus Berlin - Mark Brandenburg e. V.,freie Träger,http://www.Kinderhaus-b-b.de,13.44305976,52.52531569
02051320,Kita Bänschstraße 24,02,Friedrichshain-Kreuzberg,10247,Berlin,Bänschstr.,24,,030 26347401,http://www.kita-salabanda.de,25,Kindertagesstätte,Situationsansatz/Offene-Arbeit,,7430,Salabanda gemeinnützige Gesellschaft mit beschränkter Haftung (Salabanda gGmbH),freie Träger,http://www.kita-salabanda.de,13.46146188,52.51871153
02051330,"junior 1, Kita Kopernikushof",02,Friedrichshain-Kreuzberg,10243,Berlin,Kopernikusstr.,32,,030 54465688,http://www.junior1.de,22,Kindertagesstätte,Situationsansatz,,8001,Junior JOEL Kopernikushof gUG,freie Träger,http://www.junior-joel.de,13.45071478,52.51103143
02051340,Kita Marchlewskistraße,02,Friedrichshain-Kreuzberg,10243,Berlin,Marchlewskistr.,50,,030 97003750,http://www.nestwärme.com,26,Kindertagesstätte,Sonstiges/Offene-Arbeit,,0570,"Nestwärme - Verein zur Betreuung u. Beratung von AIDS-betroffenen Familien, Kindern u. Jugendlichen e.V.",freie Träger,http://www.nestwaerme-berlin.de,13.44486644,52.51302085
02051350,Kita Playground,02,Friedrichshain-Kreuzberg,10243,Berlin,Gubener Str.,49,,030 – 54 71 94 22,http://www.kita-playground.de,17,Kindertagesstätte,Montessori-Pädagogik/Ansatz von Emmi Pikler/Situationsansatz,,1401,Playground gGmbH,freie Träger,http://www.kita-playground.de,13.44827179,52.51248744
02051370,Kleine Kita Atlas,02,Friedrichshain-Kreuzberg,10247,Berlin,Voigtstr.,26,,030 20051580,http://www.kita-atlas.de,17,Eltern-Initiativ-Kindertagesstätte,Situationsansatz,,8054,Kleine Spielgesellschaft gGmbH,freie Träger,http://www.kita-atlas.de,13.46918775,52.51935388
02051380,Kita Scharnweberstraße,02,Friedrichshain-Kreuzberg,10247,Berlin,Scharnweberstr.,23,,030 20050926,http://www.oxxymoron.de,50,Kindertagesstätte,Sonstiges/Situationsansatz,,7659,oXxymoron GmbH,freie Träger,http://www.oxxymoron.de,13.46516199,52.51315279
02051390,Montessorikinderhaus Olivo,02,Friedrichshain-Kreuzberg,10245,Berlin,Lenbachstr.,2,,030 52137735,,20,Eltern-Initiativ-Kindertagesstätte,Montessori-Pädagogik,,8063,Friedliche Nation e. V.,freie Träger,,13.46784945,52.50656035
02051410,Rigaer Zwerge,02,Friedrichshain-Kreuzberg,10247,Berlin,Rigaer Str.,96,,030 95624806,http://www.nestwärme.com,30,Kindertagesstätte,Sonstiges/Situationsansatz,,0570,"Nestwärme - Verein zur Betreuung u. Beratung von AIDS-betroffenen Familien, Kindern u. Jugendlichen e.V.",freie Träger,http://www.nestwaerme-berlin.de,13.45748141,52.51785591
02051420,Kindergarten La Sonrisa,02,Friedrichshain-Kreuzberg,10247,Berlin,Jessnerstr.,37,,030/89567310,http://www.lasonrisa-berlin.de,25,Kindertagesstätte,Montessori-Pädagogik,,8093,Kindergarten La Sonrisa gGmbH,freie Träger,http://www.lasonrisaberlin.de,13.47166057,52.51078686
02051430,Kila Friedrichsklain,02,Friedrichshain-Kreuzberg,10247,Berlin,Oderstr.,34,,03065215548,http://www.kilafriedrichsklain.de,25,Kindertagesstätte,Situationsansatz/Sonstiges,,8132,kleine Künstler ganz groß gGmbH,freie Träger,http://www.kitalangohr.de,13.47271471,52.50937
02051440,Kindertagesstätte Das Spielatelier,02,Friedrichshain-Kreuzberg,10249,Berlin,Barnimstr.,38,,030 49209424,https://www.bgff.de/kitas/spielatelier/,25,Kindertagesstätte,Situationsansatz/Offene-Arbeit,,7707,BGFF - Berliner Gesellschaft für Förderung interkultureller Bildung und Erziehung e. V.,freie Träger,http://www.bgff.de,13.42343175,52.52532196
02051460,Kita Glückskinder,02,Friedrichshain-Kreuzberg,10245,Berlin,Markgrafendamm,26,,030 21237324,,35,Kindertagesstätte,Freinet-Pädagogik/Ansatz von Emmi Pikler,,8158,Glückskinder UG (haftungsbeschränkt),freie Träger,http://www.glueckskinder-berlin.de,13.46566132,52.49974916
02051470,Kita El jardin de Federico,02,Friedrichshain-Kreuzberg,10247,Berlin,Rigaer Str.,79,,0176 030 49085193,,32,Kindertagesstätte,Sonstiges,,8179,tuKita gemeinnützige UG (haftungsbeschränkt),freie Träger,http://www.tukita.de,13.46388539,52.51671284
02051480,Kinderladen Rabenkinder,02,Friedrichshain-Kreuzberg,10245,Berlin,Simplonstr.,52,,030 920 375 79,http://www.kinderladen-rabenkinder.de,25,Eltern-Initiativ-Kindertagesstätte,Offene-Arbeit/Sonstiges/Situationsansatz,,8188,Rabenkinder e. V.,freie Träger,,13.46377857,52.50562105
02051490,Kindertagesstätte Kleine Insel,02,Friedrichshain-Kreuzberg,10249,Berlin,Richard-Sorge-Str.,69A,,030 93628360,https://www.johanniter.de/einrichtungen/fuer-kinder-und-jugendliche/kindertageseinrichtungen/kita-kleine-insel-friedrichshain-in-berlin/,20,Kindertagesstätte,Situationsansatz/Offene-Arbeit,,8194,Johanniter-Unfall-Hilfe e. V. Regionalverband Berlin,freie Träger,http://www.johanniter.de/rv-berlin,13.44666922,52.52086312
02051500,Kita im Friedrichshain,02,Friedrichshain-Kreuzberg,10249,Berlin,Landsberger Allee,49,Haus 6,030 32519461,http://www.jugendwohnen-berlin.de/kita-im-friedrichshain.0.html,43,Kindertagesstätte,Sonstiges/Offene-Arbeit,,8071,Juwo - Kita gGmbH,freie Träger,http://www.juwo-kita.de,13.43765662,52.52655565
02051510,Kita Windspiel,02,Friedrichshain-Kreuzberg,10247,Berlin,Frankfurter Allee,16A,,030 29770641,http://www.kinder-im-kiez.de/unsere-kitas/frankfurter-allee/,90,Kindertagesstätte,,,1318,Kinder im Kiez gGmbH,freie Träger,http://www.kinder-im-kiez.de,13.45787347,52.51448849
02051530,Musik-Kita Klimperkiste,02,Friedrichshain-Kreuzberg,10247,Berlin,Bänschstr.,12,,72251890,http://www.musikkita-klimperkiste.de/,27,Kindertagesstätte,,,8118,"Musik-Kita ""KLIMPERKISTE"" UG (haftungsbeschränkt)",freie Träger,,13.45959139,52.51905223
02051540,Kindergarten La Sonrisa,02,Friedrichshain-Kreuzberg,10247,Berlin,Rigaer Str.,4,,+49 030/42088130,http://www.lasonrisaberlin.de,19,Kindertagesstätte,Montessori-Pädagogik,,8093,Kindergarten La Sonrisa gGmbH,freie Träger,http://www.lasonrisaberlin.de,13.4548705,52.51808618
02051550,Junior 1 Kita Grünbergerhof,02,Friedrichshain-Kreuzberg,10245,Berlin,Grünberger Str.,26,,030 29009951,http://www.junior1.de,25,Kindertagesstätte,Situationsansatz/Reggio-Pädagogik/Montessori-Pädagogik,,8285,Junior JOEL GRÜNBERGERHOF - gemeinnützige UG (haftungsbeschränkt),freie Träger,http://www.junior1.de,13.45115092,52.51256829
02051560,Kita Zwergenhain,02,Friedrichshain-Kreuzberg,10249,Berlin,Landsberger Allee,53,Ecke Virchowstraße,030 91441733,http://www.plannedchild.de,40,Kindertagesstätte,Reggio-Pädagogik,,7876,planned child gGmbH,freie Träger,http://www.plannedchild.de,13.44270054,52.52509428
02051570,Kita Das Schneckenhäuschen,02,Friedrichshain-Kreuzberg,10247,Berlin,Weidenweg,53,,030 42011061,http://www.nestwärme.com,27,Kindertagesstätte,Offene-Arbeit,,0570,"Nestwärme - Verein zur Betreuung u. Beratung von AIDS-betroffenen Familien, Kindern u. Jugendlichen e.V.",freie Träger,http://www.nestwaerme-berlin.de,13.45412847,52.51907089
02051600,Kita Scharnweber Straße 47,02,Friedrichshain-Kreuzberg,10247,Berlin,Scharnweberstr.,47,,030 23922787,http://www.kita-salabanda.de,25,Kindertagesstätte,Offene-Arbeit/Situationsansatz,,7430,Salabanda gemeinnützige Gesellschaft mit beschränkter Haftung (Salabanda gGmbH),freie Träger,http://www.kita-salabanda.de,13.46725713,52.5125308
02051620,Kita Glückskinder Stralauer Allee,02,Friedrichshain-Kreuzberg,10245,Berlin,Stralauer Allee,18,,030 21237324,,35,Kindertagesstätte,Reggio-Pädagogik/Ansatz von Emmi Pikler/Freinet-Pädagogik/Situationsansatz,,8158,Glückskinder UG (haftungsbeschränkt),freie Träger,http://www.glueckskinder-berlin.de,13.46216324,52.49837705
02051630,Kita Ultimo auf dem Holzmarkt,02,Friedrichshain-Kreuzberg,10243,Berlin,Holzmarktstr.,25,,0151-68129213,https://pfeffersport.de/kita,33,Kindertagesstätte,Reggio-Pädagogik/Ansatz von Emmi Pikler/Situationsansatz,,8590,Pfeffersport e. V.,freie Träger,http://www.pfeffersport.de,13.42687784,52.51148588
02051650,Kinderhafen Spreeräuber,02,Friedrichshain-Kreuzberg,10245,Berlin,Am Speicher,6,,030 017620193231,http://www.greta-und-julica.de,23,Kindertagesstätte,Montessori-Pädagogik/Reggio-Pädagogik/Situationsansatz/Offene-Arbeit,,8644,GRETA und JULICA gGmbH,freie Träger,http://www.greta-und-julica.de,13.47510953,52.4957822
02051660,Kita Rabbit Street,02,Friedrichshain-Kreuzberg,10245,Berlin,Haasestr.,9,,030 49085193,http://www.tukita.de,25,Kindertagesstätte,Sonstiges,,8966,tuKita la segunda gUG,freie Träger,,13.46128238,52.50587902
02051670,Spieltraum Hausburg,02,Friedrichshain-Kreuzberg,10249,Berlin,Hausburgstr.,12,,76583689,http://www.spieltraum-berlin.de,25,Kindertagesstätte,Offene-Arbeit,,7792,Spieltraum gemeinnützige UG (haftungsbeschränkt),freie Träger,http://www.spieltraum-berlin.de,13.45329637,52.5256819
02051680,Kita Klainohrhaase,02,Friedrichshain-Kreuzberg,10245,Berlin,Haasestr.,14,,03022600901,http://www.kitaklainohrhaase.de,25,Kindertagesstätte,Situationsansatz/Sonstiges,,8132,kleine Künstler ganz groß gGmbH,freie Träger,http://www.kitalangohr.de,13.46093832,52.50601301
02051690,Kinderladen Fuchsbau,02,Friedrichshain-Kreuzberg,10247,Berlin,Dolziger Str.,39,,030 49954179,http://fuchsbauberlin.de,18,Eltern-Initiativ-Kindertagesstätte,,,8763,Kinderladen Fuchsbau e. V.,freie Träger,http://fuchsbauberlin.de,13.46786595,52.51900681
02051700,Fröbel Kindergarten Freudenberg,02,Friedrichshain-Kreuzberg,10247,Berlin,Weserstr.,43,,030 35520797,https://freudenberg.froebel.info/,90,Kindertagesstätte,Sonstiges/Offene-Arbeit,,1227,Fröbel Bildung und Erziehung gGmbH,freie Träger,http://www.froebel-gruppe.de/,13.47008225,52.5083881
02051710,Kita Salabanda 35,02,Friedrichshain-Kreuzberg,10247,Berlin,Scharnweberstr.,35,,030 86338421,http://www.kita-salabanda.de,23,Kindertagesstätte,Situationsansatz/Offene-Arbeit,,7430,Salabanda gemeinnützige Gesellschaft mit beschränkter Haftung (Salabanda gGmbH),freie Träger,http://www.kita-salabanda.de,13.46306418,52.51296282
02051720,Fröbel Kindergarten Flipflopz,02,Friedrichshain-Kreuzberg,10243,Berlin,Mildred-Harnack-Str.,10,,030 36445978,https://flipflopz.froebel.info/,68,Kindertagesstätte,Offene-Arbeit/Sonstiges,,1227,Fröbel Bildung und Erziehung gGmbH,freie Träger,http://www.froebel-gruppe.de/,13.44092908,52.50692076
02051740,Kinzigstr. 18,02,Friedrichshain-Kreuzberg,10247,Berlin,Kinzigstr.,18,,030 20050926,http://www.oxxymoron.de,50,Kindertagesstätte,Sonstiges/Situationsansatz,,7659,oXxymoron GmbH,freie Träger,http://www.oxxymoron.de,13.46522694,52.51357261
02051760,Kita Betti Konfetti,02,Friedrichshain-Kreuzberg,10247,Berlin,Rigaer Str.,71,- 73A,030 42019522,http://www.lebensnah.de,31,Kindertagesstätte,Situationsansatz,,8806,Lebensnah Kitas gGmbH,freie Träger,http://www.lebensnah.de,13.46680572,52.51632341
02051770,Inklusionskita Salamander,02,Friedrichshain-Kreuzberg,10247,Berlin,Weidenweg,53,,030 50957289,http://www.kita-salamander.de,25,Kindertagesstätte,Situationsansatz/Offene-Arbeit,,9013,Kita Salamander gGmbH,freie Träger,http://www.kita-salamander.de,13.45412847,52.51907089
02051780,Kinderhafen Krikelkrake,02,Friedrichshain-Kreuzberg,10249,Berlin,Friedenstr.,87,,03042803817,http://www.greta-und-julica.de,25,Kindertagesstätte,Offene-Arbeit/Situationsansatz/Reggio-Pädagogik/Montessori-Pädagogik,,8644,GRETA und JULICA gGmbH,freie Träger,http://www.greta-und-julica.de,13.43639144,52.52157809
02051790,Kita Spreemöwe,02,Friedrichshain-Kreuzberg,10245,Berlin,Glasbläserallee,7,,030 339 367 58,https://www.awo-spree-wuhle.de/alt-stralau/,135,Kindertagesstätte,Situationsansatz,,0156,Arbeiterwohlfahrt Kreisverband Berlin Spree-Wuhle e.V.,freie Träger,https://www.awo-spree-wuhle.de,13.46798945,52.49685289
02051800,Kita Kinderleben,02,Friedrichshain-Kreuzberg,10247,Berlin,Travestr.,2,,0176 47683572,,20,Eltern-Initiativ-Kindertagesstätte,Situationsansatz/Ansatz von Emmi Pikler,,7363,kinderleben - kind erleben e.V.,freie Träger,http://www.kinderleben-berlin.de,13.47069162,52.51119152
02051820,FRÖBEL Kindergarten Pufendorfstraße,02,Friedrichshain-Kreuzberg,10249,Berlin,Pufendorfstr.,3,,39916944,https://pufendorfstrasse.froebel.info,56,Kindertagesstätte,Offene-Arbeit,,1227,Fröbel Bildung und Erziehung gGmbH,freie Träger,http://www.froebel-gruppe.de/,13.43778605,52.52193286
02051830,Kinderladen Luna,02,Friedrichshain-Kreuzberg,10243,Berlin,Gubener Str.,1,,53862958,http://www.kinderladen-luna.de,18,Kindertagesstätte,Situationsansatz,,1404,Kinderladen Luna e. V.,freie Träger,https://www.kinderladen-luna.de/,13.44491422,52.51542388
02060010,Kita Mehringdamm 116/Kigä City,02,Friedrichshain-Kreuzberg,10965,Berlin,Mehringdamm,116,,030 69 50 43 33,http://www.kindergaertencity.de/mehringdamm-116,167,Kindertagesstätte,Offene-Arbeit/Situationsansatz,,0120,Kindergärten City,Eigenbetriebe,http://www.kindergaertencity.de,13.38562223,52.48643815
02060070,Kita Planufer 77/Kigä City,02,Friedrichshain-Kreuzberg,10967,Berlin,Planufer,77,,030 50586341,http://www.kindergaertencity.de/planufer-77,,Kindertagesstätte,Offene-Arbeit/Situationsansatz,,0120,Kindergärten City,Eigenbetriebe,http://www.kindergaertencity.de,13.41144479,52.49453986
02060080,Kita Pücklerstr. 12/Kigä City,02,Friedrichshain-Kreuzberg,10997,Berlin,Pücklerstr.,12,,030 22503061,http://www.kindergaertencity.de/puecklerstr-12,108,Kindertagesstätte,Sonstiges/Situationsansatz,,0120,Kindergärten City,Eigenbetriebe,http://www.kindergaertencity.de,13.4322081,52.50426466
02060120,Kita Reichenberger Str. 92/Kigä City,02,Friedrichshain-Kreuzberg,10999,Berlin,Reichenberger Str.,92,,030 8600 8639,http://www.kindergaertencity.de/reichenberger-str-92,142,Kindertagesstätte,Offene-Arbeit/Situationsansatz,,0120,Kindergärten City,Eigenbetriebe,http://www.kindergaertencity.de,13.44050781,52.49234819
02060150,Kita Sonnenschein,02,Friedrichshain-Kreuzberg,10963,Berlin,Wartenburgstr.,6,,030 50587801,http://awo-spree-wuhle.de,160,Kindertagesstätte,Situationsansatz/Offene-Arbeit,,0156,Arbeiterwohlfahrt Kreisverband Berlin Spree-Wuhle e.V.,freie Träger,https://www.awo-spree-wuhle.de,13.38126357,52.49567901
02060151,Kita Lingulino,02,Friedrichshain-Kreuzberg,10961,Berlin,Solmsstr.,1,,030 36447001/02,http://www.awo-spree-wuhle.de,126,Kindertagesstätte,Situationsansatz/Offene-Arbeit,,0156,Arbeiterwohlfahrt Kreisverband Berlin Spree-Wuhle e.V.,freie Träger,https://www.awo-spree-wuhle.de,13.39312099,52.4941782
02060160,Ev. Kita St. Thomas,02,Friedrichshain-Kreuzberg,10997,Berlin,Bethaniendamm,27,,030 69 50 58 50,http://evkvbmn.de,40,Kindertagesstätte,Situationsansatz,,5425,Ev. Kirchenkreisverband für Kindertageseinrichtungen Berlin Mitte-Nord,freie Träger,http://evkvbmn.de,13.4278788,52.50594082
02060170,Kita Reichenberger Str. 40/Kigä City,02,Friedrichshain-Kreuzberg,10999,Berlin,Reichenberger Str.,40,,23889682,http://www.kindergaertencity.de/reichenberger-str-40,100,Kindertagesstätte,Offene-Arbeit,,0120,Kindergärten City,Eigenbetriebe,http://www.kindergaertencity.de,13.42491283,52.49689938
02060180,Kita Lobeckstr. 11/Kigä City,02,Friedrichshain-Kreuzberg,10969,Berlin,Lobeckstr.,11,,030 30648793,http://www.kindergaerten-city.de/lobeckstr-11,120,Kindertagesstätte,Situationsansatz/Offene-Arbeit,,0120,Kindergärten City,Eigenbetriebe,http://www.kindergaertencity.de,13.40472904,52.50022062
02060210,Kita Urbanstr. 62/Kigä City,02,Friedrichshain-Kreuzberg,10967,Berlin,Urbanstr.,62,,030 5015 4530,http://www.kindergaertencity.de/urbanstr-62,90,Kindertagesstätte,Offene-Arbeit/Situationsansatz,,0120,Kindergärten City,Eigenbetriebe,http://www.kindergaertencity.de,13.42013916,52.4893371
02060240,Kita Planufer 81/Kigä City,02,Friedrichshain-Kreuzberg,10967,Berlin,Planufer,81,,030 6662 7373,http://www.kindergaertencity.de/planufer-81,135,Kindertagesstätte,Offene-Arbeit/Situationsansatz,,0120,Kindergärten City,Eigenbetriebe,http://www.kindergaertencity.de,13.4126514,52.49469902
02060260,Kindertagesstätte Fontanepromenade 14,02,Friedrichshain-Kreuzberg,10967,Berlin,Fontanepromenade,14,,030 6273 5030,http://www.diakonie-stadtmitte.de,165,Kindertagesstätte,Situationsansatz,,1221,EJF gemeinnützige AG,freie Träger,http://www.ejf.de,13.40752802,52.49200746
02060280,Kita Methfesselstr. 14/Kigä City,02,Friedrichshain-Kreuzberg,10965,Berlin,Methfesselstr.,14,,030 4467 8888,http://www.kindergaertencity.de/methfesselstr-14,92,Kindertagesstätte,Offene-Arbeit/Situationsansatz,,0120,Kindergärten City,Eigenbetriebe,http://www.kindergaertencity.de,13.38490108,52.48875521
02060300,Kita Kochstr. 8/Kigä City,02,Friedrichshain-Kreuzberg,10969,Berlin,Kochstr.,8,,030 2219 2029,http://www.kindergaertencity.de/kochstr-8,185,Kindertagesstätte,Offene-Arbeit/Sonstiges/Situationsansatz,,0120,Kindergärten City,Eigenbetriebe,http://www.kindergaertencity.de,13.3879885,52.50558283
02060310,Kita Baerwaldstr. 18/Kigä City,02,Friedrichshain-Kreuzberg,10961,Berlin,Baerwaldstr.,18,,030 29036220,http://www.kindergaertencity.de/baerwaldstr-18,167,Kindertagesstätte,Offene-Arbeit/Situationsansatz,,0120,Kindergärten City,Eigenbetriebe,http://www.kindergaertencity.de,13.40097371,52.49183003
02060320,Kita Lübbener Str. 6/Kigä City,02,Friedrichshain-Kreuzberg,10997,Berlin,Lübbener Str.,6,,030 2639 2130,http://www.kindergaertencity.de/luebbener-str-6-7,48,Kindertagesstätte,Sonstiges/Situationsansatz,,0120,Kindergärten City,Eigenbetriebe,http://www.kindergaertencity.de,13.43704839,52.4986949
02060340,Kita Komsu,02,Friedrichshain-Kreuzberg,10999,Berlin,Paul-Lincke-Ufer,12,,030166385250,http://www.komsu-kinder.de,122,Kindertagesstätte,Sonstiges,,1239,Komsu e.V. Interkulturelle Kindertagesstätte,freie Träger,http://www.komsu-kinder.de,13.43297815,52.49269803
02060350,Kita Cuvrystr. 26a/Oppelner Str. 21/Kigä City,02,Friedrichshain-Kreuzberg,10997,Berlin,Cuvrystr.,26A,Oppelner Str. 21,030 68 229 795,http://www.kindergaertencity.de/cuvrystr-26-a-oppelner-str-21,146,Kindertagesstätte,Sonstiges/Offene-Arbeit,,0120,Kindergärten City,Eigenbetriebe,http://www.kindergaertencity.de,13.44225493,52.49681431
02060360,Kita Urbanstr. 48k/Kigä City,02,Friedrichshain-Kreuzberg,10967,Berlin,Urbanstr.,48K,,030 2904 8288,http://www.kindergaertencity.de/urbanstr-48-k,136,Kindertagesstätte,Offene-Arbeit/Situationsansatz,,0120,Kindergärten City,Eigenbetriebe,http://www.kindergaertencity.de,13.41790878,52.48887398
02060370,INA.KINDER.Garten,02,Friedrichshain-Kreuzberg,10999,Berlin,Dresdener Str.,128,,030 695 03 790,http://www.inakindergarten.de,150,Kindertagesstätte,Situationsansatz,,1312,INA.KINDER.GARTEN gGmbH,freie Träger,http://www.inakindergarten.de,13.41714247,52.50036963
02060380,Kita Schlesische Str. 3-4/Kigä City,02,Friedrichshain-Kreuzberg,10997,Berlin,Schlesische Str.,3,,030 288 389 35,http://www.kindergaertencity.de/schlesische-str-3-4,130,Kindertagesstätte,Sonstiges/Situationsansatz,,0120,Kindergärten City,Eigenbetriebe,http://www.kindergaertencity.de,13.44240583,52.50046397
02060400,Ev. Kita Tabor,02,Friedrichshain-Kreuzberg,10997,Berlin,Cuvrystr.,36,,030 6953 4385,http://evkvbmn.de,103,Kindertagesstätte,Situationsansatz,,5425,Ev. Kirchenkreisverband für Kindertageseinrichtungen Berlin Mitte-Nord,freie Träger,http://evkvbmn.de,13.44374441,52.49689415
02060410,Kita Blauwal,02,Friedrichshain-Kreuzberg,10965,Berlin,Schwiebusser Str.,6,,030 6917231,http://evkvbmn.de,36,Kindertagesstätte,Situationsansatz,,5425,Ev. Kirchenkreisverband für Kindertageseinrichtungen Berlin Mitte-Nord,freie Träger,http://evkvbmn.de,13.39243924,52.48597174
02060420,"Kindertagesstätte ""Faros""",02,Friedrichshain-Kreuzberg,10965,Berlin,Kreuzbergstr.,47,,030 7899 0740,http://www.diakonie-stadtmitte.de,115,Kindertagesstätte,Sonstiges/Offene-Arbeit,,1221,EJF gemeinnützige AG,freie Träger,http://www.ejf.de,13.3753495,52.4886018
02060430,Ev. Kita Emmaus-Ölberg,02,Friedrichshain-Kreuzberg,10999,Berlin,Lausitzer Str.,29,- 30,030 69818651,http://evkvbmn.de,75,Kindertagesstätte,Situationsansatz,,5425,Ev. Kirchenkreisverband für Kindertageseinrichtungen Berlin Mitte-Nord,freie Träger,http://evkvbmn.de,13.42688014,52.49487581
02060440,Ev. Kita Melanchthon,02,Friedrichshain-Kreuzberg,10967,Berlin,Planufer,84,,030 691 92 68,http://www.evkvbmn.de,50,Kindertagesstätte,Situationsansatz,,5425,Ev. Kirchenkreisverband für Kindertageseinrichtungen Berlin Mitte-Nord,freie Träger,http://evkvbmn.de,13.41368256,52.49447602
02060450,Evangelische Kita Arche,02,Friedrichshain-Kreuzberg,10961,Berlin,Zossener Str.,22,,030 6912499,http://evkvbmn.de,98,Kindertagesstätte,Situationsansatz,,5425,Ev. Kirchenkreisverband für Kindertageseinrichtungen Berlin Mitte-Nord,freie Träger,http://evkvbmn.de,13.39384385,52.49018787
02060460,"""Kita Leuchttum""",02,Friedrichshain-Kreuzberg,10963,Berlin,Wartenburgstr.,7,,030 216 30 87,http://evkvbmn.de,65,Kindertagesstätte,Situationsansatz,,5425,Ev. Kirchenkreisverband für Kindertageseinrichtungen Berlin Mitte-Nord,freie Träger,http://evkvbmn.de,13.38098845,52.49652099
02060470,Ev. Kita St. Simeon,02,Friedrichshain-Kreuzberg,10969,Berlin,Wassertorstr.,21A,,030 614 23 00,http://evkvbmn.de,90,Kindertagesstätte,Situationsansatz,,5425,Ev. Kirchenkreisverband für Kindertageseinrichtungen Berlin Mitte-Nord,freie Träger,http://evkvbmn.de,13.40724437,52.50102661
02060520,Kath. Kita St. Michael,02,Friedrichshain-Kreuzberg,10999,Berlin,Dresdener Str.,29,,03025365134,http://hedikitas.de,75,Kindertagesstätte,Situationsansatz,,9193,Kitas im Erzbistum Berlin-Zweckverband der katholischen Kirchengemeinden,freie Träger,http://hedikitas.de,13.41519811,52.5043734
02060530,Kita Traumbaum,02,Friedrichshain-Kreuzberg,10963,Berlin,Dessauer Str.,27,,030 2639 7930,http://www.ortefuerkinder.de/unsere-kitas/traumbaum/,112,Kindertagesstätte,,,0107,Orte für Kinder GmbH,freie Träger,http://www.ortefuerkinder.de,13.37906557,52.50377149
02060540,AWO Kita Kastanie,02,Friedrichshain-Kreuzberg,10999,Berlin,Reichenberger Str.,122,,030 611 45 25,http://www.awo-mitte.de,60,Kindertagesstätte,Offene-Arbeit/Situationsansatz,,0150,Arbeiterwohlfahrt Kreisverband Berlin-Mitte e.V.,freie Träger,http://www.awo-mitte.de,13.43186479,52.49528163
02060550,AWO Kita Löwenzahn,02,Friedrichshain-Kreuzberg,10961,Berlin,Baerwaldstr.,56,,030 2512026,,106,Kindertagesstätte,Offene-Arbeit/Situationsansatz,,0150,Arbeiterwohlfahrt Kreisverband Berlin-Mitte e.V.,freie Träger,http://www.awo-mitte.de,13.40257487,52.49268334
02060560,AWO Europakita,02,Friedrichshain-Kreuzberg,10961,Berlin,Blücherstr.,46,-47,030 251 34 42,,90,Kindertagesstätte,Offene-Arbeit/Situationsansatz,,0150,Arbeiterwohlfahrt Kreisverband Berlin-Mitte e.V.,freie Träger,http://www.awo-mitte.de,13.40573677,52.4911328
02060580,AWO Kita Wassertropfen,02,Friedrichshain-Kreuzberg,10999,Berlin,Oranienstr.,192,,030 614 48 29,,54,Kindertagesstätte,Situationsansatz,,0150,Arbeiterwohlfahrt Kreisverband Berlin-Mitte e.V.,freie Träger,http://www.awo-mitte.de,13.42251722,52.5001573
02060590,EKT - Zappergeck,02,Friedrichshain-Kreuzberg,10969,Berlin,Alexandrinenstr.,1B,,030 615 62 48,https://www.kita-zappergeck.de,25,Eltern-Initiativ-Kindertagesstätte,Situationsansatz,,1082,Zappergeck - Gemeinsame Betreuung und Förderung behinderter und nichtbehinderter Kinder e. V.,freie Träger,,13.40028063,52.49899377
02060600,Kita Milchstraße,02,Friedrichshain-Kreuzberg,10969,Berlin,Alte Jakobstr.,135,-136,030 251 55 32,http://www.kita-milchstrasse.de,62,Kindertagesstätte,Montessori-Pädagogik/Ansatz von Emmi Pikler,,8224,Kita Milchstraße UG(haftungsbeschränkt),freie Träger,http://www.kita-milchstrasse.de,13.39788448,52.50237526
02060610,EKT - Tigerente,02,Friedrichshain-Kreuzberg,10961,Berlin,Bergmannstr.,12,,030 693 04 68,http://www.kinderladen-tigerente.de,16,Eltern-Initiativ-Kindertagesstätte,Sonstiges,,0856,TIGERENTE e.V.,freie Träger,,13.3907534,52.48938702
02060620,EKT - Nestwärme,02,Friedrichshain-Kreuzberg,10997,Berlin,Wrangelstr.,31,,030 61076022,http://www.kita-nestwaerme.de,69,Eltern-Initiativ-Kindertagesstätte,Ansatz von Emmi Pikler/Sonstiges,,0570,"Nestwärme - Verein zur Betreuung u. Beratung von AIDS-betroffenen Familien, Kindern u. Jugendlichen e.V.",freie Träger,http://www.nestwaerme-berlin.de,13.43353193,52.50164461
02060640,EKT - Pittiplatsch,02,Friedrichshain-Kreuzberg,10967,Berlin,Böckhstr.,21,,030 691 95 80,,21,Eltern-Initiativ-Kindertagesstätte,Freinet-Pädagogik,,0906,Pittiplatsch e.V.,freie Träger,,13.41974185,52.49333019
02060660,EKT Minifee,02,Friedrichshain-Kreuzberg,10967,Berlin,Dieffenbachstr.,76,77,030 6162 0677,,18,Eltern-Initiativ-Kindertagesstätte,Offene-Arbeit/Sonstiges/Ansatz von Emmi Pikler/Montessori-Pädagogik,,0854,Minifee e. V.,freie Träger,,13.41109461,52.49411977
02060670,EKT Siebenschläfer,02,Friedrichshain-Kreuzberg,10969,Berlin,Böcklerstr.,8,,030 6146045,,20,Eltern-Initiativ-Kindertagesstätte,Situationsansatz,,0974,Eltern - Initiativ - Kindertagesstätte Siebenschläfer e. V.,freie Träger,,13.4103838,52.49667358
02060680,EKT - Mondsichel,02,Friedrichshain-Kreuzberg,10967,Berlin,Boppstr.,4,,030/691 81 02,,36,Kindertagesstätte,Situationsansatz,,1232,"Frauenverein ""Cemiyet-i Nisa"" Verein zur Förderung der Familie und Jugend e.V.",freie Träger,,13.42137373,52.49086954
02060690,"Krümelkinder, Görlitzer Straße",02,Friedrichshain-Kreuzberg,10997,Berlin,Cuvrystr.,39,,030 61288254,,25,Eltern-Initiativ-Kindertagesstätte,Reggio-Pädagogik,,0808,"Krümelkinder,Görlitzer Str. e.V.",freie Träger,,13.44389203,52.49738611
02060730,EKT Klein und Stark,02,Friedrichshain-Kreuzberg,10247,Berlin,Dolziger Str.,51,,6123017,https://kinderladen-klein-and-stark.jimdosite.com/,25,Eltern-Initiativ-Kindertagesstätte,Offene-Arbeit/Situationsansatz,,0643,Gemeindeaufbauprojekt Kreuzberg Ost e.V.,freie Träger,,13.46414291,52.51968232
02060740,EKT - Rübezahl,02,Friedrichshain-Kreuzberg,10997,Berlin,Falckensteinstr.,20,,030 6186315,http://www.ruebezahl-kila.de,17,Eltern-Initiativ-Kindertagesstätte,Situationsansatz,,0936,Rübezahl e.V.,freie Träger,http://www.ruebezahl-kila.de,13.44083477,52.49723167
02060760,EKT - Knatterpampe,02,Friedrichshain-Kreuzberg,10967,Berlin,Böckhstr.,45,,030 692 55 55,,16,Eltern-Initiativ-Kindertagesstätte,Montessori-Pädagogik,,0793,Knatterpampe e.V.,freie Träger,,13.41787141,52.4941009
02060840,EKT Makke,02,Friedrichshain-Kreuzberg,10999,Berlin,Glogauer Str.,22,,030 / 407 47 765,,15,Eltern-Initiativ-Kindertagesstätte,Situationsansatz/Waldorfpädagogik,,0838,EKT Makke e.V.,freie Träger,,13.43672103,52.49251551
02060870,EKT - Kindervilla Waldemar,02,Friedrichshain-Kreuzberg,10961,Berlin,Johanniterstr.,17,,030 6177 90 913,,78,Eltern-Initiativ-Kindertagesstätte,Situationsansatz/Ansatz von Emmi Pikler,,1106,VEREIN KINDERVILLA WALDEMAR e. V.,freie Träger,http://www.kindervilla-waldemar.de,13.40010877,52.49613946
02060890,EKT - Alles Banane,02,Friedrichshain-Kreuzberg,10967,Berlin,Graefestr.,39,,030 6941812,https://kinderladen-allesbanane.de/,,Eltern-Initiativ-Kindertagesstätte,,,0523,Alles Banane e.V.,freie Träger,https://kinderladen-allesbanane.de/,13.41474821,52.48939901
02060930,EKT - Zippel und Zappel,02,Friedrichshain-Kreuzberg,10965,Berlin,Heimstr.,15,,030 694 55 00,,17,Eltern-Initiativ-Kindertagesstätte,Situationsansatz,,1086,Zippel und Zappel e.V.,freie Träger,,13.39694956,52.48717032
02060940,EKT Springteufel,02,Friedrichshain-Kreuzberg,10961,Berlin,Mittenwalder Str.,47,,6949167,http://www.springteufel-berlin.de,15,Eltern-Initiativ-Kindertagesstätte,Situationsansatz,,0993,Springteufel e. V.,freie Träger,http://www.springteufel-berlin.de,13.396935,52.49239037
02060950,EKT - Trompete,02,Friedrichshain-Kreuzberg,10963,Berlin,Großbeerenstr.,13,,01577381350,,16,Eltern-Initiativ-Kindertagesstätte,Montessori-Pädagogik/Situationsansatz,,0759,Kinderladen TROMPETE e.V.,freie Träger,,13.38471189,52.49781658
02060970,EKT - Knulp,02,Friedrichshain-Kreuzberg,10967,Berlin,Jahnstr.,7,,030 692 13 23,https://www.knulpies.de/,25,Eltern-Initiativ-Kindertagesstätte,Situationsansatz,,0797,Kinderladen Knulp e.V.,freie Träger,https://www.knulpies.de/,13.41928483,52.48849407
02061010,EKT - Macht nix,02,Friedrichshain-Kreuzberg,10965,Berlin,Katzbachstr.,12,,030 785 91 44,http://www.machtnixev.de,12,Eltern-Initiativ-Kindertagesstätte,Situationsansatz,,0834,Macht nix e.V.,freie Träger,http://www.machtnixev.de,13.37647275,52.48876661
02061020,Kinder aus Kreuzberg,02,Friedrichshain-Kreuzberg,10997,Berlin,Lausitzer Platz,2,,030 81800480,,21,Kindertagesstätte,Situationsansatz,,0719,Kinder aus Kreuzberg e.V.,freie Träger,,13.4295458,52.50049896
02061030,"EKT - Regenbogenfabrik, Block 109",02,Friedrichshain-Kreuzberg,10999,Berlin,Lausitzer Str.,22,,030 69579514,,23,Eltern-Initiativ-Kindertagesstätte,Situationsansatz,,0922,Regenbogenfabrik Block 109 e. V.,freie Träger,,13.4269535,52.49569296
02061040,EKT Mauseblitz,02,Friedrichshain-Kreuzberg,10997,Berlin,Cuvrystr.,24,,030 61284767,https://kinderladenmauseblitz.de,20,Eltern-Initiativ-Kindertagesstätte,Offene-Arbeit,,0844,EKT MAUSEBLITZ e. V.,freie Träger,https://kinderladenmauseblitz.de/,13.44292223,52.49689862
02061050,Kita Kinder Werk Stadt,02,Friedrichshain-Kreuzberg,10967,Berlin,Fichtestr.,19A,,030 61671911,http://www.kinderwerkstadt.net,17,Eltern-Initiativ-Kindertagesstätte,,,0809,Kinder Werk Stadt e.V.,freie Träger,http://kinderwerkstadt.net/,13.41381992,52.48879495
02061060,EKT - Kinder einer Erde,02,Friedrichshain-Kreuzberg,10997,Berlin,Lübbener Str.,26,,030 611 80 14,http://www.kindereinererde.de,28,Eltern-Initiativ-Kindertagesstätte,Sonstiges/Situationsansatz,,1175,Kinder einer Erde e. V.,freie Träger,http://www.kindereinererde.de,13.43652574,52.49872666
02061080,EKT - Affentanz,02,Friedrichshain-Kreuzberg,10997,Berlin,Mariannenstr.,47,,030 617 52 34,,26,Eltern-Initiativ-Kindertagesstätte,Situationsansatz,,0517,Affentanz e.V.,freie Träger,http://affentanz.weebly.com,13.42359273,52.50069221
02061090,EKT - Langer Rüssel,02,Friedrichshain-Kreuzberg,10997,Berlin,Mariannenstr.,48,,030 612 61 20,,18,Eltern-Initiativ-Kindertagesstätte,Offene-Arbeit/Situationsansatz,,0818,Schülerladen `Langer Rüssel` e.V.,freie Träger,,13.42367524,52.50081559
02061100,EKT - Wohnhof e.V.,02,Friedrichshain-Kreuzberg,10969,Berlin,Markgrafenstr.,8,,030 251 03 16,,15,Eltern-Initiativ-Kindertagesstätte,Situationsansatz,,1074,EKT-Wohnhof e.V.,freie Träger,,13.39540611,52.50452471
02061110,EKT - Zinnober,02,Friedrichshain-Kreuzberg,10965,Berlin,Hagelberger Str.,52,,030 785 92 65,,47,Eltern-Initiativ-Kindertagesstätte,Situationsansatz,,1085,Zinnober e.V.,freie Träger,,13.38508501,52.49125276
02061120,EKT - Krümelmonster e.V.,02,Friedrichshain-Kreuzberg,10965,Berlin,Möckernstr.,76,,01522 6096396,http://www.ekt-kruemelmonster.de,30,Eltern-Initiativ-Kindertagesstätte,Situationsansatz,,0810,Krümelmonster e.V.,freie Träger,http://www.ekt-kruemelmonster.de,13.37957622,52.49024684
02061140,EKT Muskauer Str. 30,02,Friedrichshain-Kreuzberg,10997,Berlin,Muskauer Str.,30,,030 6116027,http://www.mauertiger.de,12,Eltern-Initiativ-Kindertagesstätte,Montessori-Pädagogik,,0866,Eltern - Initiativ - Tagesstätte Muskauer Str. 30 e. V.,freie Träger,http://www.mauertiger.de,13.42600221,52.50318964
02061150,Kinderladen Muko,02,Friedrichshain-Kreuzberg,10997,Berlin,Muskauer Str.,33,,618 68 24,,18,Eltern-Initiativ-Kindertagesstätte,Situationsansatz/Montessori-Pädagogik,,0754,Kinderladen Muko e.V.,freie Träger,http://www.daks-berlin.de,13.42662808,52.50299207
02061160,EKT - Leierkasten,02,Friedrichshain-Kreuzberg,10997,Berlin,Muskauer Str.,43,,030 612 69 41,http://www.kila-leierkasten.de,23,Eltern-Initiativ-Kindertagesstätte,Offene-Arbeit,,0822,Kinderladen Leierkasten e.V.,freie Träger,,13.4296026,52.50200571
02061180,EKT Schokokids,02,Friedrichshain-Kreuzberg,10997,Berlin,Naunynstr.,72,,030 6157699,,23,Eltern-Initiativ-Kindertagesstätte,Situationsansatz,,7585,EKT-Schokokids e. V.,freie Träger,,13.42290457,52.50131332
02061200,Kinderladen Kalle Kirschkern,02,Friedrichshain-Kreuzberg,10965,Berlin,Fidicinstr.,32,,017643316649,http://www.kirschkern-eV.de,16,Eltern-Initiativ-Kindertagesstätte,Situationsansatz,,0772,Kirschkern e.V.,freie Träger,http://www.kirschkern-ev.de,13.39139713,52.48692322
02061220,EKT - Krötenpfuhl,02,Friedrichshain-Kreuzberg,10965,Berlin,Heimstr.,7,,030 691 16 56,http://www.krötenpfuhl.de,18,Eltern-Initiativ-Kindertagesstätte,Situationsansatz,,0805,Krötenpfuhl e. V.,freie Träger,http://www.krötenpfuhl.de,13.39660677,52.48760534
02061240,EKT - Kinderladen Bande,02,Friedrichshain-Kreuzberg,10999,Berlin,Oranienstr.,202,,030 611 98 94,,15,Eltern-Initiativ-Kindertagesstätte,Situationsansatz,,0745,Kinderladen Bande e.V.,freie Träger,,13.42442428,52.49973494
02061250,EKT Räuberhöhle,02,Friedrichshain-Kreuzberg,10967,Berlin,Planufer,92,,030 6915016,http://www.räuberhöhlekreuzberg.de,4,Eltern-Initiativ-Kindertagesstätte,Situationsansatz,,0920,EKT Räuberhöhle e.V.,freie Träger,http://www.räuberhöhlekreuzberg.de,13.41700999,52.49511706
02061270,EKT - Wilde 13,02,Friedrichshain-Kreuzberg,10999,Berlin,Reichenberger Str.,90,,030 6125570,https://www.wilde13ev.de/,18,Eltern-Initiativ-Kindertagesstätte,Ansatz von Emmi Pikler/Montessori-Pädagogik,,1041,"Verein zur Unterhaltung und Förderung der Eltern-Initiativ-Kindertagesstätte ""Wilde 13"" e.V.",freie Träger,,13.43834874,52.49297218
02061290,EKT Hollerbusch,02,Friedrichshain-Kreuzberg,10999,Berlin,Reichenberger Str.,99,,030/6183014,http://www.hollerbusch-berlin.de,26,Eltern-Initiativ-Kindertagesstätte,Waldorfpädagogik,,0679,Hollerbusch e.V.,freie Träger,http://www.hollerbusch-berlin.de,13.43864243,52.49328895
02061300,EKT - Die Panzerknacker,02,Friedrichshain-Kreuzberg,10961,Berlin,Riemannstr.,17,,030 6928864,,36,Eltern-Initiativ-Kindertagesstätte,Offene-Arbeit/Situationsansatz,,0585,Die Panzerknacker e.V.,freie Träger,http://kinderladen-panzerknacker.de,13.39153648,52.49049099
02061320,EKT Optimisten,02,Friedrichshain-Kreuzberg,10967,Berlin,Grimmstr.,1A,,+49 30 8040 6757,https://kinderladen-optimisten.de/,13,Eltern-Initiativ-Kindertagesstätte,Situationsansatz/Montessori-Pädagogik,,0885,Eikita Optimisten e. V.,freie Träger,,13.4142448,52.49454866
02061330,EKT - Plutonia,02,Friedrichshain-Kreuzberg,10997,Berlin,Görlitzer Str.,32,,030 618 4963,http://www.kinderladenplutonia.de,38,Eltern-Initiativ-Kindertagesstätte,Sonstiges,,0907,P l u t o n i a e. V.,freie Träger,http://www.kinderladenplutonia.de,13.44487624,52.49529514
02061360,EKT - Munkelrübe,02,Friedrichshain-Kreuzberg,10997,Berlin,Taborstr.,21,,030 618 20 63,http://www.munkelruebe.de,20,Eltern-Initiativ-Kindertagesstätte,Waldorfpädagogik,,0864,Waldorfkinderladen Munkelrübe e. V.,freie Träger,http://www.munkelruebe.de,13.44662853,52.49740499
02061400,EKT - Kinderhaus Waldemar Elterninitiative,02,Friedrichshain-Kreuzberg,10997,Berlin,Waldemarstr.,57,,030 614 10 29,http://kinderhaus-waldemar.de,85,Eltern-Initiativ-Kindertagesstätte,Ansatz von Emmi Pikler/Situationsansatz,,0737,Kinderhaus Waldemar - Elterninitiative e.V.,freie Träger,http://www.Kinderhaus-Waldemar.de,13.42231174,52.50305687
02061410,Kinderladen Klara Kirschkern,02,Friedrichshain-Kreuzberg,10961,Berlin,Nostitzstr.,25,,017643315560,http://www.kirschkern-eV.de,16,Eltern-Initiativ-Kindertagesstätte,Situationsansatz,,0772,Kirschkern e.V.,freie Träger,http://www.kirschkern-ev.de,13.39004085,52.49006335
02061440,Kita Willibald-Alexis-Straße,02,Friedrichshain-Kreuzberg,10965,Berlin,Willibald-Alexis-Str.,43,,030 6928882,https://kinderladen-combo.de,23,Kindertagesstätte,Situationsansatz/Offene-Arbeit,,0563,EKT Combo e.V.,freie Träger,https://kinderladen-combo.de,13.39628541,52.48712715
02061460,EKT - Löwenhöhle,02,Friedrichshain-Kreuzberg,10997,Berlin,Wrangelstr.,63,,030 612 15 33,http://www.eikita-loewenhoehle.de,22,Eltern-Initiativ-Kindertagesstätte,Situationsansatz,,0831,Löwenhöhle e. V.,freie Träger,http://www.eikita-loewenhoehle.de,13.44451735,52.49736646
02061470,Kinderladen Jule Kirschkern,02,Friedrichshain-Kreuzberg,10967,Berlin,Hasenheide,56,,017643322483,http://www.kirschkern-eV.de,26,Kindertagesstätte,Situationsansatz,,0772,Kirschkern e.V.,freie Träger,http://www.kirschkern-ev.de,13.40941879,52.48912517
02061480,EKT Lindenblüte,02,Friedrichshain-Kreuzberg,10999,Berlin,Forster Str.,56,,6117735,http://www.ekt-lindenbluete.de,13,Eltern-Initiativ-Kindertagesstätte,Sonstiges/Situationsansatz/Montessori-Pädagogik/Ansatz von Emmi Pikler,,0829,Eltern-Initiativ-Kindertagesstätte Lindenblüte e.V.,freie Träger,http://www.ekt-lindenbluete.de,13.43435527,52.49596018
02061490,Waldorfkindergarten Kreuzberg,02,Friedrichshain-Kreuzberg,10969,Berlin,Alte Jakobstr.,10,,030 614 30 87,http://www.waldorfkindergartenkreuzberg.de,97,Kindertagesstätte,Waldorfpädagogik,,1272,Waldorfkindergarten Kreuzberg e.V.,freie Träger,http://www.waldorfkindergartenkreuzberg.de,13.39968979,52.50348841
02061510,KOTTI e.V.,02,Friedrichshain-Kreuzberg,10997,Berlin,Adalbertstr.,87,-88,030 615 5706,http://www.kotti-berlin.de/kita-adalbertstrasse-87und-88,50,Kindertagesstätte,Sonstiges,,1240,KOTTI - Nachbarschafts- und Gemeinwesenverein am Kottbusser Tor e.V.,freie Träger,http://www.kotti-berlin.de,13.41953813,52.50189786
02061520,Kita KOTTI,02,Friedrichshain-Kreuzberg,10999,Berlin,Dresdener Str.,14,,030 615 32 00,http://www.kotti-berlin.de,38,Kindertagesstätte,Sonstiges,,1240,KOTTI - Nachbarschafts- und Gemeinwesenverein am Kottbusser Tor e.V.,freie Träger,http://www.kotti-berlin.de,13.41722459,52.50087243
02061530,Waldorfkindertagesstätte im Forum Kreuzberg,02,Friedrichshain-Kreuzberg,10997,Berlin,Eisenbahnstr.,21,,030 611089-13,http://www.forumkreuzberg.de,20,Kindertagesstätte,Waldorfpädagogik,,1223,Forum Kreuzberg e.V.,freie Träger,http://www.forumkreuzberg.de,13.43449981,52.50400009
02061560,Europa-Kita VAK e.V. Oranienstr. 4,02,Friedrichshain-Kreuzberg,10997,Berlin,Oranienstr.,4,,030 618 63 19,http://www.vak-kitas.de,82,Kindertagesstätte,Situationsansatz,,1267,VAK e.V. - Kindertagesstätten,freie Träger,http://www.vak-kitas.de,13.42541197,52.49971034
02061600,EKT - Whistcastle of Eternia,02,Friedrichshain-Kreuzberg,10997,Berlin,Görlitzer Str.,33,,030 84423068,http://www.whistcastle.de,17,Eltern-Initiativ-Kindertagesstätte,Situationsansatz,,1065,Whistcastle of Eternia e.V.,freie Träger,,13.44446942,52.49542736
02061670,"EKT - ""Wildblume"" e.V.",02,Friedrichshain-Kreuzberg,10965,Berlin,Heimstr.,16,,030 695 64451,http://www.kila-wildblume.de,15,Eltern-Initiativ-Kindertagesstätte,Situationsansatz/Montessori-Pädagogik/Ansatz von Emmi Pikler,,1099,"Integrations-Kinderladen ""Wildblume"" e.V.",freie Träger,http://www.kila-wildblume.de,13.39697655,52.48731904
02061690,Kita Monumentenbande e.V.,02,Friedrichshain-Kreuzberg,10965,Berlin,Monumentenstr.,16,,+491773876294,http://www.monumentenbande.de,15,Eltern-Initiativ-Kindertagesstätte,,,0583,Monumentenbande e. V.,freie Träger,http://www.monumentenbande.de,13.3742982,52.4876632
02061710,EKT Guten Tag Kinder,02,Friedrichshain-Kreuzberg,10961,Berlin,Fürbringerstr.,27,,030 6913932,https://gutentagkinder.de/,14,Eltern-Initiativ-Kindertagesstätte,Situationsansatz/Reggio-Pädagogik,,0661,Guten Tag Kinder e.V.,freie Träger,http://www.gutentagkinder.de,13.39594772,52.49325002
02061750,Kita Oranienstraße,02,Friedrichshain-Kreuzberg,10969,Berlin,Oranienstr.,56,,030 44383151,https://www.pfefferwerk.de/kindertagesstaetten/kita-oranienstrasse/,120,Kindertagesstätte,Sonstiges/Situationsansatz/Ansatz von Emmi Pikler,,1202,Pfefferwerk Stadtkultur gGmbH,freie Träger,http://www.pfefferwerk.de,13.41224738,52.50407309
02061770,EKT - Kinderladen Luftabong,02,Friedrichshain-Kreuzberg,10965,Berlin,Yorckstr.,88H,,030 786 84 30,http://www.kinderladen-luftabong.de,18,Eltern-Initiativ-Kindertagesstätte,Montessori-Pädagogik,,0753,Kinderladen LUFTABONG e. V.,freie Träger,http://www.kinderladen-luftabong.de,13.38628356,52.49251258
02061790,Kita Köpenicker Straße 174,02,Friedrichshain-Kreuzberg,10997,Berlin,Köpenicker Str.,174,,030 61240-35,http://www.forumkreuzberg.de,20,Kindertagesstätte,Waldorfpädagogik,,1223,Forum Kreuzberg e.V.,freie Träger,http://www.forumkreuzberg.de,13.43522315,52.50416881
02061800,EKT - Katzbach-Piraten,02,Friedrichshain-Kreuzberg,10965,Berlin,Katzbachstr.,19,,030 785 55 40,http://www.katzbachpiraten.de,14,Eltern-Initiativ-Kindertagesstätte,Situationsansatz,,0708,KATZBACH-PIRATEN e.V.,freie Träger,http://www.katzbachpiraten.de,13.3764176,52.48706473
02061810,EKT - Veda-Lila Kindergarten,02,Friedrichshain-Kreuzberg,10965,Berlin,Arndtstr.,42,,27694096,http://kita veda-lila.de,15,Eltern-Initiativ-Kindertagesstätte,Offene-Arbeit/Situationsansatz,,1029,Veda-Lila-Kindergarten e.V.,freie Träger,http://kita-veda-lila.de,13.39603618,52.48802648
02061820,Kita Leuschnerdamm 33,02,Friedrichshain-Kreuzberg,10999,Berlin,Leuschnerdamm,33,,030 55281303,http://www.kindergaertencity.de/leuschnerdamm-33,123,Kindertagesstätte,Offene-Arbeit,,0120,Kindergärten City,Eigenbetriebe,http://www.kindergaertencity.de,13.41752158,52.50338169
02061830,Kita Wilhelmstr. 14a/Kigä City,02,Friedrichshain-Kreuzberg,10963,Berlin,Wilhelmstr.,14A,,030 9700 8260,http://www.kindergaertencity.de/wilhelmstr-14-a,139,Kindertagesstätte,Sonstiges/Offene-Arbeit,,0120,Kindergärten City,Eigenbetriebe,http://www.kindergaertencity.de,13.38965017,52.5023282
02061850,EKT - Tentakel,02,Friedrichshain-Kreuzberg,10999,Berlin,Ohlauer Str.,39,/41,030 54594692,http://www.tentakel.de,36,Eltern-Initiativ-Kindertagesstätte,Situationsansatz,,0590,Tentakel e.V.,freie Träger,http://www.tentakel.de,13.42952642,52.49447019
02061860,Kita Schwiebusser Str. 5/Kigä City,02,Friedrichshain-Kreuzberg,10965,Berlin,Schwiebusser Str.,5,,030 50586541,http://www.kindergaertencity.de/schwiebusser-str-5,90,Kindertagesstätte,Offene-Arbeit/Situationsansatz,,0120,Kindergärten City,Eigenbetriebe,http://www.kindergaertencity.de,13.3930122,52.48601099
02061870,Kita Markgrafenstraße,02,Friedrichshain-Kreuzberg,10969,Berlin,Markgrafenstr.,80,,030 818 87 961,https://www.inakindergarten.de/berlin/kita-markgrafenstrasse,100,Kindertagesstätte,Situationsansatz,,1312,INA.KINDER.GARTEN gGmbH,freie Träger,http://www.inakindergarten.de,13.39449243,52.50424618
02061890,Kinderladen Kreuzbären,02,Friedrichshain-Kreuzberg,10967,Berlin,Boppstr.,9,,030 6943598,,20,Eltern-Initiativ-Kindertagesstätte,Situationsansatz,,0713,Kinderladen Kreuzbären e.V.,freie Träger,,13.42253607,52.49057665
02061900,Frühblüher e.V.,02,Friedrichshain-Kreuzberg,10967,Berlin,Graefestr.,84,,030 5524 6198,,20,Eltern-Initiativ-Kindertagesstätte,Montessori-Pädagogik,,0575,Frühblüher e.V.,freie Träger,,13.41886155,52.49417231
02061930,Kita Till Eulenspiegel-Kette,02,Friedrichshain-Kreuzberg,10997,Berlin,Adalbertstr.,23B,,030 75453164,http://www.tilleulenspiegelkette.de,22,Kindertagesstätte,Situationsansatz,,1259,"Eltern - Kinder - Schüler - Gruppe ""Till Eulenspiegel Kette"" e.V.",freie Träger,http://www.tilleulenspiegelkette.de,13.42203186,52.50445395
02061950,Kita Till Eulenspiegel-Kette,02,Friedrichshain-Kreuzberg,10999,Berlin,Admiralstr.,20,,030 615 76 97,http://www.tilleulenspiegelkette.de,15,Kindertagesstätte,Situationsansatz,,1259,"Eltern - Kinder - Schüler - Gruppe ""Till Eulenspiegel Kette"" e.V.",freie Träger,http://www.tilleulenspiegelkette.de,13.41558696,52.49573188
02061970,Eltern-Kind-Gruppe Kreuzberg-Nord,02,Friedrichshain-Kreuzberg,10997,Berlin,Mariannenplatz,2A,,030 6145900,http://www.spielraeumeimbethanien.info,54,Kindertagesstätte,Offene-Arbeit/Situationsansatz,,1237,Eltern-Kindergruppe Kreuzberg-Nord e.V.,freie Träger,http://www.spielraeumeimbethanien.info,13.42386912,52.5035092
02061980,Eltern-Kinder-Schülergruppe Modell Florian,02,Friedrichshain-Kreuzberg,10997,Berlin,Waldemarstr.,57,,030 6148146,,34,Kindertagesstätte,Situationsansatz/Sonstiges,,1217,"Eltern-Kinder-Gruppe ""Florian"" e. V.",freie Träger,,13.42231174,52.50305687
02061990,EKT - Nasreddin,02,Friedrichshain-Kreuzberg,10963,Berlin,Großbeerenstr.,94,,030 251 01 07,,22,Eltern-Initiativ-Kindertagesstätte,Montessori-Pädagogik,,0871,Nasreddin e.V.,freie Träger,http://www.nasreddin-kindertagesstaette.de,13.38606438,52.50034805
02062000,Kita BABB Kreuzberg I,02,Friedrichshain-Kreuzberg,10999,Berlin,Liegnitzer Str.,14,,030 611 97 54,https://www.taeks.de/babb-kreuzberg,19,Eltern-Initiativ-Kindertagesstätte,Ansatz von Emmi Pikler,,0564,TÄKS e. V.,freie Träger,https://www.taeks.de,13.43468956,52.49382018
02062030,EKT - Mondlicht I,02,Friedrichshain-Kreuzberg,10967,Berlin,Böckhstr.,11,,0306948233,,51,Kindertagesstätte,Situationsansatz,,1232,"Frauenverein ""Cemiyet-i Nisa"" Verein zur Förderung der Familie und Jugend e.V.",freie Träger,,13.41749063,52.49391599
02062060,EKT Herzlichtgarten,02,Friedrichshain-Kreuzberg,10967,Berlin,Hasenheide,51,,030 69533301,,18,Eltern-Initiativ-Kindertagesstätte,Montessori-Pädagogik,,0670,Herzlichtgarten e.V.,freie Träger,http://www.herzlichtgarten.de,13.41050364,52.48898061
02062070,Kita KOTTI,02,Friedrichshain-Kreuzberg,10969,Berlin,Alte Jakobstr.,172,,030 616 19 85,http://www.kotti-berlin.de,25,Kindertagesstätte,Sonstiges,,1240,KOTTI - Nachbarschafts- und Gemeinwesenverein am Kottbusser Tor e.V.,freie Träger,http://www.kotti-berlin.de,13.397752,52.50091331
02062080,EKT - Neumond,02,Friedrichshain-Kreuzberg,10967,Berlin,Jahnstr.,14,,030 691 72 39,,30,Kindertagesstätte,Situationsansatz,,1232,"Frauenverein ""Cemiyet-i Nisa"" Verein zur Förderung der Familie und Jugend e.V.",freie Träger,,13.41971825,52.48852414
02062090,Kita Spielhaus,02,Friedrichshain-Kreuzberg,10961,Berlin,Urbanstr.,21,,030 690497-14,,29,Kindertagesstätte,,,1251,Nachbarschaftshaus Urbanstr. e.V.,freie Träger,http://www.nachbarschaftshaus.de,13.40793058,52.49279777
02062100,Kita Tausend Fühler /Nachbarschaftshs Urbanstr.,02,Friedrichshain-Kreuzberg,10965,Berlin,Friesenstr.,4,,030 6946890,,14,Kindertagesstätte,Situationsansatz,,1251,Nachbarschaftshaus Urbanstr. e.V.,freie Träger,http://www.nachbarschaftshaus.de,13.39424539,52.48846523
02062130,Waldorfkindertagesstätte im FORUM Kreuzberg,02,Friedrichshain-Kreuzberg,10997,Berlin,Eisenbahnstr.,9,,030 611089-13,http://www.forumkreuzberg.de,20,Kindertagesstätte,Waldorfpädagogik,,1223,Forum Kreuzberg e.V.,freie Träger,http://www.forumkreuzberg.de,13.43295918,52.50249348
02062150,EKT - Spreesprotte,02,Friedrichshain-Kreuzberg,10999,Berlin,Glogauer Str.,26,,030 43920541,,34,Eltern-Initiativ-Kindertagesstätte,Situationsansatz/Ansatz von Emmi Pikler/Montessori-Pädagogik,,1119,Spreesprotten e. V.,freie Träger,http://www.spreesprotten.de,13.43735523,52.49315776
02062170,EKT - Kulturschlüssel,02,Friedrichshain-Kreuzberg,10965,Berlin,Großbeerenstr.,56C,,030 7889 6675,http://www.kulturschluessel.de,23,Eltern-Initiativ-Kindertagesstätte,Situationsansatz,,1120,Kulturschlüssel e.V.,freie Träger,http://www.kulturschluessel.de,13.38410875,52.49216821
02062180,Europa-Kita VAK e.V. Reichenberger Str. 156 A.,02,Friedrichshain-Kreuzberg,10999,Berlin,Reichenberger Str.,156,A,030 61076668,http://www.vak-kitas.de,70,Kindertagesstätte,Situationsansatz,,1267,VAK e.V. - Kindertagesstätten,freie Träger,http://www.vak-kitas.de,13.42387774,52.49822536
02062190,"EKT - ""Wildblume"" e.V.",02,Friedrichshain-Kreuzberg,10965,Berlin,Fidicinstr.,23,,030 6956 4584,http://www.kila-wildblume.de,15,Eltern-Initiativ-Kindertagesstätte,Situationsansatz/Montessori-Pädagogik/Ansatz von Emmi Pikler,,1099,"Integrations-Kinderladen ""Wildblume"" e.V.",freie Träger,http://www.kila-wildblume.de,13.39378863,52.48644861
02062200,Integrationskinderladen Fidicinis,02,Friedrichshain-Kreuzberg,10961,Berlin,Solmsstr.,22,,017650468993,http://www.kinderladen-fidicinis.de,24,Eltern-Initiativ-Kindertagesstätte,Situationsansatz/Ansatz von Emmi Pikler,,1136,fidicinis e.V.,freie Träger,http://www.kinderladen-fidicinis.de,13.39222395,52.490744
02062210,EKT Bunte Mischung,02,Friedrichshain-Kreuzberg,10967,Berlin,Böckhstr.,48,,030 74073555,,25,Eltern-Initiativ-Kindertagesstätte,Situationsansatz,,1139,Bunte Mischung e.V.,freie Träger,,13.41732836,52.49424385
02062220,EKT Girotondo,02,Friedrichshain-Kreuzberg,10961,Berlin,Bergmannstr.,98,,030 69815328,http://www.girotondo-berlin.de,30,Eltern-Initiativ-Kindertagesstätte,Reggio-Pädagogik/Offene-Arbeit,,1141,Eltern-Initiativ-Kindertagesstätte Girotondo e. V.,freie Träger,http://www.girotondo-berlin.de,13.3908755,52.4896737
02062240,Kita Kunterbunt 1,02,Friedrichshain-Kreuzberg,10999,Berlin,Reichenberger Str.,62,,030 53097225,,30,Eltern-Initiativ-Kindertagesstätte,Situationsansatz,,1151,Elternverein für Erziehung und Bildung e.V.,freie Träger,,13.42982482,52.49548025
02062260,EKT - Macht nix,02,Friedrichshain-Kreuzberg,10965,Berlin,Kreuzbergstr.,43,,030 7895 0708,http://www.machtnixev.de,16,Eltern-Initiativ-Kindertagesstätte,Situationsansatz,,0834,Macht nix e.V.,freie Träger,http://www.machtnixev.de,13.37450798,52.48852474
02062270,Kinderladen Grüffelo,02,Friedrichshain-Kreuzberg,10961,Berlin,Zossener Str.,36,,030 6942457,,15,Kindertagesstätte,Situationsansatz,,7375,Kinderladen Grüffelo e.V.,freie Träger,,13.39448497,52.49090508
02062280,EKT Fino und Fleur,02,Friedrichshain-Kreuzberg,10965,Berlin,Jüterboger Str.,8,,6926284,http://www.finofleur-kinderladen.de,17,Eltern-Initiativ-Kindertagesstätte,Situationsansatz,,1167,FINO und FLEUR e.V.,freie Träger,http://www.finofleur-kinderladen.de,13.39567218,52.48657488
02062290,Kita Sonnenblümchen,02,Friedrichshain-Kreuzberg,10967,Berlin,Graefestr.,43,,030 25942790,,42,Kindertagesstätte,Situationsansatz,,1169,Kita Sonnenblümchen gemeinnützige GmbH,freie Träger,,13.41423737,52.48873671
02062300,EKT- Kindervilla Waldemar (Springerareal),02,Friedrichshain-Kreuzberg,10969,Berlin,Markgrafenstr.,15A,,030 2594 2951,,80,Eltern-Initiativ-Kindertagesstätte,Ansatz von Emmi Pikler/Situationsansatz,,1106,VEREIN KINDERVILLA WALDEMAR e. V.,freie Träger,http://www.kindervilla-waldemar.de,13.39530029,52.50582339
02062310,EKT - Knatterbande,02,Friedrichshain-Kreuzberg,10967,Berlin,Graefestr.,6,,030 6981 7780,http://www.knatterbande.de,18,Eltern-Initiativ-Kindertagesstätte,Montessori-Pädagogik,,1196,Knatterbande e. V.,freie Träger,http://www.knatterbande.de,13.41882951,52.49469993
02062320,EKT - Spreesprotte,02,Friedrichshain-Kreuzberg,10999,Berlin,Glogauer Str.,32,,030 43920541,http://www.spreesprotten.de,24,Eltern-Initiativ-Kindertagesstätte,Situationsansatz/Ansatz von Emmi Pikler/Montessori-Pädagogik,,1119,Spreesprotten e. V.,freie Träger,http://www.spreesprotten.de,13.4386052,52.49442313
02062330,Kita BABB Kreuzberg II,02,Friedrichshain-Kreuzberg,10999,Berlin,Liegnitzer Str.,17,,030 6128 9737,https://www.taeks.de/babb-kreuzberg,30,Eltern-Initiativ-Kindertagesstätte,Reggio-Pädagogik/Montessori-Pädagogik,,0564,TÄKS e. V.,freie Träger,https://www.taeks.de,13.43414723,52.49327449
02062400,Kita Stallschreiber Str.13,02,Friedrichshain-Kreuzberg,10969,Berlin,Stallschreiberstr.,13,,030 6953 99 990,http://www.ortefuerkinder.de/unsere-kitas/stallschreiberstr-/,113,Kindertagesstätte,,,0107,Orte für Kinder GmbH,freie Träger,http://www.ortefuerkinder.de,13.40881874,52.50615432
02062410,EKT Schippe und Eimer,02,Friedrichshain-Kreuzberg,10997,Berlin,Muskauer Str.,55,,030 6165 7396,http://www.schippeundeimer.de,30,Eltern-Initiativ-Kindertagesstätte,Situationsansatz,,0950,Schippe und Eimer e.V.,freie Träger,http://www.schippeundeimer.de,13.43354973,52.50047022
02062420,Kinderladen Frieda Kirschkern,02,Friedrichshain-Kreuzberg,10967,Berlin,Dieffenbachstr.,27,,017643317789,http://www.kirschkern-ev.de,25,Eltern-Initiativ-Kindertagesstätte,Situationsansatz,,0772,Kirschkern e.V.,freie Träger,http://www.kirschkern-ev.de,13.4174758,52.4921958
02062440,Kita Trauminsel,02,Friedrichshain-Kreuzberg,10963,Berlin,Wilhelmstr.,15,,030- 25923697,,20,Eltern-Initiativ-Kindertagesstätte,Situationsansatz,,1381,Trauminsel e.V.,freie Träger,,13.38864129,52.50260038
02062450,EKT Löwenherz & Spunk e.V.,02,Friedrichshain-Kreuzberg,10961,Berlin,Bergmannstr.,68,,030 80206776,,25,Eltern-Initiativ-Kindertagesstätte,Situationsansatz/Montessori-Pädagogik,,1387,EiKita Löwenherz & Spunk e.V.,freie Träger,,13.40043345,52.48897974
02062470,EKT Bessere Zukunft für Kinder,02,Friedrichshain-Kreuzberg,10997,Berlin,Muskauer Str.,11A,,030 6186847,http://kita-zumpelchen.de,15,Eltern-Initiativ-Kindertagesstätte,Situationsansatz,,0543,Bessere Zukunft für Kinder e.V.,freie Träger,http://kita-zumpelchen.de,13.43130684,52.50165218
02062510,Kindertagesstätte Sonnenkäferhaus,02,Friedrichshain-Kreuzberg,10999,Berlin,Ratiborstr.,8,Reichenberger Str. 91,473774380,http://www.sonnenkaeferhaus.de,76,Kindertagesstätte,Waldorfpädagogik/Ansatz von Emmi Pikler,,7357,Sonnenkäferhaus gGmbH,freie Träger,http://www.sonnenkaeferhaus.de,13.43878085,52.49270815
02062530,EKT Jungle,02,Friedrichshain-Kreuzberg,10999,Berlin,Ohlauer Str.,1,,030 6165 1161,http://www.kita-jungle.de,25,Eltern-Initiativ-Kindertagesstätte,Situationsansatz,,7385,Jungle e. V.,freie Träger,http://www.kita-jungle.de,13.43206267,52.4970483
02062540,EKT Krümelmonster e.V.,02,Friedrichshain-Kreuzberg,10961,Berlin,Bergmannstr.,3,,030 43925563,http://www.ekt-kruemelmonster.de,17,Eltern-Initiativ-Kindertagesstätte,Situationsansatz,,0810,Krümelmonster e.V.,freie Träger,http://www.ekt-kruemelmonster.de,13.38796848,52.48977978
02062550,Kita Trauminsel,02,Friedrichshain-Kreuzberg,10963,Berlin,Wilhelmstr.,3,,030- 25938954,,40,Eltern-Initiativ-Kindertagesstätte,Situationsansatz,,1381,Trauminsel e.V.,freie Träger,,13.38967617,52.50024622
02062560,Kita Wolkenzwerge,02,Friedrichshain-Kreuzberg,10969,Berlin,Markgrafenstr.,20,,03025898744,http://www.familienservice.de/web/wolkenzwerge,80,Kindertagesstätte,Ansatz von Emmi Pikler,,7441,PME Familienservice gGmbH - Zweigniederlassung Berlin,freie Träger,http://www.familienservice.de,13.39445211,52.5076164
02062570,Nestwärme,02,Friedrichshain-Kreuzberg,10969,Berlin,Ritterstr.,36,,030 24729098,http://www.kita-ritterburg.de,90,Kindertagesstätte,Sonstiges,,0570,"Nestwärme - Verein zur Betreuung u. Beratung von AIDS-betroffenen Familien, Kindern u. Jugendlichen e.V.",freie Träger,http://www.nestwaerme-berlin.de,13.40449866,52.50334307
02062580,Kinderladen Cuvrybande,02,Friedrichshain-Kreuzberg,10997,Berlin,Cuvrystr.,21,,030 6115156,,20,Kindertagesstätte,Situationsansatz,,7529,Kinderladen Cuvrybande e. V.,freie Träger,,13.44332463,52.49730941
02062590,Kita Kunterbunt 2,02,Friedrichshain-Kreuzberg,10999,Berlin,Wiener Str.,1,- 6,030 69516797,,30,Eltern-Initiativ-Kindertagesstätte,Situationsansatz,,1151,Elternverein für Erziehung und Bildung e.V.,freie Träger,,13.42675263,52.49892617
02062600,Kita Stresemannstraße,02,Friedrichshain-Kreuzberg,10963,Berlin,Stresemannstr.,35,,030 2510107,,13,Eltern-Initiativ-Kindertagesstätte,Montessori-Pädagogik,,0871,Nasreddin e.V.,freie Träger,http://www.nasreddin-kindertagesstaette.de,13.38685641,52.50056565
02062620,Kita Bienchen,02,Friedrichshain-Kreuzberg,10963,Berlin,Hedemannstr.,7,,030 66774910,http://bilingua.org/kita-bienchen-1,24,Kindertagesstätte,Situationsansatz,,7828,Bilingua gGmbH,freie Träger,http://bilingua.org,13.38755951,52.50268994
02062630,Kita Fontanepromenade,02,Friedrichshain-Kreuzberg,10967,Berlin,Fontanepromenade,10,,017643473120,,22,Kindertagesstätte,Sonstiges,,0686,Ingrids Kindergarten e.V.,freie Träger,,13.40838405,52.49126732
02062640,Wildfang Kindergarten auf dem Dach,02,Friedrichshain-Kreuzberg,10969,Berlin,Prinzenstr.,85D,,030-62739764,http://www.wildfang-kindergarten.de,73,Kindertagesstätte,Sonstiges,,7954,"""Wildfang"" Kinder gGmbH",freie Träger,http://www.wildfang-kindergarten.de,13.40999737,52.50305566
02062670,Die kleine Welt,02,Friedrichshain-Kreuzberg,10999,Berlin,Forster Str.,17,,030 61655720,http://www.schippeundeimer.de,19,Eltern-Initiativ-Kindertagesstätte,Situationsansatz/Reggio-Pädagogik,,0950,Schippe und Eimer e.V.,freie Träger,http://www.schippeundeimer.de,13.43182457,52.49401066
02062680,Kita EMMA APFEL,02,Friedrichshain-Kreuzberg,10963,Berlin,Hornstr.,13,,030 548 499 86,http://www.EMMAAPFEL.de,50,Kindertagesstätte,Montessori-Pädagogik,,8046,EMMA gemeinnützige GmbH,freie Träger,http://www.emmaapfel.de,13.38016949,52.49462466
02062690,Kita im tam.,02,Friedrichshain-Kreuzberg,10963,Berlin,Wilhelmstr.,116,-117,030 23 00 55 40,http://www.diakonie-stadtmitte.de,115,Kindertagesstätte,Sonstiges,,1221,EJF gemeinnützige AG,freie Träger,http://www.ejf.de,13.3859914,52.50414967
02062710,Kita-kinderbunt,02,Friedrichshain-Kreuzberg,10999,Berlin,Ohlauer Str.,44,,030 68328297,http://www.kita-kinderbunt.de,20,Kindertagesstätte,Situationsansatz/Montessori-Pädagogik,,8177,Kita-kinderbunt UG (haftungsbeschränkt),freie Träger,http://www.kita-kinderbunt.de,13.42871608,52.49421576
02062720,EKT Katzbachstraße,02,Friedrichshain-Kreuzberg,10965,Berlin,Katzbachstr.,29,,030 78717275,,23,Eltern-Initiativ-Kindertagesstätte,Montessori-Pädagogik,,8237,Neues aus Kreuzberg e. V.,freie Träger,,13.37698713,52.4897573
02062730,Montehaus Piepmatz,02,Friedrichshain-Kreuzberg,10961,Berlin,Bergmannstr.,5,,0152 56083818,http://www.montehauspiepmatz.de,18,Kindertagesstätte,Situationsansatz,,9209,Montehaus Piepmatz gGmbH,freie Träger,http://www.montehauspiepmatz.com,13.38876387,52.48966894
02062760,Kiezpiraten,02,Friedrichshain-Kreuzberg,10967,Berlin,Urbanstr.,137,,030/39203828,https://www.taeks.de/kiezpiraten,45,Kindertagesstätte,Ansatz von Emmi Pikler/Reggio-Pädagogik,,0564,TÄKS e. V.,freie Träger,https://www.taeks.de,13.41398217,52.49177678
02062770,Kita Bethaniendamm,02,Friedrichshain-Kreuzberg,10999,Berlin,Bethaniendamm,63,- 65,030 6953999-70,http://www.jugendwohnen-berlin.de/kita-bethaniendamm.0.html,120,Kindertagesstätte,Sonstiges/Offene-Arbeit,,8071,Juwo - Kita gGmbH,freie Träger,http://www.juwo-kita.de,13.42013222,52.50541042
02062800,Humanistische Kindertagesstätte Flottwellstraße,02,Friedrichshain-Kreuzberg,10785,Berlin,Flottwellstr.,44A,,32534630,http://www.humanistischekitas.de,32,Kindertagesstätte,Offene-Arbeit/Sonstiges/Situationsansatz,,1230,"Humanistischer Verband Deutschlands, Landesverband Berlin-Brandenburg KdöR",freie Träger,https://humanistisch.de/kitas/,13.37249361,52.5027206
02062820,Humanistische Kindertagesstätte Möckernstraße 139,02,Friedrichshain-Kreuzberg,10963,Berlin,Möckernstr.,139,,340450860,http://www.humanistischekitas.de,70,Kindertagesstätte,Offene-Arbeit/Freinet-Pädagogik,,1230,"Humanistischer Verband Deutschlands, Landesverband Berlin-Brandenburg KdöR",freie Träger,https://humanistisch.de/kitas/,13.38320853,52.50208761
02062830,Kita Farbkleckse,02,Friedrichshain-Kreuzberg,10965,Berlin,Eylauer Str.,13,,030/75003111,http://www.ustun-bildungsstaette.de,25,Kindertagesstätte,Situationsansatz/Reggio-Pädagogik,,8723,Üstün Bildungsstätte gGmbH,freie Träger,http://ustun-bildungsstaette.de,13.37471326,52.48551373
02062840,Möckernkiez 6,02,Friedrichshain-Kreuzberg,10963,Berlin,Möckernkiez,6,,0176 55273515‬,http://www.emmaapfel.de,20,Kindertagesstätte,Montessori-Pädagogik,,8046,EMMA gemeinnützige GmbH,freie Träger,http://www.emmaapfel.de,13.37646943,52.49241509
02062850,"Lernwerkstatt, Die Globale e.V. (nur Sprachförderung)",02,Friedrichshain-Kreuzberg,10969,Berlin,Brandesstr.,1,,,,15,Kindertagesstätte,,,8017,"Die Globale e.V. Ländliche, urbane und kosmopolitischeProjekte für Berlin und Brandenburg",freie Träger,http://dieglobale.org,13.3949867,52.49880788
02062860,Kita Piya,02,Friedrichshain-Kreuzberg,10997,Berlin,Muskauer Str.,44,,030 69531180,https://yekmal.de,45,Kindertagesstätte,Offene-Arbeit,,4908,VEREIN DER ELTERN AUS KURDISTAN IN DEUTSCHLAND e.V. (YEKMAL),freie Träger,https://yekmal.de,13.42988941,52.50189533
02062870,Kita Blücherstraße 33,02,Friedrichshain-Kreuzberg,10961,Berlin,Blücherstr.,33,,03055064645,http://www.ustun-bildungsstaette.de,28,Kindertagesstätte,Reggio-Pädagogik/Situationsansatz,,8723,Üstün Bildungsstätte gGmbH,freie Träger,http://ustun-bildungsstaette.de,13.40365436,52.49130699
02062880,Kita Köpenicker Straße 175,02,Friedrichshain-Kreuzberg,10997,Berlin,Köpenicker Str.,175,,030 017644577933,https://forumkreuzberg.de/s/arbeiten/naturkindergarten/,15,Kindertagesstätte,Waldorfpädagogik,,8871,Naturkind Forum Kreuzberg gUG,freie Träger,https://forumkreuzberg.de/s/arbeiten/naturkindergarten/,13.43539519,52.50409556
02062890,Stadtteil-Kita Blücherstraße,02,Friedrichshain-Kreuzberg,10961,Berlin,Blücherstr.,25,,030 91451312,https://www.jugendwohnen-berlin.de/kindertagesstaetten/stadtteil-kita-bluecherstrasse/,80,Kindertagesstätte,Sonstiges/Offene-Arbeit,,8071,Juwo - Kita gGmbH,freie Träger,http://www.juwo-kita.de,13.40007961,52.49353045
02062900,Axel-Springer-Straße / Grashüpfer,02,Friedrichshain-Kreuzberg,10969,Berlin,Axel-Springer-Str.,65,,19945182,https://www.familienservice.de/web/wolkenzwerge-grashupfer,,Kindertagesstätte,Ansatz von Emmi Pikler/Situationsansatz,,7441,PME Familienservice gGmbH - Zweigniederlassung Berlin,freie Träger,http://www.familienservice.de,13.3975321,52.5078101
02062940,Kita Eylauer Str. 15 A,02,Friedrichshain-Kreuzberg,10965,Berlin,Eylauer Str.,15A,,5166 7106,http://www.kenntnisreich-kindertagesstaetten.de,36,Kindertagesstätte,Situationsansatz,,8259,Kenntnisreich Kindertagesstätten gGmbH,freie Träger,http://www.kenntnisreich-kindertagesstaetten.de,13.3752211,52.48556116
02062950,Kita EMMA&JONTE,02,Friedrichshain-Kreuzberg,10963,Berlin,Obentrautstr.,52,,695 183 50,http://www.emmaundjonte.de,25,Kindertagesstätte,Montessori-Pädagogik,,8046,EMMA gemeinnützige GmbH,freie Träger,http://www.emmaapfel.de,13.38304903,52.49708356
02063010,Kita Robinienwäldchen,02,Friedrichshain-Kreuzberg,10963,Berlin,Hallesches Ufer,54,,,,48,Kindertagesstätte,,,0570,"Nestwärme - Verein zur Betreuung u. Beratung von AIDS-betroffenen Familien, Kindern u. Jugendlichen e.V.",freie Träger,http://www.nestwaerme-berlin.de,13.38312329,52.50015864
03040010,Am Hain,03,Pankow,10407,Berlin,Am Friedrichshain,18A,,4250106,https://www.kigaeno.de/am-hain/,83,Kindertagesstätte,,,0121,Kindergärten NordOst,Eigenbetriebe,http://www.kigaeno.de,13.42993854,52.52949489
03040020,Kita Pinocchio,03,Pankow,10405,Berlin,Belforter Str.,11,,0304431885200,http://hanna-ggmbh.de/unsere-kitas/pinocchio,234,Kindertagesstätte,Situationsansatz,,1299,Hanna gGmbH Kita-Trägerschaften,freie Träger,http://www.hanna-ggmbh.de,13.4183529,52.53210625
03040080,Kita Sonnenmäuse/Kigä NordOst,03,Pankow,10407,Berlin,Conrad-Blenkle-Str.,46,,42161469,https://www.kigaeno.de/conrad-benkle-strasse/,183,Kindertagesstätte,Montessori-Pädagogik,,0121,Kindergärten NordOst,Eigenbetriebe,http://www.kigaeno.de,13.44542117,52.53195294
03040110,Kita Prenzelberger Schwalbennest/Kigä NordOst,03,Pankow,10405,Berlin,Diesterwegstr.,10,,4239854,,185,Kindertagesstätte,Situationsansatz,,0121,Kindergärten NordOst,Eigenbetriebe,http://www.kigaeno.de,13.4277456,52.53950244
03040140,EKT Grashüpfer,03,Pankow,10437,Berlin,Gaudystr.,9,,030 01792443153‬,http://grashuepfer-berlin.de,19,Eltern-Initiativ-Kindertagesstätte,Sonstiges,,1109,Grashüpfer e. V.,freie Träger,http://grashuepfer-berlin.de,13.41045565,52.54649308
03040150,Kita Drieselmäuse,03,Pankow,10439,Berlin,Driesener Str.,24,,030 4454368,http://www.forum-soziale-dienste.de,65,Kindertagesstätte,Offene-Arbeit,,1334,Forum Soziale Dienste GmbH,freie Träger,http://www.forum-soziale-dienste.de,13.40558153,52.55157399
03040190,Kindergarten am Hirschhof,03,Pankow,10437,Berlin,Eberswalder Str.,11,,030 4484450,http://www.kindergarten-am-hirschhof.de,100,Kindertagesstätte,Situationsansatz,,1341,NETZWERK SPIEL/KULTUR Prenzlauer Berg e. V.,freie Träger,http://www.netzwerkspielkultur.de,13.40764172,52.54058412
03040200,Kindergarten Elements und Hexenkleckshausen,03,Pankow,10247,Berlin,Eldenaer Str.,46,,030 4202 9013,https://klax.de/de/kitas/einrichtungen,133,Kindertagesstätte,Sonstiges,,1214,KLAX Berlin gGmbH,freie Träger,http://klax.de,13.46039597,52.5203637
03040210,Kita Erich-Weinert-Str. 33/Kigä NordOst,03,Pankow,10439,Berlin,Erich-Weinert-Str.,33,,4454055,https://www.kigaeno.de/erich-weinert-strasse,48,Kindertagesstätte,Situationsansatz,,0121,Kindergärten NordOst,Eigenbetriebe,http://www.kigaeno.de,13.41920745,52.55116604
03040220,EKT - Kinder Sorpresa,03,Pankow,10435,Berlin,Schwedter Str.,29,- 36,015566034495,http://www.kitakindersorpresa.de,37,Eltern-Initiativ-Kindertagesstätte,Montessori-Pädagogik/Offene-Arbeit/Situationsansatz,,1110,Kinder Sorpresa e.V.,freie Träger,http://www.kitakindersorpresa.de,13.40666814,52.53631736
03040300,Berlin Kids international Kita,03,Pankow,10439,Berlin,Wichertstr.,24,,030 44383218,https://www.pfefferwerk.de/kindertagesstaetten/berlin-kids-international-kita/,85,Kindertagesstätte,Situationsansatz,,1202,Pfefferwerk Stadtkultur gGmbH,freie Träger,http://www.pfefferwerk.de,13.42237574,52.54771081
03040400,Kita Bambinioase,03,Pankow,10407,Berlin,Hans-Otto-Str.,40A,,030 4 235 658,https://mahale-ggmbh.de/bambini-oase/,75,Kindertagesstätte,Reggio-Pädagogik,,7543,MAHALE Familien- und Servicemanagement gGmbH,freie Träger,http://www.mahale-ggmbh.de,13.43870475,52.53222905
03040430,Kita Zwergenhausen/Kigä NordOst,03,Pankow,10405,Berlin,Jablonskistr.,33,,4427480,,195,Kindertagesstätte,Offene-Arbeit/Sonstiges,,0121,Kindergärten NordOst,Eigenbetriebe,http://www.kigaeno.de,13.42836717,52.53597184
03040440,Kindergarten Sonnenhügel,03,Pankow,10407,Berlin,John-Schehr-Str.,35,,030 4202 3010,http://sonnenhuegel-berlin.de/,200,Kindertagesstätte,Situationsansatz,,1341,NETZWERK SPIEL/KULTUR Prenzlauer Berg e. V.,freie Träger,http://www.netzwerkspielkultur.de,13.43874627,52.5359213
03040470,"Kita ""Am Wasserturm""",03,Pankow,10405,Berlin,Knaackstr.,27,,4427643,https://www.kigaeno.de/am-wasserturm/,70,Kindertagesstätte,Situationsansatz/Offene-Arbeit,,0121,Kindergärten NordOst,Eigenbetriebe,http://www.kigaeno.de,13.4181263,52.5342269
03040520,Kita Kritzelknirpse,03,Pankow,10437,Berlin,Lychener Str.,55,,44 383 331,https://www.pfefferwerk.de/kindertagesstaetten/kita-kritzelknirpse/,135,Kindertagesstätte,Situationsansatz,,1202,Pfefferwerk Stadtkultur gGmbH,freie Träger,http://www.pfefferwerk.de,13.41870411,52.54494023
03040550,Kita Rückenwind,03,Pankow,10409,Berlin,Mandelstr.,13,,030 44677740,https://kubibe.de/unsere-kitas/rueckenwind/,120,Kindertagesstätte,Situationsansatz,,8433,KUBIBE gemeinnützige GmbH,freie Träger,http://www.kubibe.de,13.44275827,52.54750421
03040610,Kita Freche Früchtchen,03,Pankow,10439,Berlin,Paul-Robeson-Str.,12,,030 44677747,https://kubibe.de/unsere-kitas/freche-fruechtchen/,70,Kindertagesstätte,Situationsansatz,,8433,KUBIBE gemeinnützige GmbH,freie Träger,http://www.kubibe.de,13.40944122,52.55260414
03040630,Kindergarten Sonnenblume/Kigä NordOst,03,Pankow,10409,Berlin,Pieskower Weg,48,/50,4232243,,135,Kindertagesstätte,Situationsansatz/Sonstiges,,0121,Kindergärten NordOst,Eigenbetriebe,http://www.kigaeno.de,13.44446294,52.54062964
03040640,Kita Prenzlauer Allee 115/116/Kigä NordOst,03,Pankow,10409,Berlin,Prenzlauer Allee,115,,4247058,,138,Kindertagesstätte,Situationsansatz,,0121,Kindergärten NordOst,Eigenbetriebe,http://www.kigaeno.de,13.43094463,52.54849814
03040660,Kinderladen Prenzlauer Berg,03,Pankow,10435,Berlin,Oderberger Str.,27,,030 4404 9295,https://tuetata.de/,21,Eltern-Initiativ-Kindertagesstätte,,,1115,Kinderladen Prenzlauer Berg e.V.,freie Träger,https://tuetata.de/,13.40605645,52.54013751
03040680,Kita Prenzlauer Berg,03,Pankow,10405,Berlin,Prenzlauer Berg,15,,030 443 40 590,https://www.inakindergarten.de/berlin/kita-prenzlauer-berg,120,Kindertagesstätte,Situationsansatz,,1312,INA.KINDER.GARTEN gGmbH,freie Träger,http://www.inakindergarten.de,13.42127309,52.52800937
03040700,"Klax Krippen Regentropfenhaus und Wolkenzwerge;Klax Kindergärten Sternschnuppenhaus, Sonnenhaus und Wirbelwind",03,Pankow,10439,Berlin,Scherenbergstr.,1,,030 4479 3363,http://www.klax-online.de,280,Kindertagesstätte,Sonstiges,,1214,KLAX Berlin gGmbH,freie Träger,http://klax.de,13.41943753,52.54986697
03040710,Kath. Kita Heilige Familie,03,Pankow,10439,Berlin,Kuglerstr.,40,,030 259365163,http://www.hf-kita.de,120,Kindertagesstätte,Situationsansatz,,9193,Kitas im Erzbistum Berlin-Zweckverband der katholischen Kirchengemeinden,freie Träger,http://hedikitas.de,13.42041373,52.55166586
03040720,Kita Helmistrolche,03,Pankow,10437,Berlin,Lettestr.,4,- 5,0304431885500,http://hanna-ggmbh.de/unsere-kitas/helmistrolche,72,Kindertagesstätte,Situationsansatz,,1299,Hanna gGmbH Kita-Trägerschaften,freie Träger,http://www.hanna-ggmbh.de,13.42002305,52.54307873
03040730,EKT Im Känguru,03,Pankow,10407,Berlin,Anton-Saefkow-Straße,64,B,0151 59108277,http://www.imkaenguru.de,33,Eltern-Initiativ-Kindertagesstätte,Montessori-Pädagogik,,1116,EKT - Im Känguru e.V.,freie Träger,http://www.imkaenguru.de,13.44429551,52.5348204
03040740,Kita Tigerenten/Kigä NordOst,03,Pankow,10435,Berlin,Schönhauser Allee,165,,4481659,,75,Kindertagesstätte,Situationsansatz,,0121,Kindergärten NordOst,Eigenbetriebe,http://www.kigaeno.de,13.41204194,52.53500032
03040760,Kita Zum klingenden Bäumchen,03,Pankow,10439,Berlin,Dänenstr.,8,,030 4454600,http://www.jao-berlin.de,55,Kindertagesstätte,Offene-Arbeit/Situationsansatz,,1298,JAO gGmbH,freie Träger,http://www.jao-berlin.de,13.41058414,52.55003907
03040770,Kita der Basisgemeinde Prenzl.Berg,03,Pankow,10437,Berlin,Dunckerstr.,14,,030 44739712,,18,Kindertagesstätte,Ansatz von Emmi Pikler/Situationsansatz,,1293,Basisgemeinde Prenzlauer Berg e.V.,freie Träger,http://www.basisgemeinde.de,13.42143993,52.54292321
03040780,Humanistische Kindertagesstätte Stahlheimer Straße,03,Pankow,10439,Berlin,Stahlheimer Str.,27,,4457194,http://www.humanistischekitas.de,105,Kindertagesstätte,Offene-Arbeit/Situationsansatz,,1230,"Humanistischer Verband Deutschlands, Landesverband Berlin-Brandenburg KdöR",freie Träger,https://humanistisch.de/kitas/,13.42093984,52.54933702
03040790,Kita Villa Schabernack,03,Pankow,10439,Berlin,Stavangerstr.,6,,030 44650224,http://www.buergerhaus-gmbh.de,132,Kindertagesstätte,Ansatz von Emmi Pikler/Situationsansatz,,1297,Bürgerhaus BüHa gGmbH,freie Träger,http://www.buergerhaus-gmbh.de,13.40918703,52.55486016
03040810,Montessori-Integrations-Kindergärten im Syringenweg,03,Pankow,10407,Berlin,Syringenweg,23,,50565276,,195,Kindertagesstätte,Montessori-Pädagogik,,0121,Kindergärten NordOst,Eigenbetriebe,http://www.kigaeno.de,13.45679209,52.53251933
03040840,Humanistische Kindertagesstätte Thomas-Mann-Straße,03,Pankow,10409,Berlin,Thomas-Mann-Str.,17,-19,4241731,http://www.humanistischekitas.de,140,Kindertagesstätte,Offene-Arbeit/Situationsansatz,,1230,"Humanistischer Verband Deutschlands, Landesverband Berlin-Brandenburg KdöR",freie Träger,https://humanistisch.de/kitas/,13.44561127,52.54339596
03040860,Kita Schivelbeiner Str. 12/Kigä NordOst,03,Pankow,10439,Berlin,Schivelbeiner Str.,12,,4445108,,165,Kindertagesstätte,Situationsansatz,,0121,Kindergärten NordOst,Eigenbetriebe,http://www.kigaeno.de,13.40713207,52.55168747
03040880,EKT Mittenmang,03,Pankow,10119,Berlin,Christinenstr.,30,,030 2477060,http://kila-mittenmang.de,21,Eltern-Initiativ-Kindertagesstätte,Situationsansatz,,0858,EKT Mittenmang e. V.,freie Träger,,13.40993086,52.53244924
03040910,Kath. Kita Corpus Christi,03,Pankow,10407,Berlin,Conrad-Blenkle-Str.,64,,030259365159,http://www.kita-corpus-christi.de/,70,Kindertagesstätte,Offene-Arbeit,,9193,Kitas im Erzbistum Berlin-Zweckverband der katholischen Kirchengemeinden,freie Träger,http://hedikitas.de,13.44884506,52.52774384
03040920,Kath. Kita St. Augustinus,03,Pankow,10439,Berlin,Schivelbeiner Str.,29,,030 259365157,,60,Kindertagesstätte,Situationsansatz/Offene-Arbeit,,9193,Kitas im Erzbistum Berlin-Zweckverband der katholischen Kirchengemeinden,freie Träger,http://hedikitas.de,13.40716394,52.55035893
03040930,Kita Elias,03,Pankow,10437,Berlin,Göhrener Str.,11,,030 442 24 05,http://evkvbmn.de,46,Kindertagesstätte,Situationsansatz,,5425,Ev. Kirchenkreisverband für Kindertageseinrichtungen Berlin Mitte-Nord,freie Träger,http://evkvbmn.de,13.42069739,52.54064397
03040940,Kita Gethsemane,03,Pankow,10437,Berlin,Greifenhagener Str.,2,,030 445 55 84,http://evkvbmn.de,63,Kindertagesstätte,Situationsansatz,,5425,Ev. Kirchenkreisverband für Kindertageseinrichtungen Berlin Mitte-Nord,freie Träger,http://evkvbmn.de,13.41510607,52.54458578
03040950,Kita der Ev. Kirchengem. Immanuel,03,Pankow,10405,Berlin,Immanuelkirchstr.,1A,,030 44039164,https://immanuelgemeinde.de/kita/kita-immanuel,80,Kindertagesstätte,Offene-Arbeit/Situationsansatz,,0212,Ev. Kirchengemeinde Immanuel,freie Träger,https://immanuelgemeinde.de,13.42186881,52.53273401
03040980,Evangelische Kita Arche,03,Pankow,10439,Berlin,Schönhauser Allee,104,,030 4457048,https://www.stephanus.org/kita-arche,50,Kindertagesstätte,Situationsansatz,,8722,Stephanus gGmbH,freie Träger,http://www.stephanus.org,13.41392203,52.55277665
03040990,Evangelische Kita Winsstraße,03,Pankow,10405,Berlin,Winsstr.,24,,030 4424804,http://www.stephanus.org,35,Kindertagesstätte,Situationsansatz,,8722,Stephanus gGmbH,freie Träger,http://www.stephanus.org,13.42646286,52.53483884
03041000,EKT - Erdnuckel,03,Pankow,10435,Berlin,Choriner Str.,30,,030-442 02 85,http://erdnuckel-berlin.de/,15,Eltern-Initiativ-Kindertagesstätte,Situationsansatz,,0503,Erdnuckel e.V.,freie Träger,http://www.erdnuckel-berlin.de,13.40990224,52.5358124
03041010,Integrationskita Prenzl.Berg Pustekuchen,03,Pankow,10437,Berlin,Sonnenburger Str.,57,,030 4422769,http://www.kitapustekuchen.de,24,Eltern-Initiativ-Kindertagesstätte,Situationsansatz/Sonstiges,,0914,"Integrationskindertagesstätte Prenzlauer Berg ""Pustekuchen"" e. V.",freie Träger,http://www.kitapustekuchen.de,13.40713628,52.54656175
03041020,Waldorfkindergarten Prenzlauer Berg,03,Pankow,10435,Berlin,Choriner Str.,25,,030 445 33 93,http://www.waldorfkindergarten-prenzlauer-berg.de,76,Kindertagesstätte,Waldorfpädagogik,,1215,Waldorfkindergarten Prenzlauer Berg e.V.,freie Träger,http://www.waldorfkindergarten-prenzlauer-berg.de,13.40950371,52.53529366
03041030,EKT - Villa Kunterbunt,03,Pankow,10437,Berlin,Dunckerstr.,21,,030 445 22 97,,25,Eltern-Initiativ-Kindertagesstätte,,,0814,Kunter - Bund e.V.,freie Träger,http://kita-kunterbunt-berlin.de/kita/wordpress/,13.42236177,52.54394699
03041060,EKT Domino,03,Pankow,10437,Berlin,Lychener Str.,21,,030-85615101,http://www.kita-domino.de,30,Eltern-Initiativ-Kindertagesstätte,Situationsansatz,,1123,Deutsch-Französische Kita Domino e. V.,freie Träger,http://www.kita-domino.de,13.41573147,52.54230567
03041110,EKT - Obst und Gemüse,03,Pankow,10405,Berlin,Christburger Str.,41,,030 47378599,http://www.ekt-obst-und-gemuese.de,16,Eltern-Initiativ-Kindertagesstätte,Situationsansatz,,1124,EKT Obst und Gemüse e. V.,freie Träger,http://www.ekt-obst-und-gemuese.de,13.42591367,52.5362965
03041120,Kita Haus 2,03,Pankow,10437,Berlin,Gleimstr.,46,,03044677751,https://kubibe.de/unsere-kitas/haus-2/,185,Kindertagesstätte,Ansatz von Emmi Pikler/Offene-Arbeit,,8433,KUBIBE gemeinnützige GmbH,freie Träger,http://www.kubibe.de,13.40642011,52.5473595
03041160,Kita Hanna vom Kolle,03,Pankow,10435,Berlin,Knaackstr.,53,I/II,0304431885400,https://hanna-ggmbh.de/unsere-kitas/hanna-vom-kolle,240,Kindertagesstätte,Situationsansatz,,1299,Hanna gGmbH Kita-Trägerschaften,freie Träger,http://www.hanna-ggmbh.de,13.41513763,52.53709372
03041180,Kita Prenzelberger Spielmäuse/Kigä NordOst,03,Pankow,10437,Berlin,Pappelallee,41A,,44650206,,200,Kindertagesstätte,Situationsansatz,,0121,Kindergärten NordOst,Eigenbetriebe,http://www.kigaeno.de,13.41945542,52.5470155
03041240,Kath. Kita Herz Jesu,03,Pankow,10119,Berlin,Schönhauser Allee,182,,030/44389415,,40,Kindertagesstätte,Sonstiges,,9193,Kitas im Erzbistum Berlin-Zweckverband der katholischen Kirchengemeinden,freie Träger,http://hedikitas.de,13.40973063,52.53042161
03041250,EKT - Quasselstrippe,03,Pankow,10435,Berlin,Oderberger Str.,50,,030 448 80 54,http://kita-quasselstrippe.de/,25,Eltern-Initiativ-Kindertagesstätte,Situationsansatz,,0916,Quasselstrippe e. V.,freie Träger,http://www.kita-quasselstrippe.de,13.4085445,52.53878187
03041260,EKT - Theaterspiel-Kita Capriola,03,Pankow,10407,Berlin,Hufelandstr.,32,,030 4172 6612,http://www.kita-capriola.de,23,Eltern-Initiativ-Kindertagesstätte,Reggio-Pädagogik,,1140,Theaterspiel-Kindertagesstätte Capriola e. V.,freie Träger,http://www.kita-capriola.de,13.4340864,52.5307987
03041270,EKT Elfenland,03,Pankow,10407,Berlin,Pasteurstr.,15,,030 49854889,http://ekt-elfenland.de/,30,Eltern-Initiativ-Kindertagesstätte,Sonstiges,,1143,Elfenland e.V.,freie Träger,http://ekt-elfenland.de/,13.43359825,52.53357855
03041300,EKT Billabong 02,03,Pankow,10437,Berlin,Greifenhagener Str.,14,,030 33850082,https://kita-billabong.de/en/application/kitaspot/,21,Eltern-Initiativ-Kindertagesstätte,Montessori-Pädagogik/Situationsansatz,,1149,billabong 02 e. V.,freie Träger,http://www.kita-billabong.de,13.41532202,52.54671298
03041310,EKT - Treinta Lobitos,03,Pankow,10405,Berlin,Kollwitzstr.,16,,030 4849 2049,http://treintalobitos.de,35,Eltern-Initiativ-Kindertagesstätte,Situationsansatz,,1150,Treinta Lobitos e. V.,freie Träger,http://treintalobitos.de,13.41423814,52.53255289
03041320,Waldorfkindergarten Wurzelwerk,03,Pankow,10435,Berlin,Hagenauer Str.,1B,,030 48491958,http://waldorfkindergarten-wurzelwerk.de,30,Eltern-Initiativ-Kindertagesstätte,Waldorfpädagogik,,1155,Waldorfkindergarten Wurzelwerk e. V.,freie Träger,http://waldorfkindergarten-wurzelwerk.de,13.41649916,52.53884002
03041340,EKT - Mischpoke,03,Pankow,10437,Berlin,Lychener Str.,76,,030 40574549,http://www.kinderladen-mischpoke.de,30,Eltern-Initiativ-Kindertagesstätte,Situationsansatz,,1156,Mischpoke e.V.,freie Träger,http://www.kinderladen-mischpoke.de,13.42078661,52.54633377
03041350,Kita Hoppetosse,03,Pankow,10437,Berlin,Lychener Str.,66,,030 23910062,https://ekt-hoppetosse-berlin.de,25,Eltern-Initiativ-Kindertagesstätte,Situationsansatz,,1161,Hoppetosse-Berlin e.V.,freie Träger,,13.41969044,52.5453589
03041360,EKT - 10 Vorne,03,Pankow,10437,Berlin,Schliemannstr.,33,,4365 9863,http://www.10-vorne.net,22,Eltern-Initiativ-Kindertagesstätte,Situationsansatz,,1168,10 Vorne e. V.,freie Träger,http://www.10-vorne.net,13.41964057,52.54383246
03041370,EKT - Kitaträumer,03,Pankow,10407,Berlin,Pasteurstr.,38,,030/ 4004 3755,http://www.sturmtueten.de,25,Eltern-Initiativ-Kindertagesstätte,Sonstiges,,1171,Kitaträumer e. V.,freie Träger,http://www.sturmtüten.de,13.43647832,52.53198477
03041380,Kindergarten Aramsamsam,03,Pankow,10437,Berlin,Stargarder Str.,62,,030 60961266,http://www.aramsamsam-berlin.de,21,Eltern-Initiativ-Kindertagesstätte,Montessori-Pädagogik,,7853,Aramsamsam Berlin e. V.,freie Träger,http://www.aramsamsam-berlin.de,13.42097908,52.54549119
03041400,EKT - Zebra Int. Kiga,03,Pankow,10437,Berlin,Sonnenburger Str.,54,,030 44041109,http://www.zebrakita.de,19,Eltern-Initiativ-Kindertagesstätte,Montessori-Pädagogik,,1176,Zebra International Kindergarten e. V.,freie Träger,http://www.zebrakita.de,13.40759475,52.54640428
03041410,EKT Guckloch,03,Pankow,10407,Berlin,Liselotte-Herrmann-Str.,12,,42804111,http://www.kita-guckloch.de,30,Eltern-Initiativ-Kindertagesstätte,Situationsansatz,,1181,EKT Guckloch e.V.,freie Träger,http://www.kita-guckloch.de,13.43566653,52.53126375
03041450,Kinderladen Prenzlpanther,03,Pankow,10437,Berlin,Schliemannstr.,44,,030 58637187‬,http://www.prenzlpanther.de,19,Eltern-Initiativ-Kindertagesstätte,Offene-Arbeit/Situationsansatz,,1193,Kinderladen Prenzlpanther e. V.,freie Träger,http://www.prenzlpanther.de,13.41714439,52.54143986
03041470,EKT Josephine,03,Pankow,10437,Berlin,Kopenhagener Str.,65,,030 44012685,http://kilajosephine.de,26,Eltern-Initiativ-Kindertagesstätte,Situationsansatz,,1199,EKT Josephine e. V.,freie Träger,http://kilajosephine.de,13.40847038,52.54886161
03041480,Kita Zwergenbaude,03,Pankow,10405,Berlin,Chodowieckistr.,35,,030 994044739,http://www.kita-zwergenbaude.de,18,Kindertagesstätte,Situationsansatz,,1350,Zwergenbaude e.V.,freie Träger,http://www.kita-zwergenbaude.de,13.42918003,52.53645556
03041490,Kita Lettestraße 8,03,Pankow,10437,Berlin,Lettestr.,8,,030 44719399,http://www.kinderschlummerland.de,30,Eltern-Initiativ-Kindertagesstätte,Reggio-Pädagogik,,7556,Kinderschlummerland gGmbH,freie Träger,http://www.kinderschlummerland.de,13.41851223,52.54371399
03041500,Kita Mandelbäumchen,03,Pankow,10409,Berlin,Mandelstr.,15,,030 4244036,http://www.buergerhaus-gmbh.de,34,Kindertagesstätte,Ansatz von Emmi Pikler/Situationsansatz,,1297,Bürgerhaus BüHa gGmbH,freie Träger,http://www.buergerhaus-gmbh.de,13.44213646,52.54787252
03041510,Kita Bewegungsreich,03,Pankow,10409,Berlin,Hanns-Eisler-Str.,82,,030 443 83131,https://www.pfefferwerk.de/kindertagesstaetten/kita-bewegungsreich/,250,Kindertagesstätte,Situationsansatz,,1202,Pfefferwerk Stadtkultur gGmbH,freie Träger,http://www.pfefferwerk.de,13.4497269,52.54009811
03041520,Integrationskita Raupe Nimmersatt,03,Pankow,10409,Berlin,Gürtelstr.,25,,030 4217950,http://www.jao-berlin.de,60,Kindertagesstätte,Situationsansatz,,1298,JAO gGmbH,freie Träger,http://www.jao-berlin.de,13.45472884,52.54349647
03041530,EKT - Bötzowstrolche,03,Pankow,10407,Berlin,Esmarchstr.,24,,17632314751,https://www.boetzowstrolche.de/,20,Eltern-Initiativ-Kindertagesstätte,Situationsansatz/Sonstiges/Offene-Arbeit,,1363,Bötzowstrolche e.V.,freie Träger,https://www.boetzowstrolche.de/,13.43103252,52.5318084
03041590,Kita Preußstraße,03,Pankow,10409,Berlin,Preußstr.,5,,030 417 28 478,https://www.inakindergarten.de/berlin/kita-preussstrasse,185,Kindertagesstätte,Situationsansatz,,1312,INA.KINDER.GARTEN gGmbH,freie Träger,http://www.inakindergarten.de,13.43415866,52.54443092
03041600,Kita Krümelkörbchen,03,Pankow,10407,Berlin,Käthe-Niederkirchner-Str.,26,,030 4201 9757,https://kruemelkoerbchen.jimdofree.com/,17,Eltern-Initiativ-Kindertagesstätte,Sonstiges,,1386,Krümelkörbchen e.V.,freie Träger,http://www.kruemel-koerbchen.de,13.43301724,52.53014438
03041610,Wald & Wiesen Kita,03,Pankow,10435,Berlin,Husemannstr.,12,,01799359919,http://www.wald-und-wiesen.de,35,Eltern-Initiativ-Kindertagesstätte,Sonstiges/Situationsansatz,,1185,Wald und Wiesen e.V.,freie Träger,http://www.wald-und-wiesen.de,13.41774211,52.537695
03041620,EKT Glühwürmchen,03,Pankow,10405,Berlin,Winsstr.,2,,030 35053794,http://www.gluehwuermchen-kita.de,19,Eltern-Initiativ-Kindertagesstätte,Situationsansatz,,1389,Glühwürmchen e. V.,freie Träger,http://www.gluehwuermchen-kita.de,13.42306529,52.53114866
03041640,Kita Räuberhöhle,03,Pankow,10437,Berlin,Kopenhagener Str.,39,,030 994044739,http://www.kita-zwergenbaude.de,19,Kindertagesstätte,Situationsansatz,,1350,Zwergenbaude e.V.,freie Träger,http://www.kita-zwergenbaude.de,13.40171408,52.54832732
03041650,Deutsch-Französische Kita Kiternelle P'tits Loups,03,Pankow,10247,Berlin,Eldenaer Str.,44,,030 420 836 47,http://www.petitsloups.de,30,Kindertagesstätte,Situationsansatz,,1394,Kiternelle P'tits Loups e.V.,freie Träger,http://www.petitsloups.de,13.46154705,52.52015479
03041660,Kita Kolmarer Straße 6,03,Pankow,10405,Berlin,Kolmarer Str.,6,,030 4050 5092,http://www.kinderschlummerland.de,25,Eltern-Initiativ-Kindertagesstätte,Reggio-Pädagogik,,7556,Kinderschlummerland gGmbH,freie Träger,http://www.kinderschlummerland.de,13.41939198,52.53367558
03041670,Kita Kleine Kobolde,03,Pankow,10405,Berlin,Jablonskistr.,24,,030 4050 4168,https://www.vfbb-pankow.de/,22,Kindertagesstätte,Situationsansatz/Montessori-Pädagogik,,1184,"Verein f. familienergänzende Betreuung u. Beratung Pankow, kurz ""VfBB Pankow"" e.V.",freie Träger,https://www.vfbb-pankow.de/,13.42485131,52.53722789
03041680,EKT uno dos tres,03,Pankow,10437,Berlin,Gleimstr.,56,,030 -,http://www.unodostres.de,22,Eltern-Initiativ-Kindertagesstätte,Situationsansatz/Montessori-Pädagogik,,7390,uno dos tres e.V.,freie Träger,http://www.unodostres.de,13.40313289,52.5469061
03041690,EKT Mucklas,03,Pankow,10407,Berlin,Esmarchstr.,15,,015227334194,http://www.kinderladen-mucklas.de,25,Eltern-Initiativ-Kindertagesstätte,Offene-Arbeit/Situationsansatz,,7399,Mucklas e.V.,freie Träger,http://www.kinderladen-mucklas.de,13.43277368,52.5332997
03041710,EKT Sausebrause,03,Pankow,10437,Berlin,Korsörer Str.,10,,030 48623393,http://kinderladensausebrause.de,25,Eltern-Initiativ-Kindertagesstätte,Reggio-Pädagogik/Situationsansatz,,7440,"Erzieher/innen-Elterninitiativkindertagesstätte ""Sausebrause"" e.V.",freie Träger,http://kinderladensausebrause.de,13.40193319,52.54769551
03041720,Kita Mauerschwalben,03,Pankow,10437,Berlin,Gleimstr.,58,,03048623389,http://www.kita-mauerschwalben.de,30,Eltern-Initiativ-Kindertagesstätte,Situationsansatz,,7442,Mauerschwalben e.V.,freie Träger,http://www.adresse.de,13.40259637,52.54685661
03041730,Kita Zwergenbaude II,03,Pankow,10405,Berlin,Chodowieckistr.,35,EG links,030 994044739,http://www.kita-zwergenbaude.de,18,Kindertagesstätte,Situationsansatz,,1350,Zwergenbaude e.V.,freie Träger,http://www.kita-zwergenbaude.de,13.42918003,52.53645556
03041740,Freche Fledermäuse,03,Pankow,10439,Berlin,Wichertstr.,57,,030 34393444,https://freche-fledermaeuse.de,22,Kindertagesstätte,Situationsansatz,,7448,Familien-Fenster e. V.,freie Träger,https://freche-fledermaeuse.de/,13.42282482,52.54801979
03041750,Kita kribbel krabbel,03,Pankow,10439,Berlin,Dänenstr.,4,,030 84 85 75 11,,20,Kindertagesstätte,Situationsansatz/Reggio-Pädagogik/Ansatz von Emmi Pikler/Offene-Arbeit,,7468,kribbel krabbel e.V.,freie Träger,http://www.kribbelkrabbel.net,13.41207244,52.54991429
03041770,EKT Krabbelkörbchen,03,Pankow,10407,Berlin,Hufelandstr.,42,,016092477704,https://krabbelkoerbchen.jimdofree.com/,17,Eltern-Initiativ-Kindertagesstätte,Sonstiges,,1386,Krümelkörbchen e.V.,freie Träger,http://www.kruemel-koerbchen.de,13.43566327,52.53011106
03041780,Kita Remmi-Demmi,03,Pankow,10437,Berlin,Greifenhagener Str.,29,,030 76219289,http://www.kita-remmi-demmi.de,25,Kindertagesstätte,Situationsansatz/Reggio-Pädagogik/Montessori-Pädagogik,,1382,Remmi Demmi gemeinnützige GmbH,freie Träger,http://www.kita-remmi-demmi.de,13.41894487,52.55161838
03041790,EKT Bullerbü,03,Pankow,10439,Berlin,Schivelbeiner Str.,43,/44,030 123,http://www.kila-bullerbue.de,21,Eltern-Initiativ-Kindertagesstätte,Situationsansatz,,7513,Kinderladen Bullerbü e. V.,freie Träger,http://www.kila-bullerbue.de,13.41155719,52.55062216
03041800,KiTa Sternenwiese,03,Pankow,10405,Berlin,Chodowieckistr.,2,,030 26565333,https://www.vfbb-pankow.de/,27,Kindertagesstätte,Situationsansatz,,1184,"Verein f. familienergänzende Betreuung u. Beratung Pankow, kurz ""VfBB Pankow"" e.V.",freie Träger,https://www.vfbb-pankow.de/,13.43139641,52.53595269
03041810,EKT Schnick und Schnack,03,Pankow,10407,Berlin,Pasteurstr.,5,,030/61748727,https://kita-schnickschnack.de/,20,Eltern-Initiativ-Kindertagesstätte,Situationsansatz,,7519,Schnick und Schnack e. V.,freie Träger,http://kita-schnickschnack.de,13.43223901,52.53419532
03041820,Deutsch-chinesische Kita,03,Pankow,10437,Berlin,Dunckerstr.,90A,,03051643460,http://www.kita-bambuswald.de,28,Eltern-Initiativ-Kindertagesstätte,Situationsansatz,,7521,Kita Bambuswald e.V.,freie Träger,http://www.kita-bambuswald.de,13.41878652,52.54059598
03041830,Kita SEHsternTaler,03,Pankow,10437,Berlin,Greifenhagener Str.,33,,030 40574343,http://www.sehstern-ev.de,25,Kindertagesstätte,Offene-Arbeit/Situationsansatz,,1306,SEHstern e.V.,freie Träger,http://www.sehstern-ev.de,13.41970096,52.55253746
03041840,Kita Paul,03,Pankow,10439,Berlin,Paul-Robeson-Str.,8,,030 24533024,http://www.hauptstadt-kinder.de,25,Kindertagesstätte,Situationsansatz,,8291,Hauptstadtkinder gGmbH,freie Träger,http://www.hauptstadt-kinder.de,13.4111172,52.552472
03041850,Kita Kinderschlummerland,03,Pankow,10437,Berlin,Göhrener Str.,3,,030 48495738,http://www.kinderschlummerland.de,25,Kindertagesstätte,Reggio-Pädagogik,,7556,Kinderschlummerland gGmbH,freie Träger,http://www.kinderschlummerland.de,13.42149889,52.54115663
03041870,Integrierter Waldkindergarten,03,Pankow,10435,Berlin,Kollwitzstr.,66,,030 91206632,http://www.stadt-und-waldkinder.de,53,Kindertagesstätte,Sonstiges/Situationsansatz,,7563,Stadt & Waldkinder Berlin gGmbH,freie Träger,http://www.stadt-und-waldkinder.de,13.41818002,52.53609596
03041880,Kita Berliner Kindheit,03,Pankow,10405,Berlin,Immanuelkirchstr.,14B,,030 24637827,http://www.berlinerkindheit.com,20,Kindertagesstätte,Sonstiges/Reggio-Pädagogik/Ansatz von Emmi Pikler,,7923,Berliner Kindheit E. S. gUG (haftungsbeschränkt),freie Träger,http://www.berlinerkindheit.com,13.42476522,52.53098248
03041900,EKT Kindertraum,03,Pankow,10437,Berlin,Ahlbecker Str.,11a,,030 48826202,http://www.kilakitra.de,20,Eltern-Initiativ-Kindertagesstätte,Situationsansatz,,7739,Kila Kindertraum Prenzl'Berg e. V.,freie Träger,http://www.kilakitra.de,13.42328106,52.54496084
03041920,Kita KiBa,03,Pankow,10437,Berlin,Raumerstr.,19,,030 48814706,,22,Eltern-Initiativ-Kindertagesstätte,Situationsansatz/Montessori-Pädagogik,,7780,KiBa e. V.,freie Träger,,13.42238525,52.54144151
03041930,Kita Thaerstraße,03,Pankow,10249,Berlin,Thaerstr.,31,,030 41726427,http://www.besmartacademy.com,102,Kindertagesstätte,,,8346,be smart academy gGmbH,freie Träger,http://www.besmartacademy.com,13.45614846,52.52316929
03041940,Kinderladen Pauline Kirschkern,03,Pankow,10437,Berlin,Stargarder Str.,19,,017643311362,http://www.kirschkern-ev.de,35,Kindertagesstätte,Situationsansatz,,0772,Kirschkern e.V.,freie Träger,http://www.kirschkern-ev.de,13.41944627,52.54579261
03041960,Kita Gaudystraße,03,Pankow,10437,Berlin,Gaudystr.,10,,030 47375364,http://www.stadt-und-waldkinder.de,57,Kindertagesstätte,Sonstiges/Situationsansatz,,7563,Stadt & Waldkinder Berlin gGmbH,freie Träger,http://www.stadt-und-waldkinder.de,13.40963584,52.54636519
03041970,Kita Remmi-Demmi Ella-Kay-Straße,03,Pankow,10405,Berlin,Ella-Kay-Str.,36,,030 60956934,http://www.kita-remmi-demmi.de,25,Kindertagesstätte,Situationsansatz/Reggio-Pädagogik/Montessori-Pädagogik,,1382,Remmi Demmi gemeinnützige GmbH,freie Träger,http://www.kita-remmi-demmi.de,13.43233883,52.54000214
03041980,EKT - Der Hummer aus Toronto,03,Pankow,10405,Berlin,Heinrich-Roller-Str.,20,,030 24325340,http://www.der-hummer-aus-toronto.de,33,Eltern-Initiativ-Kindertagesstätte,Situationsansatz,,7897,Wunschkindergarten e. V.,freie Träger,http://www.der-hummer-aus-toronto.de,13.42294013,52.53081522
03042010,El mundo de los ninos,03,Pankow,10119,Berlin,Fehrbelliner Str.,97,,0049 017622571866,https://www.elmundo.berlin,25,Kindertagesstätte,Situationsansatz,,7502,El mundo de los ninos e. V.,freie Träger,https://www.elmundo.berlin,13.40948183,52.53092192
03042050,Kita Am Zauberberg,03,Pankow,10409,Berlin,Thomas-Mann-Str.,63,,030 516956220,https://www.vielfarb.de/kita-am-zauberberg/,140,Kindertagesstätte,Situationsansatz,,1345,Vielfarb Social gGmbH,freie Träger,http://www.vielfarb.de,13.44909531,52.54115706
03042060,EKT Paul-Robeson-Straße,03,Pankow,10439,Berlin,Paul-Robeson-Str.,30,,030 35122405,http://www.pidakita.de,30,Eltern-Initiativ-Kindertagesstätte,Situationsansatz,,7993,PIDA e. V.,freie Träger,http://www.pidakita.de,13.4049179,52.5527096
03042070,Folli Folletti,03,Pankow,10437,Berlin,Cantianstr.,15,,030 71538630,http://www.folli-folletti.de,20,Eltern-Initiativ-Kindertagesstätte,Montessori-Pädagogik/Reggio-Pädagogik,,8016,Folli Folletti e.V.,freie Träger,http://www.folli-folletti.de,13.41056554,52.54594161
03042090,Kita Bienchen Prenzlauer Berg,03,Pankow,10405,Berlin,Immanuelkirchstr.,14B,,030 95609270,http://bilingua.org/kita-bienchen-2,50,Kindertagesstätte,Situationsansatz,,7828,Bilingua gGmbH,freie Träger,http://bilingua.org,13.42476522,52.53098248
03042100,Kita Cheburashka-Prenzlauer Berg,03,Pankow,10407,Berlin,Bernhard-Lichtenberg-Str.,9,,030 95616294,http://www.kitacheburashka.de,60,Kindertagesstätte,Situationsansatz,,7388,Cheburashka gGmbH,freie Träger,http://www.kitacheburashka.de,13.43713649,52.53520595
03042110,Kita Sternchen,03,Pankow,10249,Berlin,Walter-Friedländer-Str.,26,,030 27990247,,25,Kindertagesstätte,Situationsansatz,,7918,Kita Sternchen gGmbH,freie Träger,http://www.kita-sternchen.jimdo.com,13.45695719,52.52457165
03042120,Kita BAZUBA KAMINKA,03,Pankow,10437,Berlin,Dunckerstr.,77,,030 50596284,http://bazuba-kaminka.de,40,Kindertagesstätte,Situationsansatz,,8104,SONNENBURG Soziale Dienste gemeinnützige UG (haftungsbeschränkt),freie Träger,http://sonnenburg-berlin.de,13.42146814,52.54357543
03042130,Kita Berliner Pandabären,03,Pankow,10437,Berlin,Schliemannstr.,42,,030 63962261,,25,Kindertagesstätte,Situationsansatz,,8106,Interkulturelle Kindheit gemeinnützige UG (haftungsbeschränkt),freie Träger,http://www.interkulturelle-kindheit.de,13.41709703,52.54185461
03042160,Kindergarten Aramsamsam 2,03,Pankow,10437,Berlin,Korsörer Str.,4,,030 95619730,http://www.aramsamsam-berlin.de,22,Eltern-Initiativ-Kindertagesstätte,Montessori-Pädagogik,,7853,Aramsamsam Berlin e. V.,freie Träger,http://www.aramsamsam-berlin.de,13.40388393,52.54787198
03042180,Kita Prenzlmäuse,03,Pankow,10407,Berlin,Liselotte-Herrmann-Str.,6,,030 98332813,http://www.prenzlmaeuse.de,15,Kindertagesstätte,Situationsansatz,,8172,Prenzlmäuse gGmbH,freie Träger,http://www.prenzlmaeuse.de,13.4337085,52.53213785
03042190,EKT Kitanelle coccinelle,03,Pankow,10405,Berlin,Winsstr.,69A,,030 0000000,http://www.kitanelle-coccinelle.de,23,Eltern-Initiativ-Kindertagesstätte,Situationsansatz,,8180,Kitanelle coccinelle e. V.,freie Träger,http://www.kitanelle-coccinelle.de,13.42310698,52.53172136
03042200,dreieins-Kindertagesstätte Prenzlauer Berg,03,Pankow,10409,Berlin,Preußstr.,7,,030 42087324,http://www.dreieins.org,120,Kindertagesstätte,Sonstiges/Situationsansatz,,1351,dreieins Innovative Pädagogik gGmbH,freie Träger,http://www.dreieins.org,13.43510427,52.54483723
03042210,Kita Drachenhöhle,03,Pankow,10439,Berlin,Gudvanger Str.,12,,030 12029698,http://www.drachenreiter.berlin/drachenhoehle,24,Kindertagesstätte,Offene-Arbeit/Situationsansatz,,8182,Drachenreiter gemeinnützige GmbH,freie Träger,http://www.drachenreiter.berlin,13.42291073,52.54821514
03042220,EKT Libelle,03,Pankow,10439,Berlin,Erich-Weinert-Str.,64,,030-44715620,http://www.kinderladen-libelle.de,22,Eltern-Initiativ-Kindertagesstätte,Situationsansatz/Montessori-Pädagogik,,8187,Libelle e. V.,freie Träger,http://www.kinderladen-libelle.de,13.42420155,52.54915391
03042230,Kita Berliner Kindheit,03,Pankow,10405,Berlin,Immanuelkirchstr.,14C,,030 015150756793,http://www.berlinerkindheit.com,25,Kindertagesstätte,Sonstiges/Reggio-Pädagogik/Ansatz von Emmi Pikler,,7923,Berliner Kindheit E. S. gUG (haftungsbeschränkt),freie Träger,http://www.berlinerkindheit.com,13.42540016,52.53120222
03042240,Kindergarten Brüderchen & Schwesterchen,03,Pankow,10439,Berlin,Seelower Str.,21,,030 200 764 77,http://www.pro-gemeinsinn.de,25,Kindertagesstätte,Ansatz von Emmi Pikler/Sonstiges,,9200,GemBeki Gemeinsinn-für Berliner Kinder gGmbH,freie Träger,http://www.pro-gemeinsinn.de,13.41057972,52.5526509
03042250,Kita Die wilden Küken,03,Pankow,10437,Berlin,Gleimstr.,13,,030 93628330,,25,Kindertagesstätte,Situationsansatz,,8196,Die wilden Küken Prenzlauer Berg gemeinnützige UG (haftungsbeschränkt),freie Träger,,13.4068862,52.54695129
03042260,Kinderladen Spaceys,03,Pankow,10437,Berlin,Greifenhagener Str.,35,,030 36465613,http://www.spaceys.de,25,Kindertagesstätte,Situationsansatz/Sonstiges,,8208,Spaceys Kindergärten GmbH,freie Träger,http://www.spaceys.de,13.41943675,52.55274792
03042270,Kita Tegner-Strolche,03,Pankow,10439,Berlin,Tegnerstr.,1,Ecke Bornholmer Straße 11,030 44716872,http://www.sona-kita.de,25,Kindertagesstätte,Situationsansatz,,4939,SONA - Soziale Nachbarschaft für betreutes Wohnen gGmbH,freie Träger,http://www.sona-ggmbh.de,13.41016691,52.55444086
03042290,Kita Mondbär und Sonnenkäfer,03,Pankow,10247,Berlin,Eldenaer Str.,36,,030 41726824,https://www.klax-kita.de,90,Kindertagesstätte,Sonstiges,,1214,KLAX Berlin gGmbH,freie Träger,http://klax.de,13.46429544,52.52015911
03042320,Kita Bunte Burg,03,Pankow,10405,Berlin,Christburger Str.,13,,030 4431237-155,https://www.kita-bunte-burg.de/,30,Kindertagesstätte,Situationsansatz,,8252,Christburg Campus gemeinnützige GmbH,freie Träger,http://www.christburg-campus.de,13.4279448,52.53532615
03042330,EKT el jardin de Mafalda,03,Pankow,10439,Berlin,Seelower Str.,3,,017672555089,,25,Eltern-Initiativ-Kindertagesstätte,Situationsansatz,,8255,ej jardin de Mafalda e. V.,freie Träger,http://www.nochkeinehomepage.de,13.41052682,52.55060473
03042340,EKT Sockenläufer,03,Pankow,10405,Berlin,Chodowieckistr.,28,,030 21602514,,20,Eltern-Initiativ-Kindertagesstätte,Situationsansatz,,8258,Sockenläufer e. V.,freie Träger,,13.42635711,52.53742505
03042350,Kita Edgar Berlin,03,Pankow,10437,Berlin,Korsörer Str.,19,,03052668662,http://edgarberlin.de,22,Kindertagesstätte,Situationsansatz,,8289,Edgar Berlin gGmbH,freie Träger,http://edgarberlin.de,13.4030088,52.54756167
03042360,Freude Kindergarten,03,Pankow,10439,Berlin,Tegnerstr.,8,,030 54714255,http://www.freude-kita.berlin,25,Kindertagesstätte,Situationsansatz,,8295,FREUDE Kindergärten gemeinnützige GmbH,freie Träger,http://www.freude-kita.berlin,13.40976186,52.55446509
03042370,Kita Cotheniusstrolche,03,Pankow,10407,Berlin,Cotheniusstr.,16,,030 65778868,http://www.prenzlmaeuse.de,22,Kindertagesstätte,Situationsansatz,,8172,Prenzlmäuse gGmbH,freie Träger,http://www.prenzlmaeuse.de,13.44763076,52.52837334
03042380,Kita unterm Regenschirm,03,Pankow,10405,Berlin,Danziger Str.,73,,030 84427045,http://Loftschloss.com,42,Kindertagesstätte,Offene-Arbeit/Ansatz von Emmi Pikler,,8125,Loftschloss gGmbH,freie Träger,http://Loftschloss.com,13.42587185,52.5394896
03042390,Fröbel Kindergarten,03,Pankow,10405,Berlin,Straßburger Str.,6B,,030 22494765,https://momento.froebel.info/,120,Kindertagesstätte,Offene-Arbeit/Sonstiges,,1227,Fröbel Bildung und Erziehung gGmbH,freie Träger,http://www.froebel-gruppe.de/,13.41345224,52.52895867
03042400,Kita Hausburgviertel,03,Pankow,10249,Berlin,Agnes-Wabnitz-Str.,9,,030 42025700,http://www.buergerhaus-gmbh.de,42,Kindertagesstätte,Ansatz von Emmi Pikler/Situationsansatz,,1297,Bürgerhaus BüHa gGmbH,freie Träger,http://www.buergerhaus-gmbh.de,13.45532137,52.52557312
03042410,Kita Pappelallee,03,Pankow,10437,Berlin,Pappelallee,40,,814048740,,120,Kindertagesstätte,Sonstiges/Offene-Arbeit/Situationsansatz,,0121,Kindergärten NordOst,Eigenbetriebe,http://www.kigaeno.de,13.41926324,52.54717695
03042420,Cheburashka - Winsviertel,03,Pankow,10405,Berlin,Jablonskistr.,35,,030 23947450,http://www.kitacheburashka.de,20,Kindertagesstätte,Offene-Arbeit/Situationsansatz,,7388,Cheburashka gGmbH,freie Träger,http://www.kitacheburashka.de,13.42962841,52.53558398
03042430,Coworking Toddler Prenzlauer Berg,03,Pankow,10437,Berlin,Greifenhagener Str.,48,,030 89401850,http://www.coworkingtoddler.com,17,Kindertagesstätte,Montessori-Pädagogik/Situationsansatz/Ansatz von Emmi Pikler,,8517,CT Toddler Berlin gUG (haftungsbeschränkt),freie Träger,http://www.coworkingtoddler.com,13.41590478,52.54863227
03042440,Kita Edgar Berlin,03,Pankow,10437,Berlin,Dunckerstr.,74,,030 23930308,http://edgarberlin.de,26,Kindertagesstätte,Situationsansatz/Ansatz von Emmi Pikler,,8289,Edgar Berlin gGmbH,freie Träger,http://edgarberlin.de,13.42184543,52.54399315
03042450,"Ökologischer Kinderladen ""Kinderland der Träume""",03,Pankow,10439,Berlin,Andersenstr.,3,,030/58702430,http://www.kinderland-der-traeume.de,21,Kindertagesstätte,,,8756,KdT Traumland gUG,freie Träger,http://www.kinderland-der-traeume.de,13.40414391,52.55517799
03042460,Kita Cheburashka-Christburger,03,Pankow,10405,Berlin,Christburger Str.,25,,030 49965039,http://www.kitacheburashka.de,25,Kindertagesstätte,Offene-Arbeit/Situationsansatz,,7388,Cheburashka gGmbH,freie Träger,http://www.kitacheburashka.de,13.43004028,52.53486747
03042480,Mascha und der Bär,03,Pankow,10407,Berlin,Bötzowstr.,49,,030 55105534,https://maschaimwunderland-kita.de,25,Kindertagesstätte,Situationsansatz,,8850,Mascha im Wunderland Kita gUG,freie Träger,https://maschaundderbaer-kita.de,13.43645594,52.53361095
03042490,Stadt und Waldkinder,03,Pankow,10247,Berlin,Erich-Nehlhans-Str.,27,/29,030.346466430,http://www.stadt-und-waldkinder.de,50,Kindertagesstätte,Sonstiges/Situationsansatz,,7563,Stadt & Waldkinder Berlin gGmbH,freie Träger,http://www.stadt-und-waldkinder.de,13.45992943,52.52418726
03042500,Kita Born,03,Pankow,10439,Berlin,Bornholmer Str.,18,,030 26300460,http://www.hauptstadt-kinder.de,25,Kindertagesstätte,Situationsansatz,,8291,Hauptstadtkinder gGmbH,freie Träger,http://www.hauptstadt-kinder.de,13.40590385,52.55456424
03042510,Kita Paradiesäpfel,03,Pankow,10439,Berlin,Bornholmer Str.,95,,030 62922680,http://www.paradiesaepfel.com,25,Kindertagesstätte,Situationsansatz,,8877,Kita Paradiesäpfel gUG,freie Träger,http://www.paradiesaepfel.com,13.41346218,52.5534619
03042520,Kita Kesse Käthe,03,Pankow,10407,Berlin,Käthe-Niederkirchner-Str.,22,,030 49966922,http://www.prenzlmaeuse.de,25,Kindertagesstätte,Situationsansatz,,8172,Prenzlmäuse gGmbH,freie Träger,http://www.prenzlmaeuse.de,13.43395092,52.52975844
03042580,el jardin de Mafalda Schivelbeiner Straße,03,Pankow,10439,Berlin,Schivelbeiner Str.,40,,72555089,,23,Kindertagesstätte,Situationsansatz,,8255,ej jardin de Mafalda e. V.,freie Träger,http://www.nochkeinehomepage.de,13.41072895,52.55068477
03042590,Spielart Käthe,03,Pankow,10407,Berlin,Käthe-Niederkirchner-Str.,29,,030 36463908,,30,Kindertagesstätte,Situationsansatz,,9058,Spielart Berlin gGmbH,freie Träger,http://www.spielart-berlin.com,13.43187712,52.5306139
03042600,Kita Bekids Playgarden,03,Pankow,10405,Berlin,Rykestr.,42,,030 54629467,http://www.bekidsberlin.de,25,Kindertagesstätte,Offene-Arbeit/Situationsansatz,,9064,BeKids bilingual education BKBE gGmbH,freie Träger,http://www.bekidsberlin.de,13.42077125,52.53710699
03042640,Phor Minis Berlin Prenzlauer Berg,03,Pankow,10249,Berlin,Hermann-Blankenstein-Str.,12,,318737650,,80,Kindertagesstätte,,,7387,PHORMS Berlin gemeinnützige GmbH,freie Träger,http://www.phorms.de,13.45600443,52.52681752
03180050,Integrationskindergarten Pfannschmidtstr. 70/Kigä NordOst,03,Pankow,13125,Berlin,Pfannschmidtstr.,70,,94381105,,110,Kindertagesstätte,Sonstiges/Offene-Arbeit/Situationsansatz,,0121,Kindergärten NordOst,Eigenbetriebe,http://www.kigaeno.de,13.48783838,52.6216494
03180060,Kita Karower Knirpse,03,Pankow,13125,Berlin,Bahnhofstr.,53,,030 943 04 03,https://www.jugendundsozialwerk.de/kitas/berlin/pankow/kita-karower-knirpse/,86,Kindertagesstätte,Offene-Arbeit/Situationsansatz,,1296,Jugend- und Sozialwerk gGmbH,freie Träger,http://www.jus-or.de,13.47323593,52.6127895
03180070,Kita Steinbergzwerge,03,Pankow,13089,Berlin,Tino-Schwierzina-Str.,46C,,030 4722188,http://www.jao-berlin.de,105,Kindertagesstätte,Situationsansatz,,1298,JAO gGmbH,freie Träger,http://www.jao-berlin.de,13.4342331,52.55878781
03180080,Kita Bernkasteler Str. 9/10/Kigä NordOst,03,Pankow,13088,Berlin,Bernkasteler Str.,9,,9252148,,140,Kindertagesstätte,Offene-Arbeit/Sonstiges,,0121,Kindergärten NordOst,Eigenbetriebe,http://www.kigaeno.de,13.47147874,52.55665104
03180110,Klax Kindergarten Tausendfüßler,03,Pankow,13086,Berlin,Langhansstr.,74B,,030 6665 4712,https://klax.de/de/kitas/einrichtungen/kindergarten-tausendfuessler,110,Kindertagesstätte,Sonstiges,,1214,KLAX Berlin gGmbH,freie Träger,http://klax.de,13.43067354,52.55526925
03180120,Kita Vielfarb-Kita,03,Pankow,13088,Berlin,Else-Jahn-Str.,40,,030 516956225,https://www.vielfarb.de/kita-an-den-pappeln/,140,Kindertagesstätte,Situationsansatz,,1345,Vielfarb Social gGmbH,freie Träger,http://www.vielfarb.de,13.47352148,52.55160382
03180140,"Integrationskindergarten ""EigenSinn""/Kigä NordOst",03,Pankow,13088,Berlin,Falkenberger Str.,13,-14,925 29 13,http://www.kindergarten-eigensinn.de,195,Kindertagesstätte,Sonstiges,,0121,Kindergärten NordOst,Eigenbetriebe,http://www.kigaeno.de,13.47270594,52.55465831
03180160,Kita Kinderzeit,03,Pankow,13088,Berlin,Gounodstr.,78,,030 925 23 23,https://www.jugendundsozialwerk.de/kitas/berlin/pankow/kita-kinderzeit/,105,Kindertagesstätte,Offene-Arbeit/Situationsansatz/Montessori-Pädagogik,,1296,Jugend- und Sozialwerk gGmbH,freie Träger,http://www.jus-or.de,13.46286107,52.54761413
03180170,"""Villa Seegarten""",03,Pankow,13086,Berlin,Große Seestr.,5,,9253371,,50,Kindertagesstätte,Situationsansatz,,0121,Kindergärten NordOst,Eigenbetriebe,http://www.kigaeno.de,13.4648254,52.55666205
03180210,Kita Rappelkiste,03,Pankow,13088,Berlin,Liebermannstr.,20,,030 9253838,https://mahale-ggmbh.de/kita-rappelkiste/,145,Kindertagesstätte,Situationsansatz,,7543,MAHALE Familien- und Servicemanagement gGmbH,freie Träger,http://www.mahale-ggmbh.de,13.46350859,52.55964524
03180220,Kita Lindenallee 48/Kigä NordOst,03,Pankow,13088,Berlin,Lindenallee,48,,9253971,,70,Kindertagesstätte,Situationsansatz/Sonstiges,,0121,Kindergärten NordOst,Eigenbetriebe,http://www.kigaeno.de,13.4628364,52.54815147
03180250,Kita Spatzenburg/Kigä NordOst,03,Pankow,13129,Berlin,Priesterstege,6,,4742770,,85,Kindertagesstätte,Situationsansatz,,0121,Kindergärten NordOst,Eigenbetriebe,http://www.kigaeno.de,13.4531465,52.59410289
03180260,Kita Knirpsenland,03,Pankow,13086,Berlin,Roelckestr.,60,,030 9252989,http://www.buergerhaus-gmbh.de,62,Kindertagesstätte,Ansatz von Emmi Pikler/Situationsansatz,,1297,Bürgerhaus BüHa gGmbH,freie Träger,http://www.buergerhaus-gmbh.de,13.45452752,52.55879736
03180270,Kita Roelckespatzen,03,Pankow,13086,Berlin,Roelckestr.,117,,030 9252369,http://www.buergerhaus-gmbh.de,64,Kindertagesstätte,Ansatz von Emmi Pikler/Situationsansatz,,1297,Bürgerhaus BüHa gGmbH,freie Träger,http://www.buergerhaus-gmbh.de,13.45509413,52.55959147
03180310,Kita Bühringstr. 21/23/Kigä NordOst,03,Pankow,13086,Berlin,Bühringstr.,21,,47907480,https://www.kigaeno.de/einstein,182,Kindertagesstätte,Situationsansatz/Offene-Arbeit,,0121,Kindergärten NordOst,Eigenbetriebe,http://www.kigaeno.de,13.43844776,52.55804239
03180340,Kita Streustr. 41/Kigä NordOst,03,Pankow,13086,Berlin,Streustr.,41,,9250618,,182,Kindertagesstätte,Situationsansatz/Sonstiges,,0121,Kindergärten NordOst,Eigenbetriebe,http://www.kigaeno.de,13.43989091,52.55108712
03180350,Kath. Kita St. Josef,03,Pankow,13086,Berlin,Behaimstr.,39,,259365166,,85,Kindertagesstätte,Situationsansatz,,9193,Kitas im Erzbistum Berlin-Zweckverband der katholischen Kirchengemeinden,freie Träger,http://hedikitas.de,13.44698463,52.55094574
03180370,Kita der Ev. Kirchengem. Weißensee,03,Pankow,13086,Berlin,Max-Steinke-Str.,22,,030 960 66 79 20,http://www.kirchengemeinde-weissensee.de,75,Kindertagesstätte,Situationsansatz/Offene-Arbeit,,0441,Ev. Kirchengemeinde Weißensee,freie Träger,http://www.kirchengemeinde-weissensee.de,13.44940655,52.55236749
03180380,Ev. Kita Heinersdorf,03,Pankow,13089,Berlin,Romain-Rolland-Str.,52,,030 472 44 24,http://evkvbmn.de,123,Kindertagesstätte,Situationsansatz,,5425,Ev. Kirchenkreisverband für Kindertageseinrichtungen Berlin Mitte-Nord,freie Träger,http://evkvbmn.de,13.44152298,52.56688708
03180390,EKT - Kinderladen Villa Honighut,03,Pankow,13086,Berlin,Amalienstr.,1,-3,030 925 27 76,,42,Eltern-Initiativ-Kindertagesstätte,Offene-Arbeit,,0742,Kinderladen Villa Honighut e.V.,freie Träger,,13.46033631,52.55451874
03180450,Kita Die Röländer,03,Pankow,13125,Berlin,Röländer Str.,46,,030 44383323,https://www.pfefferwerk.de/kindertagesstaetten/kita-die-roelaender/,82,Kindertagesstätte,Situationsansatz,,1202,Pfefferwerk Stadtkultur gGmbH,freie Träger,http://www.pfefferwerk.de,13.48447533,52.62393414
03180460,Evangelische Stephanus-Kita,03,Pankow,13086,Berlin,Albertinenstr.,20,-23,030 9624 9530,https://www.stephanus.org/stiftung/tochtergesellschaften/stephanus-ggmbh/bildung/evangelische-stephanus-kindertagesstaette-weissensee/startseite/,52,Kindertagesstätte,Offene-Arbeit,,8722,Stephanus gGmbH,freie Träger,http://www.stephanus.org,13.45699267,52.55243237
03180470,Kita Krümelkiste,03,Pankow,13125,Berlin,Pfannschmidtstr.,2,,030 9430977,http://www.buergerhaus-gmbh.de,91,Kindertagesstätte,Ansatz von Emmi Pikler/Situationsansatz,,1297,Bürgerhaus BüHa gGmbH,freie Träger,http://www.buergerhaus-gmbh.de,13.48161833,52.62426618
03180480,Kita Busonistr.145/Kigä NordOst,03,Pankow,13125,Berlin,Busonistr.,145,,94381100,https://www.kigaeno.de/busonistrasse/,110,Kindertagesstätte,Situationsansatz,,0121,Kindergärten NordOst,Eigenbetriebe,http://www.kigaeno.de,13.48684037,52.62300056
03180490,Abenteuerland,03,Pankow,13125,Berlin,Straße 43,13A,,9430911,https://www.kigaeno.de/abenteuerland/,87,Kindertagesstätte,Offene-Arbeit/Sonstiges,,0121,Kindergärten NordOst,Eigenbetriebe,http://www.kigaeno.de,13.47903338,52.60443427
03180500,Kita Sonnenblume/Kigä NordOst,03,Pankow,13125,Berlin,Hofzeichendamm,1,,94800860,,100,Kindertagesstätte,Situationsansatz,,0121,Kindergärten NordOst,Eigenbetriebe,http://www.kigaeno.de,13.48662043,52.61581832
03180510,Kita Orgelpfeifen,03,Pankow,13125,Berlin,Münchehagenstr.,43,,030 9480087-0,http://www.gfajev.de,110,Kindertagesstätte,Offene-Arbeit/Situationsansatz,,1342,GFAJ e.V.,freie Träger,http://www.gfajev.de,13.49340348,52.61450877
03180520,Kita Entdeckerland,03,Pankow,13125,Berlin,Sägebockweg,107,.,03094632729,https://www.bik-ev.de/verzeichnis/visitenkarte.php?mandat=211693,97,Kindertagesstätte,Sonstiges,,1205,BIK e.V. Berliner Institut für Kleinkindpädagogik und familienbegleitende Kinderbetreuung,freie Träger,http://www.bik-ev.de,13.48991562,52.61379184
03180530,Kita Gänseblümchen,03,Pankow,13086,Berlin,Hedwigstr.,6,,030 96202330,http://www.forum-soziale-dienste.de,85,Kindertagesstätte,Offene-Arbeit,,1334,Forum Soziale Dienste GmbH,freie Träger,http://www.forum-soziale-dienste.de,13.44921657,52.55440865
03180540,Kinderladen Miekematze,03,Pankow,13088,Berlin,Berliner Allee,110,,030 9606 9595,,44,Kindertagesstätte,,,9173,Kinderladen Miekematze gGmbH,freie Träger,,13.4599782,52.54989747
03180550,Kita Blankenburger Wichtel,03,Pankow,13129,Berlin,Heinersdorfer Str.,200,,030 47481906,http://www.gfajev.de,120,Kindertagesstätte,Offene-Arbeit/Situationsansatz,,1342,GFAJ e.V.,freie Träger,http://www.gfajev.de,13.45438484,52.59021251
03180560,dreieins-Kindertagesstätte Weißensee,03,Pankow,13086,Berlin,Rennbahnstr.,86,,030 91203610,http://www.dreieins.org,70,Kindertagesstätte,Situationsansatz/Sonstiges,,1351,dreieins Innovative Pädagogik gGmbH,freie Träger,http://www.dreieins.org,13.45237331,52.56274772
03180570,Kita Wirbelwind,03,Pankow,13086,Berlin,Wigandstaler Str.,15,,44383140,https://www.pfefferwerk.de/kindertagesstaetten/kita-wirbelwind/,84,Kindertagesstätte,Situationsansatz,,1202,Pfefferwerk Stadtkultur gGmbH,freie Träger,http://www.pfefferwerk.de,13.44329471,52.55851711
03180580,Kita Im Komponistenviertel,03,Pankow,13088,Berlin,Meyerbeerstr.,96,,030 9252348,http://www.jao-berlin.de,135,Kindertagesstätte,Situationsansatz,,1298,JAO gGmbH,freie Träger,http://www.jao-berlin.de,13.46241485,52.54848136
03180590,EKT - Kleine Riesen - Große Zwerge,03,Pankow,13088,Berlin,Borodinstr.,11,,030 92 90 06 81,,10,Eltern-Initiativ-Kindertagesstätte,Ansatz von Emmi Pikler/Montessori-Pädagogik/Situationsansatz/Sonstiges,,1365,Kleine Riesen - Große Zwerge e.V.,freie Träger,,13.45264375,52.54638501
03180600,Kita Charlottes Spatzenkinder,03,Pankow,13086,Berlin,Charlottenburger Str.,7,,030 925 27 14,https://www.jugendundsozialwerk.de/kitas/berlin/pankow/kita-charlottes-spatzenkinder/,105,Kindertagesstätte,Offene-Arbeit/Sonstiges/Situationsansatz,,1296,Jugend- und Sozialwerk gGmbH,freie Träger,http://www.jus-or.de,13.45159338,52.55108613
03180610,EKT Zilli-Billi-Willi,03,Pankow,13088,Berlin,Herbert-Baum-Str.,34,,015906681456,http://www.kitazillibilliwilli.de,22,Eltern-Initiativ-Kindertagesstätte,Situationsansatz,,1405,Zilli - Billi - Willi e.V.,freie Träger,http://www.kitazillibilliwilli.de,13.4571078,52.54634887
03180640,EKT Stadt Land Fluss,03,Pankow,13086,Berlin,Charlottenburger Str.,141,,015228921854,http://www.kita-stadtlandfluss.de,18,Eltern-Initiativ-Kindertagesstätte,Situationsansatz,,7503,Stadt Land Fluss e. V.,freie Träger,http://www.kita-stadtlandfluss.de,13.45327841,52.54989438
03180660,Waldorfkindergarten Weißensee,03,Pankow,13088,Berlin,Smetanastr.,32,,030 96060636,http://www.waldorf-weissensee.de,25,Eltern-Initiativ-Kindertagesstätte,Waldorfpädagogik,,7742,Waldorfkindergarten Weißensee e. V.,freie Träger,http://www.waldorf-weissensee.de,13.45961282,52.54733724
03180670,Kita Achillesstraße,03,Pankow,13125,Berlin,Achillesstr.,68,,50562817,https://www.kigaeno.de/achillesstrasse/,30,Kindertagesstätte,Situationsansatz,,0121,Kindergärten NordOst,Eigenbetriebe,http://www.kigaeno.de,13.48974895,52.61678905
03180680,ev. Kita Himmels.Blick,03,Pankow,13125,Berlin,Alt-Karow,8,,030 9120296910,http://www.berliner-stadtmission.de,69,Kindertagesstätte,Situationsansatz/Offene-Arbeit,,7319,Verein für Berliner Stadtmission,freie Träger,http://www.berliner-stadtmission.de,13.48267965,52.61053908
03180710,EKT the Coloured World of Kids,03,Pankow,13086,Berlin,Streustr.,121,,030 96069851,http://www.colouredworld.de,20,Eltern-Initiativ-Kindertagesstätte,Situationsansatz,,7896,the Coloured World of Kids e. V.,freie Träger,http://www.colouredworld.de,13.44768731,52.54833768
03180720,Kinderladen Rosenrot,03,Pankow,13086,Berlin,Charlottenburger Str.,1,,030 99271126,,25,Eltern-Initiativ-Kindertagesstätte,Waldorfpädagogik/Ansatz von Emmi Pikler,,9052,A&R Hand in Hand gUG,freie Träger,http://hand2hand.info,13.45374782,52.55000931
03180730,Kita Anton und Lola,03,Pankow,13086,Berlin,Pistoriusplatz,22,,030 92 40 29 10,http://www.frei-zeit-haus.de/ggmbh,20,Kindertagesstätte,Offene-Arbeit/Situationsansatz,,8355,FZH Frei-Zeit-Haus Weißensee gemeinnützige GmbH,freie Träger,http://www.frei-zeit-haus.de/ggmbh,13.45169751,52.551983
03180740,EKT Filippo,03,Pankow,13086,Berlin,Lehderstr.,62,,030 2201 6698,,25,Eltern-Initiativ-Kindertagesstätte,Situationsansatz/Offene-Arbeit,,8095,Stark für Kinder e. V.,freie Träger,http://www.starkfuerkinder-ev.de,13.43226092,52.55183056
03180750,EKT Zilli-Billi-Willi,03,Pankow,13086,Berlin,Streustr.,5,,015906683155,http://www.kitazillibilliwilli.de,17,Eltern-Initiativ-Kindertagesstätte,Situationsansatz,,1405,Zilli - Billi - Willi e.V.,freie Träger,http://www.kitazillibilliwilli.de,13.4486833,52.54828331
03180760,Kita Wurzelgemüse,03,Pankow,13086,Berlin,Roelckestr.,24,,030 92045359,http://www.frei-zeit-haus.de/ggmbh,35,Kindertagesstätte,Sonstiges/Situationsansatz,,8355,FZH Frei-Zeit-Haus Weißensee gemeinnützige GmbH,freie Träger,http://www.frei-zeit-haus.de/ggmbh,13.44508399,52.55343196
03180770,Kita Gäblerstraße,03,Pankow,13086,Berlin,Gäblerstr.,18,,030 99271241,,12,Kindertagesstätte,Situationsansatz/Offene-Arbeit,,3198,Bund Deutscher PfadfinderInnen -Landesverband Berlin- e.V.,freie Träger,http://www.berlin.bdp.org,13.44827448,52.55452038
03180780,Kita Paul und Paula,03,Pankow,13086,Berlin,Roelckestr.,30,/31,030 92408340,http://www.paulundpaula.de/kita-roelckestrasse.de,64,Kindertagesstätte,Situationsansatz,,7926,"""Paul & Paula"" UG (haftungsbeschränkt)",freie Träger,http://www.paulundpaula.de,13.4467676,52.55450151
03180790,Kita Zauberschlüssel,03,Pankow,13088,Berlin,Bizetstr.,51,- 55,030 92372937,http://www.kita-zauberschluessel.de,33,Kindertagesstätte,Situationsansatz,,7883,Rednik gGmbH,freie Träger,http://www.rednik-kinder.de,13.45425977,52.54803259
03180800,Kita am See,03,Pankow,13086,Berlin,Große Seestr.,8A,,0304431885300,http://hanna-ggmbh.de/unsere-kitas/kita-am-see,140,Kindertagesstätte,Situationsansatz,,1299,Hanna gGmbH Kita-Trägerschaften,freie Träger,http://www.hanna-ggmbh.de,13.46385244,52.55658709
03180810,Kleiner Fratz,03,Pankow,13086,Berlin,Langhansstr.,142,,030 96067835,http://www.kleinerfratz.de,20,Kindertagesstätte,Offene-Arbeit/Situationsansatz,,0627,Kleiner Fratz GmbH,freie Träger,http://www.kleinerfratz.berlin.de,13.44760547,52.54940294
03180820,Kita Spieltraum Weißensee,03,Pankow,13086,Berlin,Goethestr.,50,- 54,030 76583689,http://www.spieltraum-berlin.de,75,Kindertagesstätte,Situationsansatz,,8328,Spieltraum Weißensee gemeinnützige UG (haftungsbeschränkt),freie Träger,http://www.spieltraum-berlin.de,13.43834095,52.55380406
03180830,Kita Sonnenzwerge,03,Pankow,13086,Berlin,Schönstr.,5,-7,030 92374420,http://www.kita-sonnenzwerge.de,39,Kindertagesstätte,Situationsansatz,,8283,Spree-Kinder gemeinnützige GmbH,freie Träger,https://www.spree-kinder.de/,13.45090348,52.55325292
03180840,EKT Mooswuffel,03,Pankow,10409,Berlin,Naugarder Str.,15,,030/24337883,,23,Eltern-Initiativ-Kindertagesstätte,Situationsansatz/Sonstiges,,8390,Mooswuffel e.V.,freie Träger,,13.43763323,52.54488592
03180850,EKT el jardin de Mafalda,03,Pankow,13086,Berlin,Charlottenburger Str.,3,,+49176 017672555089,,28,Eltern-Initiativ-Kindertagesstätte,Situationsansatz,,8255,ej jardin de Mafalda e. V.,freie Träger,http://www.nochkeinehomepage.de,13.45271952,52.55031055
03180860,Kita Makuschki,03,Pankow,13088,Berlin,Wittlicher Str.,24,,0176 38237068,http://www.kita-makuschki.de,30,Kindertagesstätte,Offene-Arbeit/Situationsansatz,,8630,Zweimalzwölf gUG (haftungsbeschränkt),freie Träger,http://www.kita-makuschki.de,13.47620542,52.55854943
03180870,Kindertagesstätte Piratenkids,03,Pankow,13125,Berlin,Blankenburger Chaussee,88,- 89,030 54611351,http://www.piratenkids.de,130,Kindertagesstätte,Situationsansatz,,8469,Piratenkids gemeinnützige GmbH,freie Träger,http://www.piratenkids.de,13.48045631,52.60798006
03180880,Kita Langohr,03,Pankow,13086,Berlin,Goethestr.,33,,03077899276,http://www.kitalangohr.de,22,Kindertagesstätte,Situationsansatz,,8132,kleine Künstler ganz groß gGmbH,freie Träger,http://www.kitalangohr.de,13.43702518,52.55270185
03180890,Kita Zitterbacke 2,03,Pankow,13125,Berlin,Achillesstr.,59,,01624398010,http://kita-zitterbacke.de,25,Kindertagesstätte,Situationsansatz,,8303,Kita Zitterbacke gGmbH,freie Träger,http://kita-zitterbacke.de,13.48877965,52.61796271
03180900,Kita El mundo de los ninòs,03,Pankow,13086,Berlin,Pistoriusstr.,6,,0049 03040752355,https://www.elmundo.berlin,60,Kindertagesstätte,Situationsansatz,,8701,El mundo de los ninos gGmbH,freie Träger,https://www.elmundo.berlin,13.45708544,52.55085486
03180920,Cooperative Mensch Kita Karow Kidz,03,Pankow,13125,Berlin,Gatterweg,17,,+4930344090770,http://www.cooperative-mensch.de,100,Kindertagesstätte,Situationsansatz,,1207,Cooperative Mensch eG,freie Träger,http://www.cooperative-mensch.de,13.49539426,52.61132413
03180930,Kita der kleinen Kreativen,03,Pankow,13125,Berlin,Bahnhofstr.,33A,,030 015202078477,,110,Kindertagesstätte,Ansatz von Emmi Pikler/Situationsansatz,,8870,Kita der kleinen Kreativen gGmbH,freie Träger,http://www.kita-dk-kreativen.de,13.48001277,52.60988451
03180940,ASB Kita Triftbande,03,Pankow,13127,Berlin,Triftstr.,12B,,03077378644,,93,Kindertagesstätte,Situationsansatz,,8353,ASB Kinder- und Jugendhilfe Berlin gGmbH,freie Träger,,13.43114019,52.60954412
03180950,FREUDE Kita Pankow 2,03,Pankow,13086,Berlin,Am Steinberg,14,,030 47009091,http://www.freude-kita.berlin,25,Kindertagesstätte,Situationsansatz,,8878,FREUDE Kindergärten Süd-Ost gGmbH,freie Träger,http://www.freude-kita.berlin,13.43100366,52.55689021
03180960,Transculture Kids,03,Pankow,13088,Berlin,Berliner Allee,59,/61,030 50946401,http://www.shuren-berlin.de,25,Kindertagesstätte,Offene-Arbeit,,9041,TransCulture gemeinnützige GmbH,freie Träger,http://www.shuren-berlin.de,13.45387383,52.54911006
03180970,Kiezforscher,03,Pankow,13086,Berlin,Lehderstr.,93,,030 23281816,https://www.bgff.de/kitas/kiezforscher/,40,Kindertagesstätte,Offene-Arbeit,,7707,BGFF - Berliner Gesellschaft für Förderung interkultureller Bildung und Erziehung e. V.,freie Träger,http://www.bgff.de,13.4397104,52.54964798
03180980,Kita Bergfalke,03,Pankow,13088,Berlin,Falkenberger Str.,138,,030 31992942,http://www.twsd-bb.de,77,Kindertagesstätte,Sonstiges/Offene-Arbeit,,8235,Trägerwerk Soziale Dienste in Berlin und Brandenburg gGmbH (TWSD in BB gGmbH),freie Träger,http://www.twsd-bb.de,13.48562161,52.55664204
03181000,Kita- Peacekids,03,Pankow,13089,Berlin,Prenzlauer Promenade,47,,03062861130,http://www.kita-peacekids.de,26,Kindertagesstätte,Situationsansatz/Montessori-Pädagogik,,9098,Bildungs- und Demokratieförderung gUG,freie Träger,http://www.bidef.de,13.42802309,52.5621559
03181040,Kita Zukunftsmusik,03,Pankow,13086,Berlin,Wigandstaler Str.,7,,030 22 49 46 44,http://www.frei-zeit-haus.de/ggmbh,25,Kindertagesstätte,Sonstiges,,8355,FZH Frei-Zeit-Haus Weißensee gemeinnützige GmbH,freie Träger,http://www.frei-zeit-haus.de/ggmbh,13.44328174,52.55809167
03181050,Kita Peace Kids FBO Rennbahnstraße (FBO),03,Pankow,13086,Berlin,Rennbahnstr.,87,-88,030 23182315,http://www.kita-peacekids.de,12,Eltern-Kind-Gruppe,Situationsansatz,,9098,Bildungs- und Demokratieförderung gUG,freie Träger,http://www.bidef.de,13.45378153,52.56218171
03181070,Kita der kleinen Kreativen Karow (nur Sprachförderung),03,Pankow,13125,Berlin,Bahnhofstr.,33A,,0151/12365988,,20,Kindertagesstätte,,,8870,Kita der kleinen Kreativen gGmbH,freie Träger,http://www.kita-dk-kreativen.de,13.48001277,52.60988451
03181080,Kenntnisreich in der Urbacher Straße,03,Pankow,13129,Berlin,Urbacher Str.,19,,3658392,,49,Kindertagesstätte,Situationsansatz,,8259,Kenntnisreich Kindertagesstätten gGmbH,freie Träger,http://www.kenntnisreich-kindertagesstaetten.de,13.46078221,52.60186173
03181090,Erasmus Kita Beate-Hahn-Straße,03,Pankow,13089,Berlin,Beate-Hahn-Str.,14,,030/921076534,https://erasmus-bildungshaus.de/erasmus-einrichtungen/kita-beate-hahn-strasse/,52,Kindertagesstätte,Situationsansatz,,9259,Erasmus Berlin gGmbH,freie Träger,http://erasmus-berlin.org,13.43531282,52.57495795
03190010,Kita Petitweg,03,Pankow,13127,Berlin,Petitweg,20,,030 48626511,http://www.kinder-im-kiez.de/unsere-kitas/petitweg/,62,Kindertagesstätte,Situationsansatz,,1318,Kinder im Kiez gGmbH,freie Träger,http://www.kinder-im-kiez.de,13.41605898,52.60740111
03190020,Kita Wiesenwichtel,03,Pankow,13158,Berlin,Wiesenwinkel,17,,030 91745766,http://www.buergerhaus-ev.de,82,Kindertagesstätte,Ansatz von Emmi Pikler/Situationsansatz,,1297,Bürgerhaus BüHa gGmbH,freie Träger,http://www.buergerhaus-gmbh.de,13.37991591,52.59246279
03190090,Kita Die Insel,03,Pankow,13127,Berlin,Nantesstr.,69,,030 47471988,http://www.jao-berlin.de,95,Kindertagesstätte,Offene-Arbeit/Situationsansatz,,1298,JAO gGmbH,freie Träger,http://www.jao-berlin.de,13.41784646,52.60415141
03190110,Kita Spatzenhaus,03,Pankow,13127,Berlin,Eddastr.,46,,030 4742683,http://www.gfajev.de,65,Kindertagesstätte,Offene-Arbeit/Situationsansatz,,1342,GFAJ e.V.,freie Träger,http://www.gfajev.de,13.43830754,52.60430072
03190150,Kita Fontanestr. 83/Kigä NordOst,03,Pankow,13158,Berlin,Fontanestr.,83,,9164786,,120,Kindertagesstätte,Situationsansatz,,0121,Kindergärten NordOst,Eigenbetriebe,http://www.kigaeno.de,13.36038149,52.58943097
03190170,Humanistische Kindertagesstätte Friedrich-Engels-Straße,03,Pankow,13156,Berlin,Friedrich-Engels-Str.,45,,9165124,https://humanistisch.de/kitas/,96,Kindertagesstätte,Situationsansatz/Reggio-Pädagogik/Offene-Arbeit,,1230,"Humanistischer Verband Deutschlands, Landesverband Berlin-Brandenburg KdöR",freie Träger,https://humanistisch.de/kitas/,13.39044493,52.58397593
03190180,Waldorfkindergarten Sonnenhaus,03,Pankow,13158,Berlin,Nesselweg,11A,,030 9120 8778,http://www.waldorfkindergarten-sonnenhaus.de,36,Eltern-Initiativ-Kindertagesstätte,Waldorfpädagogik,,1107,Waldorfkindergarten Sonnenhaus e.V.,freie Träger,http://www.waldorfkindergarten-sonnenhaus.de,13.38212972,52.59840477
03190190,"IB-Kita, Internationaler Bund",03,Pankow,13125,Berlin,Friedrich-Richter-Str.,36,,030 949 41 32,https://www.internationaler-bund.de/standort/207221,200,Kindertagesstätte,Situationsansatz/Offene-Arbeit,,8377,Internationaler Bund - IB Berlin-Brandenburg gGmbH für Bildung und soziale Dienste (IB Berlin-Brandenburg gGmbH),freie Träger,https://ib-berlin.de/,13.4937163,52.62631517
03190230,Kita Zipfelmütze,03,Pankow,13187,Berlin,Görschstr.,15,,030 4855271,http://www.gfajev.de,162,Kindertagesstätte,Offene-Arbeit/Situationsansatz,,1342,GFAJ e.V.,freie Träger,http://www.gfajev.de,13.40046685,52.56423872
03190320,EKT Garuda,03,Pankow,13187,Berlin,Kreuzstr.,5,,030 49902642,http://www.garuda-ev.de,20,Eltern-Initiativ-Kindertagesstätte,Ansatz von Emmi Pikler/Reggio-Pädagogik/Situationsansatz,,1117,Garuda e.V.,freie Träger,,13.3979675,52.56870336
03190330,Kita - Die Pankis,03,Pankow,13156,Berlin,Heinrich-Böll-Str.,1,,030 9142 2212,,30,Kindertagesstätte,,,1121,Die Pankis gGmbH,freie Träger,,13.40265024,52.58760095
03190340,Kita Klothildestr. 21/Kigä NordOst,03,Pankow,13156,Berlin,Klothildestr.,21,,4767587,,91,Kindertagesstätte,Situationsansatz/Sonstiges,,0121,Kindergärten NordOst,Eigenbetriebe,http://www.kigaeno.de,13.41635492,52.58110206
03190370,Kita Lindenberger Weg 26/Kigä NordOst,03,Pankow,13125,Berlin,Lindenberger Weg,26,,9497266,,190,Kindertagesstätte,Situationsansatz,,0121,Kindergärten NordOst,Eigenbetriebe,http://www.kigaeno.de,13.50333358,52.63062932
03190390,Schlossparkspatzen,03,Pankow,13187,Berlin,Mendelstr.,49,-51,47536402,,180,Kindertagesstätte,Situationsansatz,,0121,Kindergärten NordOst,Eigenbetriebe,http://www.kigaeno.de,13.4172833,52.57782468
03190440,Integrationskita Schneckenhaus/Kigä NordOst,03,Pankow,13189,Berlin,Neumannstr.,7,,4728055,,206,Kindertagesstätte,Situationsansatz/Sonstiges,,0121,Kindergärten NordOst,Eigenbetriebe,http://www.kigaeno.de,13.42419492,52.5573662
03190480,Kita Sonnenblume,03,Pankow,13187,Berlin,Schönholzer Str.,4D,,030 485 59 09,https://www.jugendundsozialwerk.de/kitas/berlin/pankow/kita-sonnenblume/,85,Kindertagesstätte,Offene-Arbeit/Sonstiges/Situationsansatz,,1296,Jugend- und Sozialwerk gGmbH,freie Träger,http://www.jus-or.de,13.4007877,52.57067995
03190490,Kita Pestalozzistr.9-11/Kigä NordOst,03,Pankow,13187,Berlin,Pestalozzistr.,9,-11,4855340,,180,Kindertagesstätte,Montessori-Pädagogik,,0121,Kindergärten NordOst,Eigenbetriebe,http://www.kigaeno.de,13.40555604,52.57163187
03190510,Kita Vielfarb-Kita,03,Pankow,13125,Berlin,Robert-Rössle-Str.,1A,,030 516956230,https://www.vielfarb.de/kita-im-gruenen/,85,Kindertagesstätte,Situationsansatz,,1345,Vielfarb Social gGmbH,freie Träger,http://www.vielfarb.de,13.49965152,52.62854992
03190550,Kita Zauberstein,03,Pankow,13127,Berlin,Cunistr.,34,,030 4748 7765,http://www.kinder-im-kiez.de/unsere-kitas/cunistrasse/,60,Kindertagesstätte,Situationsansatz,,1318,Kinder im Kiez gGmbH,freie Träger,http://www.kinder-im-kiez.de,13.42234655,52.60985145
03190570,Kita Am Brennerberg,03,Pankow,13187,Berlin,Zillertalstr.,38,,030 472 3166,http://www.buergerhaus-gmbh.de,135,Kindertagesstätte,Ansatz von Emmi Pikler/Situationsansatz,,1297,Bürgerhaus BüHa gGmbH,freie Träger,http://www.buergerhaus-gmbh.de,13.40641662,52.56019682
03190590,Kita La Cigale/Kigä NordOst,03,Pankow,13127,Berlin,Matthieustr.,12,,47471942,,86,Kindertagesstätte,Situationsansatz/Sonstiges,,0121,Kindergärten NordOst,Eigenbetriebe,http://www.kigaeno.de,13.41921661,52.60830103
03190600,Kita Murmelstein,03,Pankow,13127,Berlin,Schweizer Tal,18,,030 47471987,http://www.jao-berlin.de,111,Kindertagesstätte,Sonstiges/Situationsansatz,,1298,JAO gGmbH,freie Träger,http://www.jao-berlin.de,13.4255602,52.60516319
03190650,"IB-Kita, Internationaler Bund",03,Pankow,13187,Berlin,Vesaliusstr.,68,,030 47533840,https://www.internationaler-bund.de/standort/207223,190,Kindertagesstätte,Situationsansatz/Sonstiges/Offene-Arbeit,,8377,Internationaler Bund - IB Berlin-Brandenburg gGmbH für Bildung und soziale Dienste (IB Berlin-Brandenburg gGmbH),freie Träger,https://ib-berlin.de/,13.42698498,52.58023587
03190700,Kita der Ev. Kirchengem. Hoffnung,03,Pankow,13189,Berlin,Elsa-Brändström-Str.,36,,030 472 03 19,,47,Kindertagesstätte,Offene-Arbeit,,0443,Ev. Kirchengemeinde Hoffnung Pankow,freie Träger,,13.41935896,52.55933001
03190710,Ev. Kita Wilhelmsruh,03,Pankow,13158,Berlin,Goethestr.,3,,030 9167774,http://evkvbmn.de,60,Kindertagesstätte,Situationsansatz,,5425,Ev. Kirchenkreisverband für Kindertageseinrichtungen Berlin Mitte-Nord,freie Träger,http://evkvbmn.de,13.36770769,52.58780785
03190720,EKT - Timpetu,03,Pankow,13156,Berlin,Treskowstr.,5,,030 4773443,http://www.timpetu.de,34,Eltern-Initiativ-Kindertagesstätte,Situationsansatz,,0512,Kinderladen Timpetu e.V.,freie Träger,http://www.timpetu.de,13.39797193,52.58161628
03190730,Kita der Ev. Kirchengem. Alt-Pankow,03,Pankow,13187,Berlin,Breite Str.,38,,030 4753-4963,,36,Kindertagesstätte,Situationsansatz/Montessori-Pädagogik/Offene-Arbeit,,0444,Ev. Kirchengemeinde Alt-Pankow,freie Träger,,13.40882765,52.57021286
03190740,Kita Buchholz,03,Pankow,13127,Berlin,Gartenstr.,16,,030 4742569,http://evkvbmn.de,55,Kindertagesstätte,Situationsansatz,,5425,Ev. Kirchenkreisverband für Kindertageseinrichtungen Berlin Mitte-Nord,freie Träger,http://evkvbmn.de,13.43046472,52.60637434
03190770,Ev. Kita Martin-Luther,03,Pankow,13187,Berlin,Pradelstr.,11,,0304857973,http://evkvbmn.de,47,Kindertagesstätte,Situationsansatz,,5425,Ev. Kirchenkreisverband für Kindertageseinrichtungen Berlin Mitte-Nord,freie Träger,http://evkvbmn.de,13.39623282,52.56456199
03190780,Waldorfkindergarten Pankow,03,Pankow,13156,Berlin,Majakowskiring,13,- 15,030 485 68 89,http://waldorfkiga-pankow.de,82,Kindertagesstätte,Waldorfpädagogik,,1216,Waldorfkindergarten Pankow e.V.,freie Träger,http://waldorfkiga-pankow.de,13.40454888,52.57455309
03190800,Kita EigenSinn,03,Pankow,13189,Berlin,Eschengraben,49,,030 4711014,http://www.camino-berlin.de,185,Kindertagesstätte,Sonstiges/Offene-Arbeit,,1330,Camino-Dein Weg GmbH,freie Träger,http://www.camino-berlin.de,13.42559131,52.55705883
03190840,Kita Schützenstr. 133/Kigä NordOst,03,Pankow,13127,Berlin,Schützenstr.,133,,47402950,,85,Kindertagesstätte,Situationsansatz,,0121,Kindergärten NordOst,Eigenbetriebe,http://www.kigaeno.de,13.42531213,52.61236611
03190890,Kita Pankowerstr.,03,Pankow,13156,Berlin,Pankower Str.,13,,030 4765904,http://www.forum-soziale-dienste.de,160,Kindertagesstätte,Offene-Arbeit,,1334,Forum Soziale Dienste GmbH,freie Träger,http://www.forum-soziale-dienste.de,13.42549427,52.58468366
03190920,Kita Walter-Friedrich-Str. 20-22/Kigä NordOst,03,Pankow,13125,Berlin,Walter-Friedrich-Str.,20,-22,9490124,,180,Kindertagesstätte,Sonstiges/Offene-Arbeit/Situationsansatz,,0121,Kindergärten NordOst,Eigenbetriebe,http://www.kigaeno.de,13.49249129,52.63181528
03190940,BOOT-Kita Uhlandzwerge,03,Pankow,13158,Berlin,Uhlandstr.,33,,030 9167930,http://www.bootkitas.de,210,Kindertagesstätte,Situationsansatz,,1277,Gemeinnützige BOOT GmbH,freie Träger,http://www.bootkitas.de,13.36578954,52.59067969
03190950,EKT - Arbeitsgruppe für Montessori-Pädagogik,03,Pankow,13156,Berlin,Blumenthalstr.,18,,030-4720147,http://montessori-blumenthalstr.de,25,Eltern-Initiativ-Kindertagesstätte,Montessori-Pädagogik,,0530,Arbeitsgruppe für Montessoripädagogik e.V.,freie Träger,http://montessori-blumenthalstr.de,13.38896215,52.58218634
03190980,EKT Gartenkinder,03,Pankow,13189,Berlin,Neumannstr.,73,,0176 62661588,http://gartenkinder.net/,24,Eltern-Initiativ-Kindertagesstätte,Offene-Arbeit,,1127,Gartenkinder e.V.,freie Träger,https://www.gartenkinder.org,13.42089399,52.56392339
03190990,"""Waldkindergarten Pankow e.V. - Die Waldläufer""",03,Pankow,13159,Berlin,Schildower Str.,20,,6134758,http://www.waldkindergarten-berlin.de,40,Kindertagesstätte,Sonstiges,,1131,Waldkindergarten Pankow e.V.,freie Träger,http://www.waldkindergarten-berlin.de,13.38757126,52.6284322
03191010,"Montessori-Kinderhaus ""Lolek und Bolek""",03,Pankow,13189,Berlin,Spiekermannstr.,30,,030 9142 1445,http://www.lolek-bolek.com,28,Eltern-Initiativ-Kindertagesstätte,Montessori-Pädagogik,,1137,Lolek und Bolek 2002 e.V.,freie Träger,http://www.lolek-bolek.com,13.42833381,52.55387158
03191020,Kita Krikelkrakel,03,Pankow,13187,Berlin,Breite Str.,7,,030 51636203,http://www.krikelkrakel.org,25,Kindertagesstätte,Situationsansatz,,1138,Krikelkrakel gGmbH,freie Träger,http://www.krikelkrakel.org,13.4100702,52.57131207
03191030,Kleiner Fratz,03,Pankow,13127,Berlin,Triftstr.,27B,,030/68072490,http://www.kleinerfratz.berlin.de,45,Kindertagesstätte,Offene-Arbeit/Situationsansatz,,0627,Kleiner Fratz GmbH,freie Träger,http://www.kleinerfratz.berlin.de,13.43005435,52.61234006
03191040,KITA Villa Sternenschiff,03,Pankow,13187,Berlin,Benjamin-Vogelsdorff-Str.,3,,030 4171 9054,http://www.sehstern-ev.de,45,Kindertagesstätte,Situationsansatz,,1306,SEHstern e.V.,freie Träger,http://www.sehstern-ev.de,13.40591594,52.56761755
03191050,"Kita ""Die kleinen Strolche""",03,Pankow,13187,Berlin,Neue Schönholzer Str.,25,,48620751,https://www.kigaeno.de/die-kleinen-strolche/,85,Kindertagesstätte,Situationsansatz/Sonstiges,,0121,Kindergärten NordOst,Eigenbetriebe,http://www.kigaeno.de,13.40457444,52.56640457
03191060,Kita Gänseblümchen,03,Pankow,13156,Berlin,Dietzgenstr.,25,,030 5001 9123,http://www.pankow-kita.de,63,Kindertagesstätte,Situationsansatz,,1308,KITA Gänseblümchen gGmbH,freie Träger,http://www.pankow-kita.de,13.40322093,52.58221676
03191070,Lara.berlin Kita,03,Pankow,13156,Berlin,Hermann-Hesse-Str.,55,,030 43724538,http://www.lara-kita.de,70,Kindertagesstätte,Situationsansatz,,1311,Lara.berlin gGmbH,freie Träger,https://lara-kita.de/,13.39504874,52.57723135
03191080,Klax Kindergarten Igelnest,03,Pankow,13158,Berlin,Schönholzer Weg,17,,030 4597 6303,https://klax.de/de/kitas/einrichtungen/kindergarten-igelnest,70,Kindertagesstätte,Sonstiges,,1214,KLAX Berlin gGmbH,freie Träger,http://klax.de,13.3748624,52.58527806
03191090,EKT - Ratzefatze,03,Pankow,13187,Berlin,Florapromenade,1,,030 5301 6787,http://ratzefatze.org,21,Eltern-Initiativ-Kindertagesstätte,Situationsansatz/Reggio-Pädagogik,,1165,Kinderladen Ratzefatze e.V.,freie Träger,http://ratzefatze.org,13.40407118,52.5651885
03191100,Kita p.f.-knirpse,03,Pankow,13127,Berlin,Rosenthaler Weg,41,- 45,030 4985 2495,,40,Kindertagesstätte,Offene-Arbeit/Situationsansatz,,1315,pro futura e.V.,freie Träger,http://www.profutura.eu,13.42177708,52.60695867
03191130,Kita Nordstern,03,Pankow,13125,Berlin,Achillesstr.,75,,030 9120 2693,http://www.sehstern-ev.de,24,Kindertagesstätte,Situationsansatz,,1306,SEHstern e.V.,freie Träger,http://www.sehstern-ev.de,13.49151125,52.61678814
03191150,Kita Kleine Leute ganz groß,03,Pankow,13187,Berlin,Florastr.,68,,030 4372 4795,https://www.vfbb-pankow.de/,20,Kindertagesstätte,Situationsansatz,,1184,"Verein f. familienergänzende Betreuung u. Beratung Pankow, kurz ""VfBB Pankow"" e.V.",freie Träger,https://www.vfbb-pankow.de/,13.40572695,52.56554617
03191160,Kita Französisch Buchholz,03,Pankow,13127,Berlin,Schönhauser Str.,113,,0304748 7522,http://kitafb.de,25,Eltern-Initiativ-Kindertagesstätte,Montessori-Pädagogik,,1187,Kita Französisch Buchholz e.V.,freie Träger,http://kitafb.de,13.4296711,52.60109004
03191170,Kita Tandem,03,Pankow,13187,Berlin,Pichelswerderstr.,3,,030 4847 9663,http://www.tandembtl.de,55,Kindertagesstätte,Situationsansatz,,1335,tandem BTL gGmbH,freie Träger,http://www.tandembtl.de,13.39603454,52.56680166
03191180,EKT Auenland,03,Pankow,13187,Berlin,Brehmestr.,60,,030 49908866,http://www.kita-auenland.de,20,Eltern-Initiativ-Kindertagesstätte,Waldorfpädagogik/Situationsansatz/Reggio-Pädagogik/Offene-Arbeit/Montessori-Pädagogik,,1194,Auenland e. V.,freie Träger,http://www.kita-auenland.de,13.39586882,52.56374157
03191190,"Klax Krippe Sonnenhaus,Klax Kindergarten Wolkenhaus und Klax Vorschule Regenbogenhaus",03,Pankow,13189,Berlin,Asta-Nielsen-Str.,11,,030 34745140,http://www.klax-kita.de,240,Kindertagesstätte,Sonstiges,,1214,KLAX Berlin gGmbH,freie Träger,http://klax.de,13.42326181,52.56234932
03191210,Waldkindergarten Robin Hood,03,Pankow,13156,Berlin,Dietzgenstr.,66,,0176,http://www.robinhoodwald.de,35,Kindertagesstätte,Sonstiges,,1198,Robin Hood e.V.,freie Träger,http://www.robinhoodwald.de,13.40215537,52.58700177
03191220,Kita am Brosepark,03,Pankow,13156,Berlin,Dietzgenstr.,33,,030 4762672,http://www.buergerhaus-gmbh.de,40,Kindertagesstätte,Ansatz von Emmi Pikler/Offene-Arbeit/Situationsansatz,,1297,Bürgerhaus BüHa gGmbH,freie Träger,http://www.buergerhaus-gmbh.de,13.40289266,52.5830449
03191230,Kita Strauchwiese,03,Pankow,13156,Berlin,Lindenberger Str.,24,,030 443 83 502,https://www.pfefferwerk.de/kindertagesstaetten/kita-strauchwiese/,130,Kindertagesstätte,Ansatz von Emmi Pikler/Situationsansatz,,1202,Pfefferwerk Stadtkultur gGmbH,freie Träger,http://www.pfefferwerk.de,13.41910288,52.58156225
03191240,Kita Sauseschritt,03,Pankow,13158,Berlin,Dietzgenstr.,104,,030 44383501,https://www.pfefferwerk.de/kindertagesstaetten/kita-sauseschritt/,90,Kindertagesstätte,Sonstiges,,1202,Pfefferwerk Stadtkultur gGmbH,freie Träger,http://www.pfefferwerk.de,13.40434257,52.59193224
03191250,Kindergarten Junges Gemüse,03,Pankow,13189,Berlin,Elsa-Brändström-Str.,15,,030 47061875,http://www.jungesgemüse-berlin.de,25,Eltern-Initiativ-Kindertagesstätte,Sonstiges/Situationsansatz,,1357,Junges Gemüse e.V.,freie Träger,http://www.jungesgemüse-berlin.de,13.41578077,52.56001862
03191260,Kita Schillerwiese,03,Pankow,13156,Berlin,Waldemarstr.,36,,030 516956245,https://www.vielfarb.de/kita-schillerwiese/,100,Kindertagesstätte,Situationsansatz,,1359,Vielfarb-Kita Schillerwiese gGmbH,freie Träger,http://www.vielfarb-kita.de,13.40785284,52.58933974
03191280,Kita CampusSterne,03,Pankow,13125,Berlin,Robert-Rössle-Str.,10,Haus 61,030 94893546,http://www.sehstern-ev.de,58,Kindertagesstätte,Offene-Arbeit/Situationsansatz,,1306,SEHstern e.V.,freie Träger,http://www.sehstern-ev.de,13.50162833,52.62738726
03191290,Kita Mondschaukel,03,Pankow,13187,Berlin,Gaillardstr.,1,,030 4990 2444,https://www.vfbb-pankow.de/,24,Kindertagesstätte,Situationsansatz,,1184,"Verein f. familienergänzende Betreuung u. Beratung Pankow, kurz ""VfBB Pankow"" e.V.",freie Träger,https://www.vfbb-pankow.de/,13.39729688,52.56560677
03191300,Kita Schwalbennest,03,Pankow,13159,Berlin,Hauptstr.,16,,030 9132 1000,http://www.kitaschwalbennest.de,70,Kindertagesstätte,Situationsansatz,,7883,Rednik gGmbH,freie Träger,http://www.rednik-kinder.de,13.38827698,52.61791252
03191330,Kita Sonnenkäfer,03,Pankow,13187,Berlin,Ötztaler Str.,6,,030 471 00 70,http://www.kinder-im-kiez.de/unsere-kitas/oetztaler-strasse/,202,Kindertagesstätte,Situationsansatz,,1318,Kinder im Kiez gGmbH,freie Träger,http://www.kinder-im-kiez.de,13.40836395,52.5626434
03191340,Kita Pankower Wichtel,03,Pankow,13187,Berlin,Dusekestr.,14,,030 4856215,http://www.jao-berlin.de,140,Kindertagesstätte,Situationsansatz,,1298,JAO gGmbH,freie Träger,http://www.jao-berlin.de,13.4077004,52.56695105
03191360,Kita Kreuzgraben,03,Pankow,13156,Berlin,Kreuzgraben,13,,030 7071 5519,http://www.kinder-im-kiez.de/unsere-kitas/kreuzgraben/,90,Kindertagesstätte,,,1318,Kinder im Kiez gGmbH,freie Träger,http://www.kinder-im-kiez.de,13.40438202,52.58710822
03191370,Kita am Schlosspark,03,Pankow,13156,Berlin,Tschaikowskistr.,12,,030 516956235,https://www.vielfarb.de/kita-am-schlosspark/,85,Kindertagesstätte,Situationsansatz,,1345,Vielfarb Social gGmbH,freie Träger,http://www.vielfarb.de,13.40102282,52.57756123
03191380,Kath. Kita St. Georg,03,Pankow,13187,Berlin,Breite Str.,44,,030 259365165,,72,Kindertagesstätte,Situationsansatz/Sonstiges,,9193,Kitas im Erzbistum Berlin-Zweckverband der katholischen Kirchengemeinden,freie Träger,http://hedikitas.de,13.41237107,52.57122157
03191390,Kath. Kita Maria Magdalena,03,Pankow,13156,Berlin,Boris-Pasternak-Weg,16,- 20,030 259365-164,http://www.kita-st-maria-magdalena.de,80,Kindertagesstätte,Montessori-Pädagogik/Situationsansatz,,9193,Kitas im Erzbistum Berlin-Zweckverband der katholischen Kirchengemeinden,freie Träger,http://hedikitas.de,13.40021985,52.57682583
03191440,EKT Simsalabim,03,Pankow,13187,Berlin,Wilhelm-Kuhr-Str.,83,,030 49400215,,16,Eltern-Initiativ-Kindertagesstätte,Situationsansatz,,7377,EKT Simsalabim e.V.,freie Träger,,13.39728274,52.56886762
03191450,Kinderladen Spielmäuse,03,Pankow,13187,Berlin,Wolfshagener Str.,81,,030 43921893,http://verein-siebenstein.de,25,Eltern-Initiativ-Kindertagesstätte,Situationsansatz,,7382,Siebenstein e. V.,freie Träger,http://verein-siebenstein.de,13.41116321,52.57299816
03191510,Villa Flohkiste,03,Pankow,13158,Berlin,Hielscherstr.,2,,030 4985689-0,http://www.villa-flohkiste.de,36,Kindertagesstätte,,,7411,Villa Flohkiste gemeinnützige GmbH,freie Träger,http://www.villa-flohkiste.de,13.36406578,52.58456924
03191530,Kinderladen Sterntaler,03,Pankow,13189,Berlin,Dettelbacher Weg,28,,030 47596255,,50,Kindertagesstätte,Situationsansatz,,8628,KiTa Sterntaler gGmbH,freie Träger,,13.42611197,52.5697489
03191550,lara.berlin Kita,03,Pankow,13187,Berlin,Schulstr.,30,,030 4862 03 86,http://www.lara-kita.de,85,Kindertagesstätte,Situationsansatz,,1311,Lara.berlin gGmbH,freie Träger,https://lara-kita.de/,13.41035871,52.5689657
03191560,EKT Stadtkinder,03,Pankow,13187,Berlin,Rettigweg,4,,030 40049659,https://www.stadtkinder-pankow.de,21,Eltern-Initiativ-Kindertagesstätte,Situationsansatz,,7570,Stadtkinder Pankow e. V.,freie Träger,http://www.Stadtkinder-Pankow.de,13.39631958,52.56392301
03191570,Kita Nusshütte,03,Pankow,13189,Berlin,Selma-Lagerlöf-Str.,4,,(0) 155,http://www.kita-kleine-kapitaene.de,22,Kindertagesstätte,Situationsansatz/Offene-Arbeit,,8864,CeFi - Bildung und Verständigung gGmbH,freie Träger,http://www.cefi-bildung.de,13.42608849,52.56088529
03191580,Kleine Abenteurer,03,Pankow,13156,Berlin,Waldstr.,34,,030 47497333,http://www.kita-kleine-abenteurer.de,23,Kindertagesstätte,Offene-Arbeit/Situationsansatz,,7646,Kleine Abenteurer e. V.,freie Träger,http://www.kita-kleine-abenteurer.de,13.39708404,52.58758507
03191590,Kita Cheburashka-Pankow,03,Pankow,13189,Berlin,Thulestr.,42,,030 48814180,http://www.kitacheburashka.de,40,Kindertagesstätte,Situationsansatz,,7388,Cheburashka gGmbH,freie Träger,http://www.kitacheburashka.de,13.42241133,52.55494274
03191600,Kita Kleine Mimmi,03,Pankow,13156,Berlin,Dietzgenstr.,71,,030 47485907,http://www.kita-kleine-mimmi.de,19,Kindertagesstätte,Situationsansatz,,7753,Kleine Mimmi e. V.,freie Träger,http://www.kita-kleine-mimmi.de,13.40148254,52.58752045
03191610,Kita Lotusblüte,03,Pankow,13156,Berlin,Tschaikowskistr.,13,,0176 45736953,http://www.kita-lotusbluete.de,24,Eltern-Initiativ-Kindertagesstätte,Situationsansatz/Ansatz von Emmi Pikler,,7795,Lotusblüte e. V.,freie Träger,http://www.kita-lotusbluete.de,13.40096846,52.57721663
03191620,Kita Meilenstein,03,Pankow,13156,Berlin,Blankenburger Str.,9,,030 91422426,http://www.kita-meilenstein.de,50,Kindertagesstätte,Situationsansatz,,7883,Rednik gGmbH,freie Träger,http://www.rednik-kinder.de,13.40576147,52.58176099
03191630,Kita Kleine Glückspilze,03,Pankow,13125,Berlin,Hobrechtsfelder Chaussee,162,u. 164,030 94396152,http://www.gfajev.de,48,Kindertagesstätte,Offene-Arbeit/Situationsansatz,,1342,GFAJ e.V.,freie Träger,http://www.gfajev.de,13.48938978,52.65175602
03191640,Kita Kindererde Damerowstraße,03,Pankow,13187,Berlin,Damerowstr.,64,,030 51649111,,40,Kindertagesstätte,Situationsansatz/Ansatz von Emmi Pikler,,8141,Kindererde gemeinnützige GmbH,freie Träger,http://www.kindererde.de,13.41634832,52.57244007
03191650,Kinderhaus Sternenwiese,03,Pankow,13187,Berlin,Berliner Str.,128,,030 40058626,https://montessori-kinderhaus-pankow.jimdoweb.com/,60,Kindertagesstätte,Montessori-Pädagogik,,3696,KARUNA Zukunft für Kinder und Jugendliche in Not International e.V.,freie Träger,http://www.karunaberlin.de,13.41159049,52.56999551
03191680,Kita Pankekinder,03,Pankow,13187,Berlin,Wollankstr.,119,,030 48476182,http://www.pankekinder.de,26,Eltern-Initiativ-Kindertagesstätte,Situationsansatz,,7874,Pankekinder e. V.,freie Träger,http://www.pankekinder.de,13.39795163,52.56715489
03191690,KitaEins,03,Pankow,13156,Berlin,Hermann-Hesse-Str.,45,- 47,030 49988899,http://www.kitaeins.de,136,Kindertagesstätte,Sonstiges,,1300,Pankower Früchtchen gGmbH,freie Träger,http://www.pankower-fruechtchen.de,13.39589376,52.57783611
03191700,Kita Paul und Paula,03,Pankow,13156,Berlin,Grabbeallee,44,,030 40049657,http://www.kita-pankow-berlin.de,40,Kindertagesstätte,Situationsansatz,,7926,"""Paul & Paula"" UG (haftungsbeschränkt)",freie Träger,http://www.paulundpaula.de,13.39900357,52.57582656
03191710,Kindergarten Affenbande,03,Pankow,13187,Berlin,Mendelstr.,42,,030 53162402,http://www.plannedchild.de,30,Kindertagesstätte,Reggio-Pädagogik,,7876,planned child gGmbH,freie Träger,http://www.plannedchild.de,13.41827955,52.57671682
03191720,Kita Villa Lobo,03,Pankow,13156,Berlin,Wilhelm-Wolff-Str.,15,,0304431885700,http://hanna-ggmbh.de/unsere-kitas/villa-lobo,84,Kindertagesstätte,Situationsansatz,,1299,Hanna gGmbH Kita-Trägerschaften,freie Träger,http://www.hanna-ggmbh.de,13.39533442,52.58040095
03191730,Kita Kindererde Berliner Straße,03,Pankow,13127,Berlin,Berliner Str.,7,,030 81407766,,75,Kindertagesstätte,Offene-Arbeit/Ansatz von Emmi Pikler/Situationsansatz,,8141,Kindererde gemeinnützige GmbH,freie Träger,http://www.kindererde.de,13.43229535,52.59767818
03191740,Kita Sternschnuppe,03,Pankow,13187,Berlin,Brehmestr.,25,,030 48479200,http://www.kita-sternschnuppe-berlin.de,24,Kindertagesstätte,,,8075,Kita Sternschnuppe gGmbH,freie Träger,http://www.kita-sternschnuppe-berlin.de,13.3985422,52.56171793
03191750,Kita Clownfisch,03,Pankow,13187,Berlin,Maximilianstr.,6,,03023934995,https://www.bfa-ggmbh.de/,22,Kindertagesstätte,Situationsansatz,,8077,BfA gGmbH,freie Träger,http://www.bfa-ggmbh.de,13.41118779,52.56133718
03191760,Kita Schillersternchen,03,Pankow,13156,Berlin,Schillerstr.,21,- 22,030 47376225,http://www.masakids.de,60,Kindertagesstätte,Situationsansatz/Sonstiges,,8081,MASAkids gemeinnützige Unternehmergesellschaft (haftungsbeschränkt),freie Träger,http://www.masakids.de,13.40771941,52.59126921
03191770,Kindergarten Waldkind,03,Pankow,13125,Berlin,Wiltbergstr.,29A,Am Sportplatz,030/32505619,http://www.wald-kind.de,24,Kindertagesstätte,Sonstiges,,8498,Spielkultur Berlin-Buch e. V.,freie Träger,http://www.spielkultur-buch.de,13.49120634,52.63639233
03191800,Kita Ludwig Hoffmann Quartier,03,Pankow,13125,Berlin,Wiltbergstr.,50,/Haus 23,030 911464900,https://montessori-kinderhaus-buch.jimdofree.com,97,Kindertagesstätte,Montessori-Pädagogik,,3696,KARUNA Zukunft für Kinder und Jugendliche in Not International e.V.,freie Träger,http://www.karunaberlin.de,13.48878561,52.64091471
03191810,Kita Little Munchkins,03,Pankow,13189,Berlin,Trelleborger Str.,5,,030 63962084,http://www.littlemunchkins.de,24,Kindertagesstätte,Situationsansatz,,8126,Little Munchkins gGmbH,freie Träger,http://www.littlemunchkins.de,13.41823089,52.55436817
03191820,Kita Cheburashka - Wisbyer Straße,03,Pankow,13189,Berlin,Wisbyer Str.,36,- 37,030 95619222,http://www.kitacheburashka.de,32,Kindertagesstätte,Offene-Arbeit/Situationsansatz,,7388,Cheburashka gGmbH,freie Träger,http://www.kitacheburashka.de,13.42861973,52.55210325
03191840,Kinderladen Pankekäfer,03,Pankow,13187,Berlin,Ossietzkystr.,9,,030 49910342,http://www.skib.berlin.de,25,Kindertagesstätte,Situationsansatz,,8162,SKIB gemeinnützige Unternehmergesellschaft (haftungsbeschränkt) Starke Kinder in Berlin,freie Träger,http://skib.berlin,13.40822027,52.57182667
03191870,Kita Schillerzwerge,03,Pankow,13156,Berlin,Schillerstr.,9,- 10,030/47376225,http://www.manatikids.de,25,Kindertagesstätte,Situationsansatz/Sonstiges,,8251,MANATIkids gemeinnützige Unternehmergesellschaft (haftungsbeschränkt),freie Träger,http://www.manatikids.de,13.4074847,52.59090192
03191880,Kita Anderland,03,Pankow,13189,Berlin,Herthastr.,6,,030 81618923,https://www.bgff.de/kitas/anderland/,35,Kindertagesstätte,Offene-Arbeit,,7707,BGFF - Berliner Gesellschaft für Förderung interkultureller Bildung und Erziehung e. V.,freie Träger,http://www.bgff.de,13.42817447,52.55317087
03191890,Kita Bucher Spatzen,03,Pankow,13125,Berlin,Wiltbergstr.,30,,030 94795746,https://www.bucher-spatzen.de,50,Kindertagesstätte,Situationsansatz,,8284,Hand in Hand mit Kindern gemeinnützige UG (haftungsbeschränkt),freie Träger,,13.49260129,52.6371026
03191910,Kita Zitterbacke,03,Pankow,13156,Berlin,Dietzgenstr.,55,,03043627037,http://kita-zitterbacke.de,24,Kindertagesstätte,Situationsansatz,,8303,Kita Zitterbacke gGmbH,freie Träger,http://kita-zitterbacke.de,13.4023154,52.58576767
03191920,Verbundkita Pankow - Die Wölfe Maxi,03,Pankow,13187,Berlin,Wolfshagener Str.,68,Ecke Eintrachtstraße,030 20093939,https://www.minikitasfirst.de/kindertagesst%C3%A4tten/verbundkita-pankow/,20,Kindertagesstätte,Situationsansatz/Offene-Arbeit/Montessori-Pädagogik,,8929,MK MiniKitas in Berlin gGmbH,freie Träger,https://minikitas.de/,13.40956923,52.57227007
03191930,Kita Dietzgen-Strolche,03,Pankow,13156,Berlin,Dietzgenstr.,66A,,030 20093499,http://www.sona-kita.de,33,Kindertagesstätte,Situationsansatz,,4939,SONA - Soziale Nachbarschaft für betreutes Wohnen gGmbH,freie Träger,http://www.sona-ggmbh.de,13.40236236,52.58685483
03191940,Kila PiWi,03,Pankow,13187,Berlin,Pichelswerderstr.,4,,030 48476265,http://www.kinderschlummerland.de,35,Kindertagesstätte,Reggio-Pädagogik,,7556,Kinderschlummerland gGmbH,freie Träger,http://www.kinderschlummerland.de,13.39638029,52.56699066
03191950,Kita Freche Fledermäuse Pankow,03,Pankow,13187,Berlin,Schönholzer Str.,2,,030 49907279,https://freche-fledermaeuse.de,18,Kindertagesstätte,Situationsansatz,,7448,Familien-Fenster e. V.,freie Träger,https://freche-fledermaeuse.de/,13.40094425,52.56966248
03191960,Junior 1 Kita am Bürgerpark,03,Pankow,13187,Berlin,Parkstr.,1,,030 67950540,http://www.junior1.de,30,Kindertagesstätte,Situationsansatz/Reggio-Pädagogik/Montessori-Pädagogik,,8323,Junior JOEL AM BÜRGERPARK - gemeinnützige UG (haftungsbeschränkt),freie Träger,http://www.junior1.de,13.39897996,52.57080387
03191980,Platanus Kindergarten,03,Pankow,13187,Berlin,Stiftsweg,12A,,030 4373 77333,http://www.platanus-schule.de,99,Kindertagesstätte,Situationsansatz/Montessori-Pädagogik,,7860,PLATANUS BILDUNGS gGmbH,freie Träger,http://www.platanus-schule.de,13.41711594,52.57320484
03191990,Kita Pankepiraten,03,Pankow,13187,Berlin,Ossietzkystr.,6,-8,030 66866900,http://skib.berlin/pankepiraten,18,Kindertagesstätte,Situationsansatz,,8162,SKIB gemeinnützige Unternehmergesellschaft (haftungsbeschränkt) Starke Kinder in Berlin,freie Träger,http://skib.berlin,13.40886222,52.57174449
03192000,ASB Hugenottenhofkita Berlin,03,Pankow,13127,Berlin,Hauptstr.,13A,,03020046533,,120,Kindertagesstätte,Situationsansatz,,8353,ASB Kinder- und Jugendhilfe Berlin gGmbH,freie Träger,,13.43158178,52.6051117
03192010,Pankizwerge,03,Pankow,13156,Berlin,Körnerstr.,40,,030 54486406,,19,Kindertagesstätte,,,1121,Die Pankis gGmbH,freie Träger,,13.40934265,52.58900642
03192020,EKT Melodiekiste,03,Pankow,13156,Berlin,Dietzgenstr.,79,tatsächlich 81,030 20046191,,25,Eltern-Initiativ-Kindertagesstätte,Situationsansatz,,8373,MIKA e. V.,freie Träger,,13.40146421,52.58838794
03192040,Kita Kinderwald,03,Pankow,13158,Berlin,Goethestr.,61,,030 2244505330,http://www.awo-mitte.de,90,Kindertagesstätte,Offene-Arbeit/Situationsansatz,,0150,Arbeiterwohlfahrt Kreisverband Berlin-Mitte e.V.,freie Träger,http://www.awo-mitte.de,13.35806554,52.58777724
03192050,Kita Leo Lausemaus,03,Pankow,13156,Berlin,Dietzgenstr.,43,,28614893,,25,Kindertagesstätte,Situationsansatz,,8409,Kita Leo Lausemaus gemeinnützige UG (haftungsbeschränkt),freie Träger,,13.40258735,52.58425636
03192060,Kinderladen Leni Kirschkern,03,Pankow,13187,Berlin,Eintrachtstr.,1,,017643311078,http://www.kirschkern-ev.de,33,Kindertagesstätte,Situationsansatz,,0772,Kirschkern e.V.,freie Träger,http://www.kirschkern-ev.de,13.41078328,52.57150686
03192070,Kita Grabbe-Kogge,03,Pankow,13156,Berlin,Grabbeallee,45,,030 49400634,http://www.casabambini-berlin.de,97,Kindertagesstätte,Situationsansatz,,8575,casa bambini - Gesellschaft zur Förderung und Begleitung von Kindesentwicklung mbH,freie Träger,https://www.casabambini-berlin.de,13.39837335,52.57571666
03192080,Kinderland Ferndinand,03,Pankow,13187,Berlin,Brehmestr.,35,,23498582,http://www.kinderland-ferdinand.de,26,Eltern-Initiativ-Kindertagesstätte,Situationsansatz,,8444,Himmel und Erde Pankow e. V.,freie Träger,http://www.kinderland-ferdinand.de,13.40244233,52.56233495
03192090,Kita Pankekinder 2,03,Pankow,13187,Berlin,Neue Schönholzer Str.,12,,030 85737834,http://www.pankekinder.de,27,Kindertagesstätte,Offene-Arbeit/Situationsansatz,,7874,Pankekinder e. V.,freie Träger,http://www.pankekinder.de,13.40202458,52.56705979
03192100,Kita Villa Her(t)zstraße,03,Pankow,13158,Berlin,Hertzstr.,15,,030/92275160,http://www.masakids.de,30,Kindertagesstätte,Situationsansatz/Sonstiges,,8081,MASAkids gemeinnützige Unternehmergesellschaft (haftungsbeschränkt),freie Träger,http://www.masakids.de,13.36584671,52.58478519
03192110,Kita Glück Glück,03,Pankow,13125,Berlin,Karower Chaussee,169B,,030 44677755,https://kubibe.de/unsere-kitas/gluckgluck/,80,Kindertagesstätte,Ansatz von Emmi Pikler/Situationsansatz,,8433,KUBIBE gemeinnützige GmbH,freie Träger,http://www.kubibe.de,13.49639481,52.62456278
03192120,Kita Villa Universum,03,Pankow,13127,Berlin,Bahnhofstr.,1,,030 92351478,http://kita-pankow.berlin,45,Kindertagesstätte,Situationsansatz,,8220,minomi gGmbH,freie Träger,http://www.kind.center,13.43330308,52.59597556
03192130,lara.kita,03,Pankow,13187,Berlin,Schulstr.,2,,03085737198,http://www.lara-kita.de,54,Kindertagesstätte,Situationsansatz,,1311,Lara.berlin gGmbH,freie Träger,https://lara-kita.de/,13.41051642,52.56951001
03192140,Kita Die Kiezkrümel,03,Pankow,13127,Berlin,Pankower Str.,1,,030 20091753,http://www.diekiezkruemel.de/,22,Kindertagesstätte,Montessori-Pädagogik,,8497,Die Kiezkrümel gemeinnützige UG (haftungsbeschränkt),freie Träger,http://www.diekiezkruemel.de/,13.42848681,52.58495898
03192150,Kita Knirpsentreff,03,Pankow,13156,Berlin,Buchholzer Str.,87,,030-55 49 53 53,http://www.knirpsentreff-berlin.de,60,Kindertagesstätte,Situationsansatz,,8574,Knirpsentreff GmbH,freie Träger,http://www.knirpsentreff-berlin.de,13.40723669,52.58303254
03192160,Kita Herthastraße,03,Pankow,13189,Berlin,Herthastr.,5,- 6,030 52101592,https://www.bgff.de/kitas/herthastrasse/,30,Kindertagesstätte,Offene-Arbeit,,7707,BGFF - Berliner Gesellschaft für Förderung interkultureller Bildung und Erziehung e. V.,freie Träger,http://www.bgff.de,13.42845585,52.55313954
03192170,EKT Hauptstadtindianer,03,Pankow,13156,Berlin,Eichenstr.,10,,0176 03084527116,http://www.hauptstadtindianer.de,25,Eltern-Initiativ-Kindertagesstätte,Situationsansatz/Sonstiges/Offene-Arbeit,,8631,Hauptstadtindianer e. V.,freie Träger,,13.39877546,52.58625751
03192180,Kita Baum und Borke,03,Pankow,13125,Berlin,Wiltbergstr.,50,- Haus 25,015904022669,https://kita-baum-und-borke.jimdo.com/,82,Kindertagesstätte,Montessori-Pädagogik,,3696,KARUNA Zukunft für Kinder und Jugendliche in Not International e.V.,freie Träger,http://www.karunaberlin.de,13.48938306,52.64205892
03192190,Naturkindergarten Tante Josefine,03,Pankow,13125,Berlin,Pankgrafenstr.,12D,,0157 73973958,http://www.tante-josefine.de,25,Waldkindergarten,Situationsansatz,,9045,Tante Josefine e.V.,freie Träger,http://www.tante-josefine.de,13.45252671,52.61596207
03192210,Ev. Kita Friedenskirche Niederschönhausen,03,Pankow,13156,Berlin,Marthastr.,12,,030 26582288,,60,Kindertagesstätte,Sonstiges,,8721,Die Evangelische Gemeinde Niederschönhausen- Nordend,freie Träger,http://www.friedenskirche-niederschoenhausen.de,13.40698587,52.58485146
03192220,Wiki - Wilhelmsruher Kinder,03,Pankow,13158,Berlin,Goethestr.,41,,030 49857602,http://www.camino-berlin.de,60,Kindertagesstätte,Sonstiges/Offene-Arbeit,,1330,Camino-Dein Weg GmbH,freie Träger,http://www.camino-berlin.de,13.36126954,52.58771139
03192230,"FRÖBEL - Kindergarten Sonne, Mond und Sterne",03,Pankow,13125,Berlin,Lindenberger Weg,57,,030 85620039,https://sonnemondundsterne.froebel.info/,70,Kindertagesstätte,Offene-Arbeit,,1227,Fröbel Bildung und Erziehung gGmbH,freie Träger,http://www.froebel-gruppe.de/,13.50654238,52.62917774
03192250,Kita Villa Kunterbunt,03,Pankow,13158,Berlin,Kurze Str.,5,- 7,030 41476621,,90,Kindertagesstätte,Offene-Arbeit/Sonstiges,,1364,Nice Bildung gGmbH,freie Träger,http://www.nice-bildung.de,13.35830971,52.58668158
03192260,Kita Sonne und Mond,03,Pankow,13156,Berlin,Güllweg,3,,030 516956260,https://www.vielfarb.de/kita-sonne-und-mond/,45,Kindertagesstätte,Situationsansatz,,1345,Vielfarb Social gGmbH,freie Träger,http://www.vielfarb.de,13.40164766,52.57787087
03192270,Kita Pankebären,03,Pankow,13158,Berlin,Niederstr.,1,C - K,16090425155,http://www.stepke-kitas.de,78,Kindertagesstätte,Situationsansatz,,8478,Step Kids Kitas gemeinnützige GmbH,freie Träger,http://www.stepke-kitas.de,13.36561984,52.58352931
03192280,Kita am Wald,03,Pankow,13125,Berlin,Wiltbergstr.,90,,030 516956280,http://www.vielfarb.de/kita-am-wald-2/,150,Kindertagesstätte,Situationsansatz,,8856,Vielfarb-LHQ gGmbH,freie Träger,http://www.vielfarb.de,13.48748408,52.64061567
03192300,Kita Sternenburg,03,Pankow,13158,Berlin,Edelweißstr.,27,,030 35054671,http://www.kindergartenmanufaktur.de,55,Kindertagesstätte,Situationsansatz,,8866,Kindergartenmanufaktur gUG,freie Träger,http://www.kindergartenmanufaktur.de,13.37199519,52.5856118
03192310,Kita Sternenwiege,03,Pankow,13158,Berlin,Hauptstr.,27,,030 35054671,http://www.kindergartenmanufaktur.de,16,Kindertagesstätte,Situationsansatz,,8866,Kindergartenmanufaktur gUG,freie Träger,http://www.kindergartenmanufaktur.de,13.36817431,52.58670106
03192320,TreeHaus,03,Pankow,13158,Berlin,Hauptstr.,26,,030 23880536,http://www.kita-treehaus.de,22,Kindertagesstätte,Sonstiges/Situationsansatz,,8876,Weltkinder UG,freie Träger,http://www.weltkinder.de,13.36742428,52.58658553
03192330,Kita Schneeflocke,03,Pankow,13158,Berlin,Kurze Str.,5,-7,030 45198688,http://www.kitaschneeflocke.de,87,Kindertagesstätte,Situationsansatz,,8882,Schneeflocke gUG,freie Träger,http://www.kitaschneeflocke.de,13.35830971,52.58668158
03192350,Kita Sternenhof,03,Pankow,13156,Berlin,Blankenburger Str.,76,,030 47476410,http://www.kitavis.de,65,Kindertagesstätte,Situationsansatz,,8315,SBH Nordost GmbH,freie Träger,http://www.sbh-nordost.de,13.41654796,52.58358764
03192360,Kita Friesenkinder,03,Pankow,13156,Berlin,Friesenstr.,86,,030 55597751,http://www.camino-berlin.de,75,Kindertagesstätte,Sonstiges/Offene-Arbeit,,1330,Camino-Dein Weg GmbH,freie Träger,http://www.camino-berlin.de,13.37781883,52.5809283
03192370,"Kita ""Binzzwerge""",03,Pankow,13189,Berlin,Binzstr.,35,,030 91208005,,30,Kindertagesstätte,Fröbel-Pädagogik,,8628,KiTa Sterntaler gGmbH,freie Träger,,13.42660112,52.56412256
03192380,Kita Selma-Lagerlöf-Straße,03,Pankow,13189,Berlin,Selma-Lagerlöf-Str.,6,,92213544,,100,Kindertagesstätte,Sonstiges/Offene-Arbeit/Situationsansatz,,0121,Kindergärten NordOst,Eigenbetriebe,http://www.kigaeno.de,13.42594299,52.56136437
03192400,"kita ""Glückspilze""",03,Pankow,13156,Berlin,Dietzgenstr.,51,-53,0151 55169928,https://mlask-ug.wixsite.com/my-site-2,50,Kindertagesstätte,Situationsansatz,,9044,Lask gUG,freie Träger,https://mlask-ug.wixsite.com/my-site-2,13.40243137,52.58525765
03192410,Kita Pankeblumen,03,Pankow,13187,Berlin,Florastr.,34,,030 88928910,http://skib.berlin,25,Kindertagesstätte,Situationsansatz,,8162,SKIB gemeinnützige Unternehmergesellschaft (haftungsbeschränkt) Starke Kinder in Berlin,freie Träger,http://skib.berlin,13.40542733,52.56526432
03192420,"Kinderladen ""Schneeweißchen""",03,Pankow,13156,Berlin,Beuthstr.,42,,030 30367902,,25,Kindertagesstätte,Situationsansatz,,9052,A&R Hand in Hand gUG,freie Träger,http://hand2hand.info,13.40640883,52.58637578
03192430,"Kita ""Holzweg""",03,Pankow,13189,Berlin,Eschengraben,49A,,030 70096701,http://www.camino-berlin.de,136,Kindertagesstätte,Sonstiges/Offene-Arbeit,,1330,Camino-Dein Weg GmbH,freie Träger,http://www.camino-berlin.de,13.42616628,52.55660722
03192440,Kita Freude Pankow 3,03,Pankow,13187,Berlin,Wilhelm-Kuhr-Str.,88,,030 67800818,http://www.freude-kita.berlin,14,Kindertagesstätte,Situationsansatz,,8295,FREUDE Kindergärten gemeinnützige GmbH,freie Träger,http://www.freude-kita.berlin,13.39964911,52.56908305
03192460,Kita Paradiesvögel -Die Spatzen-,03,Pankow,13187,Berlin,Pestalozzistr.,6A,,0152 34698799,http://www.eventusbildung.de,151,Kindertagesstätte,Situationsansatz/Offene-Arbeit/Montessori-Pädagogik,,7464,eventus Bildung gGmbH,freie Träger,https://eventusbildung.de/,13.40387175,52.57137162
03192490,"Kita ""Little Flowers""",03,Pankow,13156,Berlin,Siegfriedstr.,11C,,7760925,http://www.littlemunchkins.de,26,Kindertagesstätte,,,8126,Little Munchkins gGmbH,freie Träger,http://www.littlemunchkins.de,13.41103602,52.58243339
03192510,Kita Thaumara,03,Pankow,13187,Berlin,Görschstr.,11,,017621115649,http://kita-atlas.de,26,Kindertagesstätte,Situationsansatz,,8054,Kleine Spielgesellschaft gGmbH,freie Träger,http://www.kita-atlas.de,13.40048645,52.56521205
03192520,Humanistische Kindertagesstätte Grabbeallee,03,Pankow,13156,Berlin,Grabbeallee,36,,46364898,https://humanistisch.de/kitas/,25,Kindertagesstätte,Offene-Arbeit,,1230,"Humanistischer Verband Deutschlands, Landesverband Berlin-Brandenburg KdöR",freie Träger,https://humanistisch.de/kitas/,13.39938821,52.57507202
04070030,Kita Nordhauser Straße,04,Charlottenburg-Wilmersdorf,10589,Berlin,Nordhauser Str.,22,,367023390,http://www.kita-nordwest.de,81,Kindertagesstätte,Offene-Arbeit,,0124,Kindertagesstätten Nordwest Eigenbetrieb von Berlin,Eigenbetriebe,http://www.kita-nordwest.de,13.30465825,52.52448283
04070040,Kita Halemweg,04,Charlottenburg-Wilmersdorf,13627,Berlin,Halemweg,22,,34 35 57 99 20,http://www.kita-nordwest.de,105,Kindertagesstätte,Offene-Arbeit,,0124,Kindertagesstätten Nordwest Eigenbetrieb von Berlin,Eigenbetriebe,http://www.kita-nordwest.de,13.28696273,52.53792131
04070080,Kita Länderallee,04,Charlottenburg-Wilmersdorf,14052,Berlin,Länderallee,7,-5,030 303286970,http://www.kita-nordwest.de,95,Kindertagesstätte,Offene-Arbeit/Situationsansatz,,0124,Kindertagesstätten Nordwest Eigenbetrieb von Berlin,Eigenbetriebe,http://www.kita-nordwest.de,13.26067547,52.50981817
04070140,Kita Württembergallee,04,Charlottenburg-Wilmersdorf,14052,Berlin,Württembergallee,17,,030 303286980,http://www.kita-nordwest.de,122,Kindertagesstätte,Offene-Arbeit/Situationsansatz,,0124,Kindertagesstätten Nordwest Eigenbetrieb von Berlin,Eigenbetriebe,http://www.kita-nordwest.de,13.26079392,52.51215494
04070180,Kita Lietzenburg,04,Charlottenburg-Wilmersdorf,14057,Berlin,Kuno-Fischer-Str.,4,- 5,030 303 286 990,http://www.kita-nordwest.de,121,Kindertagesstätte,Offene-Arbeit/Situationsansatz,,0124,Kindertagesstätten Nordwest Eigenbetrieb von Berlin,Eigenbetriebe,http://www.kita-nordwest.de,13.28944834,52.5058994
04070200,Kita Walter-Benjamin-Platz,04,Charlottenburg-Wilmersdorf,10629,Berlin,Walter-Benjamin-Platz,7,,030 310078690,http://www.kita-nordwest.de,112,Kindertagesstätte,Offene-Arbeit,,0124,Kindertagesstätten Nordwest Eigenbetrieb von Berlin,Eigenbetriebe,http://www.kita-nordwest.de,13.31408233,52.50161894
04070220,Kita Goethestraße,04,Charlottenburg-Wilmersdorf,10623,Berlin,Goethestr.,12,,030 319988940,http://www.kita-nordwest.de,157,Kindertagesstätte,Offene-Arbeit,,0124,Kindertagesstätten Nordwest Eigenbetrieb von Berlin,Eigenbetriebe,http://www.kita-nordwest.de,13.31916068,52.50946498
04070240,Kita Richard-Wagner-Straße,04,Charlottenburg-Wilmersdorf,10585,Berlin,Richard-Wagner-Str.,20,,030 367023680,http://www.kita-nordwest.de,159,Kindertagesstätte,Offene-Arbeit,,0124,Kindertagesstätten Nordwest Eigenbetrieb von Berlin,Eigenbetriebe,http://www.kita-nordwest.de,13.30726932,52.51397356
04070260,Kita Schloßstraße,04,Charlottenburg-Wilmersdorf,14059,Berlin,Schloßstr.,45,47,367 023 670,http://www.kita-nordwest.de,146,Kindertagesstätte,Offene-Arbeit,,0124,Kindertagesstätten Nordwest Eigenbetrieb von Berlin,Eigenbetriebe,http://www.kita-nordwest.de,13.29737963,52.51414635
04070270,Kita Haubachstraße des Pestalozzi-Fröbel-Hauses,04,Charlottenburg-Wilmersdorf,10585,Berlin,Haubachstr.,45,,030 342 98 72,https://www.pfh-berlin.de/de/kita-haubach,60,Kindertagesstätte,Offene-Arbeit,,0100,Pestalozzi-Fröbel-Haus Stiftung des öffentlichen Rechts,freie Träger,http://www.pfh-berlin.de,13.29941801,52.51501994
04070290,Kita Kastanienallee des Pestalozzi-Fröbel-Hauses,04,Charlottenburg-Wilmersdorf,14050,Berlin,Kastanienallee,4,,030 305 60 93,https://www.pfh-berlin.de/de/kita-familienzentrum-kastanienallee,130,Kindertagesstätte,Offene-Arbeit,,0100,Pestalozzi-Fröbel-Haus Stiftung des öffentlichen Rechts,freie Träger,http://www.pfh-berlin.de,13.27155976,52.51781354
04070300,Kita Olbersstraße des Pestalozzi-Fröbel-Hauses,04,Charlottenburg-Wilmersdorf,10589,Berlin,Olbersstr.,40,,030 344 94 13,https://www.pfh-berlin.de/de/kita-olbers,73,Kindertagesstätte,Offene-Arbeit,,0100,Pestalozzi-Fröbel-Haus Stiftung des öffentlichen Rechts,freie Träger,http://www.pfh-berlin.de,13.302782,52.52884093
04070310,Kita Pestalozzistraße des Pestalozzi-Fröbel-Hauses,04,Charlottenburg-Wilmersdorf,10627,Berlin,Pestalozzistr.,40,,030 324 08 79,https://www.pfh-berlin.de/de/kita-pestalozzistra%C3%9Fe,88,Kindertagesstätte,Offene-Arbeit,,0100,Pestalozzi-Fröbel-Haus Stiftung des öffentlichen Rechts,freie Träger,http://www.pfh-berlin.de,13.3034357,52.50805369
04070320,Kinder-und Familienzentrum Schillerstraße des Pestalozzi-Fröbel-Hauses,04,Charlottenburg-Wilmersdorf,10627,Berlin,Schillerstr.,61,,030 324 80 02,https://www.pfh-berlin.de/de/kinder-und-familienzentrum-schillerstra%C3%9Fe,72,Kindertagesstätte,Offene-Arbeit,,0100,Pestalozzi-Fröbel-Haus Stiftung des öffentlichen Rechts,freie Träger,http://www.pfh-berlin.de,13.29933903,52.50954676
04070340,Ev. Kita Neu Westend,04,Charlottenburg-Wilmersdorf,14050,Berlin,Eichenallee,47,,030 91424685,http://kitaverband-mw.de,75,Kindertagesstätte,Sonstiges/Situationsansatz,,8758,Ev. Kirchenkreisverband für Kindertageseinrichtungen Berlin-Mitte-West (Kitaverband Mitte-West),freie Träger,http://www.kitaverband-mw.de,13.26390827,52.51783937
04070350,Ev. Kita Luisen,04,Charlottenburg-Wilmersdorf,10585,Berlin,Gierkeplatz,2,,030 341 84 50,http://www.kitaverband-mw.de,60,Kindertagesstätte,Situationsansatz,,8758,Ev. Kirchenkreisverband für Kindertageseinrichtungen Berlin-Mitte-West (Kitaverband Mitte-West),freie Träger,http://www.kitaverband-mw.de,13.30279668,52.51668327
04070360,Evangelische Kita Wunderhaus,04,Charlottenburg-Wilmersdorf,13627,Berlin,Heckerdamm,226,,0157-34535004,http://wwwkitaverband-mw.de,95,Kindertagesstätte,Sonstiges/Situationsansatz,,8758,Ev. Kirchenkreisverband für Kindertageseinrichtungen Berlin-Mitte-West (Kitaverband Mitte-West),freie Träger,http://www.kitaverband-mw.de,13.29994177,52.54002619
04070380,Ev. Kita Lietzensee,04,Charlottenburg-Wilmersdorf,14057,Berlin,Herbartstr.,4,- 6,030 30105081,http://www.kitaverband-mw.de,50,Kindertagesstätte,Situationsansatz,,8758,Ev. Kirchenkreisverband für Kindertageseinrichtungen Berlin-Mitte-West (Kitaverband Mitte-West),freie Träger,http://www.kitaverband-mw.de,13.28690234,52.50445533
04070390,Ev. Kita Epiphanien,04,Charlottenburg-Wilmersdorf,14059,Berlin,Knobelsdorffstr.,74,,030 44 72 24 61,http://www.kitaverband-mw.de,45,Kindertagesstätte,Situationsansatz,,8758,Ev. Kirchenkreisverband für Kindertageseinrichtungen Berlin-Mitte-West (Kitaverband Mitte-West),freie Träger,http://www.kitaverband-mw.de,13.28432747,52.51294899
04070400,Kita Kreativkraken,04,Charlottenburg-Wilmersdorf,10625,Berlin,Leibnizstr.,79,,030 81825723,http://ww.kitaverband-mw.de,30,Kindertagesstätte,Situationsansatz/Montessori-Pädagogik/Sonstiges,,8929,MK MiniKitas in Berlin gGmbH,freie Träger,https://minikitas.de/,13.31398307,52.50833214
04070410,Ev. Kita Frieden,04,Charlottenburg-Wilmersdorf,14055,Berlin,Maikäferpfad,28,,030 302 48 29,http://www.kitaverband-mw.de,60,Kindertagesstätte,Sonstiges/Situationsansatz,,8758,Ev. Kirchenkreisverband für Kindertageseinrichtungen Berlin-Mitte-West (Kitaverband Mitte-West),freie Träger,http://www.kitaverband-mw.de,13.26391002,52.49633952
04070420,Ev. Kita Gustav-Adolf,04,Charlottenburg-Wilmersdorf,10589,Berlin,Olbersstr.,15,,030 3442068,http://www.kitaverband-mw.de,63,Kindertagesstätte,Situationsansatz,,8758,Ev. Kirchenkreisverband für Kindertageseinrichtungen Berlin-Mitte-West (Kitaverband Mitte-West),freie Träger,http://www.kitaverband-mw.de,13.29970951,52.52976068
04070430,Ev. Kita Regenbogenland,04,Charlottenburg-Wilmersdorf,13627,Berlin,Toeplerstr.,3a,,030 381 19 78,http://www.kitaverband-mw.de,57,Kindertagesstätte,Sonstiges/Situationsansatz,,8758,Ev. Kirchenkreisverband für Kindertageseinrichtungen Berlin-Mitte-West (Kitaverband Mitte-West),freie Träger,http://www.kitaverband-mw.de,13.28486252,52.5380314
04070440,Kath. Kita Teresa Tauscher,04,Charlottenburg-Wilmersdorf,10587,Berlin,Alt-Lietzow,31,,030 33006802,,85,Kindertagesstätte,Montessori-Pädagogik/Situationsansatz,,9193,Kitas im Erzbistum Berlin-Zweckverband der katholischen Kirchengemeinden,freie Träger,http://hedikitas.de,13.31136193,52.51904383
04070460,Kath. Kita St. Kamilus,04,Charlottenburg-Wilmersdorf,14059,Berlin,Klausenerplatz,12,,030 259 365 122,,36,Kindertagesstätte,Situationsansatz,,9193,Kitas im Erzbistum Berlin-Zweckverband der katholischen Kirchengemeinden,freie Träger,http://hedikitas.de,13.29152288,52.51771775
04070470,Kath. Kita Heilig Geist,04,Charlottenburg-Wilmersdorf,14052,Berlin,Preußenallee,25,,030 259365112,http://www.heiliggeist-berlin.de,55,Kindertagesstätte,Situationsansatz,,9193,Kitas im Erzbistum Berlin-Zweckverband der katholischen Kirchengemeinden,freie Träger,http://hedikitas.de,13.25913617,52.51315736
04070480,Kath. Kita St. Canisius,04,Charlottenburg-Wilmersdorf,14057,Berlin,Witzlebenstr.,27,,259365 107,http://www.hedikitas.de,75,Kindertagesstätte,Situationsansatz,,9193,Kitas im Erzbistum Berlin-Zweckverband der katholischen Kirchengemeinden,freie Träger,http://hedikitas.de,13.29401496,52.50737606
04070490,EiKiTa Pünktchen,04,Charlottenburg-Wilmersdorf,10587,Berlin,Alt-Lietzow,7,,030342 10 17,http://www.kinderladen-puenktchen.de,16,Eltern-Initiativ-Kindertagesstätte,Situationsansatz,,0581,EiKiTa Pünktchen e. V.,freie Träger,,13.30786028,52.51834633
04070510,EKT - Droysen-Mäuse,04,Charlottenburg-Wilmersdorf,10629,Berlin,Roscherstr.,14,,030 40759360,http://www.droysen-maeuse.de,81,Eltern-Initiativ-Kindertagesstätte,Situationsansatz,,0600,Droysen - Mäuse e. V.,freie Träger,http://www.droysen-maeuse.de,13.30227608,52.50101673
04070580,EKT - Eichkatzweg,04,Charlottenburg-Wilmersdorf,14055,Berlin,Eichkatzweg,11,,030 3018968,http://www.ekt-eichkatzweg11.de/,14,Eltern-Initiativ-Kindertagesstätte,,,0605,Elterninitiativ-Kindertagesstätte Eichkatzweg 11 e.V.,freie Träger,https://www.ekt-eichkatzweg11.de,13.2661783,52.49580785
04070590,EKT - Kindergruppe Lassymoss,04,Charlottenburg-Wilmersdorf,14059,Berlin,Fredericiastr.,30,,030 301 77 91,,12,Eltern-Initiativ-Kindertagesstätte,Situationsansatz,,0728,Kindergruppe Lassymoss e.V.,freie Träger,,13.28358033,52.51098167
04070600,EKT - Kinderladen - was sonst,04,Charlottenburg-Wilmersdorf,14057,Berlin,Friedbergstr.,5,,030 324 56 43,http://www.kila-was-sonst.de,20,Eltern-Initiativ-Kindertagesstätte,Situationsansatz/Montessori-Pädagogik,,0743,Kindertagesstättenverein - Kinderladen - was sonst e.V.,freie Träger,http://www.kila-was-sonst.de,13.29757486,52.5045969
04070630,Kindertagesstätte Pumuckel I,04,Charlottenburg-Wilmersdorf,10627,Berlin,Fritschestr.,58,,030 324 72 66,http://www.kita-pumuckel.de,52,Kindertagesstätte,Situationsansatz,,0910,Kindertagesstätte Pumuckel e.V.,freie Träger,http://www.kita-pumuckel.de,13.3002763,52.50943076
04070640,EKT Windmühle,04,Charlottenburg-Wilmersdorf,14059,Berlin,Sophie-Charlotten-Str.,84,,030 3420649,http://www.kila-windmuehle.de,16,Eltern-Initiativ-Kindertagesstätte,Situationsansatz/Offene-Arbeit,,1072,Eltern-Kinder-Tagesstätte Windmühle e. V.,freie Träger,http://www.kilawindmuehle.de,13.2883514,52.51418333
04070660,EKT Galvanistr. 14,04,Charlottenburg-Wilmersdorf,10587,Berlin,Galvanistr.,14,,030 3425111,https://www.ekt-galvanistrasse.de/,24,Eltern-Initiativ-Kindertagesstätte,Situationsansatz,,0641,EKT Galvanistr. 14 e.V.,freie Träger,http://www.ekt-galvanistrasse.de,13.31590153,52.518818
04070670,Kita Galvanistraße,04,Charlottenburg-Wilmersdorf,10587,Berlin,Galvanistr.,15,,030 3429718,,17,Kindertagesstätte,Situationsansatz,,0636,Frecher Spatz e.V.,freie Träger,http://www.frecherspatz.de,13.31581223,52.51872502
04070680,EKT Grüne Erdferkel,04,Charlottenburg-Wilmersdorf,14059,Berlin,Spandauer Damm,65,,030 3225112,http://www.gruene-erdferkel.de,17,Eltern-Initiativ-Kindertagesstätte,Situationsansatz,,0659,Grüne Erdferkel e.V.,freie Träger,http://www.gruene-erdferkel.de,13.28797089,52.51866353
04070700,EKT - Kinderladen 1 Goethestraße (EG rechts),04,Charlottenburg-Wilmersdorf,10623,Berlin,Goethestr.,13,,030 312 33 09,http://www.kinderladen-gothestrasse.de,10,Eltern-Initiativ-Kindertagesstätte,Situationsansatz,,0748,Kinderladen Goethestraße e.V.,freie Träger,http://www.kinderladen-gothestrasse.de,13.31849106,52.50905625
04070710,EKT Grünes Nashorn,04,Charlottenburg-Wilmersdorf,14050,Berlin,Haeselerstr.,7A,,030 3015513,http://www.gruenesnashorn.de,18,Eltern-Initiativ-Kindertagesstätte,Situationsansatz,,0660,Grünes Nashorn e.V.,freie Träger,http://www.gruenesnashorn.de,13.2803294,52.51351135
04070720,EKT - Eichhörnchen,04,Charlottenburg-Wilmersdorf,14055,Berlin,Harbigstr.,14,,030 3016926,https://kila-eichhoernchen.de/,19,Eltern-Initiativ-Kindertagesstätte,Offene-Arbeit/Situationsansatz,,0604,Eltern-Initiativ-Kindertagesstätte Eichhörnchen e. V.,freie Träger,https://kila-eichhoernchen.de/,13.26324049,52.50205864
04070750,EKT - Flitzpiepen,04,Charlottenburg-Wilmersdorf,14057,Berlin,Holtzendorffstr.,14,,030 22466696,http://www.ekt-flitzpiepen.de/,19,Eltern-Initiativ-Kindertagesstätte,Offene-Arbeit/Situationsansatz,,0625,"Kinderladen ""Flitzpiepen"" e.V.",freie Träger,http://www.ekt-flitzpiepen.de,13.2949821,52.50500283
04070770,EKT Firlefanz,04,Charlottenburg-Wilmersdorf,14059,Berlin,Nehringstr.,19,,030 3217086,,18,Eltern-Initiativ-Kindertagesstätte,Situationsansatz/Offene-Arbeit,,0760,Elterninitiativ-Kindertagesstätte Firlefanz e.V.,freie Träger,,13.29450829,52.51427223
04070780,EKT - Yoyo,04,Charlottenburg-Wilmersdorf,10625,Berlin,Goethestr.,14,,030 324 70 52,http://www.yoyo-berlin.de,25,Eltern-Initiativ-Kindertagesstätte,Situationsansatz/Offene-Arbeit/Montessori-Pädagogik,,1080,Yoyo e.V.,freie Träger,http://www.yoyo-berlin.de,13.31755293,52.50908068
04070820,Kita Bollerwagen Berlin gGmbH,04,Charlottenburg-Wilmersdorf,14059,Berlin,Sophie-Charlotten-Str.,83B,,030 3010 5498,,24,Eltern-Initiativ-Kindertagesstätte,Montessori-Pädagogik/Situationsansatz,,0547,Kita Bollerwagen Berlin gGmbH,freie Träger,,13.28969395,52.51407057
04070870,EKT - Kartoffelladen,04,Charlottenburg-Wilmersdorf,14059,Berlin,Knobelsdorffstr.,24,,030 3216235,,18,Eltern-Initiativ-Kindertagesstätte,Situationsansatz,,0705,Kartoffelladen e.V.,freie Träger,,13.2930189,52.51345863
04070890,EKT - Kinderbegegnungsstätte Atatürk,04,Charlottenburg-Wilmersdorf,14059,Berlin,Nehringstr.,16A,,3227864,http://www.kibest.de,19,Eltern-Initiativ-Kindertagesstätte,Offene-Arbeit/Situationsansatz,,0720,Kinderbegegnungsstätte Atatürk e. V.,freie Träger,http://www.kibest.de,13.29461488,52.5137271
04070900,"Kinderladen ""Geierbande""",04,Charlottenburg-Wilmersdorf,14057,Berlin,Suarezstr.,54,,030 321 35 96,http://www.geierbande.de,20,Eltern-Initiativ-Kindertagesstätte,Situationsansatz,,0504,"Kinderladen ""Geierbande"" e.V.",freie Träger,http://www.geierbande.de,13.29648638,52.50870191
04070910,EKT - Drunter und Drüber,04,Charlottenburg-Wilmersdorf,14059,Berlin,Neufertstr.,12,,030 52646534,,22,Eltern-Initiativ-Kindertagesstätte,Situationsansatz/Ansatz von Emmi Pikler/Offene-Arbeit,,0603,DRUNTER und DRÜBER e.V.,freie Träger,,13.29430701,52.51768059
04070950,EKT - Rönne,04,Charlottenburg-Wilmersdorf,14057,Berlin,Rönnestr.,18,,70183378,http://www.roennekids.de,16,Eltern-Initiativ-Kindertagesstätte,Situationsansatz/Montessori-Pädagogik,,0927,Rönne 18 e.V.,freie Träger,http://www.roennekids.de,13.29356624,52.50328758
04070960,Kinderladen Purzelbaum,04,Charlottenburg-Wilmersdorf,10625,Berlin,Schillerstr.,21,,017631680447,http://www.kila-purzelbaum.de.vu,17,Eltern-Initiativ-Kindertagesstätte,Situationsansatz,,0714,Kinderladen Purzelbaum e.V.,freie Träger,http://www.kila-purzelbaum.de,13.31357285,52.51073324
04070970,EKT - Wusel,04,Charlottenburg-Wilmersdorf,10627,Berlin,Schillerstr.,84,,030 312 86 70,http://www.kinderladen-wusel.de,15,Eltern-Initiativ-Kindertagesstätte,Situationsansatz,,1078,Wusel e. V.,freie Träger,http://www.kinderladen-wusel.de,13.30723926,52.5099244
04070990,EKT Gemeinnütziger Charlottenburger Kila,04,Charlottenburg-Wilmersdorf,14059,Berlin,Sophie-Charlotten-Str.,84A,,0303223450,,22,Eltern-Initiativ-Kindertagesstätte,Situationsansatz,,0644,Gemeinnütziger Charlottenburger Kinderladen e.V.,freie Träger,http://kinderkiste-charlottenburg.de/,13.28829738,52.51435967
04071000,EKT - Firlefanz,04,Charlottenburg-Wilmersdorf,10627,Berlin,Stuttgarter Platz,20,,030 324 65 21,,15,Eltern-Initiativ-Kindertagesstätte,Situationsansatz,,0623,Firlefanz e.V.,freie Träger,,13.29947704,52.50513226
04071030,Kinderhaus Waldschulallee,04,Charlottenburg-Wilmersdorf,14055,Berlin,Waldschulallee,75,,030 301 74 22,http://www.kinderhaus-waldschulallee.de,50,Eltern-Initiativ-Kindertagesstätte,Situationsansatz,,0709,Kinderhaus Waldschulallee e.V.,freie Träger,http://www.kinderhaus-waldschulallee.de,13.25898512,52.50210309
04071080,Ev. Kita Grünes Dreieck,04,Charlottenburg-Wilmersdorf,14055,Berlin,Angerburger Allee,56,,030 3081 0813,http://www.kitaverband-mw.de,50,Kindertagesstätte,Sonstiges/Situationsansatz,,8758,Ev. Kirchenkreisverband für Kindertageseinrichtungen Berlin-Mitte-West (Kitaverband Mitte-West),freie Träger,http://www.kitaverband-mw.de,13.22243672,52.51097527
04071090,Kita Bernhard-Lichtenberg-Straße,04,Charlottenburg-Wilmersdorf,13627,Berlin,Bernhard-Lichtenberg-Str.,20,,367024690,http://www.kita-nordwest.de,140,Kindertagesstätte,Offene-Arbeit,,0124,Kindertagesstätten Nordwest Eigenbetrieb von Berlin,Eigenbetriebe,http://www.kita-nordwest.de,13.29775608,52.53927976
04071130,KiTa Rominter Allee,04,Charlottenburg-Wilmersdorf,14053,Berlin,Rominter Allee,2,,030 305 10 35,http://www.kita-rominter-allee.nbhs.de,36,Kindertagesstätte,Situationsansatz,,1249,Nachbarschaftsheim Schöneberg e.V.,freie Träger,http://www.nbhs.de,13.24905563,52.51775779
04071160,EKT - Karamell,04,Charlottenburg-Wilmersdorf,10585,Berlin,Gierkezeile,42,,030 342 50 46,,23,Eltern-Initiativ-Kindertagesstätte,Situationsansatz,,0703,Kita Karamell e. V.,freie Träger,,13.30251828,52.51778789
04071180,EKT Ingrids Kindergarten,04,Charlottenburg-Wilmersdorf,14057,Berlin,Holtzendorffstr.,3,,030 321 17 80,,15,Eltern-Initiativ-Kindertagesstätte,Montessori-Pädagogik/Reggio-Pädagogik/Situationsansatz/Waldorfpädagogik,,0686,Ingrids Kindergarten e.V.,freie Träger,,13.29455966,52.5045346
04071190,Kita Emma und Lukas,04,Charlottenburg-Wilmersdorf,10589,Berlin,Mierendorffstr.,21,,030 54469766,,36,Kindertagesstätte,,,8861,KiMo gemeinnützige UG,freie Träger,https://www.emmaundlukas.de,13.30223416,52.52389512
04071200,Kita Schlüterstraße,04,Charlottenburg-Wilmersdorf,10629,Berlin,Schlüterstr.,25,,030 319988930,http://www.kita-nordwest.de,100,Kindertagesstätte,Offene-Arbeit,,0124,Kindertagesstätten Nordwest Eigenbetrieb von Berlin,Eigenbetriebe,http://www.kita-nordwest.de,13.31706113,52.50482805
04071240,EKT - Kindergarten am Schloß Charlottenburg,04,Charlottenburg-Wilmersdorf,10587,Berlin,Eosanderstr.,13,,030 3427060,http://www.kiga-am-schloss.de,50,Eltern-Initiativ-Kindertagesstätte,Situationsansatz,,0723,Kindergarten am Schloß Charlottenburg e.V.,freie Träger,http://www.kiga-am-schloss.de,13.30171923,52.52046838
04071260,Kindertagesstätte Pumuckel,04,Charlottenburg-Wilmersdorf,14057,Berlin,Witzlebenstr.,37,EG rechts,030 30308721,http://www.kita-pumuckel.de,15,Kindertagesstätte,Situationsansatz,,0910,Kindertagesstätte Pumuckel e.V.,freie Träger,http://www.kita-pumuckel.de,13.29522326,52.50985077
04071290,Kita an der TU Berlin,04,Charlottenburg-Wilmersdorf,10587,Berlin,Marchstr.,8,,030 93939-8450,http://www.stw.berlin,112,Kindertagesstätte,Offene-Arbeit,,1256,studierendenWERK BERLIN,freie Träger,http://www.stw.berlin,13.3252647,52.51464863
04071300,EKT - Kindergarten am Schloß Charlottenburg,04,Charlottenburg-Wilmersdorf,10587,Berlin,Lohmeyerstr.,21,,030 342 70 60,http://www.kiga-am-schloss.de,21,Eltern-Initiativ-Kindertagesstätte,Situationsansatz,,0723,Kindergarten am Schloß Charlottenburg e.V.,freie Träger,http://www.kiga-am-schloss.de,13.30174827,52.52009746
04071310,Kita Warburgzeile,04,Charlottenburg-Wilmersdorf,10587,Berlin,Warburgzeile,8,,34 35 71 690,http://www.kita-nordwest.de,108,Kindertagesstätte,Offene-Arbeit,,0124,Kindertagesstätten Nordwest Eigenbetrieb von Berlin,Eigenbetriebe,http://www.kita-nordwest.de,13.31155811,52.5172366
04071330,Kita Sanierungsgebiet Klausener Platz,04,Charlottenburg-Wilmersdorf,14059,Berlin,Knobelsdorffstr.,20,,030 321 34 92,,20,Kindertagesstätte,Situationsansatz,,1254,Sonderprojekt Sanierungsgebiet Klausenerplatz e. V.,freie Träger,,13.29356725,52.51349351
04071340,EKT - Kindergarten am Schloß Charlottenburg,04,Charlottenburg-Wilmersdorf,10587,Berlin,Lohmeyerstr.,12,,030 3427060,,20,Eltern-Initiativ-Kindertagesstätte,Situationsansatz,,0723,Kindergarten am Schloß Charlottenburg e.V.,freie Träger,http://www.kiga-am-schloss.de,13.30218673,52.52007948
04071350,EKT - Sonnenkinder,04,Charlottenburg-Wilmersdorf,10585,Berlin,Gierkezeile,42,,030 341 28 60,http://www.ektsonnenkinder.de,12,Eltern-Initiativ-Kindertagesstätte,Offene-Arbeit/Situationsansatz,,0981,Sonnenkinder e. V.,freie Träger,https://www.ektsonnenkinder.de/,13.30251828,52.51778789
04071360,Kita Sanierungsgebiet Klausener Platz,04,Charlottenburg-Wilmersdorf,14059,Berlin,Schloßstr.,16C,,030,,30,Kindertagesstätte,Situationsansatz,,1254,Sonderprojekt Sanierungsgebiet Klausenerplatz e. V.,freie Träger,,13.29549173,52.51494636
04071370,EKT - Mappagei,04,Charlottenburg-Wilmersdorf,14057,Berlin,Dernburgstr.,57,.,0303254565,,25,Eltern-Initiativ-Kindertagesstätte,Situationsansatz,,0839,MAPPAGEI e.V.,freie Träger,,13.28352185,52.50586482
04071380,Kindergarten Kinderland,04,Charlottenburg-Wilmersdorf,10589,Berlin,Kaiserin-Augusta-Allee,41,,030 34504564,http://www.kinderland-charlottenburg.de,65,Eltern-Initiativ-Kindertagesstätte,Situationsansatz,,0648,GiKuB-Gesellschaft für internationale Kultur- und Bildungsarbeit gGmbH,freie Träger,http://www.kindergarten-charlottenburg.de,13.31027452,52.52591274
04071390,EKT - Kulturküken,04,Charlottenburg-Wilmersdorf,10627,Berlin,Schillerstr.,64,,030 3232585,,25,Eltern-Initiativ-Kindertagesstätte,Situationsansatz,,0507,KULTURKÜKEN e.V.,freie Träger,,13.30101264,52.50963374
04071420,Luftikus Kindergarten,04,Charlottenburg-Wilmersdorf,13627,Berlin,Saatwinkler Damm,42,,030 3831195,http://www.kita-luftikus.de,70,Kindertagesstätte,Situationsansatz,,8325,Luftikus gGmbH,freie Träger,http://www.kita-luftikus.de,13.31816738,52.54639191
04071430,Kindergarten Schlumpfenland e.V.,04,Charlottenburg-Wilmersdorf,10629,Berlin,Wielandstr.,40,,030 22190274,,61,Eltern-Initiativ-Kindertagesstätte,Situationsansatz,,1100,Kindergarten Schlumpfenland e.V.,freie Träger,,13.31585853,52.50479655
04071440,Waldorfkindergarten Westend,04,Charlottenburg-Wilmersdorf,14052,Berlin,Oldenburgallee,44,,3081 4813,http://www.waldorfkindergarten-westend.de,34,Kindertagesstätte,Waldorfpädagogik,,1281,Waldorfkindergarten Westend e.V.,freie Träger,http://www.waldorfkindergarten-westend.de,13.25765383,52.51162411
04071450,Kita GIRASOLES-SONNENBLUMEN,04,Charlottenburg-Wilmersdorf,14059,Berlin,Sophie-Charlotten-Str.,113,,030 30112596,http://www.girasoles-berlin.de,222,Kindertagesstätte,Situationsansatz,,1284,Girasoles-Sonneblumen gGmbH,freie Träger,http://www.girasoles-berlin.de,13.28624089,52.52119109
04071470,Kindertagesstätte Pumuckel II,04,Charlottenburg-Wilmersdorf,10627,Berlin,Fritschestr.,58,,030 32764329,http://www.kita-pumuckel.de,15,Kindertagesstätte,Situationsansatz,,0910,Kindertagesstätte Pumuckel e.V.,freie Träger,http://www.kita-pumuckel.de,13.3002763,52.50943076
04071490,EKT Coquelicot,04,Charlottenburg-Wilmersdorf,14057,Berlin,Friedbergstr.,47,,30824909,http://www.ekt-coquelicot-berlin.de,25,Eltern-Initiativ-Kindertagesstätte,Situationsansatz,,1148,EKT Coquelicot e.V.,freie Träger,http://www.ekt-coquelicot-berlin.de,13.29156279,52.50350592
04071520,Kindergarten der Schele-Schule,04,Charlottenburg-Wilmersdorf,14055,Berlin,Lyckallee,30,,030 304 49 90,http://www.Schele-Schule.de,46,Kindertagesstätte,,,1313,Kindergarten der Schele-Schule gemeinnützige GmbH,freie Träger,http://www.Schele-Schule.de,13.24817975,52.50617128
04071550,EKT - Las Abejitas,04,Charlottenburg-Wilmersdorf,14059,Berlin,Danckelmannstr.,38,,030 30839294,http://www.abejitas.de,15,Eltern-Initiativ-Kindertagesstätte,Offene-Arbeit,,1190,Las Abejitas e.V.,freie Träger,http://abejitas.de,13.29150646,52.5122149
04071570,EKT - Kinderladen Goethestraße (EG links),04,Charlottenburg-Wilmersdorf,10623,Berlin,Goethestr.,13,,030 312 33 09,http://www.kinderladen-gothestrasse.de,16,Eltern-Initiativ-Kindertagesstätte,Situationsansatz,,0748,Kinderladen Goethestraße e.V.,freie Träger,http://www.kinderladen-gothestrasse.de,13.31849106,52.50905625
04071600,Kita Sonnenblume,04,Charlottenburg-Wilmersdorf,14050,Berlin,Nußbaumallee,3,,030/36418716,http://kita-sonnenblume.eu,60,Kindertagesstätte,Sonstiges/Situationsansatz,,1349,Kita Sonnenblume gGmbH,freie Träger,http://kita-sonnenblume.eu,13.27614384,52.51742995
04071610,Die wilden Westender,04,Charlottenburg-Wilmersdorf,14055,Berlin,Flatowallee,16,-24,030 30834998,http://www.die-wilden-westender.de,50,Kindertagesstätte,Situationsansatz/Sonstiges,,1200,Die wilden Westender e.V.,freie Träger,http://www.die-wilden-westender.de,13.24376774,52.51021907
04071620,Kita Kinder in Bewegung (KiB),04,Charlottenburg-Wilmersdorf,14053,Berlin,Olympischer Platz,5,,030 30 68 81 94,http://www.kindergarten-am-olympiastadion.de,30,Kindertagesstätte,Offene-Arbeit/Montessori-Pädagogik,,1329,Kinder in Bewegung gGmbH Gemeinnützige Kindergarten-Trägergesellschaft des Berliner Sports,freie Träger,http://www.kib-online.org,13.24306488,52.51541488
04071640,EKT - Regenbogen-Kidz,04,Charlottenburg-Wilmersdorf,10589,Berlin,Brahestr.,13,,030 34093605,http://www.regenbogenkidz.de,17,Eltern-Initiativ-Kindertagesstätte,Situationsansatz,,1362,Regenbogen-Kidz e.V.,freie Träger,http://www.regenbogenkidz.de,13.29961649,52.52808518
04071670,Kinderladen Fridolin Kirschkern,04,Charlottenburg-Wilmersdorf,10585,Berlin,Kaiser-Friedrich-Str.,100,,017643311087,http://www.kirschkern-ev.de,30,Kindertagesstätte,Situationsansatz,,0772,Kirschkern e.V.,freie Träger,http://www.kirschkern-ev.de,13.30091238,52.51677851
04071700,Kita Kaiser-Friedrich-Straße,04,Charlottenburg-Wilmersdorf,10585,Berlin,Kaiser-Friedrich-Str.,13,,030 34359898,https://www.outlaw-ggmbh.de/,31,Eltern-Initiativ-Kindertagesstätte,Situationsansatz/Offene-Arbeit,,1343,OUTLAW gemeinnützige Gesellschaft für Kinder- und Jugendhilfe mbH,freie Träger,http://www.outlaw-ggmbh.de,13.30057472,52.51521638
04071710,Kinderladen Lietzenseesterne,04,Charlottenburg-Wilmersdorf,14057,Berlin,Kuno-Fischer-Str.,15,,030 3216671,http://www.lietzenseesterne-berlin.de,18,Eltern-Initiativ-Kindertagesstätte,Situationsansatz,,0576,Kinderladen Lietzenseesterne e.V.,freie Träger,http://www.lietzenseesterne-berlin.de,13.2909707,52.50391816
04071750,EKT EL Carrusel,04,Charlottenburg-Wilmersdorf,10585,Berlin,Gierkezeile,30,,030/657 99 680,https://elcarrusel.de,25,Eltern-Initiativ-Kindertagesstätte,Sonstiges,,7372,El Carrusel e.V.,freie Träger,https://elcarrusel.de,13.30294335,52.51566937
04071760,Kita WHITE COCKATOO - Internationaler Kindergarten,04,Charlottenburg-Wilmersdorf,10629,Berlin,Gervinusstr.,17,,030 32301210,http://www.cockatoo-berlin.de,30,Kindertagesstätte,Situationsansatz,,7869,kids in berlin kib gUG (haftungsbeschränkt),freie Träger,http://www.kidsinberlin.de,13.29991664,52.5028665
04071770,Kita el caracol bilingualer Kindergarten spanisch/deutsch,04,Charlottenburg-Wilmersdorf,10629,Berlin,Wielandstr.,13,,030 8731502,http://www.el-caracol.de,41,Kindertagesstätte,,,0649,el caracol bilingualer Kindergarten Spanisch / Deutsch gGmbH,freie Träger,http://www.el-caracol.de,13.31527307,52.50376951
04071790,Las Abejitas,04,Charlottenburg-Wilmersdorf,14059,Berlin,Danckelmannstr.,38,,030 89393136,http://www.abejitas.de,25,Kindertagesstätte,Offene-Arbeit,,1190,Las Abejitas e.V.,freie Träger,http://abejitas.de,13.29150646,52.5122149
04071810,Kita Remmi-Demmi,04,Charlottenburg-Wilmersdorf,10589,Berlin,Mierendorffplatz,14,,030 49803789,http://www.kita-remmi-demmi.de,21,Kindertagesstätte,Situationsansatz/Reggio-Pädagogik/Montessori-Pädagogik,,1382,Remmi Demmi gemeinnützige GmbH,freie Träger,http://www.kita-remmi-demmi.de,13.30519538,52.52550923
04071820,Kinderladen Umme Ecke,04,Charlottenburg-Wilmersdorf,14057,Berlin,Witzlebenstr.,17,,0163 0167-1399483,,13,Kindertagesstätte,Situationsansatz,,7504,Kinderladen Umme Ecke e. V.,freie Träger,,13.29283798,52.50603558
04071870,Cheburashka-Charlottenburg,04,Charlottenburg-Wilmersdorf,10589,Berlin,Mindener Str.,11,,030 76231387,http://www.kitacheburashka.de,17,Kindertagesstätte,Offene-Arbeit/Situationsansatz,,7388,Cheburashka gGmbH,freie Träger,http://www.kitacheburashka.de,13.29890839,52.52535068
04071890,Kita - Gemeinnütziger Charlottenburger Kinderladen,04,Charlottenburg-Wilmersdorf,14059,Berlin,Sophie-Charlotten-Str.,85,,030 30830350,,14,Kindertagesstätte,Situationsansatz,,0644,Gemeinnütziger Charlottenburger Kinderladen e.V.,freie Träger,http://kinderkiste-charlottenburg.de/,13.28824004,52.51454586
04071900,Kita Sahne-Teufel,04,Charlottenburg-Wilmersdorf,10629,Berlin,Dahlmannstr.,9,,030 50562237,,25,Kindertagesstätte,Situationsansatz/Montessori-Pädagogik,,7785,Sahne-Teufel e. V.,freie Träger,http://www.sahne-teufel.de,13.30366764,52.50145658
04071910,Kita Pestalozzistraße,04,Charlottenburg-Wilmersdorf,10625,Berlin,Pestalozzistr.,6,,030 31 10 26 93,http://www.kita-pestalozzi.nbhs.de,25,Kindertagesstätte,Offene-Arbeit/Situationsansatz,,1249,Nachbarschaftsheim Schöneberg e.V.,freie Träger,http://www.nbhs.de,13.31894376,52.50765826
04071930,Kita Canicas,04,Charlottenburg-Wilmersdorf,14057,Berlin,Friedbergstr.,41,,030 33 00 85 15,http://www.canicas.de,17,Kindertagesstätte,Situationsansatz,,7898,CANICAS e. V.,freie Träger,http://www.canicas.de,13.29232902,52.50361858
04071950,Kita Wundtstraße,04,Charlottenburg-Wilmersdorf,14057,Berlin,Wundtstr.,40,-044,030 364345910,http://www.outlaw-ggmbh.de,64,Kindertagesstätte,Offene-Arbeit,,1343,OUTLAW gemeinnützige Gesellschaft für Kinder- und Jugendhilfe mbH,freie Träger,http://www.outlaw-ggmbh.de,13.28867097,52.50929673
04071960,Kinderladen Akazienhof,04,Charlottenburg-Wilmersdorf,14050,Berlin,Akazienallee,34,,030 20917404,http://www.kinderladenakazienhof.de,24,Eltern-Initiativ-Kindertagesstätte,Situationsansatz,,8036,Kinderladen Akazienhof e. V.,freie Träger,http://www.kinderladenakazienhof.de,13.26883435,52.51913047
04071970,EKT Die wilden 25,04,Charlottenburg-Wilmersdorf,10585,Berlin,Kaiser-Friedrich-Str.,18,,030/33848712,http://die-wildem-25.de,25,Eltern-Initiativ-Kindertagesstätte,Situationsansatz,,8048,Die Wilden 25 gUG (haftungsbeschränkt),freie Träger,http://die-wildem-25.de,13.30075291,52.51415079
04071980,Evangelische Kita St. Ursula,04,Charlottenburg-Wilmersdorf,10623,Berlin,Wegelystr.,10,- 12,030 64491154,http://evkvbmn.de,55,Kindertagesstätte,Situationsansatz,,5425,Ev. Kirchenkreisverband für Kindertageseinrichtungen Berlin Mitte-Nord,freie Träger,http://evkvbmn.de,13.33465799,52.51516963
04071990,Kita bewegte Kinder,04,Charlottenburg-Wilmersdorf,10589,Berlin,Goslarer Platz,6,,030 32513991,http://www.Kitanetz.de,23,Kindertagesstätte,Ansatz von Emmi Pikler/Situationsansatz,,8099,bewegte Kinder e.V.,freie Träger,http://www.Kitanetz.de,13.31373425,52.52441471
04072000,Die Zauberflöten - Kita an der Deutschen Oper,04,Charlottenburg-Wilmersdorf,10625,Berlin,Bismarckstr.,25,,030 63 96 29 85,http://www.zauberfloeten-berlin.de,54,Kindertagesstätte,Sonstiges,,8100,Familie im Zentrum FiZ gGmbH,freie Träger,http://www.fiz-berlin.de,13.31174527,52.51258543
04072010,EKT Spreepferdchen,04,Charlottenburg-Wilmersdorf,14197,Berlin,Laubacher Str.,35,,00000 0000,http://www.spreepferdchen.com,21,Eltern-Initiativ-Kindertagesstätte,Waldorfpädagogik,,8119,Spreepferdchen - waldorforientierte Kita e.V.,freie Träger,http://www.spreepferdchen.com,13.32002317,52.47536911
04072020,Internationaler Kindergarten Multi Lingua,04,Charlottenburg-Wilmersdorf,10589,Berlin,Nordhauser Str.,30,,030 209665760,https://www.multilingua-berlin.de,125,Kindertagesstätte,Sonstiges/Situationsansatz,,8121,Kultur Mosaik Berlin gUG (haftungsbeschränkt),freie Träger,https://www.multilingua-berlin.de,13.3090347,52.5244942
04072030,Kindergarten am Schloß Charlottenburg,04,Charlottenburg-Wilmersdorf,10587,Berlin,Eosanderstr.,24,,030 3427060,,12,Eltern-Initiativ-Kindertagesstätte,Situationsansatz,,0723,Kindergarten am Schloß Charlottenburg e.V.,freie Träger,http://www.kiga-am-schloss.de,13.30160063,52.52021852
04072040,Internationaler Kindergarten Sara,04,Charlottenburg-Wilmersdorf,14052,Berlin,Reichsstr.,15,,030 30103005,http://www.sara-kita-berlin.de,128,Kindertagesstätte,Reggio-Pädagogik/Montessori-Pädagogik/Ansatz von Emmi Pikler/Situationsansatz/Sonstiges,,8139,Sara Berlin - Internationaler Kindergarten und Bildungsstätte gemeinnützige UG (haftungsbeschränkt),freie Träger,http://www.sara-kita-berlin.de,13.26548154,52.5139195
04072050,Kita Kinder am Schloss,04,Charlottenburg-Wilmersdorf,14059,Berlin,Spandauer Damm,46,,030 30103235,http://kinderamschloss.de,65,Kindertagesstätte,Sonstiges,,8186,One World Kinder gGmbH,freie Träger,http://oneworldkinder.de/,13.29027652,52.51922196
04072060,Kita Schlumpfenburg,04,Charlottenburg-Wilmersdorf,10585,Berlin,Haubachstr.,24,,030 91467428,,22,Kindertagesstätte,Situationsansatz,,8207,Kinderladen Schlumpfenburg gUG (haftungsbeschränkt),freie Träger,,13.30317083,52.51561778
04072070,Kita Kastanie,04,Charlottenburg-Wilmersdorf,14050,Berlin,Kastanienallee,11,,030 30108867,http://www.kubis-berlin.de,35,Kindertagesstätte,Ansatz von Emmi Pikler/Situationsansatz,,1372,KuBiS gGmbH,freie Träger,http://www.kubis-berlin.de,13.26962676,52.51351895
04072090,Kita Villa Grips,04,Charlottenburg-Wilmersdorf,14050,Berlin,Akazienallee,14,,030 30109894,http://www.villagrips.de,35,Kindertagesstätte,Ansatz von Emmi Pikler/Situationsansatz,,8269,Villa Grips Soziale und Bildungsdienste gemeinnützige GmbH,freie Träger,http://www.villagrips.de,13.27398297,52.51822385
04073000,Heinrich-Zille-Kita,04,Charlottenburg-Wilmersdorf,14059,Berlin,Sophie-Charlotten-Str.,88,,030-254 697 26,http://www.pro-gemeinsinn.de,35,Kindertagesstätte,Ansatz von Emmi Pikler,,9200,GemBeki Gemeinsinn-für Berliner Kinder gGmbH,freie Träger,http://www.pro-gemeinsinn.de,13.28810378,52.51497996
04073010,Kita allerHand,04,Charlottenburg-Wilmersdorf,14055,Berlin,Waldschulallee,31,,030 55284041,http://www.sinneswandel-berlin.de,70,Kindertagesstätte,Situationsansatz,,1371,Sinneswandel - Förderung gehörloser und hörgeschädigter Menschen in Berlin gGmbH,freie Träger,http://www.sinneswandel-berlin.de,13.26502068,52.49785887
04073020,Kita Zicke-Zacke,04,Charlottenburg-Wilmersdorf,13627,Berlin,Popitzweg,1,- 3,030/66933888,http://www.zicke-zacke-kita.de,130,Kindertagesstätte,Situationsansatz,,1286,Zicke-Zacke-Kita gGmbH,freie Träger,http://www.zicke-zacke-kita.de,13.27874045,52.5363268
04073030,Kita Came-Bridge,04,Charlottenburg-Wilmersdorf,10625,Berlin,Pestalozzistr.,88,,030 12020829,,22,Kindertagesstätte,Situationsansatz,,8297,Came-Bridge gemeinnützige UG (haftungsbeschränkt),freie Träger,http://www.kitacamebridge.de,13.31157733,52.50770172
04073040,Kita Burgrudel,04,Charlottenburg-Wilmersdorf,10589,Berlin,Kamminer Str.,9,,52284838,https://www.minikitasfirst.de/kindertagesst%C3%A4tten/burgrudel/,25,Kindertagesstätte,Situationsansatz/Offene-Arbeit,,7859,MiniKitas First gGmbH,freie Träger,https://minikitas.de/,13.30035698,52.52578329
04073050,Kindertagesstätte der Jüdischen Gemeinde zu Berlin,04,Charlottenburg-Wilmersdorf,14055,Berlin,Waldschulallee,73,/75,030 30119445,http://www.kitahgs.de,55,Kindertagesstätte,Sonstiges,,0103,Jüdische Gemeinde zu Berlin,freie Träger,http://www.jg-berlin.org,13.25897465,52.50165967
04073060,Kinderland Westend,04,Charlottenburg-Wilmersdorf,14050,Berlin,Spandauer Damm,130,,030 6003002410,https://www.drk-berlin.de/drkkindergaerten.html,60,Kindertagesstätte,Sonstiges,,8350,DRK Kinder-Tages-Betreuung gGmbH Berlin,freie Träger,http://www.drk-berlin.de,13.27615382,52.51928319
04073080,Kükenbande 2,04,Charlottenburg-Wilmersdorf,10589,Berlin,Mierendorffstr.,7,,03053043562,http://kuekenbande.de/,25,Kindertagesstätte,Situationsansatz,,8257,Center Lingual gemeinnützige UG (haftungsbeschränkt),freie Träger,http://kuekenbande.de/,13.30105516,52.52300965
04073110,Kita Villa Luna Berlin,04,Charlottenburg-Wilmersdorf,10587,Berlin,Helmholtzstr.,34,- 36,02402/1244614,http://www.villaluna.de,70,Kindertagesstätte,Situationsansatz,,8418,Villa Luna gemeinnützige GmbH,freie Träger,http://www.villaluna.de,13.32365694,52.5214978
04073130,Die wilden 25,04,Charlottenburg-Wilmersdorf,14059,Berlin,Nehringstr.,32,,030/30304330,http://die-wilden-25.de,24,Eltern-Initiativ-Kindertagesstätte,Situationsansatz,,8048,Die Wilden 25 gUG (haftungsbeschränkt),freie Träger,http://die-wildem-25.de,13.29397193,52.51697085
04073140,Kita Kükenbande 3,04,Charlottenburg-Wilmersdorf,14059,Berlin,Königin-Elisabeth-Str.,57,,03050965008,http://kuekenbande.de/,18,Kindertagesstätte,Situationsansatz,,8257,Center Lingual gemeinnützige UG (haftungsbeschränkt),freie Träger,http://kuekenbande.de/,13.28001361,52.51763462
04073150,Kindergarten Wunderinsel,04,Charlottenburg-Wilmersdorf,10625,Berlin,Marie-Elisabeth-Lüders-Str.,7,,030 01633124672,,54,Kindertagesstätte,Montessori-Pädagogik,,8716,Wunderinsel gGmbH,freie Träger,,13.31676054,52.51338877
04073160,Kita Charlottenburger Teddys,04,Charlottenburg-Wilmersdorf,10589,Berlin,Nordhauser Str.,26,,28888666,http://www.gkj-berlin.de,150,Kindertagesstätte,Situationsansatz,,8733,GKJ-Berlin gemeinnützige Gesellschaft für Kinder- und Jugendhilfe mbH,freie Träger,http://www.gkj-berlin.de,13.30723713,52.52451076
04073180,Charlottenburger Teddys - Akazienallee,04,Charlottenburg-Wilmersdorf,14050,Berlin,Akazienallee,36,,24176220,https://gkj-berlin.de/kindertagesstaetten/kita-charlottenburger-teddys-akazienallee,151,Kindertagesstätte,Situationsansatz,,8733,GKJ-Berlin gemeinnützige Gesellschaft für Kinder- und Jugendhilfe mbH,freie Träger,http://www.gkj-berlin.de,13.26829291,52.51925562
04073190,Kenntnisreich Kindertagesstätte,04,Charlottenburg-Wilmersdorf,10623,Berlin,Uhlandstr.,19,,015253043515,http://www.kenntnisreich-kindertagesstaetten.de,118,Kindertagesstätte,Situationsansatz,,8259,Kenntnisreich Kindertagesstätten gGmbH,freie Träger,http://www.kenntnisreich-kindertagesstaetten.de,13.32537493,52.50454052
04073200,Die Zauberworte - Kita für bewegte Sprache an der Deutschen Oper,04,Charlottenburg-Wilmersdorf,10585,Berlin,Zauritzweg,9,,030 58 71 17 46,http://www.zauberworte-berlin.de,25,Kindertagesstätte,Offene-Arbeit,,8100,Familie im Zentrum FiZ gGmbH,freie Träger,http://www.fiz-berlin.de,13.31241333,52.51272713
04073210,Kita Assia Gorban,04,Charlottenburg-Wilmersdorf,14057,Berlin,Herbartstr.,24,-24a,030 213 000 67 17,,104,Kindertagesstätte,Sonstiges,,0103,Jüdische Gemeinde zu Berlin,freie Träger,http://www.jg-berlin.org,13.28637716,52.50424373
04073230,Kita Came-Bridge II,04,Charlottenburg-Wilmersdorf,10625,Berlin,Weimarer Str.,29,,030 21115649,,18,Kindertagesstätte,Situationsansatz,,8297,Came-Bridge gemeinnützige UG (haftungsbeschränkt),freie Träger,http://www.kitacamebridge.de,13.31140557,52.50753114
04073240,Kita Kaiserin-Augusta-Allee 88 a,04,Charlottenburg-Wilmersdorf,10589,Berlin,Kaiserin-Augusta-Allee,88A,,030 23579169,https://geb-kita.de/,25,Kindertagesstätte,Situationsansatz,,8854,G.E.B. Gesellschaft für Erziehung und Bildung UG,freie Träger,https://geb-kita.de/,13.30900189,52.52554718
04073250,Kita Aurorafalter,04,Charlottenburg-Wilmersdorf,10587,Berlin,Dovestr.,1,-5,120832125,http://kita.socius.diebildungspartner.de/kita-aurorafalter/,45,Kindertagesstätte,Offene-Arbeit/Situationsansatz,,8000,SOCIUS - Die Bildungspartner gemeinnützige GmbH,freie Träger,http://www.socius.diebildungspartner.de,13.31967036,52.51989096
04073280,Kita Schlumpfhausen,04,Charlottenburg-Wilmersdorf,10585,Berlin,Richard-Wagner-Str.,37,,030 33901845,https://geb-kita.de/,30,Kindertagesstätte,Situationsansatz,,8854,G.E.B. Gesellschaft für Erziehung und Bildung UG,freie Träger,https://geb-kita.de/,13.30645506,52.51537262
04073290,ASB Kita am Schlosspark,04,Charlottenburg-Wilmersdorf,14059,Berlin,Heubnerweg,5,,030 30823493,,92,Kindertagesstätte,,,8353,ASB Kinder- und Jugendhilfe Berlin gGmbH,freie Träger,,13.28825192,52.52319017
04073300,Kita Multilingua Ilsenburger Str.,04,Charlottenburg-Wilmersdorf,10589,Berlin,Ilsenburger Str.,37,,030 209665770,https://www.multilingua-berlin.de,25,Kindertagesstätte,Ansatz von Emmi Pikler/Situationsansatz/Fröbel-Pädagogik/Sonstiges/Reggio-Pädagogik,,8926,Early Years gUG,freie Träger,https://www.multilingua-berlin.de,13.30961196,52.52439456
04073310,Kita Platane,04,Charlottenburg-Wilmersdorf,10589,Berlin,Tegeler Weg,102,,030 45955724,https://geb-kita.de/,25,Kindertagesstätte,Situationsansatz,,8854,G.E.B. Gesellschaft für Erziehung und Bildung UG,freie Träger,https://geb-kita.de/,13.29900586,52.52336233
04073320,Spielhaus Schillerstraße (nur Sprachförderung),04,Charlottenburg-Wilmersdorf,10627,Berlin,Schillerstr.,86,,030 3414974,,,Kindertagesstätte,,,8965,Evangelisch-Freikirchliche Gemeinde Berlin-Charlottenburg,freie Träger,,13.30819247,52.5099686
04073330,Erlebniswald,04,Charlottenburg-Wilmersdorf,13627,Berlin,Heckerdamm,274,,030 38307544,http://www.jugendundsozialwerk.de,110,Kindertagesstätte,Montessori-Pädagogik/Situationsansatz/Offene-Arbeit/Ansatz von Emmi Pikler,,1296,Jugend- und Sozialwerk gGmbH,freie Träger,http://www.jus-or.de,13.28550513,52.54310994
04073350,Kita Kindheitstraum,04,Charlottenburg-Wilmersdorf,14059,Berlin,Sophie-Charlotten-Str.,34,,030 38308389,http://www.kindheits-traum.de,26,Kindertagesstätte,Situationsansatz/Waldorfpädagogik/Montessori-Pädagogik/Reggio-Pädagogik/Ansatz von Emmi Pikler/Offene-Arbeit,,9043,Kindheitstraum gUG,freie Träger,http://www.kindheits-traum.de,13.287472,52.51504365
04073370,Kenntnisreich Kindertagesstätte am Kaiserdamm,04,Charlottenburg-Wilmersdorf,14057,Berlin,Kaiserdamm,8,,6292 7665,http://www.kenntnisreich-kindertagesstaetten.de,25,Kindertagesstätte,Situationsansatz,,8259,Kenntnisreich Kindertagesstätten gGmbH,freie Träger,http://www.kenntnisreich-kindertagesstaetten.de,13.29084469,52.5108117
04073390,Kita Bunte Tulpen,04,Charlottenburg-Wilmersdorf,10585,Berlin,Zillestr.,16,,030 62952385,,22,Kindertagesstätte,Situationsansatz,,9104,Weltentdecker gUG,freie Träger,http://www.weltentdecker.berlin,13.31232637,52.51403501
04073410,Kita Bunte Blätter,04,Charlottenburg-Wilmersdorf,14057,Berlin,Suarezstr.,11,,176 81429431,http://www.blitzkinder.de,25,Kindertagesstätte,Situationsansatz,,9116,Blitzkinder gUG,freie Träger,http://www.blitzkinder.de,13.29582271,52.5086402
04073420,Kita Kleine Weltkinder,04,Charlottenburg-Wilmersdorf,10589,Berlin,Tegeler Weg,24,,030 31484580,http://www.kleineweltkindder.de,25,Kindertagesstätte,Situationsansatz,,9121,Bildungshafen gUG,freie Träger,http://www.kleineweltkinder.de,13.29702555,52.52871327
04073430,Kita Arcostr.,04,Charlottenburg-Wilmersdorf,10587,Berlin,Arcostr.,9,,030 44383531,https://www.pfefferwerk.de/kindertagesstaetten/kita-arcostrasse/,40,Kindertagesstätte,Offene-Arbeit,,1202,Pfefferwerk Stadtkultur gGmbH,freie Träger,http://www.pfefferwerk.de,13.30820496,52.51939621
04073440,Kita Spatzenvilla,04,Charlottenburg-Wilmersdorf,10587,Berlin,Heisenbergstr.,1,,68960940,http://www.ek-educationcare.de,25,Kindertagesstätte,Situationsansatz,,8894,E&K Education Care gUG,freie Träger,http://www.ek-educationcare.de,13.32462686,52.52317244
04073460,Kita Lilie,04,Charlottenburg-Wilmersdorf,13627,Berlin,Schwambzeile,1,,0157-57834319,,25,Kindertagesstätte,,,9104,Weltentdecker gUG,freie Träger,http://www.weltentdecker.berlin,13.30175433,52.53782275
04073490,Kita Zauberlinge,04,Charlottenburg-Wilmersdorf,10589,Berlin,Kaiserin-Augusta-Allee,84,,030 80105994,,25,Kindertagesstätte,,,9221,Zauberkinder gUG,freie Träger,,13.30739239,52.52553348
04073500,Kita Quedlinbuger Straße,04,Charlottenburg-Wilmersdorf,10589,Berlin,Quedlinburger Str.,45G,,030 88700784,https://www.pfh-berlin.de/de/artikelseite/kita-quedlinburgerstrasse,60,Kindertagesstätte,Offene-Arbeit/Situationsansatz,,0100,Pestalozzi-Fröbel-Haus Stiftung des öffentlichen Rechts,freie Träger,http://www.pfh-berlin.de,13.30712974,52.52214244
04073510,Kita Buntspecht,04,Charlottenburg-Wilmersdorf,14052,Berlin,Reichsstraße,53,,030 28685445,http://www.bgff.de,30,Kindertagesstätte,,,7707,BGFF - Berliner Gesellschaft für Förderung interkultureller Bildung und Erziehung e. V.,freie Träger,http://www.bgff.de,13.25207175,52.52197702
04090030,Kita Schatzinsel,04,Charlottenburg-Wilmersdorf,14199,Berlin,Heydenstr.,9,,030 8231732,http://www.kita-nordwest.de,91,Kindertagesstätte,Offene-Arbeit,,0124,Kindertagesstätten Nordwest Eigenbetrieb von Berlin,Eigenbetriebe,http://www.kita-nordwest.de,13.28526259,52.47453848
04090100,Kita Prager Straße,04,Charlottenburg-Wilmersdorf,10779,Berlin,Prager Str.,6,10,030 236 310 850,http://www.kita-nordwest.de,124,Kindertagesstätte,Offene-Arbeit/Situationsansatz,,0124,Kindertagesstätten Nordwest Eigenbetrieb von Berlin,Eigenbetriebe,http://www.kita-nordwest.de,13.33327844,52.49464764
04090140,Kita Wilhelmsaue,04,Charlottenburg-Wilmersdorf,10715,Berlin,Wilhelmsaue,122,123,030 863 909 690,http://www.kita-nordwest.de,105,Kindertagesstätte,Offene-Arbeit/Situationsansatz,,0124,Kindertagesstätten Nordwest Eigenbetrieb von Berlin,Eigenbetriebe,http://www.kita-nordwest.de,13.32544215,52.48509352
04090170,Kita Siegburger Straße,04,Charlottenburg-Wilmersdorf,14197,Berlin,Siegburger Str.,1,,030 897301090,http://www.kita-nordwest.de,56,Kindertagesstätte,Offene-Arbeit,,0124,Kindertagesstätten Nordwest Eigenbetrieb von Berlin,Eigenbetriebe,http://www.kita-nordwest.de,13.31423334,52.47629644
04090180,Kita Livländische Straße,04,Charlottenburg-Wilmersdorf,10715,Berlin,Livländische Str.,21,,030 2130921330,http://www.kita-nordwest.de,153,Kindertagesstätte,Offene-Arbeit,,0124,Kindertagesstätten Nordwest Eigenbetrieb von Berlin,Eigenbetriebe,http://www.kita-nordwest.de,13.32650673,52.48071548
04090200,Kita der Ev. Kirchengemeinde Linden,04,Charlottenburg-Wilmersdorf,14197,Berlin,Binger Str.,73,,030 8279 2238,http://www.kitalindenkirche.de,56,Kindertagesstätte,Situationsansatz,,0245,Ev. Kirchengemeinde Linden,freie Träger,http://www.lindenkirche.de,13.30996804,52.47478439
04090210,Ev. Kita Kreuz,04,Charlottenburg-Wilmersdorf,14193,Berlin,Elgersburger Str.,2,,030 8255434,http://www.kitaverband-mw.de,68,Kindertagesstätte,Situationsansatz/Sonstiges,,8758,Ev. Kirchenkreisverband für Kindertageseinrichtungen Berlin-Mitte-West (Kitaverband Mitte-West),freie Träger,http://www.kitaverband-mw.de,13.28829428,52.48307554
04090220,Ev. Kita Alt-Schmargendorf,04,Charlottenburg-Wilmersdorf,14199,Berlin,Kirchstr.,15,16,030 82001453,http://www.kitaverband-mw.de,47,Kindertagesstätte,Sonstiges/Situationsansatz,,8758,Ev. Kirchenkreisverband für Kindertageseinrichtungen Berlin-Mitte-West (Kitaverband Mitte-West),freie Träger,http://www.kitaverband-mw.de,13.29343247,52.47284401
04090230,Ev. Kita Grunewald,04,Charlottenburg-Wilmersdorf,14193,Berlin,Koenigsallee,10A,,030 8928102,http://www.kitaverand-mw.de,60,Kindertagesstätte,Sonstiges/Situationsansatz,,8758,Ev. Kirchenkreisverband für Kindertageseinrichtungen Berlin-Mitte-West (Kitaverband Mitte-West),freie Träger,http://www.kitaverband-mw.de,13.28309191,52.49356846
04090240,Ev. Kita Kaiser-Wilhelm-Gedächtnis,04,Charlottenburg-Wilmersdorf,10789,Berlin,Lietzenburger Str.,39,,030 2115305,http://www.kitaverband-mw.de,60,Kindertagesstätte,Sonstiges,,8758,Ev. Kirchenkreisverband für Kindertageseinrichtungen Berlin-Mitte-West (Kitaverband Mitte-West),freie Träger,http://www.kitaverband-mw.de,13.33355352,52.49964432
04090250,Ev. Kita Daniel,04,Charlottenburg-Wilmersdorf,10709,Berlin,Münstersche Str.,8,,030 863909911,http://www.kitaverband-mw.de,115,Kindertagesstätte,Offene-Arbeit/Situationsansatz,,8758,Ev. Kirchenkreisverband für Kindertageseinrichtungen Berlin-Mitte-West (Kitaverband Mitte-West),freie Träger,http://www.kitaverband-mw.de,13.30847701,52.49377052
04090260,Kita Halensee,04,Charlottenburg-Wilmersdorf,10709,Berlin,Paulsborner Str.,86,,030 8928683,http://www.kitaverband-mw.de,60,Kindertagesstätte,Sonstiges/Situationsansatz,,8758,Ev. Kirchenkreisverband für Kindertageseinrichtungen Berlin-Mitte-West (Kitaverband Mitte-West),freie Träger,http://www.kitaverband-mw.de,13.30380377,52.49608358
04090270,Kita der Ev. Kirchengem. Vaterunser,04,Charlottenburg-Wilmersdorf,14197,Berlin,Spessartstr.,3,,0308215801,,55,Kindertagesstätte,Situationsansatz,,8758,Ev. Kirchenkreisverband für Kindertageseinrichtungen Berlin-Mitte-West (Kitaverband Mitte-West),freie Träger,http://www.kitaverband-mw.de,13.31865881,52.47669943
04090280,Ev. Kita Auen,04,Charlottenburg-Wilmersdorf,10715,Berlin,Wilhelmsaue,118,,030 8736640,http://www.kitaverband-mw.de,68,Kindertagesstätte,Sonstiges/Situationsansatz,,8758,Ev. Kirchenkreisverband für Kindertageseinrichtungen Berlin-Mitte-West (Kitaverband Mitte-West),freie Träger,http://www.kitaverband-mw.de,13.32379023,52.48515644
04090290,Kath. Kita St. Karl Borromäus,04,Charlottenburg-Wilmersdorf,14193,Berlin,Delbrückstr.,33,,030 259365123,http://www.karl-borromaeus.de/kita,50,Kindertagesstätte,Offene-Arbeit/Situationsansatz,,9193,Kitas im Erzbistum Berlin-Zweckverband der katholischen Kirchengemeinden,freie Träger,http://hedikitas.de,13.28084335,52.48380367
04090300,Kita Am Volkspark 41,04,Charlottenburg-Wilmersdorf,10715,Berlin,Am Volkspark,41,,030 259365124,http://hedikitas.de,70,Kindertagesstätte,Sonstiges,,9193,Kitas im Erzbistum Berlin-Zweckverband der katholischen Kirchengemeinden,freie Träger,http://hedikitas.de,13.32811651,52.48265248
04090310,Kath. Kita St. Albertus Magnus,04,Charlottenburg-Wilmersdorf,10709,Berlin,Johann-Georg-Str.,8,.,03025936510,,52,Kindertagesstätte,Montessori-Pädagogik/Situationsansatz,,9193,Kitas im Erzbistum Berlin-Zweckverband der katholischen Kirchengemeinden,freie Träger,http://hedikitas.de,13.29804379,52.49680647
04090320,Kath. Kita St. Ludwig,04,Charlottenburg-Wilmersdorf,10719,Berlin,Ludwigkirchplatz,10,,030259365126,http://www.kita.sanktludwig.de,100,Kindertagesstätte,Sonstiges/Situationsansatz/Reggio-Pädagogik/Montessori-Pädagogik,,9193,Kitas im Erzbistum Berlin-Zweckverband der katholischen Kirchengemeinden,freie Träger,http://hedikitas.de,13.32145793,52.49716978
04090330,Kita der Jüdischen Gemeinde zu Berlin,04,Charlottenburg-Wilmersdorf,14193,Berlin,Delbrückstr.,8,,030 891 67 48,http://www.jg-berlin.org,152,Kindertagesstätte,Situationsansatz,,0103,Jüdische Gemeinde zu Berlin,freie Träger,http://www.jg-berlin.org,13.27832198,52.48610472
04090340,EKT - Kleine Panther,04,Charlottenburg-Wilmersdorf,10713,Berlin,Aachener Str.,42,,030 8222769,http://www.kleinepanther.de,14,Eltern-Initiativ-Kindertagesstätte,Situationsansatz,,0787,Kleine Panther e. V.,freie Träger,http://www.kleinepanther.de,13.31884933,52.48198165
04090370,EKT - Chiquitita,04,Charlottenburg-Wilmersdorf,10715,Berlin,Am Volkspark,83,,030 8539783,,36,Eltern-Initiativ-Kindertagesstätte,Situationsansatz,,0606,Chiquitita e. V.,freie Träger,,13.32128073,52.48294857
04090380,Kita el caracol bilingualer Kindergarten spanisch/deutsch,04,Charlottenburg-Wilmersdorf,10707,Berlin,Zähringerstr.,14,,030 8731502,http://www.el-caracol.de,46,Kindertagesstätte,Sonstiges,,0649,el caracol bilingualer Kindergarten Spanisch / Deutsch gGmbH,freie Träger,http://www.el-caracol.de,13.31202401,52.49612114
04090410,EKT - Kinderhaus Binger Straße,04,Charlottenburg-Wilmersdorf,14197,Berlin,Binger Str.,65,,030 8215091,http://www.kinderhaus65.de,40,Eltern-Initiativ-Kindertagesstätte,Situationsansatz,,0730,Kinderhaus Binger Straße e.V.,freie Träger,http://www.kinderhaus65.de,13.30981232,52.47208569
04090440,EKT - Donnerbagger,04,Charlottenburg-Wilmersdorf,10717,Berlin,Fechnerstr.,13,,030/ 8732982,,14,Eltern-Initiativ-Kindertagesstätte,Situationsansatz,,0595,Donnerbagger - Verein für kindliche Bewegungstherapie e. V.,freie Träger,,13.32150494,52.48816126
04090480,EKT - Kiga für musische und sprachliche Erziehung,04,Charlottenburg-Wilmersdorf,10717,Berlin,Gasteiner Str.,14,,0308737670,http://www.kigamuse.de,35,Eltern-Initiativ-Kindertagesstätte,Situationsansatz,,0712,Kindergarten für musische und sprachliche Erziehung e.V.,freie Träger,,13.32070248,52.48780641
04090490,EKT Dreckspatzen,04,Charlottenburg-Wilmersdorf,10713,Berlin,Sigmaringer Str.,16,EG rechts,030 8619636,http://www.kila-dreckspatzen.de,20,Eltern-Initiativ-Kindertagesstätte,Situationsansatz,,0598,Dreckspatzen e.V.,freie Träger,http://www.kila-dreckspatzen.de,13.31952842,52.49105624
04090510,EKT Manimatschi,04,Charlottenburg-Wilmersdorf,10713,Berlin,Gieselerstr.,25,,030 8621611,http://www.manimatschi.de,23,Eltern-Initiativ-Kindertagesstätte,Reggio-Pädagogik/Ansatz von Emmi Pikler/Montessori-Pädagogik,,0650,EKT Manimatschi e.V.,freie Träger,http://www.manimatschi.de,13.31783172,52.48977785
04090530,EKT - Wilde Hilde,04,Charlottenburg-Wilmersdorf,10715,Berlin,Hildegardstr.,13,,030 854 58 42,,14,Eltern-Initiativ-Kindertagesstätte,Situationsansatz,,1068,Wilde Hilde e. V.,freie Träger,,13.32400941,52.48194789
04090540,Kindergarten HI. Nikolaus,04,Charlottenburg-Wilmersdorf,14197,Berlin,Schlangenbader Str.,99,,030 824 28 47,http://www.nikolaus-kita.de,30,Eltern-Initiativ-Kindertagesstätte,,,0952,Sophia - Verein für christlich-orthodoxe Erziehung e.V.,freie Träger,,13.30851052,52.47738989
04090550,EKT - Finowkids,04,Charlottenburg-Wilmersdorf,10719,Berlin,Pariser Str.,3,,030/8815796,http://www.finowkidsev.de,25,Eltern-Initiativ-Kindertagesstätte,Offene-Arbeit/Situationsansatz,,0622,Finowkids e.V.,freie Träger,http://www.finowkidsev.de,13.32910712,52.49622699
04090560,Montessori Kinderhaus Kipsi,04,Charlottenburg-Wilmersdorf,10715,Berlin,Weimarische Str.,20,,030 8536655,,50,Kindertagesstätte,Montessori-Pädagogik/Ansatz von Emmi Pikler,,8066,Montessori und Friends Education gGmbH,freie Träger,http://www.montessori-friends.de,13.32453908,52.47963566
04090620,EKG - Grunewald,04,Charlottenburg-Wilmersdorf,14193,Berlin,Furtwänglerstr.,5,,030 8973 3343,,19,Eltern-Kind-Gruppe,,,0248,Ev. Kirchengemeinde Grunewald,freie Träger,http://www.grunewaldgemeinde.de,13.27530652,52.48386063
04090650,Kinderladen Mainzelmännchen,04,Charlottenburg-Wilmersdorf,10715,Berlin,Mainzer Str.,25,,030 20005735,,15,Eltern-Initiativ-Kindertagesstätte,Situationsansatz,,0724,Kinderladen Mainzelmännchen e. V.,freie Träger,http://www.kinderladen-mainzelmaennchen.de,13.32282346,52.4800627
04090680,EKT Wilde Hummeln,04,Charlottenburg-Wilmersdorf,10715,Berlin,Mehlitzstr.,8,,030 98350906,http://www.wilde-hummeln.de,17,Eltern-Initiativ-Kindertagesstätte,Montessori-Pädagogik/Ansatz von Emmi Pikler,,1069,"Elterninitiativ-Kindertagesstätten-Verein ""Wilde Hummeln"" e.V.",freie Träger,http://www.wilde-hummeln.de,13.32638548,52.48608242
04090700,Kita el caracol bilingualer Kindergarten spanisch/deutsch,04,Charlottenburg-Wilmersdorf,10715,Berlin,Straße am Schoelerpark,32,,030 8731502,http://www.el-caracol.de,82,Kindertagesstätte,Sonstiges,,0649,el caracol bilingualer Kindergarten Spanisch / Deutsch gGmbH,freie Träger,http://www.el-caracol.de,13.32559469,52.48448967
04090710,Kita Aventura Nikolsburg,04,Charlottenburg-Wilmersdorf,10717,Berlin,Nikolsburger Platz,6,,030 861 80 66,http://www.aventura-nikolsburg.de,50,Kindertagesstätte,Sonstiges,,0878,Aventura Nikolsburg KiTa UG (haftungsbeschränkt),freie Träger,http://www.aventura-nikolsburg.de,13.32797128,52.49304425
04090720,EKT - Trolle,04,Charlottenburg-Wilmersdorf,10717,Berlin,Nikolsburger Str.,8,,030 883 34 35,http://www.kinderladentrolle.de,16,Eltern-Initiativ-Kindertagesstätte,Situationsansatz/Sonstiges/Offene-Arbeit,,1021,Kinderladen Trolle e.V.,freie Träger,http://www.kinderladentrolle.de,13.32813247,52.49403735
04090730,EKT Prinz Güntzel,04,Charlottenburg-Wilmersdorf,10717,Berlin,Prinzregentenstr.,90,,8531408,https://www.prinz-guentzel.de,23,Eltern-Initiativ-Kindertagesstätte,Reggio-Pädagogik,,0908,Eltern-Kinder-Tagesstätte Prinz Güntzel e.V.,freie Träger,http://www.prinz-guentzel.de,13.3332873,52.49040123
04090740,EKT - Kissi,04,Charlottenburg-Wilmersdorf,14197,Berlin,Rudolf-Mosse-Str.,9,,030 823 69 95,http://www.kissi-ekt.de,38,Eltern-Initiativ-Kindertagesstätte,Situationsansatz,,0773,"""Kissi"" EKT e.V. (Elterninitiativ-Kindertagesstätte)",freie Träger,http://www.kissi-berlin.de,13.30415586,52.47483426
04090750,EKT - Wir um vier,04,Charlottenburg-Wilmersdorf,10711,Berlin,Ringbahnstr.,13,,030 891 39 98,http://www.wirumvier.com,18,Eltern-Initiativ-Kindertagesstätte,Situationsansatz,,1073,Wir um Vier - Verein z. Förderg psychol. orientierter Pädag. u. Elternberatg e.V.,freie Träger,,13.28888049,52.49802297
04090760,Kita Eulenspiegel - Mittelhof e.V.,04,Charlottenburg-Wilmersdorf,10713,Berlin,Sigmaringer Str.,16,,030 861 27 67,http://www.mittelhof.org,25,Kindertagesstätte,Situationsansatz,,1247,Mittelhof e.V.,freie Träger,http://www.mittelhof.org,13.31952842,52.49105624
04090770,Waldorfkindergarten TOMTE,04,Charlottenburg-Wilmersdorf,10709,Berlin,Schweidnitzer Str.,3,,030 892 81 20,http://www.waldorfkindergarten-tomte.de,29,Eltern-Initiativ-Kindertagesstätte,Waldorfpädagogik,,1016,Waldorfkindergarten TOMTE e.V.,freie Träger,http://www.waldorfkindergarten-tomte.de,13.29764871,52.49479215
04090780,EKT - Waldorfkindergarten Rosenhof,04,Charlottenburg-Wilmersdorf,10715,Berlin,Weimarische Str.,5,,030 8537689,http://www.kindergarten-rosenhof.de,23,Eltern-Initiativ-Kindertagesstätte,Waldorfpädagogik,,0725,Waldorfkindergarten Rosenhof e.V.,freie Träger,http://www.kindergarten-rosenhof.de,13.32401286,52.48053991
04090790,EKT Wexstr.,04,Charlottenburg-Wilmersdorf,10715,Berlin,Wexstr.,23,,030 53059641,http://www.kinderladen-wexstrasse.de,20,Eltern-Initiativ-Kindertagesstätte,Sonstiges/Offene-Arbeit/Situationsansatz,,1064,Eltern-Initiativ-Kindertagesstätte-Wexstrasse e. V.,freie Träger,http://www.kita-wexstrasse.de,13.33241107,52.4788325
04090810,EKT Kinderland,04,Charlottenburg-Wilmersdorf,10715,Berlin,Wilhelmsaue,18,,030 8623396,,18,Eltern-Initiativ-Kindertagesstätte,Situationsansatz,,0763,"Eltern-Initiative-Kindertagesstätte Kinderland e.V., Wilmersdorf",freie Träger,,13.32419833,52.48565674
04090850,EKT - Paul und Klärchen,04,Charlottenburg-Wilmersdorf,10715,Berlin,Mainzer Str.,26A,,030 854 94 40,http://www.paulundklaerchen.de,15,Eltern-Initiativ-Kindertagesstätte,Situationsansatz,,0894,Kinderladen Paul und Klärchen e.V.,freie Träger,http://www.paulundklaerchen.de,13.32230938,52.4800662
04090890,EIKITA Felix,04,Charlottenburg-Wilmersdorf,10715,Berlin,Wexstr.,20,,030 8537601,http://www.kinderladen-felix.de,17,Eltern-Initiativ-Kindertagesstätte,Situationsansatz,,0859,EIKITA Felix e. V.,freie Träger,http://www.kinderladen-felix.de,13.33383979,52.47882386
04090910,Kita Joh. Sozialwerk,04,Charlottenburg-Wilmersdorf,14193,Berlin,Bismarckallee,23,,89688 192,http://www.johannisches-sozialwerk.de,105,Kindertagesstätte,Situationsansatz,,1234,Johannisches Sozialwerk e.V.,freie Träger,http://www.johannisches-sozialwerk.de,13.27730491,52.48831166
04090920,Waldorfkindergarten Wilmersdorf e.V.,04,Charlottenburg-Wilmersdorf,10709,Berlin,Mansfelder Str.,37,,030 861 44 40,http://www.waldorfkindergarten.berlin,63,Kindertagesstätte,Waldorfpädagogik,,1273,Waldorfkindergarten Wilmersdorf e.V.,freie Träger,http://www.waldorfkindergarten.berlin,13.30762037,52.4901465
04090940,Internationaler Kindergarten,04,Charlottenburg-Wilmersdorf,10709,Berlin,Ravensberger Str.,5B,,030 8926644,http://www.internationaler-kindergarten-berlin.de,61,Kindertagesstätte,Situationsansatz,,8244,Internationaler Kindergarten Berlin 1984 gemeinnützige GmbH,freie Träger,http://www.internationaler-kindergarten-berlin.de,13.30643598,52.4963218
04090990,Kita Prinzregentenstraße,04,Charlottenburg-Wilmersdorf,10717,Berlin,Prinzregentenstr.,97,,030 218 23 14,http://www.kita-prinzregenten.nbhs.de,35,Kindertagesstätte,Situationsansatz,,1249,Nachbarschaftsheim Schöneberg e.V.,freie Träger,http://www.nbhs.de,13.33349567,52.49268163
04091000,EKT - Maikäfer (Gartenhaus),04,Charlottenburg-Wilmersdorf,10713,Berlin,Brandenburgische Str.,75,,8623049,http://www.kinderladen-maikaefer.de,21,Eltern-Initiativ-Kindertagesstätte,Situationsansatz,,1036,M a i k ä f e r e. V.,freie Träger,http://www.kinderladen-maikaefer.de,13.31742978,52.4880755
04091020,EKT - Die Lauser,04,Charlottenburg-Wilmersdorf,10715,Berlin,Koblenzer Str.,7,,030 8543415,http://www.die-lauser.de,17,Eltern-Initiativ-Kindertagesstätte,Situationsansatz,,0582,Die Lauser e.V.,freie Träger,,13.32139781,52.48002809
04091030,EKT - Arche Noah,04,Charlottenburg-Wilmersdorf,10715,Berlin,Hildegardstr.,16,,030 853 17 86,,21,Eltern-Initiativ-Kindertagesstätte,Situationsansatz,,0534,Elterninitiativ-Kindertagesstätten-Verein Arche Noah e.V.,freie Träger,,13.32162941,52.4819519
04091040,EKT Hildegarten,04,Charlottenburg-Wilmersdorf,10715,Berlin,Hildegardstr.,16A,,030 8539160,http://www.kila-hildegarten.de,21,Eltern-Initiativ-Kindertagesstätte,Montessori-Pädagogik/Offene-Arbeit/Situationsansatz,,0673,Eltern-Initiativ-Kindertagesstätte Hildegarten e. V.,freie Träger,http://www.kila-hildegarten.de,13.32142468,52.48195259
04091050,EKT - Kindergruppe Hasensprung,04,Charlottenburg-Wilmersdorf,14193,Berlin,Koenigsallee,35,,030 8263200,http://www.kindergruppe-hasensprung.de,17,Eltern-Initiativ-Kindertagesstätte,Situationsansatz,,0727,Kindergruppe Hasensprung e.V.,freie Träger,http://www.kindergruppe-hasensprung.de,13.27113538,52.48717326
04091070,Kinderladen Phönix,04,Charlottenburg-Wilmersdorf,10719,Berlin,Pfalzburger Str.,9,,030 873 83 78,,23,Eltern-Initiativ-Kindertagesstätte,Situationsansatz,,0966,Kinderladen Phönix e. V.,freie Träger,,13.32252474,52.49824767
04091080,Kita Homburger Straße,04,Charlottenburg-Wilmersdorf,14197,Berlin,Homburger Str.,19,-13,030 897301190,http://www.kita-nordwest.de,91,Kindertagesstätte,Situationsansatz/Offene-Arbeit/Sonstiges/Ansatz von Emmi Pikler,,0124,Kindertagesstätten Nordwest Eigenbetrieb von Berlin,Eigenbetriebe,http://www.kita-nordwest.de,13.31577757,52.47395555
04091100,Kita Beerenkinder,04,Charlottenburg-Wilmersdorf,10709,Berlin,Johann-Georg-Str.,26,,030 89569229,,39,Kindertagesstätte,Montessori-Pädagogik/Reggio-Pädagogik/Fröbel-Pädagogik,,8274,Beerenkinder Kindertagesstätten gemeinnützige UG (haftungsbeschränkt),freie Träger,,13.29878053,52.49569586
04091120,EKT Girasole,04,Charlottenburg-Wilmersdorf,10715,Berlin,Durlacher Str.,27,,030 8548466,https://www.girasole-kita.de/,32,Eltern-Initiativ-Kindertagesstätte,Sonstiges,,0652,Girasole e.V.,freie Träger,http://www.girasole-kita.de,13.33101753,52.48055713
04091130,Montessori Kinderhaus Pünktchen und Anton e.V.,04,Charlottenburg-Wilmersdorf,14199,Berlin,Cunostraße,1,,030-8239774,https://puenktchenundanton.com/,40,Eltern-Initiativ-Kindertagesstätte,Montessori-Pädagogik,,0912,Elterninitiativ Kindertagesstätte Pünktchen und Anton e. V.,freie Träger,https://www.puenktchenundanton.com,13.294994,52.47442292
04091150,Kita Orber Straße,04,Charlottenburg-Wilmersdorf,14193,Berlin,Orber Str.,13,,030 8973797611,http://www.kita-nordwest.de,129,Kindertagesstätte,Offene-Arbeit/Situationsansatz,,0124,Kindertagesstätten Nordwest Eigenbetrieb von Berlin,Eigenbetriebe,http://www.kita-nordwest.de,13.29611809,52.48923061
04091160,Kita Asilo Italiano,04,Charlottenburg-Wilmersdorf,10715,Berlin,Badensche Str.,29,,030 8623038,http://www.asiloitaliano.de,34,Kindertagesstätte,Situationsansatz/Sonstiges,,1204,Arbeitskreis praktische Pädagogik e. V.,freie Träger,http://www.asiloitaliano.de,13.32756439,52.48622047
04091180,Kita Düsseldorfer Straße,04,Charlottenburg-Wilmersdorf,10707,Berlin,Düsseldorfer Str.,53A,,030 231091680,http://www.kita-nordwest.de,62,Kindertagesstätte,Offene-Arbeit,,0124,Kindertagesstätten Nordwest Eigenbetrieb von Berlin,Eigenbetriebe,http://www.kita-nordwest.de,13.31473977,52.49648714
04091190,Kita Bundesallee,04,Charlottenburg-Wilmersdorf,10717,Berlin,Bundesallee,186,187,030 85730164,http://www.kant-kindergarten.de,70,Kindertagesstätte,Sonstiges,,7936,Private Kant-Schulen gGmbH,freie Träger,,13.33137166,52.48898239
04091210,EKT Land in Sicht,04,Charlottenburg-Wilmersdorf,10715,Berlin,Babelsberger Str.,40,,030 8731846,http://www.kinderlandinsicht.de,12,Eltern-Initiativ-Kindertagesstätte,Situationsansatz/Offene-Arbeit,,1103,Kinder - Land in Sicht e. V.,freie Träger,http://www.kinderlandinsicht.de,13.3354926,52.48465994
04091250,Kita der Schwedischen Victoriagemeinde,04,Charlottenburg-Wilmersdorf,10717,Berlin,Landhausstr.,26,,030 86495955,https://www.svenskakyrkan.se/berlin/svenska-victoriaforsamlingens-forskola,17,Kindertagesstätte,Situationsansatz,,1288,Schwedische Victoriagemeinde e.V.,freie Träger,http://www.svenskakyrkan.se/berlin,13.32909714,52.48763127
04091260,Kant-Kindergarten Lentzeallee 8 - 14,04,Charlottenburg-Wilmersdorf,14195,Berlin,Lentzeallee,8,,030 +4930820078910,http://www.kant-kindergarten.de,170,Kindertagesstätte,Sonstiges,,7936,Private Kant-Schulen gGmbH,freie Träger,,13.29275688,52.47021331
04091280,Kita Kaubstraße,04,Charlottenburg-Wilmersdorf,10713,Berlin,Kaubstr.,2,,030 86 20 79 01,http://www.kita-kaub.nbhs.de,38,Kindertagesstätte,Situationsansatz,,1249,Nachbarschaftsheim Schöneberg e.V.,freie Träger,http://www.nbhs.de,13.31106707,52.48826355
04091290,Kita Masorti I,07,Tempelhof-Schöneberg,12161,Berlin,Lefèvrestr.,20,a,030 86390142,http://www.masorti.de,48,Kindertagesstätte,Situationsansatz,,1327,Masorti e.V. - Verein zur Förderung der jüdischen Bildung und des jüdischen Lebens,freie Träger,http://www.masorti.de,13.33482661,52.50057485
04091320,Kita el caracol bilingualer Kindergarten spanisch/deutsch,04,Charlottenburg-Wilmersdorf,10719,Berlin,Pfalzburger Str.,14,,030 8731502,http://www.el-caracol.de,45,Kindertagesstätte,,,0649,el caracol bilingualer Kindergarten Spanisch / Deutsch gGmbH,freie Träger,http://www.el-caracol.de,13.32217962,52.49632315
04091360,Montessori Kinderhaus im IBZ,04,Charlottenburg-Wilmersdorf,14197,Berlin,Wiesbadener Str.,18,,030 233264030,,30,Kindertagesstätte,Montessori-Pädagogik/Ansatz von Emmi Pikler,,8066,Montessori und Friends Education gGmbH,freie Träger,http://www.montessori-friends.de,13.31719135,52.47198051
04091370,ABC-Kindergarten Birgit Döbler,04,Charlottenburg-Wilmersdorf,10709,Berlin,Cicerostr.,63,,030 8913331,,25,Kindertagesstätte,Situationsansatz,,7927,ABC Kindergarten gUG (haftungsbeschränkt),freie Träger,,13.30196344,52.49788959
04091430,Kita Verein für berufsorientierte Kinderbetreuung,04,Charlottenburg-Wilmersdorf,14197,Berlin,Schlangenbader Str.,34,,030 81693900,https://www.gluecksburgberlin.de/,60,Kindertagesstätte,Offene-Arbeit/Situationsansatz,,1393,Verein f. berufsorient. Kinderbetreuung e.V.,freie Träger,https://www.gluecksburgberlin.de/,13.30773997,52.47110748
04091440,Kita Piccolino,04,Charlottenburg-Wilmersdorf,10715,Berlin,Babelsberger Str.,40,,030 ------,http://www.piccolino-kita.de,14,Kindertagesstätte,Situationsansatz,,1399,Piccolino e.V.,freie Träger,http://www.piccolino-kita.de,13.3354926,52.48465994
04091450,Deutsch-Englischer Kindergarten Lilolei,04,Charlottenburg-Wilmersdorf,10719,Berlin,Pfalzburger Str.,62,,030 86399043,http://www.lilolei.de,30,Kindertagesstätte,Situationsansatz,,1406,Deutsch-Englischer Kindergarten Lilolei e.V.,freie Träger,http://www.lilolei.de,13.32209792,52.49374872
04091460,Kita AUFGEPASST,04,Charlottenburg-Wilmersdorf,10713,Berlin,Aachener Str.,45,,030814871,http://www.aufgepasst.de,30,Kindertagesstätte,Ansatz von Emmi Pikler,,1409,AUFGEPASST e.V.,freie Träger,http://www.aufgepasst.de,13.31860634,52.48248351
04091490,"EKT ""Kajtek"" - Verein zur Förderung polnischer Sprache",04,Charlottenburg-Wilmersdorf,10717,Berlin,Holsteinische Str.,54,,030 215 26 00,http://www.kitakajtek.de,26,Eltern-Initiativ-Kindertagesstätte,Situationsansatz,,0983,Verein zur Förderung Polnischer Sprache im Vorschulalter e. V.,freie Träger,http://www.kitakajtek.de,13.32443901,52.4887792
04091500,Wallaby Kinderbetreuung,04,Charlottenburg-Wilmersdorf,10709,Berlin,Johann-Georg-Str.,10,,030 88 62 66 10,http://www.wallaby-kids.de,10,Kindertagesstätte,Situationsansatz,,7869,kids in berlin kib gUG (haftungsbeschränkt),freie Träger,http://www.kidsinberlin.de,13.29762759,52.49713136
04091510,Kookaburra Kinderbetreuung,04,Charlottenburg-Wilmersdorf,10711,Berlin,Westfälische Str.,57,,030 88 62 37 68,http://www.kookaburra-kids.de,10,Kindertagesstätte,Situationsansatz,,7869,kids in berlin kib gUG (haftungsbeschränkt),freie Träger,http://www.kidsinberlin.de,13.29465243,52.49600956
04091530,Kita AUFGEPASST,04,Charlottenburg-Wilmersdorf,10713,Berlin,Blissestr.,45,,030 8513723,http://www.aufgepasst.de,69,Kindertagesstätte,Offene-Arbeit/Situationsansatz,,1409,AUFGEPASST e.V.,freie Träger,http://www.aufgepasst.de,13.32062065,52.48098451
04091560,Kita Ourania,04,Charlottenburg-Wilmersdorf,10717,Berlin,Holsteinische Str.,55,,030 863 95 453,http://www.kinderladen-ourania.de,20,Kindertagesstätte,Situationsansatz/Offene-Arbeit,,7507,Ourania e. V.,freie Träger,http://www.kinderladen-ourania.de,13.32442304,52.48857936
04091600,Kita L'oiseau bleu,04,Charlottenburg-Wilmersdorf,10709,Berlin,Nestorstr.,20,,030 89543737,http://www.oiseau-bleu.de,25,Kindertagesstätte,Offene-Arbeit/Situationsansatz,,1348,Verein zur Förderung der Kindertagesstätte l'oiseau bleu e.V.,freie Träger,http://www.oiseau-bleu.de,13.29937882,52.49427846
04091620,Kindergarten Schlumpfenland 2,04,Charlottenburg-Wilmersdorf,10715,Berlin,Koblenzer Str.,21,,030 81852603,,25,Kindertagesstätte,Situationsansatz,,1100,Kindergarten Schlumpfenland e.V.,freie Träger,,13.32193883,52.4802066
04091650,Waldkita Fila,04,Charlottenburg-Wilmersdorf,14193,Berlin,Eichhörnchensteig,3,,01631391466,http://www.waldkita-berlin.de,30,Waldkindergarten,,,7582,Fahrten-Ferne-Abenteuer gemeinnützige GmbH,freie Träger,http://abenteuerzentrum.berlin,13.27074402,52.47349451
04091660,Kita Rasselbande,04,Charlottenburg-Wilmersdorf,10779,Berlin,Nachodstr.,19,,030/ 211 87 37,,30,Kindertagesstätte,Situationsansatz,,7805,Kindergarten Rasselbande gGmbH,freie Träger,,13.33328975,52.49504971
04091670,KangarooGarden - Internationaler Kindergarten,04,Charlottenburg-Wilmersdorf,10709,Berlin,Johann-Georg-Str.,9,,030 88710509,http://www.kangaroo-kids.de,20,Kindertagesstätte,Situationsansatz,,7869,kids in berlin kib gUG (haftungsbeschränkt),freie Träger,http://www.kidsinberlin.de,13.29784021,52.49696628
04091680,Kita Raduga,04,Charlottenburg-Wilmersdorf,10717,Berlin,Fechnerstr.,18,,030 86008472,http://www.kita-raduga.de,31,Kindertagesstätte,Situationsansatz,,7812,Kita Raduga Verein zur Förderung der Sprachen und Sinne e. V.,freie Träger,http://www.kita-raduga.de,13.32131213,52.48858291
04091690,Kita Mi Nido - Mein Nest,04,Charlottenburg-Wilmersdorf,10709,Berlin,Nestorstr.,7,,030 85606520,http://www.minido.eu,65,Kindertagesstätte,Offene-Arbeit,,8038,Gemeinnütziger Kindergarten MI NIDO-Mein Nest gGmbH,freie Träger,,13.29977296,52.49784644
04091730,Masorti II,07,Tempelhof-Schöneberg,12161,Berlin,Lefèvrestr.,20,A,030 86390142,http://www.masorti.de,36,Kindertagesstätte,Situationsansatz,,1327,Masorti e.V. - Verein zur Förderung der jüdischen Bildung und des jüdischen Lebens,freie Träger,http://www.masorti.de,13.33482661,52.50057485
04091740,Kita Raduga Pfalzburger Straße,04,Charlottenburg-Wilmersdorf,10717,Berlin,Pfalzburger Str.,40,,030 86390360,http://www.kita-raduga.de,25,Kindertagesstätte,Situationsansatz,,7812,Kita Raduga Verein zur Förderung der Sprachen und Sinne e. V.,freie Träger,http://www.kita-raduga.de,13.32119985,52.48874676
04091760,Kita Kleine Küken,04,Charlottenburg-Wilmersdorf,10709,Berlin,Eisenzahnstr.,62,,030 01577 3160935,,23,Kindertagesstätte,Situationsansatz,,8127,Kinderladen Kleine Küken gGmbH,freie Träger,,13.30557729,52.49807987
04091780,Kita Ourania,04,Charlottenburg-Wilmersdorf,10715,Berlin,Tübinger Str.,9,,030 91485303,http://www.kinderladen-ourania.de,15,Kindertagesstätte,Offene-Arbeit/Situationsansatz,,7507,Ourania e. V.,freie Träger,http://www.kinderladen-ourania.de,13.33079127,52.48054315
04091790,EKT Kinder - Land in Sicht,04,Charlottenburg-Wilmersdorf,10715,Berlin,Babelsberger Str.,43,,030 8731846,http://www.kinderlandinsicht.de,25,Eltern-Initiativ-Kindertagesstätte,Situationsansatz/Offene-Arbeit,,1103,Kinder - Land in Sicht e. V.,freie Träger,http://www.kinderlandinsicht.de,13.33547454,52.48533312
04091800,Kita Westfälische Straße,04,Charlottenburg-Wilmersdorf,10709,Berlin,Westfälische Str.,17,,030 860 08 10 30,http://www.kita-westfaelische.nbhs.de,100,Kindertagesstätte,Sonstiges/Situationsansatz,,1249,Nachbarschaftsheim Schöneberg e.V.,freie Träger,http://www.nbhs.de,13.30678833,52.49317093
04091810,Gan Israel II Little Gems,04,Charlottenburg-Wilmersdorf,10709,Berlin,Westfälische Str.,15,,03032678601,http://www.pjcampus.com/kita,200,Kindertagesstätte,Offene-Arbeit/Situationsansatz,,1326,Jüdischer Kindergarten Gan Israel e.V.,freie Träger,http://www.pjcampus.com,13.30758387,52.49398449
04091820,Kita Tübinger Straße,04,Charlottenburg-Wilmersdorf,10715,Berlin,Tübinger Str.,1,,030 85 07 37 67,http://www.kita-tuebinger.nbhs.de,25,Kindertagesstätte,Offene-Arbeit,,1249,Nachbarschaftsheim Schöneberg e.V.,freie Träger,http://www.nbhs.de,13.33047801,52.48072665
04091830,Bilby Garden - Internationaler Kindergarten,04,Charlottenburg-Wilmersdorf,14193,Berlin,Cunostr.,59,A,030 33986520,http://www.bilby-kids.de,45,Kindertagesstätte,Situationsansatz,,7869,kids in berlin kib gUG (haftungsbeschränkt),freie Träger,http://www.kidsinberlin.de,13.29660135,52.48746737
04091840,Kita Trautenaustraße,04,Charlottenburg-Wilmersdorf,10717,Berlin,Trautenaustr.,18,,030 33844488,http://www.aventura-nikolsburg.de,25,Kindertagesstätte,,,0878,Aventura Nikolsburg KiTa UG (haftungsbeschränkt),freie Träger,http://www.aventura-nikolsburg.de,13.32830017,52.49241232
04091860,Kita Blissestraße,04,Charlottenburg-Wilmersdorf,10713,Berlin,Blissestr.,60,,030 67 82 87 93,http://www.platypus-kids.de,21,Kindertagesstätte,Situationsansatz,,7869,kids in berlin kib gUG (haftungsbeschränkt),freie Träger,http://www.kidsinberlin.de,13.32010983,52.47982009
04091890,Kita auf 4 Pfoten,04,Charlottenburg-Wilmersdorf,14199,Berlin,Weinheimer Str.,11,,0172 4382258,http://auf4pfoten.berlin/,43,Kindertagesstätte,Sonstiges,,8348,T.O.P. - Tierorientierte Pädagogik gGmbH,freie Träger,http://auf4pfoten.berlin/,13.29263529,52.4806567
04091900,Kita Papillon Rouge,04,Charlottenburg-Wilmersdorf,10711,Berlin,Katharinenstr.,19,20,030 45310101,http://www.kita-papillon.de,25,Kindertagesstätte,Situationsansatz,,8394,Papillon Kindertagesstätten gGmbH,freie Träger,http://www.kita-papillon.de,13.29240455,52.49973097
04091910,Kita Glücksweg,04,Charlottenburg-Wilmersdorf,14193,Berlin,Kudowastr.,21,,030 54829571,,42,Kindertagesstätte,Situationsansatz,,8449,kevisa gGmbH,freie Träger,http://www.kita-glueckweg.de,13.29204682,52.48569768
04091920,Kita mima,04,Charlottenburg-Wilmersdorf,10717,Berlin,Güntzelstr.,30,,030 58685834,http://www.kita-mima.de,48,Kindertagesstätte,Situationsansatz,,8471,Kita mima GmbH,freie Träger,http://www.kita-mima.de,13.32127876,52.49193436
04091930,Kita Aventureros,04,Charlottenburg-Wilmersdorf,10717,Berlin,Nikolsburger Platz,6,,030 23396910,http://www.aventura-nikolsburg.de,25,Kindertagesstätte,,,0878,Aventura Nikolsburg KiTa UG (haftungsbeschränkt),freie Träger,http://www.aventura-nikolsburg.de,13.32797128,52.49304425
04091940,Kita Kleine Küken II,04,Charlottenburg-Wilmersdorf,10713,Berlin,Brandenburgische Str.,84,/85,0049 15773160935,,25,Kindertagesstätte,Situationsansatz,,8127,Kinderladen Kleine Küken gGmbH,freie Träger,,13.31911361,52.48710141
04091960,EKT Sankofa,04,Charlottenburg-Wilmersdorf,10717,Berlin,Bundesallee,38,,030 68400477,https://sankofakita.de/en/,45,Eltern-Initiativ-Kindertagesstätte,Sonstiges/Situationsansatz,,8633,Sankofa e. V.,freie Träger,https://sankofakita.de/en/,13.33049686,52.48827952
04091980,Nezabudki,04,Charlottenburg-Wilmersdorf,10719,Berlin,Schaperstr.,10,,03047058762,,25,Eltern-Initiativ-Kindertagesstätte,Montessori-Pädagogik/Ansatz von Emmi Pikler/Situationsansatz,,8666,Blagovest e. V.,freie Träger,,13.33218371,52.49955758
04091990,MULTI LINGUA Seesener Str. 46,04,Charlottenburg-Wilmersdorf,10711,Berlin,Seesener Str.,44,- 46,030 209665780,https://www.multilingua-berlin.de,25,Kindertagesstätte,Situationsansatz,,8926,Early Years gUG,freie Träger,https://www.multilingua-berlin.de,13.29418501,52.4941143
04092000,Kita Cunostraße,04,Charlottenburg-Wilmersdorf,14199,Berlin,Cunostr.,9,,030 224452290,http://www.kita-nordwest.de,105,Kindertagesstätte,Offene-Arbeit,,0124,Kindertagesstätten Nordwest Eigenbetrieb von Berlin,Eigenbetriebe,http://www.kita-nordwest.de,13.29581714,52.47609816
04092010,Kita Kinderkiez,04,Charlottenburg-Wilmersdorf,10715,Berlin,Wexstr.,22,,030 25091663,http://www.kinderkiezberlin.de,16,Kindertagesstätte,,,8674,Kinderkiez Grün gUG (haftungsbeschränkt),freie Träger,http://www.kinderkiezberlin.de,13.33327712,52.47882762
04092020,Mini Aventura,04,Charlottenburg-Wilmersdorf,10779,Berlin,Prager Str.,2A,,030 92356372,http://www.aventura-nikolsburg.de,18,Kindertagesstätte,,,0878,Aventura Nikolsburg KiTa UG (haftungsbeschränkt),freie Träger,http://www.aventura-nikolsburg.de,13.33404821,52.49476243
04092050,Kita ZwergNasen,04,Charlottenburg-Wilmersdorf,10709,Berlin,Paulsborner Str.,10,,88475728,,25,Kindertagesstätte,Situationsansatz,,8761,ZwergNasen gGmbH,freie Träger,,13.30395774,52.49671428
04092070,Kita Wirbelwind,04,Charlottenburg-Wilmersdorf,14199,Berlin,Hohenzollerndamm,53,,01605542777,,25,Kindertagesstätte,Situationsansatz,,8746,World of FanMi gGmbH,freie Träger,http://www.kinder-in-berlin.de,13.2984765,52.48712555
04092090,Aventura Motzstr.,04,Charlottenburg-Wilmersdorf,10779,Berlin,Motzstr.,87,,030 84510991,http://www.aventura-nikolsburg.de,25,Kindertagesstätte,,,0878,Aventura Nikolsburg KiTa UG (haftungsbeschränkt),freie Träger,http://www.aventura-nikolsburg.de,13.33516743,52.49354315
04093000,Glückspfad,04,Charlottenburg-Wilmersdorf,14199,Berlin,Weinheimer Str.,15,,0176 47644667,http://www.kita-glueckspfad.de,41,Kindertagesstätte,Situationsansatz,,9426,Emma & Mila gUG,freie Träger,,13.29223464,52.48119129
04093010,Multi Lingua Seesener Str. 44,04,Charlottenburg-Wilmersdorf,10711,Berlin,Seesener Str.,44,,030 209665780,https://www.multilingua-berlin.de/,25,Kindertagesstätte,Sonstiges/Situationsansatz,,8121,Kultur Mosaik Berlin gUG (haftungsbeschränkt),freie Träger,https://www.multilingua-berlin.de,13.29377648,52.49442032
04093020,Aventureros Nachodstraße,04,Charlottenburg-Wilmersdorf,10779,Berlin,Nachodstr.,24,,030 84512488,http://www.aventura-nikolsburg.de,26,Kindertagesstätte,,,0878,Aventura Nikolsburg KiTa UG (haftungsbeschränkt),freie Träger,http://www.aventura-nikolsburg.de,13.33534455,52.49478193
04093030,Bärenbande,04,Charlottenburg-Wilmersdorf,10719,Berlin,Uhlandstr.,141,,017622741005,,25,Kindertagesstätte,Situationsansatz,,9093,Mini Bande gUG,freie Träger,,13.32407861,52.49469389
04093040,Kleiner Freudberg,04,Charlottenburg-Wilmersdorf,10715,Berlin,Durlacher Str.,27,,030 6003 31 62,http://www.freudbergkita.de,15,Kindertagesstätte,Situationsansatz/Montessori-Pädagogik,,7801,Montessori-Stiftung Berlin (MSB),freie Träger,http://www.montessori-stiftung.de,13.33101753,52.48055713
04093050,Kita United,04,Charlottenburg-Wilmersdorf,14199,Berlin,Forckenbeckstr.,69,,030 44677756,https://kubibe.de/unsere-kitas/kita-forckenbeck/,70,Kindertagesstätte,Situationsansatz,,8433,KUBIBE gemeinnützige GmbH,freie Träger,http://www.kubibe.de,13.29931323,52.48055509
04093060,Kita Wallenbergstr.,04,Charlottenburg-Wilmersdorf,10713,Berlin,Wallenbergstr.,3,,30344307,https://kita-nordwest.de/kitas/kita-wallenbergstrasse,85,Kindertagesstätte,Offene-Arbeit/Situationsansatz,,0124,Kindertagesstätten Nordwest Eigenbetrieb von Berlin,Eigenbetriebe,http://www.kita-nordwest.de,13.31522072,52.48244117
04093070,Kita Frühling,04,Charlottenburg-Wilmersdorf,14199,Berlin,Kissinger Str.,51,-55,17681429431,http://www.blitzkinder.de,25,Kindertagesstätte,Situationsansatz,,9116,Blitzkinder gUG,freie Träger,http://www.blitzkinder.de,13.29692707,52.47915679
04093080,Kita Lila Prinzen,04,Charlottenburg-Wilmersdorf,10719,Berlin,Emser Str.,39,,015146305556,,17,Kindertagesstätte,,,7542,Lila Prinzen gGmbH,freie Träger,http://www.kindergarten-lilaprinzregent.de,13.31962113,52.49851486
04093090,Spielart Elsa,04,Charlottenburg-Wilmersdorf,14193,Berlin,Taubertstr.,14,,62861460‬,,90,Kindertagesstätte,Situationsansatz,,9307,Spielart Grün gGmbH,freie Träger,http://www.spielart-gruen.de,13.27227445,52.48234901
05080030,AWO-Kita Sternschnuppe,05,Spandau,13583,Berlin,Falkenseer Chaussee,8,,030 375 49 60,https://www.awo-spandau.de/kinder-familie/kindertagesstaette-sternschnuppe.html,176,Kindertagesstätte,Situationsansatz,,0151,Arbeiterwohlfahrt Kreisverband Spandau e.V.,freie Träger,http://www.awo-spandau.de,13.19230067,52.54638927
05080040,Kita am Wald,05,Spandau,13587,Berlin,Hakenfelder Str.,34,,030 3530 52933,http://www.ortefuerkinder.de,110,Kindertagesstätte,,,0107,Orte für Kinder GmbH,freie Träger,http://www.ortefuerkinder.de,13.19873901,52.56787426
05080060,Kita Am Bullengraben,05,Spandau,13581,Berlin,Elsflether Weg,32,,030 213092433-30,http://www.kita-nordwest.de,139,Kindertagesstätte,Offene-Arbeit,,0124,Kindertagesstätten Nordwest Eigenbetrieb von Berlin,Eigenbetriebe,http://www.kita-nordwest.de,13.19164917,52.52958918
05080070,Kita Blumenstraße,05,Spandau,13585,Berlin,Blumenstr.,14,,030 3377 49311,http://www.ortefuerkinder.de/unsere-kitas/blumenstrasse/,107,Kindertagesstätte,,,0107,Orte für Kinder GmbH,freie Träger,http://www.ortefuerkinder.de,13.19814758,52.54529629
05080090,Kita Buddelkiste,05,Spandau,13583,Berlin,Germersheimer Weg,93,,030 37153260,http://www.kita-nordwest.de,61,Kindertagesstätte,Offene-Arbeit,,0124,Kindertagesstätten Nordwest Eigenbetrieb von Berlin,Eigenbetriebe,http://www.kita-nordwest.de,13.18692006,52.54986772
05080100,Kita Wassergeister,05,Spandau,13595,Berlin,Götelstr.,62,,030 36286449,http://www.kita-nordwest.de,81,Kindertagesstätte,Offene-Arbeit,,0124,Kindertagesstätten Nordwest Eigenbetrieb von Berlin,Eigenbetriebe,http://www.kita-nordwest.de,13.20292989,52.5171949
05080110,Kita Lünette,05,Spandau,13599,Berlin,Lünette,20,,030 35305190,http://www.kita-nordwest.de,123,Kindertagesstätte,Offene-Arbeit,,0124,Kindertagesstätten Nordwest Eigenbetrieb von Berlin,Eigenbetriebe,http://www.kita-nordwest.de,13.23201847,52.54701823
05080120,Kita Seeburger Weg,05,Spandau,13581,Berlin,Seeburger Weg,35,,030 62200310,http://www.kita-nordwest.de,91,Kindertagesstätte,Offene-Arbeit,,0124,Kindertagesstätten Nordwest Eigenbetrieb von Berlin,Eigenbetriebe,http://www.kita-nordwest.de,13.17432092,52.52317798
05080130,Kita Havelnest,05,Spandau,13595,Berlin,Jaczostr.,51,,030 3650 0290,http://www.ortefuerkinder.de/unsere-kitas/havelnest/,114,Kindertagesstätte,,,0107,Orte für Kinder GmbH,freie Träger,http://www.ortefuerkinder.de,13.18697313,52.51164557
05080140,Kita im Grünen,05,Spandau,13629,Berlin,Jungfernheideweg,75,,030 34349310,http://www.kita-nordwest.de,49,Kindertagesstätte,Offene-Arbeit,,0124,Kindertagesstätten Nordwest Eigenbetrieb von Berlin,Eigenbetriebe,http://www.kita-nordwest.de,13.2702136,52.54532224
05080180,Kita Münsingerstraße,05,Spandau,13597,Berlin,Münsingerstr.,3,,030 3330402,http://www.kita-nordwest.de,90,Kindertagesstätte,Offene-Arbeit/Situationsansatz,,0124,Kindertagesstätten Nordwest Eigenbetrieb von Berlin,Eigenbetriebe,http://www.kita-nordwest.de,13.19956186,52.53776693
05080220,Humanistische Kindertagesstätte Wasserwerkstraße,05,Spandau,13589,Berlin,Wasserwerkstr.,3,,37499030,http://www.humanistischekitas.de,88,Kindertagesstätte,Situationsansatz/Offene-Arbeit,,1230,"Humanistischer Verband Deutschlands, Landesverband Berlin-Brandenburg KdöR",freie Träger,https://humanistisch.de/kitas/,13.16466047,52.5522499
05080230,Kita und Familienzentrum Fantasia,05,Spandau,13589,Berlin,Hermann-Schmidt-Weg,7,,030 3715 1117,http://www.fippev.de/fantasia,103,Kindertagesstätte,Offene-Arbeit,,1233,FiPP e. V. - Fortbildungsinstitut für die pädagogische Praxis,freie Träger,http://www.fippev.de,13.17611404,52.55089565
05080240,Kita Wichernstraße,05,Spandau,13587,Berlin,Wichernstr.,57,,030 337759490,http://www.kita-nordwest.de,101,Kindertagesstätte,Situationsansatz/Offene-Arbeit,,0124,Kindertagesstätten Nordwest Eigenbetrieb von Berlin,Eigenbetriebe,http://www.kita-nordwest.de,13.20599006,52.5670014
05080250,Kita Drachenburg,05,Spandau,13589,Berlin,Stadtrandstr.,493,-499,030 37586930,http://www.kita-nordwest.de,105,Kindertagesstätte,Situationsansatz/Offene-Arbeit,,0124,Kindertagesstätten Nordwest Eigenbetrieb von Berlin,Eigenbetriebe,http://www.kita-nordwest.de,13.1531962,52.55309388
05080270,Kita am Spektesee,05,Spandau,13583,Berlin,Spekteweg,63,,030 3758 6900,http://www.fippev.de/spektesee,95,Kindertagesstätte,,,1233,FiPP e. V. - Fortbildungsinstitut für die pädagogische Praxis,freie Träger,http://www.fippev.de,13.17065807,52.54430722
05080280,Humanistische Kindertagesstätte Pillnitzer Weg,05,Spandau,13593,Berlin,Pillnitzer Weg,6,,20914890,http://www.humanistischekitas.de,125,Kindertagesstätte,Offene-Arbeit/Situationsansatz,,1230,"Humanistischer Verband Deutschlands, Landesverband Berlin-Brandenburg KdöR",freie Träger,https://humanistisch.de/kitas/,13.15702485,52.52290579
05080300,Kita Wunderblume,05,Spandau,13593,Berlin,Leubnitzer Weg,2,,030 3640 3956,https://www.fippev.de/wunderblume,105,Kindertagesstätte,,,1233,FiPP e. V. - Fortbildungsinstitut für die pädagogische Praxis,freie Träger,http://www.fippev.de,13.17237145,52.52106143
05080310,Kita Villa Purzelbaum,05,Spandau,13585,Berlin,Kirchhofstr.,35,,030 2130866000,http://www.kita-nordwest.de,109,Kindertagesstätte,Situationsansatz/Offene-Arbeit,,0124,Kindertagesstätten Nordwest Eigenbetrieb von Berlin,Eigenbetriebe,http://www.kita-nordwest.de,13.20644052,52.54482613
05080320,Kita Biberburg,05,Spandau,14089,Berlin,Gatower Str.,231,,030 201805890,http://www.kita-nordwest.de,95,Kindertagesstätte,Offene-Arbeit,,0124,Kindertagesstätten Nordwest Eigenbetrieb von Berlin,Eigenbetriebe,http://www.kita-nordwest.de,13.18029907,52.49913598
05080330,Kita StaakenBär,05,Spandau,13593,Berlin,Räcknitzer Steig,6,,030 36435141,https://www.jugendundsozialwerk.de/kitas/berlin/spandau/kita-staakenbaer/,110,Kindertagesstätte,Offene-Arbeit/Situationsansatz,,1296,Jugend- und Sozialwerk gGmbH,freie Träger,http://www.jus-or.de,13.16994607,52.52253
05080360,Kita Griesinger Waldfüssler,05,Spandau,13589,Berlin,Griesingerstr.,11,,030 25560956,http://www.kita-nordwest.de,72,Kindertagesstätte,Offene-Arbeit,,0124,Kindertagesstätten Nordwest Eigenbetrieb von Berlin,Eigenbetriebe,http://www.kita-nordwest.de,13.15319887,52.5602654
05080380,Kita Hoppetosse,05,Spandau,13595,Berlin,Götelstr.,68,,030 36996960,http://www.kita-nordwest.de,97,Kindertagesstätte,Offene-Arbeit,,0124,Kindertagesstätten Nordwest Eigenbetrieb von Berlin,Eigenbetriebe,http://www.kita-nordwest.de,13.20247468,52.51786312
05080390,Kita Melanchthon,05,Spandau,13595,Berlin,Baumertweg,5,,362 22 81,https://spandau-evangelisch.de/kita/melanchthon,55,Kindertagesstätte,Sonstiges/Offene-Arbeit,,8820,Ev. Kindertageseinrichtung im Kirchenkreis Spandau,freie Träger,https://spandau-evangelisch.de/kita,13.19431406,52.51670306
05080400,Kita Nikolaus,05,Spandau,13597,Berlin,Behnitz,3,,0151 42082097,https://spandau-evangelisch.de/kita/behnitz,44,Kindertagesstätte,Offene-Arbeit,,8820,Ev. Kindertageseinrichtung im Kirchenkreis Spandau,freie Träger,https://spandau-evangelisch.de/kita,13.20854617,52.5391135
05080410,Kita Staaken-Gartenstadt,05,Spandau,13591,Berlin,Beim Pfarrhof,42,,366 22 91,https://spandau-evangelisch.de/kita/staaken-gartenstadt,42,Kindertagesstätte,Sonstiges,,8820,Ev. Kindertageseinrichtung im Kirchenkreis Spandau,freie Träger,https://spandau-evangelisch.de/kita,13.14484773,52.54123437
05080420,Kita Arche Noah,05,Spandau,13591,Berlin,Stieglakeweg,11,,3661456,https://spandau-evangelisch.de/kita/arche-noah,73,Kindertagesstätte,Sonstiges/Offene-Arbeit,,8820,Ev. Kindertageseinrichtung im Kirchenkreis Spandau,freie Träger,https://spandau-evangelisch.de/kita,13.15006895,52.53412276
05080430,"CJD Kindertagesstätte ""Stubs und Fridolin""",05,Spandau,13629,Berlin,Lenther Steig,4,,030 38306283,https://www.cjd-berlin-brandenburg.de/angebote/elementarpaedagogik-und-familienbildung/kita-stubs-und-fridolin/,80,Kindertagesstätte,Reggio-Pädagogik/Situationsansatz,,1209,CJD Berlin-Brandenburg im CJD e.V.,freie Träger,http://www.cjd-berlin-brandenburg.de,13.26827166,52.53850727
05080440,Kita Senfkorn im Martin-Albertz-Haus,05,Spandau,13599,Berlin,Gorgasring,12,,334 43 44,https://spandau-evangelisch.de/kita/senfkorn,120,Kindertagesstätte,Sonstiges,,8820,Ev. Kindertageseinrichtung im Kirchenkreis Spandau,freie Träger,https://spandau-evangelisch.de/kita,13.24242734,52.54142787
05080460,Kita Haselhorster Damm,05,Spandau,13599,Berlin,Haselhorster Damm,54,-58,334 87 37,https://spandau-evangelisch.de/kita/haselhorster-damm,40,Kindertagesstätte,Offene-Arbeit/Sonstiges,,8820,Ev. Kindertageseinrichtung im Kirchenkreis Spandau,freie Träger,https://spandau-evangelisch.de/kita,13.2375176,52.54696179
05080470,Kita Laurentius,05,Spandau,13593,Berlin,Heerstr.,367,,030 39 500 600,https://spandau-evangelisch.de/kita/laurentius,110,Kindertagesstätte,,,8820,Ev. Kindertageseinrichtung im Kirchenkreis Spandau,freie Träger,https://spandau-evangelisch.de/kita,13.17131555,52.51687235
05080480,Kita/Johanna-von-Siemens,05,Spandau,13629,Berlin,Lenther Steig,4,,030 38306278,https://www.cjd-berlin-brandenburg.de/angebote/elementarpaedagogik-und-familienbildung/kita-johanna-von-siemens/,175,Kindertagesstätte,Situationsansatz,,1209,CJD Berlin-Brandenburg im CJD e.V.,freie Träger,http://www.cjd-berlin-brandenburg.de,13.26827166,52.53850729
05080490,Kita Weltentdecker,05,Spandau,13587,Berlin,Schlehenweg,6,,335 19 95,https://spandau-evangelisch.de/kita/weltentdecker,48,Kindertagesstätte,,,8820,Ev. Kindertageseinrichtung im Kirchenkreis Spandau,freie Träger,https://spandau-evangelisch.de/kita,13.20691254,52.56797587
05080500,Kita Ev. Johannesstift,05,Spandau,13587,Berlin,Schönwalder Allee,26,Haus 35a,030 33609643,http://www.jsd.de,175,Kindertagesstätte,Situationsansatz,,7806,Johannesstift Diakonie Jugendhilfe gGmbH,freie Träger,http://www.jsd.de,13.1924257,52.56767732
05080510,Kita Regenbogen,05,Spandau,13593,Berlin,Obstallee,22B,,22194148,https://spandau-evangelisch.de/kita/petrus,47,Kindertagesstätte,Offene-Arbeit,,8820,Ev. Kindertageseinrichtung im Kirchenkreis Spandau,freie Träger,https://spandau-evangelisch.de/kita,13.16642571,52.52232444
05080520,Kita Klosterfelde,05,Spandau,13583,Berlin,Seegefelder Str.,116,,372 58 57,https://spandau-evangelisch.de/kita/klosterfelde,60,Kindertagesstätte,Sonstiges,,8820,Ev. Kindertageseinrichtung im Kirchenkreis Spandau,freie Träger,https://spandau-evangelisch.de/kita,13.18215607,52.53914436
05080540,Kath. Kita St. Markus,05,Spandau,13589,Berlin,Am Kiesteich,50,.,0302593651310,,43,Kindertagesstätte,Situationsansatz,,9193,Kitas im Erzbistum Berlin-Zweckverband der katholischen Kirchengemeinden,freie Träger,http://hedikitas.de,13.16399655,52.54921492
05080550,Kath. Kita St. Stephanus,05,Spandau,13599,Berlin,Gorgasring,9,,030 3341113,,68,Kindertagesstätte,Situationsansatz,,9193,Kitas im Erzbistum Berlin-Zweckverband der katholischen Kirchengemeinden,freie Träger,http://hedikitas.de,13.24388402,52.54239627
05080560,Kath. Kita St. Marien,05,Spandau,13585,Berlin,Hasenmark,2,,259 365 129,,50,Kindertagesstätte,Situationsansatz,,9193,Kitas im Erzbistum Berlin-Zweckverband der katholischen Kirchengemeinden,freie Träger,http://hedikitas.de,13.19849202,52.54095515
05080570,Kita Ackerstrasse,05,Spandau,13585,Berlin,Ackerstr.,23,,030 333 3069,http://www.ortefuerkinder.de/unsere-kitas/ackerstrasse/,112,Kindertagesstätte,,,0107,Orte für Kinder GmbH,freie Träger,http://www.ortefuerkinder.de,13.1955147,52.54573541
05080580,Kita Vogelnest,05,Spandau,13597,Berlin,Galenstr.,29,,030 3309 6610,http://www.ortefuerkinder.de/unsere-kitas/vogelnest/,105,Kindertagesstätte,,,0107,Orte für Kinder GmbH,freie Träger,http://www.ortefuerkinder.de,13.19646314,52.53814234
05080600,AWO-Kita Kladow,05,Spandau,14089,Berlin,Mascha-Kaléko-Weg,3,,030 365 20 94,http://www.awo-spandau.de/kita_kladow.htm,85,Kindertagesstätte,Situationsansatz,,0151,Arbeiterwohlfahrt Kreisverband Spandau e.V.,freie Träger,http://www.awo-spandau.de,13.15614788,52.45846959
05080610,Kita Kindertreff,05,Spandau,13595,Berlin,Földerichstr.,67,,40753964,http://www.kitakindertreff.de,30,Kindertagesstätte,Situationsansatz,,8988,Berlea Bildung gGmbH,freie Träger,http://www.berleabildung.de,13.19470951,52.5240613
05080620,EKT - Krowelstr.,05,Spandau,13581,Berlin,Krowelstr.,33,,030 332 51 71,http://www.krowelkinder.de,15,Eltern-Initiativ-Kindertagesstätte,Situationsansatz,,0611,Elterninitiierte Kindertagesstätte Krowelstr. e.V.,freie Träger,http://www.krowelkinder.de,13.19798624,52.52565145
05080630,Kita - Spielhaus,05,Spandau,13593,Berlin,Wilhelmstr.,25,,030 3638690,,43,Eltern-Initiativ-Kindertagesstätte,Situationsansatz,,0989,Spielhaus e.V.,freie Träger,,13.18500762,52.51978856
05080640,EKT Weißenburger Str.,05,Spandau,13595,Berlin,Weißenburger Str.,22,,030 3611112,,17,Eltern-Initiativ-Kindertagesstätte,Situationsansatz,,1062,Eltern-initiierte Kindertagesstätte Weißenburger Straße e.V.,freie Träger,http://www.kila-weissenburger.de,13.19999101,52.52313024
05080660,EKT Kleine Riesen,05,Spandau,13595,Berlin,Weißenburger Str.,30,,030 3615401,,17,Eltern-Initiativ-Kindertagesstätte,Offene-Arbeit/Situationsansatz,,1701,"EKT ""Kleine Riesen"" e.V.",freie Träger,,13.20244727,52.523468
05080680,EKT - Kinderhaus Gruberzeile,05,Spandau,13585,Berlin,Jagowstr.,16,,030 335 40 72,http://www.kinderhaus-gruberzeile.de,18,Eltern-Initiativ-Kindertagesstätte,Situationsansatz,,0733,Kinderhaus Gruberzeile e.V.,freie Träger,http://www.kinderhaus-gruberzeile.de,13.20499839,52.54742253
05080700,EKT - Traumhaus Kladow,05,Spandau,14089,Berlin,Gößweinsteiner Gang,21,,030 365 74 58,http://www.kita-traumhaus-kladow.de,54,Eltern-Initiativ-Kindertagesstätte,Situationsansatz,,1019,Traumhaus Kladow e.V.,freie Träger,http://www.kita-traumhaus-kladow.de,13.13434575,52.44955335
05080730,EKT Oscar,05,Spandau,13585,Berlin,Neuendorfer Str.,72,,030 335 53 29,,17,Eltern-Initiativ-Kindertagesstätte,Situationsansatz,,0887,Oscar e.V.,freie Träger,,13.21002805,52.54915579
05080740,Schüler- und Kinderladen Spandau,05,Spandau,13597,Berlin,Plantage,8,,030 3323258,http://www.kinderladen-spandau.de,26,Eltern-Initiativ-Kindertagesstätte,Situationsansatz,,0967,Elterninitiierte Kindertagesstätte Schüler- und Kinderladen Spandau e.V.,freie Träger,http://www.kinderladen-spandau.de,13.20254016,52.5321441
05080750,EKT - Saatwinkler Küken,05,Spandau,13629,Berlin,Saatwinkler Damm,143,,030 382 26 15,http://saatwinkler-kueken.de,16,Eltern-Initiativ-Kindertagesstätte,Situationsansatz,,0940,Saatwinkler Küken e.V.,freie Träger,http://www.saatwinkler-kueken.de,13.26277798,52.54796374
05080760,Kita Seeburger Str. 41,05,Spandau,13581,Berlin,Seeburger Str.,41,,030 3324424,,18,Eltern-Initiativ-Kindertagesstätte,Situationsansatz,,0589,Die Seeburg Kindertagesstätten gGmbH,freie Träger,,13.18051716,52.52612861
05080770,EKT Senfkornbande,05,Spandau,13595,Berlin,Grimnitzstr.,5B,,030 3611615,http://www.kita-senfkornbande.de,42,Eltern-Initiativ-Kindertagesstätte,Situationsansatz,,0630,Förderverein christlicher Kindererziehung e.V.,freie Träger,http://www.kita-senfkornbande.de,13.19532259,52.51640555
05080780,AWO-Kita Wundertüte,05,Spandau,13585,Berlin,Neuendorfer Str.,56,,030 336 43 87,https://www.awo-spandau.de/kinder-familie/kindertagesstaette-wundertuete.html,138,Kindertagesstätte,Situationsansatz,,0151,Arbeiterwohlfahrt Kreisverband Spandau e.V.,freie Träger,http://www.awo-spandau.de,13.21016394,52.55252147
05080790,Kita Ritterfelddamm,05,Spandau,14089,Berlin,Ritterfelddamm,27,,030 20673590,http://www.kita-nordwest.de,116,Kindertagesstätte,Offene-Arbeit,,0124,Kindertagesstätten Nordwest Eigenbetrieb von Berlin,Eigenbetriebe,http://www.kita-nordwest.de,13.1395815,52.45657906
05080800,Kita Oranienburger Tor,05,Spandau,13585,Berlin,Neuendorfer Str.,3,,030 33773960,http://www.kita-nordwest.de,138,Kindertagesstätte,Offene-Arbeit,,0124,Kindertagesstätten Nordwest Eigenbetrieb von Berlin,Eigenbetriebe,http://www.kita-nordwest.de,13.20652053,52.54145292
05080810,Kath. Kita Mariä Himmelfahrt,05,Spandau,14089,Berlin,Sakrower Landstr.,56,,030 259365155,http://hedikitas.de,84,Kindertagesstätte,Situationsansatz/Montessori-Pädagogik,,9193,Kitas im Erzbistum Berlin-Zweckverband der katholischen Kirchengemeinden,freie Träger,http://hedikitas.de,13.13380641,52.45155443
05080820,EKT - Dreiecke und Kreise,05,Spandau,13585,Berlin,Jagowstr.,16A,,030 3362094,https://ekt-duk.de,24,Eltern-Initiativ-Kindertagesstätte,Offene-Arbeit,,0599,Kinderladen Dreiecke & Kreise e. V.,freie Träger,https://ekt-duk.de,13.20513745,52.54737608
05080830,Kita Petrus,05,Spandau,13597,Berlin,Grunewaldstr.,7,,35302768,https://spandau-evangelisch.de/kita/petrus,75,Kindertagesstätte,Offene-Arbeit,,8820,Ev. Kindertageseinrichtung im Kirchenkreis Spandau,freie Träger,https://spandau-evangelisch.de/kita,13.20509987,52.53091069
05080840,Spandauer Schwalbennest Kita,05,Spandau,13591,Berlin,Finkenkruger Weg,70,,030 367 88 31,,17,Kindertagesstätte,,,0985,Spandauer Schwalbennest gGmbH,freie Träger,http://www.kila-schwalbennest.de,13.1440482,52.5451463
05080860,Kinderladen Immerfrech,05,Spandau,13629,Berlin,Wernerwerkdamm,27A,,030 /3819313,https://immerfrech.de,25,Eltern-Initiativ-Kindertagesstätte,Situationsansatz/Reggio-Pädagogik,,0751,Kinderladen IMMERFRECH e.V.,freie Träger,,13.27063691,52.53519176
05080870,EKT - Oscar,05,Spandau,13585,Berlin,Neuendorfer Str.,73,,030,,15,Eltern-Initiativ-Kindertagesstätte,Situationsansatz,,0887,Oscar e.V.,freie Träger,,13.21003069,52.54876471
05080890,AWO-Kita Feldhäuschen,05,Spandau,13591,Berlin,Brunsbütteler Damm,413,,030 363 00 68,http://www.awo-spandau.de/kita_feldhaeuschen.htm,85,Kindertagesstätte,Situationsansatz,,0151,Arbeiterwohlfahrt Kreisverband Spandau e.V.,freie Träger,http://www.awo-spandau.de,13.13592638,52.53421553
05080900,Kita Kneipp-Verein,05,Spandau,13591,Berlin,Brunsbütteler Damm,409,,030 3636340,,110,Kindertagesstätte,Situationsansatz/Sonstiges,,1358,Kneipp-Verein Berlin e.V.,freie Träger,http://www.kneipp-verein-berlin.de,13.13643064,52.53390248
05080930,EKT - Eichhörnchenbande,05,Spandau,14089,Berlin,Sakrower Landstr.,100,,0303656485,,42,Eltern-Initiativ-Kindertagesstätte,Situationsansatz,,0577,Die Eichhörnchen Bande e.V.,freie Träger,,13.12651222,52.44709169
05080940,Kita/Kinder in Bewegung (KiB),05,Spandau,13593,Berlin,Mareyzeile,22,,030 364 78 000,http://www.kita-mareyzeile.de,147,Kindertagesstätte,Montessori-Pädagogik/Reggio-Pädagogik/Situationsansatz/Offene-Arbeit,,1329,Kinder in Bewegung gGmbH Gemeinnützige Kindergarten-Trägergesellschaft des Berliner Sports,freie Träger,http://www.kib-online.org,13.16242973,52.51666893
05080960,Kita Haveleck,05,Spandau,13599,Berlin,Ruppiner-See-Str.,74,,030 3513 2091,https://www.fippev.de/haveleck,158,Kindertagesstätte,,,1233,FiPP e. V. - Fortbildungsinstitut für die pädagogische Praxis,freie Träger,http://www.fippev.de,13.2295644,52.55709128
05080970,EKT Spreebande,05,Spandau,13585,Berlin,Falkenhagener Str.,10,,030 3357688,,18,Eltern-Initiativ-Kindertagesstätte,Situationsansatz,,0991,Die Spreebande e.V.,freie Träger,,13.20221502,52.5454076
05080980,Kita Remscheider Straße,05,Spandau,13583,Berlin,Remscheider Str.,39,,030 3789080,http://www.kita-nordwest.de,106,Kindertagesstätte,Offene-Arbeit/Situationsansatz,,0124,Kindertagesstätten Nordwest Eigenbetrieb von Berlin,Eigenbetriebe,http://www.kita-nordwest.de,13.17612998,52.54874346
05081000,EKT Traumzauberbaum,05,Spandau,13595,Berlin,Wilhelmstr.,148,,030 3326160,,16,Eltern-Initiativ-Kindertagesstätte,Montessori-Pädagogik/Situationsansatz/Offene-Arbeit,,1020,EKT - Traumzauberbaum e. V.,freie Träger,http://www.kinderladen-traumzauberbaum.de,13.19362086,52.52479815
05081020,EKT Havelbande,05,Spandau,14089,Berlin,Rothenbücherweg,27,,030 3618113,http://www.havelbande.de,37,Eltern-Initiativ-Kindertagesstätte,Situationsansatz,,1102,HAVELBANDE e.V.,freie Träger,http://www.havelbande.de,13.18183975,52.49273529
05081030,Waldorfpädagogik Havelhöhe,05,Spandau,14089,Berlin,Neukladower Allee,1,,030 369 924 620,http://www.havelhoehe.net,95,Kindertagesstätte,Waldorfpädagogik,,0509,Waldorfpädagogik Havelhöhe e.V. - Verein zur Förderung der Erziehungskunst Rudolf Steiners,freie Träger,http://www.havelhoehe.net,13.15611446,52.45978683
05081040,Kita Apfelbande,05,Spandau,14089,Berlin,Alt-Gatow,32,-34,362 70 28,https://spandau-evangelisch.de/kita/apfelbande,18,Kindertagesstätte,Situationsansatz,,8820,Ev. Kindertageseinrichtung im Kirchenkreis Spandau,freie Träger,https://spandau-evangelisch.de/kita,13.18198471,52.48636329
05081080,Die KITA in Paul-Gerhard,05,Spandau,13589,Berlin,Im Spektefeld,26,,37585253,https://spandau-evangelisch.de/kita/die-kita,30,Kindertagesstätte,Offene-Arbeit,,8820,Ev. Kindertageseinrichtung im Kirchenkreis Spandau,freie Träger,https://spandau-evangelisch.de/kita,13.1576137,52.54901953
05081090,EKG Siemensstadt,05,Spandau,13629,Berlin,Schuckertdamm,336,,030 381 2455,http://www.spandau-evangelisch.de/kita/ekg-siemensstadt,17,Eltern-Kind-Gruppe,Sonstiges,,8820,Ev. Kindertageseinrichtung im Kirchenkreis Spandau,freie Träger,https://spandau-evangelisch.de/kita,13.2674214,52.54143767
05081120,Kita Wichernzwerge,05,Spandau,13587,Berlin,Wichernstr.,14,,030 35505083,https://spandau-evangelisch.de/kita/wichernzwerge,28,Kindertagesstätte,Situationsansatz,,8820,Ev. Kindertageseinrichtung im Kirchenkreis Spandau,freie Träger,https://spandau-evangelisch.de/kita,13.20648925,52.56735625
05081140,Kita Havelpiraten,05,Spandau,13587,Berlin,An der Havelspitze,19,,030 55271575,http://www.kita-nordwest.de,95,Kindertagesstätte,Offene-Arbeit,,0124,Kindertagesstätten Nordwest Eigenbetrieb von Berlin,Eigenbetriebe,http://www.kita-nordwest.de,13.22078178,52.55721674
05081150,Kita Zauberschiff,05,Spandau,13591,Berlin,Spandauer Str.,84,,030 3670920,http://www.kita-nordwest.de,114,Kindertagesstätte,Offene-Arbeit/Sonstiges/Situationsansatz,,0124,Kindertagesstätten Nordwest Eigenbetrieb von Berlin,Eigenbetriebe,http://www.kita-nordwest.de,13.15411421,52.53589609
05081170,EKG Weinberg,05,Spandau,13595,Berlin,Jaczostr.,52,,0163 0805369,https://spandau-evangelisch.de/kita/ekg-pichelsdorf,15,Eltern-Kind-Gruppe,Reggio-Pädagogik/Ansatz von Emmi Pikler,,8820,Ev. Kindertageseinrichtung im Kirchenkreis Spandau,freie Träger,https://spandau-evangelisch.de/kita,13.18613555,52.51168935
05081210,Kita Wiesenweg,05,Spandau,13591,Berlin,Wiesenweg,20,,030 55874022,http://www.kita-nordwest.de,95,Kindertagesstätte,Offene-Arbeit/Sonstiges/Situationsansatz,,0124,Kindertagesstätten Nordwest Eigenbetrieb von Berlin,Eigenbetriebe,http://www.kita-nordwest.de,13.14000916,52.52786712
05081220,Kita Freinet-Haus Entdeckerland,05,Spandau,13591,Berlin,Richard-Münch-Str.,1,,030 3699850,http://www.kita-nordwest.de,150,Kindertagesstätte,Freinet-Pädagogik/Offene-Arbeit,,0124,Kindertagesstätten Nordwest Eigenbetrieb von Berlin,Eigenbetriebe,http://www.kita-nordwest.de,13.14944056,52.52754076
05081230,Kita Tausendfühler,05,Spandau,13591,Berlin,Richard-Münch-Str.,69,,030 36479501,http://www.kita-nordwest.de,75,Kindertagesstätte,Offene-Arbeit/Situationsansatz,,0124,Kindertagesstätten Nordwest Eigenbetrieb von Berlin,Eigenbetriebe,http://www.kita-nordwest.de,13.14878833,52.52450473
05081250,Kita Tabaluga,05,Spandau,13599,Berlin,Olga-Tschechowa-Str.,15,,030 34629890,http://www.kita-nordwest.de,67,Kindertagesstätte,Offene-Arbeit/Situationsansatz,,0124,Kindertagesstätten Nordwest Eigenbetrieb von Berlin,Eigenbetriebe,http://www.kita-nordwest.de,13.22588927,52.54594827
05081260,Kita Kinder in Bewegung (KiB),05,Spandau,13585,Berlin,Brauereihof,1,,030 33773950,http://www.kita-brauereihof.de,100,Kindertagesstätte,Offene-Arbeit/Situationsansatz,,1329,Kinder in Bewegung gGmbH Gemeinnützige Kindergarten-Trägergesellschaft des Berliner Sports,freie Träger,http://www.kib-online.org,13.2096767,52.54720657
05081280,AWO-Kita Landstadt Gatow,05,Spandau,14089,Berlin,Saint-Exupéry-Str.,10,,030 369 96 990,https://www.awo-spandau.de/kinder-familie/kindertagesstaette-landstadt-gatow.html,108,Kindertagesstätte,Situationsansatz,,0151,Arbeiterwohlfahrt Kreisverband Spandau e.V.,freie Träger,http://www.awo-spandau.de,13.13022172,52.47075396
05081340,EKT- Gatower Straße,05,Spandau,14089,Berlin,Gatower Str.,274,,030 36286825,http://www.kindgerecht-gatow.de,14,Eltern-Initiativ-Kindertagesstätte,Situationsansatz,,1186,Kindgerecht e. V.,freie Träger,,13.1799993,52.49519607
05081350,AWO-Kita Zwergenwinkel,05,Spandau,13591,Berlin,Zweiwinkelweg,12,,030 371 51 761,https://www.awo-spandau.de/kinder-familie/kindertagesstaette-zwergenwinkel.html,142,Kindertagesstätte,Situationsansatz,,0151,Arbeiterwohlfahrt Kreisverband Spandau e.V.,freie Träger,http://www.awo-spandau.de,13.14636086,52.53139657
05081480,Kita an der Schilfdachkapelle,05,Spandau,14089,Berlin,Waldallee,3,,365 092 13,https://spandau-evangelisch.de/kita/am-grossglienicker-see,20,Kindertagesstätte,,,8820,Ev. Kindertageseinrichtung im Kirchenkreis Spandau,freie Träger,https://spandau-evangelisch.de/kita,13.12750628,52.46535388
05081580,Kita Kinderparadies Spandau,05,Spandau,13593,Berlin,Wilhelmstr.,25,-30,030 74742747,http://www.kita-kinderparadies.de,106,Kindertagesstätte,Situationsansatz,,8476,IBEB Initiative für Bildung und Erziehung Berlin gemeinnützige GmbH,freie Träger,http://www.ibeb-berlin.de,13.18500762,52.51978856
05081600,Kita Villa Sprechspatzen,05,Spandau,13599,Berlin,Pulvermühlenweg,8,,030 84824040,,93,Kindertagesstätte,Offene-Arbeit,,7707,BGFF - Berliner Gesellschaft für Förderung interkultureller Bildung und Erziehung e. V.,freie Träger,http://www.bgff.de,13.22820169,52.5466105
05081620,FRÖBEL Kindergarten Siemens Technopark,05,Spandau,13629,Berlin,Wohlrabedamm,10,,30364743,https://technopark.froebel.info/,115,Kindertagesstätte,Offene-Arbeit,,1227,Fröbel Bildung und Erziehung gGmbH,freie Träger,http://www.froebel-gruppe.de/,13.2746068,52.53374727
05081680,Kita Schatztruhe,05,Spandau,13597,Berlin,Heidereuterstr.,31,,03020603995210,http://www.havelkids.de,105,Kindertagesstätte,Offene-Arbeit/Situationsansatz,,1374,Havel-Kids Kinderbetreuung gGmbH,freie Träger,http://www.havelkids.de,13.21123172,52.52866742
05081690,Kita Bananas,05,Spandau,13595,Berlin,Metzer Str.,4,,030 33308750,http://www.kita-bananas-berlin.de,33,Eltern-Initiativ-Kindertagesstätte,Situationsansatz,,7944,Elterninitiativ Kita Bananas e. V.,freie Träger,http://www.kita-bananas-berlin.de,13.19581294,52.52512112
05081710,Waldfüchse Spandau,05,Spandau,13585,Berlin,Hohenzollernring,104,,030 3357974,,15,Kindertagesstätte,Sonstiges,,7389,Waldfüchse Spandau e.V.,freie Träger,,13.20436205,52.55574777
05081750,Krippe Melanchthon,05,Spandau,13595,Berlin,Pichelsdorfer Str.,79,,339369026,https://spandau-evangelisch.de/kita/krippe-melanchthon,25,Kindertagesstätte,Offene-Arbeit,,8820,Ev. Kindertageseinrichtung im Kirchenkreis Spandau,freie Träger,https://spandau-evangelisch.de/kita,13.1975876,52.52188612
05081760,Kita Lasiuszeile,05,Spandau,13585,Berlin,Lasiuszeile,6,,030 20339304,https://www.jugendwohnen-berlin.de/kindertagesstaetten/kita-lasiuszeile/,87,Kindertagesstätte,Sonstiges/Offene-Arbeit,,8071,Juwo - Kita gGmbH,freie Träger,http://www.juwo-kita.de,13.20354996,52.5472441
05081770,Vierfelderhof Bauernhofkindergarten,05,Spandau,14089,Berlin,Straße 264,12,,030/77379595,,35,Kindertagesstätte,Offene-Arbeit/Situationsansatz,,8082,Vierfelderhof Bauernhofkindergarten gemeinnützige GmbH,freie Träger,,13.17431028,52.48311273
05081800,Multilingua Elsa-Neumann-Straße,05,Spandau,13629,Berlin,Elsa-Neumann-Str.,13,,209665750,,70,Kindertagesstätte,Situationsansatz,,8926,Early Years gUG,freie Träger,https://www.multilingua-berlin.de,13.25037119,52.54662723
05081810,Kita Kinderarche Berlin,05,Spandau,13583,Berlin,Germersheimer Weg,27,- 29,030-12029155,,40,Kindertagesstätte,Situationsansatz/Sonstiges/Offene-Arbeit,,8442,TW Help for Family gGmbH,freie Träger,,13.18531625,52.54362387
05081820,Klax Kindergarten Karlsson vom Dach,05,Spandau,13581,Berlin,Klosterstr.,3,,030639623691,http://www.klax-kita.de,100,Kindertagesstätte,Sonstiges,,1214,KLAX Berlin gGmbH,freie Träger,http://klax.de,13.19824305,52.53338698
05081830,Kleiner Fratz,05,Spandau,13585,Berlin,Flankenschanze,48,,030 35 13 19 15,http://www.kleiner-fratz-berlin.de,80,Kindertagesstätte,Offene-Arbeit,,0627,Kleiner Fratz GmbH,freie Träger,http://www.kleinerfratz.berlin.de,13.19744364,52.54041229
05081840,FRÖBEL Kita Seeburger Straße,05,Spandau,13581,Berlin,Seeburger Str.,9,- 11,31168989,https://seeburgerstrasse.froebel.info/,95,Kindertagesstätte,Offene-Arbeit,,1227,Fröbel Bildung und Erziehung gGmbH,freie Träger,http://www.froebel-gruppe.de/,13.19164754,52.52858842
05081850,Das Haus der kleinen Freunde,05,Spandau,13587,Berlin,Streitstr.,74,,030 37584640,http://www.kinder-vision.de,25,Kindertagesstätte,Situationsansatz,,8245,Kinder Vision gemeinnützige GmbH,freie Träger,http://www.kinder-vision.de,13.20754425,52.55758706
05081860,Kita Kükenbande,05,Spandau,13581,Berlin,Staakener Str.,16,,030 54833613,http://kuekenbande.de/,25,Kindertagesstätte,Situationsansatz,,8257,Center Lingual gemeinnützige UG (haftungsbeschränkt),freie Träger,http://kuekenbande.de/,13.18421851,52.5358826
05081870,Gerda und Rolf Schopf Kindertagesstätte,05,Spandau,13587,Berlin,Mertensstr.,14,tatsächlich 10 - 14,030 33309540,https://www.cjd-berlin-brandenburg.de/angebote/elementarpaedagogik-und-familienbildung/kita-gerda-und-rolf-schopf/,100,Kindertagesstätte,Situationsansatz,,1209,CJD Berlin-Brandenburg im CJD e.V.,freie Träger,http://www.cjd-berlin-brandenburg.de,13.21127774,52.56493939
05081880,Kita Am Maselakepark,05,Spandau,13587,Berlin,Am Maselakepark,21,,030 339379290,http://www.outlaw-ggmbh.de,111,Kindertagesstätte,Situationsansatz,,1343,OUTLAW gemeinnützige Gesellschaft für Kinder- und Jugendhilfe mbH,freie Träger,http://www.outlaw-ggmbh.de,13.2129123,52.55592495
05081930,Kita Pichelsdorfer Zwerge,05,Spandau,13595,Berlin,Pichelsdorfer Str.,53,,030 25209170,,50,Kindertagesstätte,Situationsansatz,,8357,Pichelsdorfer Zwerge gemeinnützige GmbH,freie Träger,http://www.pichelsdorfer-zwerge.de,13.197523,52.51838751
05081940,Kita Heerstraße,05,Spandau,13591,Berlin,Heerstr.,570,,030 36436236,http://www.outlaw-ggmbh.de,69,Kindertagesstätte,Situationsansatz/Sonstiges/Offene-Arbeit,,1343,OUTLAW gemeinnützige Gesellschaft für Kinder- und Jugendhilfe mbH,freie Träger,http://www.outlaw-ggmbh.de,13.14008013,52.52521441
05081950,Kita Kindervilla Spandau,05,Spandau,13581,Berlin,Brunsbütteler Damm,77,,37306129,https://www.smartkitas.de/kita-kindervilla/,46,Kindertagesstätte,Situationsansatz,,9317,Futura Kindertagesstätten gGmbH,freie Träger,https://www.smartkitas.de/trager/,13.18651097,52.53403043
05081960,Immanuel-Kita,05,Spandau,13589,Berlin,Im Spektefeld,44,,030 4431237-240,http://www.christburg-campus.de/kitas/immanuel-kita/,45,Kindertagesstätte,Situationsansatz,,8252,Christburg Campus gemeinnützige GmbH,freie Träger,http://www.christburg-campus.de,13.15315578,52.54959563
05081970,Siekids Bärchenbande,05,Spandau,13629,Berlin,Schuckertdamm,343,,030 669 33 720,https://www.inakindergarten.de/berlin/kita-siekids,80,Kindertagesstätte,Situationsansatz,,1312,INA.KINDER.GARTEN gGmbH,freie Träger,http://www.inakindergarten.de,13.26584527,52.54078959
05081990,Kita Kids R Kids Haus Spandau,05,Spandau,13591,Berlin,Magistratsweg,73,tatsächlich 69,03080104153,http://www.kids-r-kids.de,144,Kindertagesstätte,Situationsansatz,,8461,Kids-R-Kids gUG (haftungsbeschränkt),freie Träger,http://www.kids-r-kids.de,13.1599465,52.52734893
05082000,Little Kiwis - Internationaler Kindergarten,05,Spandau,13591,Berlin,Heerstr.,613,- 615,030 24352136,http://www.littlekiwis.de,59,Kindertagesstätte,Sonstiges,,8597,Little Kiwis Internationaler Kindergarten gemeinnützige UG (haftungsbeschränkt),freie Träger,http://www.littlekiwis.de,13.13372619,52.52584314
05082010,Jona's Haus (nur Sprachförderung),05,Spandau,13591,Berlin,Schulstr.,3,,,,10,Kindertagesstätte,,,8477,Stiftung Jona,freie Träger,http://www.stiftung-jona.de,13.13878885,52.52977569
05082020,Kita Elfenbein Haselhorst,05,Spandau,13599,Berlin,Gorgasring,15,,030 64160038,http://www.GfBE-berlin.de,70,Kindertagesstätte,Situationsansatz,,8150,GFBE gGmbH- Gesellschaft für Bildung und Erziehung,freie Träger,http://www.GfBE-berlin.de,13.24283897,52.54086933
05082050,Kita Silberflöte,05,Spandau,13595,Berlin,Pichelsdorfer Str.,65,,030 23530805,http://www.silberfloete-berlin.de,41,Kindertagesstätte,Situationsansatz,,8726,Silberflöte gemeinnützige GmbH,freie Träger,,13.19700079,52.51987391
05082060,Kindertagesstätte der Freien Georgschule,05,Spandau,13595,Berlin,Götelstr.,132,- 140,030 587064960,http://freie-georgschule.de/Kindergarten,32,Kindertagesstätte,Waldorfpädagogik,,8050,Verein zur Förderung der Waldorfpädagogik Berlin-Spandau e. V.,freie Träger,https://www.freie-georgschule.de/,13.2038669,52.52294217
05082080,Kita der kleinen Knöpfchen,05,Spandau,13587,Berlin,Mertensstr.,2,,030 91531974,http://www.kinder-vision.de,25,Kindertagesstätte,Offene-Arbeit/Situationsansatz,,8245,Kinder Vision gemeinnützige GmbH,freie Träger,http://www.kinder-vision.de,13.20965178,52.56510057
05082090,Kita Wiesenpieper,05,Spandau,13583,Berlin,Seegefelder Str.,88,,030 47058920,,35,Kindertagesstätte,Offene-Arbeit,,7707,BGFF - Berliner Gesellschaft für Förderung interkultureller Bildung und Erziehung e. V.,freie Träger,http://www.bgff.de,13.18481997,52.53831678
05082110,Humanistische Kindertagesstätte Rex-Waite-Straße,05,Spandau,14089,Berlin,Rex-Waite-Str.,94,,36286379,http://www.humanistischekitas.de,88,Kindertagesstätte,Situationsansatz/Offene-Arbeit/Sonstiges,,1230,"Humanistischer Verband Deutschlands, Landesverband Berlin-Brandenburg KdöR",freie Träger,https://humanistisch.de/kitas/,13.1283829,52.47464941
05082120,Gemeinschaftsunterkunft Gartenfelder Straße (nur Sprachförderung),05,Spandau,13599,Berlin,Gartenfelder Str.,56,,0176 45950544,,25,Kindertagesstätte,,,8568,Edusation - gemeinnützige Gesellschaft für Integration und Sprachförderung mbH,freie Träger,http://edusation.de/,13.20630046,52.52630467
05082130,Sprachförderung für Vorschulkinder (nur Sprachförderung),05,Spandau,13581,Berlin,Ulrikenstr.,7,,030 0151 11377705,http://www.kompaxx.de/sprachfoerderung,30,Kindertagesstätte,Sonstiges,,4962,Kompaxx e.V.,freie Träger,http://www.kompaxx.de,13.17617969,52.5260933
05082140,Kita Grasfinken,05,Spandau,13583,Berlin,Kandeler Weg,3,,030 35056317,,50,Kindertagesstätte,Offene-Arbeit,,7707,BGFF - Berliner Gesellschaft für Förderung interkultureller Bildung und Erziehung e. V.,freie Träger,http://www.bgff.de,13.18473404,52.5417933
05082150,Kita Schatzkiste,05,Spandau,13589,Berlin,Westerwaldstr.,20,,030 94790041,http://www.worldkids-kitaschatzkiste.de,61,Kindertagesstätte,Situationsansatz,,8836,World Kids gUG,freie Träger,http://www.worldkids-kitaschatzkiste.de,13.17887451,52.55145884
05082160,Kita Spürnasen,05,Spandau,13591,Berlin,Haberlandweg,6,,84523796,https://www.smartkitas.de/kita-spuernasen/,62,Kindertagesstätte,Situationsansatz,,8402,smartKids Kindertagesstätten gGmbH,freie Träger,https://www.smartkitas.de/trager/,13.15479486,52.53249898
05082180,"Kita ""Lummerland""",05,Spandau,13583,Berlin,Seegefelder Str.,34,,030 01724619045,http://www.kinder-vision.de,25,Kindertagesstätte,Offene-Arbeit/Situationsansatz,,8245,Kinder Vision gemeinnützige GmbH,freie Träger,http://www.kinder-vision.de,13.19276058,52.53681089
05082190,Kita Nusshütte,05,Spandau,13595,Berlin,Weißenburger Str.,21,,030 98405721,http://www.kita-nusshuette.de,25,Kindertagesstätte,Situationsansatz,,8864,CeFi - Bildung und Verständigung gGmbH,freie Träger,http://www.cefi-bildung.de,13.19966408,52.5230866
05082200,Kita Kiesteich-Surfer,05,Spandau,13589,Berlin,Am Kiesteich,40,,030 94790204,http://www.casabambini-berlin.de,119,Kindertagesstätte,Situationsansatz/Offene-Arbeit,,8575,casa bambini - Gesellschaft zur Förderung und Begleitung von Kindesentwicklung mbH,freie Träger,https://www.casabambini-berlin.de,13.16263002,52.5475715
05082210,Kita Blumengarten,05,Spandau,13591,Berlin,Seegefelder Weg,381,,030 34624160,http://www.kita-blumengarten.de,98,Kindertagesstätte,Situationsansatz,,8906,Kita Blumengarten gGmbH,freie Träger,http://www.kita-blumengarten.de,13.14516613,52.54563587
05082220,Kita Mondstern,05,Spandau,13581,Berlin,Seeburger Str.,65,,03013891343,,70,Kindertagesstätte,Sonstiges,,8903,Kinderzone gUG,freie Träger,,13.18382827,52.52658139
05082240,Kita Rauchstr. 17,05,Spandau,13587,Berlin,Rauchstr.,17,,030 33502651,http://www.GfBE-berlin.de,22,Kindertagesstätte,Situationsansatz,,8150,GFBE gGmbH- Gesellschaft für Bildung und Erziehung,freie Träger,http://www.GfBE-berlin.de,13.21421745,52.56072967
05082250,Kita Kinderburg,05,Spandau,13595,Berlin,Gatower Str.,95,-97,030 22320463,http://www.kita-kinderburg.de,50,Kindertagesstätte,Situationsansatz,,8740,Kinderburg gemeinnützige GmbH,freie Träger,http://www.kita-kinderburg.de,13.18248642,52.51169991
05082260,Kita Elfenbein Hakenfelde,05,Spandau,13587,Berlin,Streitstr.,58,,030 33977977,http://www.GfBE-berlin.de,40,Kindertagesstätte,Situationsansatz,,8150,GFBE gGmbH- Gesellschaft für Bildung und Erziehung,freie Träger,http://www.GfBE-berlin.de,13.20814812,52.56144806
05082270,Kita der kleinen Kreativen Spandau,05,Spandau,13583,Berlin,Falkenseer Chaussee,257,,015164751446,,165,Kindertagesstätte,Ansatz von Emmi Pikler/Situationsansatz,,9170,Kita der kleinen Kreativen 2 gGmbH,freie Träger,http://www.kita-dk-kreativen.de,13.18279494,52.54760878
05082280,Josua Gemeinde e.V. (nur Sprachförderung),05,Spandau,13585,Berlin,Bismarckstr.,20,,,,21,Kindertagesstätte,,,7955,Josua Gemeinde e.V.,freie Träger,http://www.josuagemeinde.de,13.2004581,52.54365097
05082290,Kita Paradiesvögel-Pinguine,05,Spandau,13583,Berlin,Seegefelder Str.,80,,030 45964795,http://www.eventusbildung.de,51,Kindertagesstätte,Situationsansatz/Montessori-Pädagogik/Offene-Arbeit,,7464,eventus Bildung gGmbH,freie Träger,https://eventusbildung.de/,13.1858925,52.53801853
05082300,Kita Kleiner Fratz (Gartenfratz),05,Spandau,13599,Berlin,Gartenfelder Str.,63A,,030 35133737,http://www.kleinerfratz.berlin.de,40,Kindertagesstätte,Offene-Arbeit/Situationsansatz,,0627,Kleiner Fratz GmbH,freie Träger,http://www.kleinerfratz.berlin.de,13.24606705,52.54409554
05082310,Kita Zu den Fichtewiesen,05,Spandau,13587,Berlin,Zu den Fichtewiesen,14,,030 30649009,http://www.kita-nordwest.de,82,Kindertagesstätte,Offene-Arbeit,,0124,Kindertagesstätten Nordwest Eigenbetrieb von Berlin,Eigenbetriebe,http://www.kita-nordwest.de,13.21614022,52.57416415
05082340,Kita Nusshütte Am Bogen,05,Spandau,13589,Berlin,Am Bogen,35,a,648 235 00,http://www.kita-nusshuette.de,52,Kindertagesstätte,Situationsansatz,,8864,CeFi - Bildung und Verständigung gGmbH,freie Träger,http://www.cefi-bildung.de,13.15648425,52.55006651
05082350,Kita Schatzkiste,05,Spandau,13595,Berlin,Adamstr.,4,,030 63413994,http://www.worldkids-kitaschatzkiste.de,25,Kindertagesstätte,Situationsansatz,,8836,World Kids gUG,freie Träger,http://www.worldkids-kitaschatzkiste.de,13.1966411,52.52117037
05082370,Kita Eulennest,05,Spandau,13589,Berlin,Hinter den Gärten,22,,03023281828,https://www.bgff.de/kitas/eulennest/,40,Kindertagesstätte,Offene-Arbeit,,7707,BGFF - Berliner Gesellschaft für Förderung interkultureller Bildung und Erziehung e. V.,freie Träger,http://www.bgff.de,13.15302888,52.5481919
05082380,Kita Piccola,05,Spandau,13595,Berlin,Adamstr.,2,,030 43775311,,25,Kindertagesstätte,Situationsansatz,,8726,Silberflöte gemeinnützige GmbH,freie Träger,,13.19730503,52.52115531
05082400,Fröbel Kindergarten Daumstraße,05,Spandau,13599,Berlin,Daumstr.,73C,,21602482,https://daumstraße.froebel.info/,73,Kindertagesstätte,Offene-Arbeit,,1227,Fröbel Bildung und Erziehung gGmbH,freie Träger,http://www.froebel-gruppe.de/,13.22530078,52.55274687
05082410,Kita Wilhelmstadt,05,Spandau,13593,Berlin,Wilhelmstr.,28,-30,030 36996203,http://www.kita-kinderparadies.de,195,Kindertagesstätte,Situationsansatz,,8476,IBEB Initiative für Bildung und Erziehung Berlin gemeinnützige GmbH,freie Träger,http://www.ibeb-berlin.de,13.17983313,52.51907278
05082420,Kita Samariter,05,Spandau,13583,Berlin,Siegener Str.,50,,23307215,https://spandau-evangelisch.de/kita/samariter,130,Kindertagesstätte,Offene-Arbeit/Montessori-Pädagogik,,8820,Ev. Kindertageseinrichtung im Kirchenkreis Spandau,freie Träger,https://spandau-evangelisch.de/kita,13.17828233,52.5464771
05082430,Stadtteil-Kita Ziegelhof,05,Spandau,13581,Berlin,Ziegelhof,8A,,030 88778266,https://www.jugendwohnen-berlin.de/kindertagesstaetten/stadtteil-kita-ziegelhof/,110,Kindertagesstätte,Sonstiges/Offene-Arbeit,,8071,Juwo - Kita gGmbH,freie Träger,http://www.juwo-kita.de,13.19813867,52.52905643
05082440,Kita Kleine Feldmäuse,05,Spandau,13583,Berlin,Seegefelder Str.,163,,01797286480,http://www.kita-feldmause.de,25,Kindertagesstätte,Situationsansatz,,9120,MaKa Kita gGmbH,freie Träger,http://www.kita-feldmause.de,13.17595424,52.53967932
05082450,Kita Feldmäuse,05,Spandau,13585,Berlin,Feldstr.,31,,0176 01633629041,http://www.kita-feldmause.de,40,Kindertagesstätte,Situationsansatz,,9120,MaKa Kita gGmbH,freie Träger,http://www.kita-feldmause.de,13.19886132,52.54475778
05082470,Ev. Waldkita,05,Spandau,14089,Berlin,Waldschluchtpfad,27,,030 42082097,https://spandau-evangelisch.de/kita/waldkita,20,Waldkindergarten,Sonstiges,,8820,Ev. Kindertageseinrichtung im Kirchenkreis Spandau,freie Träger,https://spandau-evangelisch.de/kita,13.17512507,52.46958245
05082480,"Kita ""Freuden-Hüpfer""",05,Spandau,13583,Berlin,Freudenberger Weg,9A,,030 420827980,http://www.basabambini-berlin.de,65,Kindertagesstätte,Situationsansatz,,8575,casa bambini - Gesellschaft zur Förderung und Begleitung von Kindesentwicklung mbH,freie Träger,https://www.casabambini-berlin.de,13.17985725,52.54572843
05082490,Kita Igelfisch,05,Spandau,13595,Berlin,Mahnkopfweg,3,,03044702618,http://www.bfa-ggmbh.de,30,Kindertagesstätte,Situationsansatz,,8077,BfA gGmbH,freie Träger,http://www.bfa-ggmbh.de,13.20109605,52.51250043
05082500,Kita Schneeflocke Spandau,05,Spandau,13591,Berlin,Magistratsweg,56,,030 28041706,http://www.kitaschneeflocke.de,25,Kindertagesstätte,Situationsansatz,,8882,Schneeflocke gUG,freie Träger,http://www.kitaschneeflocke.de,13.16111705,52.52597257
05082520,FREUDE Kita Spandau,05,Spandau,13629,Berlin,Wernerwerkdamm,26,,030 20089780,http://www.freude-kita.berlin,25,Kindertagesstätte,Situationsansatz,,9150,FREUDE Kindergärten Süd-West gGmbH,freie Träger,http://www.freude-kita.berlin,13.27161005,52.53500457
05082540,Sprachfüchse Kompaxx e.V. (nur Sprachförderung),05,Spandau,13585,Berlin,Lynarstr.,8,,,,35,Kindertagesstätte,,,4962,Kompaxx e.V.,freie Träger,http://www.kompaxx.de,13.20774721,52.54895224
05082550,Kita Nusshütte Ebersdorfer Str.,05,Spandau,13581,Berlin,Päwesiner Weg,39,,233 656 99,http://kita-nusshuette.de,116,Kindertagesstätte,Situationsansatz,,8864,CeFi - Bildung und Verständigung gGmbH,freie Träger,http://www.cefi-bildung.de,13.18003202,52.52853643
05082560,Kita Haselhorst,05,Spandau,13599,Berlin,Gartenfelder Str.,63,,01773347644,http://www.kita-haselhorst.de,25,Kindertagesstätte,Situationsansatz,,9212,EKIBB Einrichtung für Kinderbildung und -betreuung gGmbH,freie Träger,http://www.kita-haselhorst.de,13.24627532,52.54407577
05082570,Kita HaveluferQuartier,05,Spandau,13587,Berlin,Am Maselakepark,16,,27698582,https://haveluferquartier.froebel.info/,102,Kindertagesstätte,Offene-Arbeit,,1227,Fröbel Bildung und Erziehung gGmbH,freie Träger,http://www.froebel-gruppe.de/,13.21054591,52.55578568
05082580,Kindergarten Havelspitze,05,Spandau,13587,Berlin,Sigmund-Bergmann-Str.,3,,21235142,https://havelspitze.froebel.info/,94,Kindertagesstätte,Situationsansatz,,1227,Fröbel Bildung und Erziehung gGmbH,freie Träger,http://www.froebel-gruppe.de/,13.21728677,52.55895225
05082590,Kita Murmelbande,05,Spandau,13595,Berlin,Jägerstr.,2,,28638436,,25,Kindertagesstätte,Situationsansatz/Ansatz von Emmi Pikler,,1020,EKT - Traumzauberbaum e. V.,freie Träger,http://www.kinderladen-traumzauberbaum.de,13.19668539,52.52527109
05082620,FBO Askanierring (FBO),05,Spandau,13587,Berlin,Askanierring,70k,,0155/603 689 94,https://berlin.cefi-bildung.de/fbo,37,Eltern-Kind-Gruppe,Situationsansatz,,8864,CeFi - Bildung und Verständigung gGmbH,freie Träger,http://www.cefi-bildung.de,13.20046756,52.55377913
05082650,"Teilzeitkita ""Glückskinder"" Loschwitzer Weg",05,Spandau,13593,Berlin,Loschwitzer Weg,11,,5807555,,15,Kindertagesstätte,,,3549,Gemeinwesenverein Heerstraße Nord e.V.,freie Träger,http://www.gwv-heerstrasse.de,13.16010182,52.52151686
05082670,FBO Rauchstraße (FBO),05,Spandau,13587,Berlin,Rauchstr.,22,,0157 53650619,http://www.cefi-bildung.de,17,Eltern-Kind-Gruppe,Situationsansatz,,8864,CeFi - Bildung und Verständigung gGmbH,freie Träger,http://www.cefi-bildung.de,13.2171587,52.55990725
05082680,Kita Schatzkiste 3,05,Spandau,13595,Berlin,Wilhelmstr.,1,,,,25,Kindertagesstätte,,,8836,World Kids gUG,freie Träger,http://www.worldkids-kitaschatzkiste.de,13.19496503,52.52872269
05082700,Kita Bunt-Falken,05,Spandau,13589,Berlin,Falkenseer Chaussee,74,,017643608100,,145,Kindertagesstätte,,,8575,casa bambini - Gesellschaft zur Förderung und Begleitung von Kindesentwicklung mbH,freie Träger,https://www.casabambini-berlin.de,13.17078797,52.55051053
05082710,Kita Blumengarten-Tulpen,05,Spandau,13591,Berlin,Magistratsweg,124,,0171 7059552,,50,Kindertagesstätte,,,8906,Kita Blumengarten gGmbH,freie Träger,http://www.kita-blumengarten.de,13.15794652,52.53392286
06100010,Kita Alsenstr. 16/Kitas Süd-West,06,Steglitz-Zehlendorf,14109,Berlin,Alsenstr.,16,,030 290276170,,120,Kindertagesstätte,Sonstiges/Situationsansatz,,0123,Kindertagesstätten Berlin Süd-West,Eigenbetriebe,http://www.kitas-sued-west.de,13.14963867,52.41486889
06100030,Kita Brittendorfer Weg 16/Hs 1u.2/Kitas Süd-West,06,Steglitz-Zehlendorf,14167,Berlin,Brittendorfer Weg,16,,030 290276180,,79,Kindertagesstätte,Situationsansatz,,0123,Kindertagesstätten Berlin Süd-West,Eigenbetriebe,http://www.kitas-sued-west.de,13.27718724,52.43586822
06100070,Kita Wilskistraße/Kitas Süd-West,06,Steglitz-Zehlendorf,14163,Berlin,Wilskistr.,75,,030 290276640,,190,Kindertagesstätte,Situationsansatz,,0123,Kindertagesstätten Berlin Süd-West,Eigenbetriebe,http://www.kitas-sued-west.de,13.24701899,52.44630072
06100080,Kita Zentrum am Kleeblatt (ZaK),06,Steglitz-Zehlendorf,14129,Berlin,Von-der-Trenck-Str.,4,,030 8040 2003,http://www.tandembtl.de,120,Kindertagesstätte,Situationsansatz,,1335,tandem BTL gGmbH,freie Träger,http://www.tandembtl.de,13.20163181,52.42180352
06100100,Kita Teltower Damm 95/Kitas Süd-West,06,Steglitz-Zehlendorf,14167,Berlin,Teltower Damm,95,,030 290276610,,183,Kindertagesstätte,Sonstiges/Situationsansatz,,0123,Kindertagesstätten Berlin Süd-West,Eigenbetriebe,http://www.kitas-sued-west.de,13.26374162,52.42421115
06100170,Kita an der FU Berlin,06,Steglitz-Zehlendorf,14195,Berlin,Königin-Luise-Str.,86,,030 939398470,http://www.stw.berlin,180,Kindertagesstätte,Offene-Arbeit,,1256,studierendenWERK BERLIN,freie Träger,http://www.stw.berlin,13.2786738,52.45936169
06100180,Kita der Ev. Kirchengem. Schönow-Buschgraben,06,Steglitz-Zehlendorf,14165,Berlin,Andréezeile,21,,030 815 37 55,http://www.schoenow-buschgraben.de,46,Kindertagesstätte,Situationsansatz,,0426,Ev. Kirchengemeinde Schönow-Buschgraben,freie Träger,http://www.schoenow-buschgraben.de,13.2599286,52.41317661
06100190,Ev. Kita Schlachtensee,06,Steglitz-Zehlendorf,14129,Berlin,Dubrowplatz,4,,030 8026092,https://www.gemeinde-schlachtensee.de/gemeindeleben/evangelische-kita-schlachtensee,55,Kindertagesstätte,Situationsansatz,,0427,Ev. Kirchengemeinde Schlachtensee,freie Träger,http://www.gemeinde-schlachtensee.de,13.22062101,52.4353622
06100200,Kita der Ev. Kirchengem. Dahlem,06,Steglitz-Zehlendorf,14195,Berlin,Faradayweg,15,,030 831 21 12,https://www.kg-dahlem.de/index.php?id=37,62,Kindertagesstätte,,,0428,Ev. Kirchengemeinde Dahlem,freie Träger,http://www.kg-dahlem.de,13.28193124,52.4501732
06100210,Kita der Ev. Kirchengem. Nikolassee,06,Steglitz-Zehlendorf,14129,Berlin,Pfeddersheimer Weg,69,,03080197640,https://kita-nikolassee.de,90,Kindertagesstätte,Situationsansatz,,0432,Ev. Kirchengemeinde Nikolassee,freie Träger,https://gemeinde-nikolassee.de,13.20491567,52.42539246
06100220,"Evangelische Kita"" Zur Heimat""",06,Steglitz-Zehlendorf,14165,Berlin,Leo-Baeck-Str.,6,,815 15 72,,70,Kindertagesstätte,Situationsansatz,,0437,Diakonisches Werk Steglitz und Teltow-Zehlendorf e. V.,freie Träger,http://www.dwstz.de,13.26011605,52.42234698
06100230,Kita Buschgraben,06,Steglitz-Zehlendorf,14165,Berlin,Ludwigsfelder Str.,51,,030-8027086,http://www.milaa-berlin.de,85,Kindertagesstätte,Situationsansatz,,8069,milaa gGmbH,freie Träger,http://www.milaa-berlin.de,13.24299402,52.42282924
06100240,Kindertagesstätte der Ev. Stephanus Kirchengemeinde,06,Steglitz-Zehlendorf,14167,Berlin,Mühlenstr.,47,,030 817 57 07,https://www.evkirchezehlendorfsued.de/orte/kitas/kita-stephanus,48,Kindertagesstätte,Situationsansatz,,0431,Ev. Kirchengemeinde Stephanus,freie Träger,http://www.stephanus-gemeinde.de,13.27533337,52.43108927
06100250,Kita Paulus,06,Steglitz-Zehlendorf,14169,Berlin,Teltower Damm,8,,030-80496000,http://www.milaa-berlin.org,65,Kindertagesstätte,Situationsansatz,,8069,milaa gGmbH,freie Träger,http://www.milaa-berlin.de,13.25933242,52.43443512
06100260,St. Annen Kita Dahlem,06,Steglitz-Zehlendorf,14195,Berlin,Thielallee,1,-3,030 8417 0520,https://www.kg-dahlem.de/index.php?id=36,68,Kindertagesstätte,Situationsansatz,,0428,Ev. Kirchengemeinde Dahlem,freie Träger,http://www.kg-dahlem.de,13.28658924,52.45774762
06100270,Kita der Evangelischen Emmaus- Kirchengemeinde,06,Steglitz-Zehlendorf,14163,Berlin,Wilskistr.,53,,030 813 46 53,https://www.ema-gemeinde.de/kindertagesstaette/das-sind-wir,61,Kindertagesstätte,Situationsansatz,,0434,Evangelische Emmaus – Kirchengemeinde,freie Träger,http://www.ema-gemeinde.de,13.25053993,52.44861239
06100290,Kath. Kita St. Otto,06,Steglitz-Zehlendorf,14165,Berlin,Heimat,67,- 69,030 8158832,http://www.kita-sankt-otto.de,47,Kindertagesstätte,Situationsansatz,,9193,Kitas im Erzbistum Berlin-Zweckverband der katholischen Kirchengemeinden,freie Träger,http://hedikitas.de,13.26254939,52.42008278
06100300,Kath. Kita Zu den Heiligen 12 Aposteln,06,Steglitz-Zehlendorf,14129,Berlin,Tewsstr.,16,,+4930259365145,,50,Kindertagesstätte,Situationsansatz,,9193,Kitas im Erzbistum Berlin-Zweckverband der katholischen Kirchengemeinden,freie Träger,http://hedikitas.de,13.21466129,52.43154361
06100310,Kita Hohenzollernstr.,06,Steglitz-Zehlendorf,14163,Berlin,Hohenzollernstr.,9,,030 8049 84960,http://www.ortefuerkinder.de/unsere-kitas/hohenzollernstrasse/,90,Kindertagesstätte,,,0107,Orte für Kinder GmbH,freie Träger,http://www.ortefuerkinder.de,13.25387794,52.43234152
06100320,Kita Kasimir,06,Steglitz-Zehlendorf,14129,Berlin,Wasgensteig,5,,030 803 4146,http://www.ortefuerkinder.de/unsere-kitas/kasimir/,136,Kindertagesstätte,,,0107,Orte für Kinder GmbH,freie Träger,http://www.ortefuerkinder.de,13.215879,52.42616085
06100330,EKT - Stolper Kinderhaus,06,Steglitz-Zehlendorf,14109,Berlin,Chausseestr.,35,,030 805 23 62,,29,Eltern-Initiativ-Kindertagesstätte,,,1005,Stolper Kinderhaus e.V.,freie Träger,http://www.stolper-kinderhaus.de,13.14615188,52.41575207
06100340,EKT Wannsee - Kinderhaus Murmelente,06,Steglitz-Zehlendorf,14109,Berlin,Chausseestr.,42,,030 805 51 90,https://www.murmelente.de,30,Eltern-Initiativ-Kindertagesstätte,Offene-Arbeit/Situationsansatz,,0559,"Eltern-Kinder-Tagesstätte Wannsee ""Murmelente"" e. V.",freie Träger,http://www.murmelente.de,13.14484766,52.41448808
06100350,EKT - Montessori-Gemeinschaftshaus,06,Steglitz-Zehlendorf,14195,Berlin,Clayallee,92,,030 832 79 99,http://www.montessori-gemeinschaftshaus.de,23,Eltern-Initiativ-Kindertagesstätte,Montessori-Pädagogik,,1034,Montessori-Gemeinschaftshaus e. V.,freie Träger,http://www.montessori-gemeinschaftshaus.de,13.2751163,52.45958319
06100400,EKT Zwölf Knirpse,06,Steglitz-Zehlendorf,14129,Berlin,Lissabonallee,6,,030 25738140,http://www.12knirpse.de,17,Eltern-Initiativ-Kindertagesstätte,Offene-Arbeit/Montessori-Pädagogik/Situationsansatz,,1095,Eltern-Initiativ-Kindertagesstätte Zwölf Knirpse e.V.,freie Träger,http://www.12knirpse.de,13.22349647,52.42806306
06100410,EKT Onkel-Toms-Hütte,06,Steglitz-Zehlendorf,14169,Berlin,Onkel-Tom-Str.,64B,,030 8132015,http://www.kinderhaus-onkel-tom.org/,13,Eltern-Initiativ-Kindertagesstätte,Montessori-Pädagogik,,0883,Eltern-Initiativ-Kindertagesstätte Onkel-Toms-Hütte e.V.,freie Träger,http://www.kinderhaus-onkel-tom.org/,13.25216733,52.44739026
06100420,EKT - Kinderhaus Schönow,06,Steglitz-Zehlendorf,14165,Berlin,Walterhöferstr.,11,,030 8456038,http://www.kinderhaus-schoenow.de,21,Eltern-Initiativ-Kindertagesstätte,Situationsansatz/Reggio-Pädagogik,,0736,Kinderhaus Schönow e.V.,freie Träger,http://www.kinderhaus-schoenow.de,13.25312624,52.42274472
06100430,EKT Schlachtensee,06,Steglitz-Zehlendorf,14129,Berlin,Wasgenstr.,75,,030 8039444,http://www.ektschlachtensee.de,16,Eltern-Initiativ-Kindertagesstätte,Situationsansatz/Reggio-Pädagogik/Offene-Arbeit,,0951,EKT - Schlachtensee e. V.,freie Träger,http://www.daks-berlin.de,13.21567101,52.42894325
06100450,Kita Ahörnchen,06,Steglitz-Zehlendorf,14163,Berlin,Ahornstr.,1,,030 801 67 15,http://www.mittelhof.org,67,Kindertagesstätte,Situationsansatz,,1247,Mittelhof e.V.,freie Träger,http://www.mittelhof.org,13.25261057,52.43466752
06100460,Kinderbetreuung Lützelsteiner Weg,06,Steglitz-Zehlendorf,14195,Berlin,Lützelsteiner Weg,23,/25,030 83409001,https://luetzelsteinerweg.froebel.info/,66,Kindertagesstätte,Offene-Arbeit,,1227,Fröbel Bildung und Erziehung gGmbH,freie Träger,http://www.froebel-gruppe.de/,13.27096115,52.44601756
06100470,Kita Kaiserstuhl,06,Steglitz-Zehlendorf,14129,Berlin,Kaiserstuhlstr.,25,,030 803 28 67,https://www.mittelhof.org/orte/kitas/kaiserstuhl/,61,Kindertagesstätte,Situationsansatz,,1247,Mittelhof e.V.,freie Träger,http://www.mittelhof.org,13.21348916,52.43681016
06100480,Kita Königskinder,06,Steglitz-Zehlendorf,14163,Berlin,Königstr.,43A,,030 801 84 57,https://www.mittelhof.org/orte/kitas/koenigskinder/,50,Kindertagesstätte,Montessori-Pädagogik,,1247,Mittelhof e.V.,freie Träger,http://www.mittelhof.org,13.25538086,52.43430324
06100490,Kita Teltower Rübchen und Gänseblümchen,06,Steglitz-Zehlendorf,14163,Berlin,Hohenzollernstr.,4,6,030 8021201,https://www.mittelhof.org/orte/kitas/teltower-ruebchen/; https://www.mittelhof.org/orte/kitas/gaensebluemchen-la-paquerette/,95,Kindertagesstätte,Offene-Arbeit/Situationsansatz,,1247,Mittelhof e.V.,freie Träger,http://www.mittelhof.org,13.25465224,52.43277465
06100500,Kita Ev. Luth. St.Marien-Gem.,06,Steglitz-Zehlendorf,14169,Berlin,Riemeisterstr.,10,,030 80903014,http://kindergarten-zehlendorf.de,20,Kindertagesstätte,Situationsansatz,,1218,Evangelisch-lutherische Marien-Gemeinde zu Berlin-Zehlendorf,freie Träger,http://lutherisch.de,13.26149686,52.44051545
06100530,Waldorf-Kindergarten Zehlendorf,06,Steglitz-Zehlendorf,14163,Berlin,Lindenthaler Allee,14,,030 801 79 21,http://www.waldorfkindergarten-zehlendorf.de,100,Kindertagesstätte,Waldorfpädagogik/Situationsansatz,,1270,Waldorf-Kindergarten Zehlendorf e.V.,freie Träger,http://www.waldorfkindergarten-zehlendorf.de,13.23053327,52.43503982
06100540,"Kita ""Markgrafen""",06,Steglitz-Zehlendorf,14163,Berlin,Markgrafenstr.,8,,030 84118246,https://www.mittelhof.org/orte/kitas/markgrafen/,65,Kindertagesstätte,Offene-Arbeit/Situationsansatz,,1247,Mittelhof e.V.,freie Träger,http://www.mittelhof.org,13.254774,52.43330482
06100560,Kita Tietzenweg,06,Steglitz-Zehlendorf,12203,Berlin,Tietzenweg,13,,030 28 700 898,http://www.tandembtl.de,50,Kindertagesstätte,Situationsansatz,,1335,tandem BTL gGmbH,freie Träger,http://www.tandembtl.de,13.3012365,52.44637547
06100630,Kita Mörchinger Str. 41/Kitas Süd-West,06,Steglitz-Zehlendorf,14169,Berlin,Mörchinger Str.,41,,030 290276560,,88,Kindertagesstätte,Situationsansatz/Freinet-Pädagogik/Sonstiges,,0123,Kindertagesstätten Berlin Süd-West,Eigenbetriebe,http://www.kitas-sued-west.de,13.2796092,52.43872676
06100640,Kita Montessori Preschool,06,Steglitz-Zehlendorf,14195,Berlin,Taylorstr.,15,,030 8149 6630,http://www.montessori-preschool-berlin.de,22,Kindertagesstätte,Montessori-Pädagogik,,1279,Montessori-Verein Berlin-Dahlem e.V.,freie Träger,,13.2675914,52.4554298
06100670,Kita Flanaganstr. 45/Kitas Süd-West,06,Steglitz-Zehlendorf,14195,Berlin,Flanaganstr.,45,.,030 290276500,http://www.die-kita-flanagan.de,184,Kindertagesstätte,Sonstiges/Situationsansatz,,0123,Kindertagesstätten Berlin Süd-West,Eigenbetriebe,http://www.kitas-sued-west.de,13.27224833,52.4566668
06100680,Montessori-Kinderhaus Lissabonallee,06,Steglitz-Zehlendorf,14163,Berlin,Lissabonallee,28,,030 80 58 72 08,http://www.unionhilfswerk.de,121,Kindertagesstätte,Montessori-Pädagogik,,1260,Unionhilfswerk Sozialeinrichtungen gemeinnützige Gesellschaft mbH,freie Träger,http://www.unionhilfswerk.de,13.22689677,52.42627806
06100780,Kita Lucky Kids,06,Steglitz-Zehlendorf,14129,Berlin,Von-Luck-Str.,24,,030 8049 6270,http://www.jfkfc.org,54,Kindertagesstätte,,,0688,John F. Kennedy Friendship Center e.V.,freie Träger,http://www.jfkfc.org,13.20465151,52.43163929
06100800,EKT Giardino dei Bambini,06,Steglitz-Zehlendorf,14129,Berlin,Normannenstr.,1,,030 36752100,https://www.giardino-dei-bambini.de,18,Eltern-Initiativ-Kindertagesstätte,Ansatz von Emmi Pikler/Montessori-Pädagogik,,1157,Giardino dei Bambini e. V.,freie Träger,https://www.giardino-dei-bambini.de,13.19533968,52.4307809
06100820,Kindergarten Emil Molt,06,Steglitz-Zehlendorf,14167,Berlin,Teltower Damm,191,,2435 8667,http://www.emil-molt-schule.de,46,Kindertagesstätte,Waldorfpädagogik,,9289,EMIL MOLT SCHULE gGmbH,freie Träger,,13.26682298,52.41715948
06100830,Kinderhaus Tom-Sawyer,06,Steglitz-Zehlendorf,14169,Berlin,Tom-Sawyer-Weg,5,,030 81 00 36 10,http://www.unionhilfswerk.de,103,Kindertagesstätte,Situationsansatz/Sonstiges,,1260,Unionhilfswerk Sozialeinrichtungen gemeinnützige Gesellschaft mbH,freie Träger,http://www.unionhilfswerk.de,13.2670388,52.45342294
06100850,Internationale Kita unter den Kastanien,06,Steglitz-Zehlendorf,14167,Berlin,Brittendorfer Weg,16C,,030 22320432,http://www.mittelhof.org,128,Kindertagesstätte,Situationsansatz/Sonstiges/Offene-Arbeit,,1247,Mittelhof e.V.,freie Träger,http://www.mittelhof.org,13.27674861,52.43656233
06100860,Kita Breitensteinweg,06,Steglitz-Zehlendorf,14165,Berlin,Breitensteinweg,33,,030 84 59 18 71,http://www.kita-breitensteinweg.nbhs.de,110,Kindertagesstätte,Situationsansatz,,1249,Nachbarschaftsheim Schöneberg e.V.,freie Träger,http://www.nbhs.de,13.25735524,52.41056986
06100880,Kita der Ev. Kirchengemeinde Wannsee,06,Steglitz-Zehlendorf,14109,Berlin,Schuchardtweg,5,,030 80 10 97 62,,43,Kindertagesstätte,Situationsansatz,,0471,Ev. Kirchengemeinde Berlin Wannsee,freie Träger,http://www.wannseebote.ekbo.de,13.14481589,52.41885297
06100890,Kindergarten der Rudolf-Steiner-Schule,06,Steglitz-Zehlendorf,14195,Berlin,Clayallee,118,,030 83 00 91 32,http://www.rudolf-steiner-schule-berlin.de,64,Eltern-Initiativ-Kindertagesstätte,Waldorfpädagogik,,0682,Rudolf Steiner Schule Berlin e.V.,freie Träger,https://www.dahlem.waldorf.net,13.27461729,52.45751331
06100930,Waldkindergarten am Löwen,06,Steglitz-Zehlendorf,14109,Berlin,Zum Heckeshorn,33,Haus 2,017681751568,https://www.waldkindergarten-am-loewen.de/,19,Eltern-Initiativ-Kindertagesstätte,Sonstiges,,7384,Waldkindergarten am Löwen gGmbH,freie Träger,https://www.waldkindergarten-am-loewen.de/,13.15830705,52.43347432
06100940,Kita Mc Nair,06,Steglitz-Zehlendorf,14167,Berlin,Harry-S.-Truman-Allee,1,,030 84 78 83 910,http://www.kita-mcnair.nbhs.de,130,Kindertagesstätte,Situationsansatz,,1249,Nachbarschaftsheim Schöneberg e.V.,freie Träger,http://www.nbhs.de,13.28272238,52.42095795
06100950,Kita Wolkenflitzer Berlin Waldfriede,06,Steglitz-Zehlendorf,14163,Berlin,Wilskistr.,55,,030 81488680,http://www.berlin-waldfriede.wolkenflitzer.info,65,Kindertagesstätte,Situationsansatz,,7394,Advent-Wohlfahrtswerk e.V.,freie Träger,http://www.aww.info,13.25021662,52.4481931
06100960,Kiddies Daycare,06,Steglitz-Zehlendorf,14169,Berlin,Wilskistr.,36,,030 81488424,http://www.kiddiesfamily.com,30,Kindertagesstätte,Situationsansatz,,8794,Berlin Modern Family BMF gGmbH,freie Träger,http://www.kiddiesfamily.com,13.25484333,52.44949329
06100970,PHORMinis Berlin Süd,06,Steglitz-Zehlendorf,14167,Berlin,Harry-S.-Truman-Allee,3A,,91684990,https://berlin-sued.phorms.de/,150,Kindertagesstätte,,,7387,PHORMS Berlin gemeinnützige GmbH,freie Träger,http://www.phorms.de,13.28425677,52.42043759
06100990,Kiddies Dayschool,06,Steglitz-Zehlendorf,14169,Berlin,Wilskistr.,20,,030 88669174,http://www.kiddiesfamily.com,22,Kindertagesstätte,Situationsansatz,,8794,Berlin Modern Family BMF gGmbH,freie Träger,http://www.kiddiesfamily.com,13.2579798,52.45007812
06101010,Klax Kindergarten Wellenkids,06,Steglitz-Zehlendorf,14169,Berlin,Clayallee,328,-334,030 755459343,http://www.klax-kita.de,80,Kindertagesstätte,Sonstiges,,1214,KLAX Berlin gGmbH,freie Träger,http://klax.de,13.26265379,52.43818481
06101030,Kiddies International,06,Steglitz-Zehlendorf,14195,Berlin,Clayallee,225K,,030 84722103,http://www.kiddiesfamily.com,113,Kindertagesstätte,Situationsansatz,,7527,Campus für Generationen gGmbH,freie Träger,http://www.KiddiesFamily.com,13.26880315,52.44856594
06101060,Kita am Jägerhof,06,Steglitz-Zehlendorf,14109,Berlin,Königstr.,35C,,+49 30 80587122,http://www.jaegerhof-berlin.de,60,Kindertagesstätte,Situationsansatz,,8122,Natur Jägerhof gGmbH,freie Träger,http://www.kiddiesfamily.com,13.10022199,52.42215322
06101080,Kita Kiddies Nature,06,Steglitz-Zehlendorf,14163,Berlin,Fischerhüttenstr.,19,,030 +49 30 8048 2290,http://www.kiddiesfamily.com,43,Kindertagesstätte,Situationsansatz,,8122,Natur Jägerhof gGmbH,freie Träger,http://www.kiddiesfamily.com,13.25373902,52.43691945
06101090,Kita adagio,06,Steglitz-Zehlendorf,14163,Berlin,Forststr.,4,,030 12086311,http://www.kita-adagio.de,150,Kindertagesstätte,Offene-Arbeit/Situationsansatz,,7388,Cheburashka gGmbH,freie Träger,http://www.kitacheburashka.de,13.24525928,52.43492931
06101150,Montessori Kinderhaus Wannsee,06,Steglitz-Zehlendorf,14109,Berlin,Zum Heckeshorn,40,,030 233264030,,30,Kindertagesstätte,Montessori-Pädagogik/Ansatz von Emmi Pikler,,8066,Montessori und Friends Education gGmbH,freie Träger,http://www.montessori-friends.de,13.16197587,52.43106353
06101210,Villa Papillon,06,Steglitz-Zehlendorf,14195,Berlin,Hechtgraben,6,- 8,030 88 62 13 46,http://kita-villa-papillon.de/,85,Kindertagesstätte,Situationsansatz,,8394,Papillon Kindertagesstätten gGmbH,freie Träger,http://www.kita-papillon.de,13.29513007,52.45718862
06101230,Kiddies World,06,Steglitz-Zehlendorf,14195,Berlin,Clayallee,169,,030 810 937 29,http://www.kiddiesfamily.com,66,Kindertagesstätte,Situationsansatz,,7527,Campus für Generationen gGmbH,freie Träger,http://www.KiddiesFamily.com,13.27090897,52.45262401
06101240,Lummerland und Wilde 13,06,Steglitz-Zehlendorf,14167,Berlin,Robert-W.-Kempner-Str.,1,,030 235999490,http://www.klax.de,100,Kindertagesstätte,Sonstiges,,1214,KLAX Berlin gGmbH,freie Träger,http://klax.de,13.2799533,52.43584042
06101260,Kenntnisreich Beerenstraße,06,Steglitz-Zehlendorf,14163,Berlin,Beerenstr.,12A,,0173 3422 328,https://kenntnisreich-kindertagesstaetten.de/unsere-haeuser/,28,Kindertagesstätte,Situationsansatz,,8259,Kenntnisreich Kindertagesstätten gGmbH,freie Träger,http://www.kenntnisreich-kindertagesstaetten.de,13.24623865,52.43619904
06101270,Zehlendorfer Teddys Sachtlebenstr.,06,Steglitz-Zehlendorf,14165,Berlin,Sachtlebenstr.,12,,26077742,https://gkj-berlin.de/kindertagesstaetten/kita-zehlendorfer-teddys-sachtlebenstrasse,50,Kindertagesstätte,Situationsansatz,,8733,GKJ-Berlin gemeinnützige Gesellschaft für Kinder- und Jugendhilfe mbH,freie Träger,http://www.gkj-berlin.de,13.25017595,52.41758319
06101290,Kenntnisreich Kita am Grunewald,06,Steglitz-Zehlendorf,14195,Berlin,Königin-Luise-Str.,97,,6292 6860,http://www.kenntnisreich-kindertagesstaetten.de,35,Kindertagesstätte,Situationsansatz,,8259,Kenntnisreich Kindertagesstätten gGmbH,freie Träger,http://www.kenntnisreich-kindertagesstaetten.de,13.27683323,52.46039586
06101300,Spin-Kita 2,06,Steglitz-Zehlendorf,12249,Berlin,Dessauerstr.,45,,03026541506,,30,Kindertagesstätte,Situationsansatz,,8260,SpIn-Kita gGmbH,freie Träger,http://www.spin-kita.de,13.34329206,52.42734506
06101310,El Mundo de los Niños e.V.,06,Steglitz-Zehlendorf,14163,Berlin,Lindenthaler Allee,30,,0176 31660712,http://www.elmundo.berlin/,74,Kindertagesstätte,Situationsansatz,,7502,El mundo de los ninos e. V.,freie Träger,https://www.elmundo.berlin,13.2301238,52.43281281
06101330,Kiddies Waldsänger,06,Steglitz-Zehlendorf,14129,Berlin,Krottnaurerstr.,1,,030 89000266,http://www.kiddiesfamily.com,70,Kindertagesstätte,Situationsansatz,,8122,Natur Jägerhof gGmbH,freie Träger,http://www.kiddiesfamily.com,13.20581762,52.43697272
06101360,Kita Waldzwerge,05,Spandau,13587,Berlin,Wichernstr.,6,,0155 6858 9202,,25,Kindertagesstätte,,,8402,smartKids Kindertagesstätten gGmbH,freie Träger,https://www.smartkitas.de/trager/,13.20861203,52.56650096
06120020,Kita Jeverstraße,06,Steglitz-Zehlendorf,12157,Berlin,Jeverstr.,10,,030 79 78 91 96,http://www.kita-jever.nbhs.de,70,Kindertagesstätte,Situationsansatz,,1249,Nachbarschaftsheim Schöneberg e.V.,freie Träger,http://www.nbhs.de,13.33450997,52.461429
06120070,Kita Mittelstr. 6/Kitas Süd-West,06,Steglitz-Zehlendorf,12167,Berlin,Mittelstr.,6,,030 290276550,,190,Kindertagesstätte,Situationsansatz,,0123,Kindertagesstätten Berlin Süd-West,Eigenbetriebe,http://www.kitas-sued-west.de,13.32542064,52.45393682
06120090,Kita An der Bäke/Kitas Süd-West,06,Steglitz-Zehlendorf,12203,Berlin,Haydnstr.,17,,030 290276530,,180,Kindertagesstätte,Situationsansatz,,0123,Kindertagesstätten Berlin Süd-West,Eigenbetriebe,http://www.kitas-sued-west.de,13.31975933,52.44820191
06120100,Kita Forststr. 40/Kitas Süd-West,06,Steglitz-Zehlendorf,12163,Berlin,Forststr.,40,,030 290276510,,150,Kindertagesstätte,Sonstiges/Situationsansatz,,0123,Kindertagesstätten Berlin Süd-West,Eigenbetriebe,http://www.kitas-sued-west.de,13.31424691,52.46396065
06120110,FRÖBEL Kindergarten Augustastrolche,06,Steglitz-Zehlendorf,12203,Berlin,Augustastr.,36,,030 84416490,https://augustastrasse.froebel.info/,160,Kindertagesstätte,Offene-Arbeit/Situationsansatz,,1227,Fröbel Bildung und Erziehung gGmbH,freie Träger,http://www.froebel-gruppe.de/,13.3138767,52.44282951
06120112,Kindergarten Hindenburgdamm,06,Steglitz-Zehlendorf,12203,Berlin,Hindenburgdamm,30,,030 84417200,https://hindenburgdamm.froebel.info/unser-kindergarten,30,Kindertagesstätte,,,1227,Fröbel Bildung und Erziehung gGmbH,freie Träger,http://www.froebel-gruppe.de/,13.31704952,52.44061658
06120120,Kita der Ev. Kirchengem. Johannes,06,Steglitz-Zehlendorf,12205,Berlin,Baseler Str.,67,,030 833 35 93,https://www.kirchenkreis-steglitz.de/kita-johannes,50,Kindertagesstätte,,,0401,Ev. Kirchengemeinde Johannes,freie Träger,http://www.ev-johannes.de,13.29555681,52.43565702
06120130,Ev. Kindertagesstätte Südende,06,Steglitz-Zehlendorf,12167,Berlin,Buhrowstr.,6,-7,030 795 71 80,http://www.kirchenkreis-steglitz.de/kita-suedende,130,Kindertagesstätte,Offene-Arbeit,,0402,Ev. Kirchengemeinde Südende,freie Träger,http://www.kirchenkreis-steglitz.de/suedende,13.35124204,52.44697159
06120140,An der Birke Kita der Ev. Dietrich-Bonhoeffer- Gemeinde,06,Steglitz-Zehlendorf,12249,Berlin,Dessauerstr.,14,,030 772 80 53,https://www.kirchenkreis-steglitz.de/kita-an-der-birke,40,Kindertagesstätte,,,0435,Ev. Kirchengemeinde Dietrich-Bonhoeffer,freie Träger,,13.33715222,52.42556323
06120150,Evangelische Lukas Kindertagesstätte,06,Steglitz-Zehlendorf,12169,Berlin,Friedrichsruher Str.,1,-2,0307911148,https://www.kirchenkreis-steglitz.de/was-wir-tun/fuer-kinder/kindertagesstaetten/kita-lukas.html,45,Kindertagesstätte,,,0298,Ev. Kirchengemeinde Lukas,freie Träger,http://www.lukaskirche.de,13.33317285,52.45902749
06120160,Kita der Ev. Kirchengem. Dreifaltigkeit,06,Steglitz-Zehlendorf,12249,Berlin,Gallwitzallee,2,,030 774 60 35,https://www.kirchenkreis-steglitz.de/kita-dreifaltigkeit,85,Kindertagesstätte,Offene-Arbeit,,0299,Ev. Kirchengemeinde Dreifaltigkeit,freie Träger,http://www.lankwitzer-kirchengemeinde.de,13.34537902,52.43567783
06120170,Kita d.Ev.Kirchengem.Paulus/Haus vorn rechts,06,Steglitz-Zehlendorf,12203,Berlin,Hindenburgdamm,101,,030 8449 3247,https://www.kirchenkreis-steglitz.de/kita-hindenburgdamm,85,Kindertagesstätte,,,0436,Ev. Kirchengemeinde Paulus Lichterfelde,freie Träger,http://www.paulus-lichterfelde.de,13.31551998,52.43890216
06120180,Kita der Ev. Kirchengem. Patmos,06,Steglitz-Zehlendorf,12163,Berlin,Lepsiusstr.,25,,030 791 46 78,https://www.kirchenkreis-steglitz.de/kita-patmos,80,Kindertagesstätte,Offene-Arbeit,,0237,Ev. Kirchengemeinde Patmos,freie Träger,https://www.patmos-gemeinde.de/wir.html,13.32173024,52.46332171
06120190,Kita der Ev. Kirchengem. Markus,06,Steglitz-Zehlendorf,12167,Berlin,Liliencronstr.,15,.,03079783420,https://www.markus-gemeinde.de/orte/markus-kita,130,Kindertagesstätte,,,0296,Ev. Kirchengemeinde Markus,freie Träger,http://www.markus-gemeinde.de,13.34102362,52.44913244
06120290,Kita Potsdamer Schlößchen,06,Steglitz-Zehlendorf,12205,Berlin,Potsdamer Str.,9,,030 8431 4630,https://www.mittelhof.org/orte/kitas/potsdamer-schloesschen/,50,Kindertagesstätte,Situationsansatz,,1247,Mittelhof e.V.,freie Träger,http://www.mittelhof.org,13.30256459,52.43498729
06120300,Kita Réaumurstr. 3/Kitas Süd-West,06,Steglitz-Zehlendorf,12207,Berlin,Réaumurstr.,3,,030 290276580,,180,Kindertagesstätte,Sonstiges/Situationsansatz,,0123,Kindertagesstätten Berlin Süd-West,Eigenbetriebe,http://www.kitas-sued-west.de,13.31836955,52.41104722
06120320,Kita Lindenhof/Ev. Kirchengem. Petrus-Giesensdorf,06,Steglitz-Zehlendorf,12207,Berlin,Ostpreußendamm,64,,030 755 19 307/8,,83,Kindertagesstätte,,,0297,Ev. Kirchengemeinde Petrus-Giesensdorf,freie Träger,http://www.petrus-giesensdorf.de,13.31060514,52.42146355
06120330,Kita Petrusheim/Ev. Kirchengem. Petrus-Giesensdorf,06,Steglitz-Zehlendorf,12209,Berlin,Parallelstr.,29,,030 772 72 34,https://www.petrus-giesensdorf.de/kitas/kindertagesstaette-petrusheim,90,Kindertagesstätte,Offene-Arbeit,,0297,Ev. Kirchengemeinde Petrus-Giesensdorf,freie Träger,http://www.petrus-giesensdorf.de,13.32248194,52.4236791
06120340,Kita der Evangelische Paulus-Kirchengemeinde,06,Steglitz-Zehlendorf,12203,Berlin,Roonstr.,9,,834 59 54,http://www.kita-roonstrasse.de,55,Kindertagesstätte,Reggio-Pädagogik/Offene-Arbeit/Ansatz von Emmi Pikler/Montessori-Pädagogik,,0436,Ev. Kirchengemeinde Paulus Lichterfelde,freie Träger,http://www.paulus-lichterfelde.de,13.31201025,52.44742889
06120350,Kita Oberlin der Ev. Kirchengem. Matthäus,06,Steglitz-Zehlendorf,12165,Berlin,Schützenstr.,32,,030- 834 60 02,,90,Kindertagesstätte,Offene-Arbeit,,0295,Ev. Kirchengemeinde Matthäus,freie Träger,http://matthaeus-steglitz.de,13.3192993,52.45062211
06120360,Kita der Ev. Kirchengem. Paul-Schneider,06,Steglitz-Zehlendorf,12249,Berlin,Wedellstr.,76,,030 775 39 19,,102,Kindertagesstätte,Offene-Arbeit,,0400,Ev. Kirchengemeinde Paul-Schneider,freie Träger,,13.35835797,52.4305811
06120370,Kath. Kita St. Benedikt,06,Steglitz-Zehlendorf,12247,Berlin,Corneliusstr.,31,,030 259365 104,http://www.hedikitas.de,60,Kindertagesstätte,Offene-Arbeit/Ansatz von Emmi Pikler/Situationsansatz,,9193,Kitas im Erzbistum Berlin-Zweckverband der katholischen Kirchengemeinden,freie Träger,http://hedikitas.de,13.34121168,52.44028509
06120380,Kath. Kita St. Annen,06,Steglitz-Zehlendorf,12203,Berlin,Gardeschützenweg,17,,030 259365-103,http://www.Kita-st-annen.de,60,Kindertagesstätte,Situationsansatz,,9193,Kitas im Erzbistum Berlin-Zweckverband der katholischen Kirchengemeinden,freie Träger,http://hedikitas.de,13.31312711,52.44858492
06120390,Kath. Kita Von der Auferstehung Christi,06,Steglitz-Zehlendorf,12249,Berlin,Kamenzer Damm,66,,259365143,http://www.vdac-kita.de,60,Kindertagesstätte,Situationsansatz,,9193,Kitas im Erzbistum Berlin-Zweckverband der katholischen Kirchengemeinden,freie Träger,http://hedikitas.de,13.36274831,52.43437763
06120400,Kath. Kita Rosenkranz-Basilika,06,Steglitz-Zehlendorf,12163,Berlin,Kieler Str.,10,,2593651380,http://www.rosenkranz-kita.de/,62,Kindertagesstätte,Situationsansatz,,9193,Kitas im Erzbistum Berlin-Zweckverband der katholischen Kirchengemeinden,freie Träger,http://hedikitas.de,13.32432582,52.45866149
06120450,Kita Wedellstraße/Kitas Süd-West,06,Steglitz-Zehlendorf,12249,Berlin,Wedellstr.,59,,030 901729630,,159,Kindertagesstätte,Sonstiges/Situationsansatz,,0123,Kindertagesstätten Berlin Süd-West,Eigenbetriebe,http://www.kitas-sued-west.de,13.36013856,52.4313115
06120460,Kita Ruthstr. 6/Kitas Süd-West,06,Steglitz-Zehlendorf,12247,Berlin,Ruthstr.,6,,030 290276590,https://www.kitas-sued-west.de/kitas-detail/ruthstrasse,130,Kindertagesstätte,Situationsansatz,,0123,Kindertagesstätten Berlin Süd-West,Eigenbetriebe,http://www.kitas-sued-west.de,13.33980744,52.43482738
06120470,Kita Villa Musica,06,Steglitz-Zehlendorf,12247,Berlin,Kaulbachstr.,50,,03076882799,https://www.ejf.de/arbeitsbereiche/kindertagesbetreuung/alle-verbuende-und-koordinationsbereiche/verbund-berlin-und-nordbrandenburg/kindertagesstaette-villa-musica,58,Kindertagesstätte,Situationsansatz,,1221,EJF gemeinnützige AG,freie Träger,http://www.ejf.de,13.33933146,52.43891801
06120480,Kath. Kita St. Monika,06,Steglitz-Zehlendorf,12209,Berlin,Kiesstr.,45,,030 259 365 153,,60,Kindertagesstätte,Situationsansatz,,9193,Kitas im Erzbistum Berlin-Zweckverband der katholischen Kirchengemeinden,freie Träger,http://hedikitas.de,13.33739118,52.42339519
06120490,Kath. Kita St. Hildegard,06,Steglitz-Zehlendorf,12207,Berlin,Königsberger Str.,11,- 12,030 259365152,http://hedikitas.de,60,Kindertagesstätte,Ansatz von Emmi Pikler/Montessori-Pädagogik/Situationsansatz,,9193,Kitas im Erzbistum Berlin-Zweckverband der katholischen Kirchengemeinden,freie Träger,http://hedikitas.de,13.32005423,52.43040688
06120500,Kath. Kita Johannes Evangelist,06,Steglitz-Zehlendorf,12169,Berlin,Sohnreystr.,4,,030 2593651181,,50,Kindertagesstätte,Situationsansatz,,9193,Kitas im Erzbistum Berlin-Zweckverband der katholischen Kirchengemeinden,freie Träger,http://hedikitas.de,13.35018708,52.45078825
06120510,Kita Sausewind,06,Steglitz-Zehlendorf,12205,Berlin,Adolf-Martens-Str.,5,,030 832 8997,http://www.ortefuerkinder.de/unsere-kitas/sausewind/,33,Kindertagesstätte,,,0107,Orte für Kinder GmbH,freie Träger,http://www.ortefuerkinder.de,13.29197865,52.44372993
06120520,EKT - Ahörnchen,06,Steglitz-Zehlendorf,12163,Berlin,Zimmermannstr.,13,,030/7970 9944,http://www.kila-ahoernchen.de/,17,Eltern-Initiativ-Kindertagesstätte,Situationsansatz,,0519,Eltern-Initiativ-Kindergruppe Ahörnchen e.V.,freie Träger,http://www.kila-ahoernchen.de/,13.32033616,52.46042293
06120540,EKT - Steglitzer Kinderkreisel,06,Steglitz-Zehlendorf,12205,Berlin,Drakestr.,30,,030 833 45 09,http://www.steglitzer-kinderkreisel.de,39,Eltern-Initiativ-Kindertagesstätte,Offene-Arbeit/Situationsansatz/Montessori-Pädagogik,,1000,Steglitzer Kinderkreisel e.V.,freie Träger,http://www.steglitzer-kinderkreisel.de,13.29814429,52.4420008
06120550,Kita Grunewaldstraße,06,Steglitz-Zehlendorf,12165,Berlin,Grunewaldstr.,17,,030 7009625810,http://www.kant-kindergarten.de,80,Kindertagesstätte,Sonstiges,,7936,Private Kant-Schulen gGmbH,freie Träger,,13.31401171,52.45948326
06120570,Kita Manteuffelstr. 11/Kitas Süd-West,06,Steglitz-Zehlendorf,12203,Berlin,Manteuffelstr.,11,-12,030 290276540,,212,Kindertagesstätte,Sonstiges/Situationsansatz,,0123,Kindertagesstätten Berlin Süd-West,Eigenbetriebe,http://www.kitas-sued-west.de,13.31172976,52.44568237
06120580,EKT - Fliegenpilz,06,Steglitz-Zehlendorf,12163,Berlin,Markelstr.,24A,,030 7918051,http://www.ekt-fliegenpilz.de,16,Eltern-Initiativ-Kindertagesstätte,Montessori-Pädagogik,,0567,Fliegenpilz e.V.,freie Träger,http://www.ekt-fliegenpilz.de,13.31981727,52.46593168
06120600,EKT - Zwergstatt,06,Steglitz-Zehlendorf,12163,Berlin,Gritznerstr.,67,,030 792 97 58,http://www.zwergstatt-berlin.de,15,Eltern-Initiativ-Kindertagesstätte,Offene-Arbeit,,1094,Zwergstatt e. V.,freie Träger,http://www.zwergstatt-berlin.de,13.31386958,52.46100704
06120630,EKT - Rotkappe,06,Steglitz-Zehlendorf,12157,Berlin,Horst-Kohl-Str.,12,,030 60966644,http://www.kila-rotkappe.de,15,Eltern-Initiativ-Kindertagesstätte,Montessori-Pädagogik,,0931,Rotkappe e.V.,freie Träger,http://www.kila-rotkappe.de,13.34379716,52.46153605
06120640,EKT Lankwitz,06,Steglitz-Zehlendorf,12249,Berlin,Ingridpfad,14,,030 7725056,http://www.kinderladen-lankwitz.de,20,Eltern-Initiativ-Kindertagesstätte,Offene-Arbeit,,0820,Elterninitiative Lankwitz e.V.,freie Träger,http://www.kinderladen-lankwitz.de,13.34062829,52.43153911
06120650,EKT Langzeit,06,Steglitz-Zehlendorf,12205,Berlin,Kommandantenstr.,86,,030 8333844,http://www.kila-langzeit.de,18,Eltern-Initiativ-Kindertagesstätte,Situationsansatz,,0819,EKT Langzeit e.V.,freie Träger,http://www.kila-langzeit.de,13.29322596,52.43468201
06120670,EKT - Steglitzer Eierpamper,06,Steglitz-Zehlendorf,12163,Berlin,Markelstr.,23,,030 791 36 21,,15,Eltern-Initiativ-Kindertagesstätte,,,0999,Steglitzer Eierpamper e.V.,freie Träger,,13.32062908,52.4656438
06120680,EKT - Lankwitzer Spielkiste,06,Steglitz-Zehlendorf,12247,Berlin,Melanchthonstr.,3,,030 774 10 50,http://lankwitzer-spielkiste.de,30,Eltern-Initiativ-Kindertagesstätte,Offene-Arbeit,,0821,Lankwitzer Spielkiste e.V.,freie Träger,http://lankwitzer-spielkiste.de,13.34962331,52.43603027
06120690,EKT - Kasymir,06,Steglitz-Zehlendorf,12169,Berlin,Menckenstr.,1,,030 7912827,http://www.kinderladen-kasymir.de,20,Eltern-Initiativ-Kindertagesstätte,Situationsansatz,,0729,KASYMIR e.V.,freie Träger,,13.33146395,52.4584828
06120710,EKT Pippifax,06,Steglitz-Zehlendorf,12203,Berlin,Haydnstr.,7,,030-8346251,http://www.pippifax-berlin.de,16,Eltern-Initiativ-Kindertagesstätte,Sonstiges,,0905,EKT Pippifax e.V.,freie Träger,http://www.pippifax-berlin.de,13.31696141,52.44752014
06120730,EKT - Blumenladen,06,Steglitz-Zehlendorf,12203,Berlin,Moltkestr.,47,,030 8341404,http://www.kinderladen-blumenladen.de,20,Eltern-Initiativ-Kindertagesstätte,Situationsansatz/Montessori-Pädagogik/Offene-Arbeit,,0546,"EKT ""Blumenladen"" e. V.",freie Träger,http://www.kinderladen-blumenladen.de/,13.30779909,52.44607575
06120760,Krikelkrakel e.V.,06,Steglitz-Zehlendorf,12161,Berlin,Peschkestr.,8,,030 859 25 80,,12,Eltern-Initiativ-Kindertagesstätte,Situationsansatz,,0803,Krikel Krakel e.V.,freie Träger,,13.33155581,52.46481212
06120770,Christlicher Kindergarten Schatzinsel,06,Steglitz-Zehlendorf,12207,Berlin,Schillerstr.,24,,030 7737114,http://www.christlicher-kindergarten-schatzinsel.de,40,Kindertagesstätte,Ansatz von Emmi Pikler/Situationsansatz,,0615,Christlicher Kindergarten Schatzinsel e.V.,freie Träger,https://christlicher-kindergarten-schatzinsel.de/,13.32288859,52.42636865
06120790,EKT - Papalagi,06,Steglitz-Zehlendorf,12165,Berlin,Berlinickestr.,13,,030 791 95 40,,22,Eltern-Initiativ-Kindertagesstätte,Offene-Arbeit/Situationsansatz,,0890,PAPALAGI e. V.,freie Träger,https://kinderladen-papalagi.de/,13.32328454,52.45530829
06120800,EKT - Kulleberga,06,Steglitz-Zehlendorf,12169,Berlin,Altmarkstr.,26,,030 855 50 40,http://www.kulleberga.de,15,Eltern-Initiativ-Kindertagesstätte,Situationsansatz,,0811,Kulleberga e.V.,freie Träger,http://www.kulleberga.de,13.34219283,52.45938947
06120810,EKT - Kinderladen Zweitausendfüßler,06,Steglitz-Zehlendorf,12157,Berlin,Thorwaldsenstr.,29,,030 795 47 73,,16,Eltern-Initiativ-Kindertagesstätte,Situationsansatz,,0761,Kinderladen Zweitausendfüßler e.V.,freie Träger,http://www.zweitausendfuessler.de,13.34423907,52.46164564
06120830,EKT - Pusteblume,06,Steglitz-Zehlendorf,12167,Berlin,Sedanstr.,7,,030 7951574,https://pusteblume-steglitz.de/,22,Eltern-Initiativ-Kindertagesstätte,Situationsansatz,,0568,Pusteblume e.V.,freie Träger,https://pusteblume-steglitz.de/,13.33381023,52.45002096
06120840,EKT Stadtpark Steglitz,06,Steglitz-Zehlendorf,12247,Berlin,Paul-Schneider-Str.,22,,030 60 27 48 23,http://www.kinderladen-steglitz.de,18,Eltern-Initiativ-Kindertagesstätte,Montessori-Pädagogik/Situationsansatz/Offene-Arbeit,,0998,Elterninitiativ-Kindertagesstätte (EKT) Stadtpark Steglitz e.V.,freie Träger,http://www.kinderladen-steglitz.de,13.34805645,52.43477389
06120850,Kita Dreikäse-Hoch (Wohneinheit links),06,Steglitz-Zehlendorf,12247,Berlin,Beethovenstr.,34,,030 7676 9834,https://www.mittelhof.org/orte/kitas/drei-kaese-hoch/,50,Kindertagesstätte,Situationsansatz,,1247,Mittelhof e.V.,freie Träger,http://www.mittelhof.org,13.33100509,52.43811654
06120860,Kita Diakoniewerk der Ev.-Freikirchl. Gem. - Baptisten,06,Steglitz-Zehlendorf,12165,Berlin,Rothenburgstr.,12A,-13,030 7921002,http://www.kindergarten-steglitz.de,41,Kindertagesstätte,Situationsansatz,,1212,Diakoniewerk d.Ev.-Freikirchl. Gem.-Baptisten- Bln-Stegl. KdöR e.V.,freie Träger,http://www.kindergarten-steglitz.de,13.31549475,52.45610749
06120870,Kita Fregestraße,06,Steglitz-Zehlendorf,12161,Berlin,Fregestr.,53,,030 85 98 66 20,http://www.kita-frege.nbhs.de,40,Kindertagesstätte,Offene-Arbeit/Situationsansatz,,1249,Nachbarschaftsheim Schöneberg e.V.,freie Träger,http://www.nbhs.de,13.33601935,52.4670338
06120890,Kita Schlosskobolde,06,Steglitz-Zehlendorf,12203,Berlin,Hindenburgdamm,28,,030 84411043,http://www.stadtteilzentrum-steglitz.de,71,Kindertagesstätte,Situationsansatz,,1280,Stadtteilzentrum Steglitz - Verein für soziale Arbeit e.V.,freie Träger,http://www.stadtteilzentrum-steglitz.de,13.31641684,52.43899496
06120900,Kita Cooperative Mensch eG,06,Steglitz-Zehlendorf,12207,Berlin,Prettauer Pfad,23,33,030 22 500 360,http://www.cooperative-mensch.de,115,Kindertagesstätte,Situationsansatz,,1207,Cooperative Mensch eG,freie Träger,http://www.cooperative-mensch.de,13.29904163,52.41931514
06120920,EKT Ja Ja He und Co.,06,Steglitz-Zehlendorf,12167,Berlin,Breite Str.,38,,030 793 22 65,https://www.jajahe.de,17,Eltern-Initiativ-Kindertagesstätte,Situationsansatz,,0689,Ja Ja He und Co. e.V.,freie Träger,https://www.jajahe.de,13.32778046,52.45360966
06120930,Kita Filandastr. 27/Kitas Süd-West,06,Steglitz-Zehlendorf,12169,Berlin,Filandastr.,27,,030 290276190,,45,Kindertagesstätte,Situationsansatz,,0123,Kindertagesstätten Berlin Süd-West,Eigenbetriebe,http://www.kitas-sued-west.de,13.33209821,52.45552643
06120950,Kita Die Kobolde (Wohneinheit rechts),06,Steglitz-Zehlendorf,12247,Berlin,Beethovenstr.,34,rechts,030 834 14 77,https://www.mittelhof.org/orte/kitas/die-kobolde/,37,Kindertagesstätte,Offene-Arbeit/Sonstiges/Situationsansatz,,1247,Mittelhof e.V.,freie Träger,http://www.mittelhof.org,13.33100509,52.43811654
06120970,Kita Frobenstraße/Kitas Süd-West,06,Steglitz-Zehlendorf,12249,Berlin,Frobenstr.,75,,030 290276520,https://www.kitas-sued-west.de/kitas-detail/frobenstrasse,192,Kindertagesstätte,Sonstiges/Situationsansatz,,0123,Kindertagesstätten Berlin Süd-West,Eigenbetriebe,http://www.kitas-sued-west.de,13.34431751,52.42993105
06120990,EKT - Ringelbande,06,Steglitz-Zehlendorf,12165,Berlin,Schmidt-Ott-Str.,4,,030 7920895,http://www.ringelbande.de,18,Eltern-Initiativ-Kindertagesstätte,Situationsansatz,,0924,Ringelbande e.V.,freie Träger,,13.31283458,52.45808631
06121000,Kita John F.Kennedy Friendship Center,06,Steglitz-Zehlendorf,12165,Berlin,Am Fichtenberg,16,,030 79018331,http://www.jfkfc.org,117,Kindertagesstätte,,,0688,John F. Kennedy Friendship Center e.V.,freie Träger,http://www.jfkfc.org,13.31000045,52.45460848
06121090,Erste Freunde,06,Steglitz-Zehlendorf,12249,Berlin,Sondershauser Str.,50,,030 70721475,,45,Kindertagesstätte,Situationsansatz,,0435,Ev. Kirchengemeinde Dietrich-Bonhoeffer,freie Träger,,13.34284748,52.42088771
06121100,Kita der Johann-Sebastian-Bach Kirchengemeinde,06,Steglitz-Zehlendorf,12205,Berlin,Luzerner Str.,10,,030 28833413,http://www.bach-kirchengemeinde.de,36,Kindertagesstätte,Situationsansatz,,0479,Ev. Kirchengemeinde Johann-Sebastian-Bach,freie Träger,http://www.bach-kirchengemeinde.de,13.29715941,52.42419054
06121120,EKT - Rotz und Trotz,06,Steglitz-Zehlendorf,12203,Berlin,Sophienstr.,9,,030 8431 6789,http://rotzundtrotz.de/,28,Eltern-Initiativ-Kindertagesstätte,Situationsansatz,,0932,Rotz und Trotz e. V.,freie Träger,http://rotzundtrotz.de/,13.30280303,52.44279336
06121130,Kita Happy Kids (1. Einrichtung),06,Steglitz-Zehlendorf,12163,Berlin,Gritznerstr.,33,,030 7565 0016,http://www.kita-happy-kids.de,45,Kindertagesstätte,Montessori-Pädagogik,,1132,Happy Kids GmbH gemeinnützige Gesellschaft,freie Träger,http://www.kita-happy-kids.de,13.31584163,52.46337017
06121140,Kita Lilienthal,06,Steglitz-Zehlendorf,12209,Berlin,Schütte-Lanz-Str.,43,,030 7565 4971,https://www.mittelhof.org/orte/kitas/lilienthal/,104,Kindertagesstätte,Offene-Arbeit/Situationsansatz,,1247,Mittelhof e.V.,freie Träger,http://www.mittelhof.org,13.32771428,52.41320371
06121200,Kita Lichterfelder Strolche,06,Steglitz-Zehlendorf,12209,Berlin,Scheelestr.,145,,030 72024981,http://www.stadtteilzentrum-steglitz.de,67,Kindertagesstätte,Situationsansatz,,1280,Stadtteilzentrum Steglitz - Verein für soziale Arbeit e.V.,freie Träger,http://www.stadtteilzentrum-steglitz.de,13.32119972,52.41182654
06121240,EKT Die Maulwürfe,06,Steglitz-Zehlendorf,12209,Berlin,Lorenzstr.,57,,030 772 69 27,http://www.kila-maulwuerfe.de,45,Eltern-Initiativ-Kindertagesstätte,Situationsansatz,,0502,"""Die Maulwürfe"" Kinderladen e.V.",freie Träger,http://www.kila-maulwuerfe.de,13.33202093,52.42606099
06121250,Humanistische Kindertagesstätte Holtheimer Weg,06,Steglitz-Zehlendorf,12207,Berlin,Holtheimer Weg,6,,7124930,http://www.humanistischekitas.de,100,Kindertagesstätte,Offene-Arbeit,,1230,"Humanistischer Verband Deutschlands, Landesverband Berlin-Brandenburg KdöR",freie Träger,https://humanistisch.de/kitas/,13.30758442,52.41094095
06121270,Kita Starke Kinder,06,Steglitz-Zehlendorf,12247,Berlin,Kaulbachstr.,59,61,030 7688 2711,https://www.jugendundsozialwerk.de/kitas/berlin/steglitz-zehlendorf/kita-regenbogenland/,166,Kindertagesstätte,Montessori-Pädagogik/Situationsansatz/Offene-Arbeit,,1296,Jugend- und Sozialwerk gGmbH,freie Träger,http://www.jus-or.de,13.33943053,52.43841042
06121280,Kita am Fliegeberg,06,Steglitz-Zehlendorf,12209,Berlin,Scheelestr.,45,,030 711 70 84,https://www.mittelhof.org/orte/kitas/kita-am-fliegeberg/,115,Kindertagesstätte,Situationsansatz,,1247,Mittelhof e.V.,freie Träger,http://www.mittelhof.org,13.33086303,52.41520834
06121340,Kita Zaubermäuse,06,Steglitz-Zehlendorf,12163,Berlin,Lepsiusstr.,53,,030 / 793 14 62,http://www.infantarius.info,40,Kindertagesstätte,Situationsansatz/Offene-Arbeit,,7499,Infantarius Kindergärten gGmbH,freie Träger,http://www.infantarius.info,13.31817627,52.46132462
06121350,Kita Baseler Strasse,06,Steglitz-Zehlendorf,12205,Berlin,Baseler Str.,161,,030 8472 8050,http://www.dwstz.de,100,Kindertagesstätte,Sonstiges/Offene-Arbeit,,0437,Diakonisches Werk Steglitz und Teltow-Zehlendorf e. V.,freie Träger,http://www.dwstz.de,13.29479109,52.42649282
06121360,Kita Berliner Sterne,06,Steglitz-Zehlendorf,12203,Berlin,Dürerstr.,20,,030 51059280,http://kitaberlinersterne.de,35,Kindertagesstätte,Situationsansatz,,8711,Berliner Sterne gemeinnützige Unternehmergesellschaft (haftungsbeschränkt),freie Träger,http://kitaberlinersterne.de,13.30527424,52.43744482
06121380,Klax Krippe Spatzennest und Klax Kindergarten Tinkerbell,06,Steglitz-Zehlendorf,12203,Berlin,Hindenburgdamm,22,,030 280 36127-90,http://www.klax-kita.de,136,Kindertagesstätte,,,1214,KLAX Berlin gGmbH,freie Träger,http://klax.de,13.31533269,52.43671551
06121390,Kita Mary Poppinz I,06,Steglitz-Zehlendorf,12247,Berlin,Beethovenstr.,38,,030 78082746,http://www.marypoppinz.de,28,Kindertagesstätte,Ansatz von Emmi Pikler/Reggio-Pädagogik/Situationsansatz,,8218,Mary Poppinz gemeinnützige Unternehmergesellschaft (haftungsbeschränkt),freie Träger,http://www.marypoppinz.de,13.33083664,52.43836951
06121400,Kita Happy Kids,06,Steglitz-Zehlendorf,12163,Berlin,Forststr.,10,,030 79 302 664,http://www.kita-happy-kids.de,26,Kindertagesstätte,Montessori-Pädagogik,,1132,Happy Kids GmbH gemeinnützige Gesellschaft,freie Träger,http://www.kita-happy-kids.de,13.31630512,52.46360695
06121440,Kita Zaubersterne,06,Steglitz-Zehlendorf,12249,Berlin,Gallwitzallee,35,,030 / 76 88 23 22,http://www.infantarius.info,41,Kindertagesstätte,Situationsansatz,,7499,Infantarius Kindergärten gGmbH,freie Träger,http://www.infantarius.info,13.34655144,52.43300765
06121450,Kita Spatzenhaus,06,Steglitz-Zehlendorf,12167,Berlin,Birkbuschstr.,14,,030 58799990,,25,Kindertagesstätte,Sonstiges/Situationsansatz,,7891,FdM gemeinnützige UG (haftungsbeschränkt) Förderung der Mehrsprachigkeit,freie Träger,http://www.mehrsprachigekitas.de,13.3219085,52.45066097
06121510,Kita Milchbartpiraten,06,Steglitz-Zehlendorf,12249,Berlin,Ursulastr.,12,,030 81001834,http://www.milchbartpiraten.de,125,Kindertagesstätte,Situationsansatz,,7909,J. KERSTEN Betriebs-gGmbH,freie Träger,http://www.milchbartpiraten.de,13.34312387,52.43245975
06121520,Montessori Kinderhaus Steglitz,06,Steglitz-Zehlendorf,12169,Berlin,Plantagenstr.,1,,030 233264030,,30,Kindertagesstätte,Montessori-Pädagogik/Ansatz von Emmi Pikler,,8066,Montessori und Friends Education gGmbH,freie Träger,http://www.montessori-friends.de,13.32941294,52.45441767
06121540,Kita Mary Poppinz II,06,Steglitz-Zehlendorf,12205,Berlin,Finckensteinallee,42A,,030 70086047,http://www.marypoppinz.de,41,Kindertagesstätte,Reggio-Pädagogik/Situationsansatz,,8218,Mary Poppinz gemeinnützige Unternehmergesellschaft (haftungsbeschränkt),freie Träger,http://www.marypoppinz.de,13.30281214,52.4327565
06121550,Kita -Happy Kids,06,Steglitz-Zehlendorf,12163,Berlin,Gritznerstr.,1,,030 79016839,http://www.kita-happy-kids.de,27,Kindertagesstätte,Montessori-Pädagogik,,1132,Happy Kids GmbH gemeinnützige Gesellschaft,freie Träger,http://www.kita-happy-kids.de,13.31907668,52.46682298
06121560,Kita - Bibbi Bär,06,Steglitz-Zehlendorf,12169,Berlin,Immenweg,13,-15,030 22150784,http://www.bibbi-bär.de,28,Kindertagesstätte,Situationsansatz,,8312,Die Kuschelburg gemeinnützige UG (haftungsbeschränkt),freie Träger,http://www.bibbi-bär.de,13.34470585,52.45151727
06121590,Kita Blumenstadt,06,Steglitz-Zehlendorf,12169,Berlin,Selerweg,19,-21,030 92259310,http://www.mitra-kindergarten.de,114,Kindertagesstätte,Sonstiges,,8368,MITRA bilinguale Kindergärten gemeinnützige GmbH,freie Träger,http://www.mitra-kindergarten.de,13.33341046,52.45487958
06121600,Happy Kids Kreuznacher Straße,06,Steglitz-Zehlendorf,14197,Berlin,Kreuznacher Str.,9,,030 79742847,http://www.kita-happy-kids.de,20,Kindertagesstätte,Montessori-Pädagogik,,1132,Happy Kids GmbH gemeinnützige Gesellschaft,freie Träger,http://www.kita-happy-kids.de,13.31933034,52.46688862
06121610,Kita Sonnenstrahl,06,Steglitz-Zehlendorf,12205,Berlin,Murtener Str.,10,,030 84 11 90 80,https://www.mittelhof.org/orte/kitas/sonnenstrahl/,60,Kindertagesstätte,Offene-Arbeit/Situationsansatz,,1247,Mittelhof e.V.,freie Träger,http://www.mittelhof.org,13.28946701,52.43130809
06121630,Kita Beselerstraße,06,Steglitz-Zehlendorf,12249,Berlin,Beselerstr.,1,- 3,030 76804767,http://www.mehrsprachige-kitas.de,30,Kindertagesstätte,Situationsansatz/Sonstiges,,1398,Verein zur Förderung der Mehrsprachigkeit e.V.,freie Träger,http://www.mehrsprachigekitas.de,13.35181916,52.4293831
06121640,Kita Unter den Eichen,06,Steglitz-Zehlendorf,12205,Berlin,Unter den Eichen,93,,030 60940800,,22,Eltern-Initiativ-Kindertagesstätte,Situationsansatz,,7884,Biegel e. V.,freie Träger,,13.2912622,52.44441101
06121650,Kita Schützenstraße,06,Steglitz-Zehlendorf,12165,Berlin,Schützenstr.,41A,,030 79789170,,30,Kindertagesstätte,Situationsansatz,,7891,FdM gemeinnützige UG (haftungsbeschränkt) Förderung der Mehrsprachigkeit,freie Träger,http://www.mehrsprachigekitas.de,13.32237489,52.45287134
06121660,Kita Nannys Place,06,Steglitz-Zehlendorf,12205,Berlin,Drakestr.,1,,030 84723053,http://www.NannysPlace.de,66,Kindertagesstätte,Situationsansatz,,7910,Verein zur Betreuung und Förderung von Kindern in der Tageseinrichtung Nannys Place e. V.,freie Träger,http://www.NannysPlace.de,13.30931741,52.43197935
06121690,Kita Loftschloss,06,Steglitz-Zehlendorf,14167,Berlin,Goerzallee,190,,030 54483274,http://Loftschloss.com,36,Kindertagesstätte,Offene-Arbeit/Ansatz von Emmi Pikler,,8125,Loftschloss gGmbH,freie Träger,http://Loftschloss.com,13.28711074,52.41825093
06121700,Kita Giesensdorfer Straße 11 - Lilli,06,Steglitz-Zehlendorf,12207,Berlin,Giesensdorfer Str.,11,,03095618790,http://www.rubin-kindergarten.de,120,Kindertagesstätte,Situationsansatz,,7849,Rubin e. V.,freie Träger,http://www.rubin-kindergarten.de,13.31311451,52.4275775
06121710,el caracol - bilingualer Kindergarten,06,Steglitz-Zehlendorf,12205,Berlin,Drakestr.,9B,,030 8731502,http://www.el-caracol.de,55,Kindertagesstätte,,,0649,el caracol bilingualer Kindergarten Spanisch / Deutsch gGmbH,freie Träger,http://www.el-caracol.de,13.30586116,52.43503097
06121730,Kita Maltinis,06,Steglitz-Zehlendorf,12249,Berlin,Malteserstr.,120,,030 98327770,http://www.stadtteilzentrum-steglitz.de,90,Kindertagesstätte,Situationsansatz,,1280,Stadtteilzentrum Steglitz - Verein für soziale Arbeit e.V.,freie Träger,http://www.stadtteilzentrum-steglitz.de,13.35827981,52.42228808
06121740,Kita JuLi Kinder,06,Steglitz-Zehlendorf,12167,Berlin,Halskestr.,9,,030 98335923,http://www.JuLiKinder.com,28,Kindertagesstätte,Sonstiges/Situationsansatz,,8246,JuLi Kinder UG (haftungsbeschränkt),freie Träger,http://www.JuLiKinder.com,13.34509754,52.44856733
06121750,hisa Kita Derfflingerstraße,06,Steglitz-Zehlendorf,12249,Berlin,Derfflingerstr.,32,,030 77006134,http://www.hisa-welt.de,65,Kindertagesstätte,Situationsansatz/Montessori-Pädagogik,,1179,hisa gemeinnützige Gesellschaft mit beschränkter Haftung (hisa gGmbH),freie Träger,http://www.hisa-welt.de,13.33845964,52.42912507
06121760,SpIn Kita,06,Steglitz-Zehlendorf,12207,Berlin,Ostpreußendamm,58,,030 52662495,,41,Kindertagesstätte,Situationsansatz,,8260,SpIn-Kita gGmbH,freie Träger,http://www.spin-kita.de,13.3137575,52.42387237
06121770,Kita Grashüpferchen,06,Steglitz-Zehlendorf,12247,Berlin,Kaiser-Wilhelm-Str.,116,,030 55621104,http://www.kita-grashuepferchen.de,92,Kindertagesstätte,,,8265,Kita Grashüpferchen gemeinnützige GmbH,freie Träger,http://www.kita-grashuepferchen.de,13.35085344,52.44016002
06121780,Kleine Zwergenparade,06,Steglitz-Zehlendorf,12167,Berlin,Breite Str.,1,,030 375 864 85,http://zwergenfamilie-berlin.de,,Kindertagesstätte,,,8292,Zwergenfamilie gGmbH,freie Träger,https://www.zwergenfamilie-berlin.de,13.32782344,52.45417252
06121790,Kita Zauberzwerge,06,Steglitz-Zehlendorf,12163,Berlin,Ahornstr.,20,,030 797 46 555,http://www.infantarius.info,32,Kindertagesstätte,Situationsansatz/Offene-Arbeit,,7499,Infantarius Kindergärten gGmbH,freie Träger,http://www.infantarius.info,13.32059756,52.46136712
06121800,el caracol bilingualer Kindergarten,06,Steglitz-Zehlendorf,12165,Berlin,Grunewaldstr.,46,,030 8731502,http://www.el-caracol.de,55,Kindertagesstätte,,,0649,el caracol bilingualer Kindergarten Spanisch / Deutsch gGmbH,freie Träger,http://www.el-caracol.de,13.31466934,52.45887493
06121810,Kita Sonnenblume Saaleckplatz,06,Steglitz-Zehlendorf,12209,Berlin,Saaleckplatz,2,,03077059930,http://kita-sonnenblume.eu,25,Kindertagesstätte,Situationsansatz,,1349,Kita Sonnenblume gGmbH,freie Träger,http://kita-sonnenblume.eu,13.32363248,52.41680628
06121840,Lemmis Kreativ-Kita,06,Steglitz-Zehlendorf,12167,Berlin,Gravelottestr.,10,,030 513 055 38,http://lemmis-kreativ-kita.de,40,Kindertagesstätte,Situationsansatz,,8425,Kreativ-Kitas Berlin Süd gUG (haftungsbeschränkt),freie Träger,http://lemmis-kreativ-kita.de,13.32756859,52.44758792
06121850,Montessori-Kinderladen Mauersegler,06,Steglitz-Zehlendorf,12209,Berlin,Lankwitzer Str.,10,,030 97894989,http://www.kinderladen-mauersegler.de,22,Eltern-Initiativ-Kindertagesstätte,Ansatz von Emmi Pikler/Offene-Arbeit,,1197,Montessori-Kinderladen-Mitte e. V.,freie Träger,http://www.kinderladen-mauersegler.de,13.33202998,52.4294832
06121860,Kita Tautropfen,06,Steglitz-Zehlendorf,12169,Berlin,Steglitzer Damm,69A,,030 20622998-0,http://www.awo-promensch.de,74,Kindertagesstätte,Situationsansatz,,0155,AWO pro:mensch gGmbH,freie Träger,http://www.awo-promensch.de,13.34849082,52.45018374
06121870,Kita Undinchen,06,Steglitz-Zehlendorf,12207,Berlin,Ostpreußendamm,71,,030 26343048,http://Kitaundinchen.de,40,Kindertagesstätte,Situationsansatz,,8508,Kita Undinchen gGmbH,freie Träger,http://www.kitaundinchen.de,13.30751741,52.42021724
06121880,Kita Benjamin Blume,06,Steglitz-Zehlendorf,12247,Berlin,Kaiser-Wilhelm-Str.,20,/22,030 76725049,http://www.kita-benjaminblume.de,37,Kindertagesstätte,Ansatz von Emmi Pikler/Montessori-Pädagogik/Situationsansatz/Offene-Arbeit,,8426,Kita Benjamin Blume gUG (haftungsbeschränkt),freie Träger,http://www.kita-benjaminblume.de,13.33605062,52.43095148
06121890,KiWi Kita Bühne,06,Steglitz-Zehlendorf,12207,Berlin,Fahrenheitstr.,32,- 34,030 83193001,http://www.kiwikita.de,133,Kindertagesstätte,Situationsansatz,,8620,KiWi Kita gemeinnützige UG (haftungsbeschränkt),freie Träger,http://www.kiwikita.de,13.31336821,52.41307184
06121900,Kinder in Lichterfelde,06,Steglitz-Zehlendorf,12203,Berlin,Hindenburgdamm,55,,030 89040503,http://www.kinder-lichterfelde.de/,50,Kindertagesstätte,Sonstiges,,8186,One World Kinder gGmbH,freie Träger,http://oneworldkinder.de/,13.31568354,52.44568391
06121910,Cardelinas,06,Steglitz-Zehlendorf,12167,Berlin,Leydenallee,90,,030 49085193,http://www.tukita.de,42,Kindertagesstätte,Sonstiges,,8179,tuKita gemeinnützige UG (haftungsbeschränkt),freie Träger,http://www.tukita.de,13.3239078,52.45377872
06121930,Kita Sternenlichter,06,Steglitz-Zehlendorf,12207,Berlin,Celsiusstr.,69,,030 91428708,http://www.kitavis.de,101,Kindertagesstätte,Situationsansatz,,8315,SBH Nordost GmbH,freie Träger,http://www.sbh-nordost.de,13.31399863,52.41207921
06121940,Kita Multitalent Heesestraße,06,Steglitz-Zehlendorf,12169,Berlin,Heesestr.,9,,030 98377580,http://www.kita-multitalent.de,25,Kindertagesstätte,Situationsansatz,,8503,Kita Multitalent gGmbH,freie Träger,http://www.kita-multitalent.de,13.32710516,52.45671018
06121950,Kita Scheelestraße 83,06,Steglitz-Zehlendorf,12209,Berlin,Scheelestr.,83,,030 91428961,https://www.cjd-berlin-brandenburg.de/angebote/elementarpaedagogik-und-familienbildung/kita-scheelestrasse/,60,Kindertagesstätte,Reggio-Pädagogik/Situationsansatz,,1209,CJD Berlin-Brandenburg im CJD e.V.,freie Träger,http://www.cjd-berlin-brandenburg.de,13.32437918,52.41297489
06121960,Kita Villa mima,06,Steglitz-Zehlendorf,12209,Berlin,Hildburghauser Str.,116,,0176 73879810,http://www.kita-mima.de,90,Kindertagesstätte,Waldorfpädagogik/Situationsansatz,,8471,Kita mima GmbH,freie Träger,http://www.kita-mima.de,13.33761144,52.41687602
06121970,Naturdetektive Kita Dessauer,06,Steglitz-Zehlendorf,12249,Berlin,Dessauerstr.,28,,75444600,http://www.kita-naturdetektive.de,46,Kindertagesstätte,Offene-Arbeit/Waldorfpädagogik/Situationsansatz/Montessori-Pädagogik,,8747,Naturdetektive gUG (haftungsbeschränkt),freie Träger,http://www.kita-naturdetektive.de,13.34003026,52.42666734
06121990,Noctiluca,06,Steglitz-Zehlendorf,12203,Berlin,Hindenburgdamm,100,,0160 5027444,https://www.emmaundlukas.de,24,Kindertagesstätte,Situationsansatz,,8861,KiMo gemeinnützige UG,freie Träger,https://www.emmaundlukas.de,13.31584886,52.43915141
06122000,Zehlendorfer Teddys,06,Steglitz-Zehlendorf,14167,Berlin,Teltower Damm,188,,22326082,https://gkj-berlin.de/kindertagesstaetten/zehlendorfer-teddys-teltowerdamm,75,Kindertagesstätte,Situationsansatz,,8733,GKJ-Berlin gemeinnützige Gesellschaft für Kinder- und Jugendhilfe mbH,freie Träger,http://www.gkj-berlin.de,13.26522744,52.41697243
06122010,Die kleinen Grünschnäbel III,06,Steglitz-Zehlendorf,12203,Berlin,Hortensienstr.,29,,030 015772770014,http://www.diekleinengruenschnaebel.de,36,Kindertagesstätte,Situationsansatz,,8459,Die kleinen Grünschnäbel UG (haftungsbeschränkt),freie Träger,http://diekleinengruenschnaebel.de,13.30626189,52.44794191
06122030,Kita JuliKinder,06,Steglitz-Zehlendorf,12167,Berlin,Borstellstr.,36,,030 44323410,http://www.JuLiKinder.com,40,Kindertagesstätte,Sonstiges/Situationsansatz,,8246,JuLi Kinder UG (haftungsbeschränkt),freie Träger,http://www.JuLiKinder.com,13.34522111,52.44742987
06122040,Kita Blütezeit,06,Steglitz-Zehlendorf,12169,Berlin,Kelchstr.,23,,030 2145 8050,http://www.bluetezeit-berlin.de,165,Kindertagesstätte,Reggio-Pädagogik/Offene-Arbeit/Situationsansatz,,9102,Blütezeit gGmbH,freie Träger,http://www.bluetezeit-berlin.de,13.3575616,52.45086304
06122050,Kita Nusshütte Goerzallee,06,Steglitz-Zehlendorf,12207,Berlin,Goerzallee,141,,030 32896836,http://www.kita-nusshuette.de,24,Kindertagesstätte,Situationsansatz,,8864,CeFi - Bildung und Verständigung gGmbH,freie Träger,http://www.cefi-bildung.de,13.29550321,52.41977668
06122060,Kita Bethel Lichterfelde,06,Steglitz-Zehlendorf,12207,Berlin,Boothstr.,33,,030 91 48 95 27,http://www.BethelNet.de,92,Kindertagesstätte,Situationsansatz,,9148,Kita Bethel Berlin gemeinnützige GmbH,freie Träger,http://www.BethelNet.de,13.32863181,52.43295431
06122070,El Mundo de los Ninos gGmbH,06,Steglitz-Zehlendorf,12207,Berlin,Jungfernstieg,4C,,0152 17290553,http://www.elmundo.berlin/,90,Kindertagesstätte,Situationsansatz,,8701,El mundo de los ninos gGmbH,freie Träger,https://www.elmundo.berlin,13.32743516,52.43001673
06122080,Kita Milchbartpiraten Babies,06,Steglitz-Zehlendorf,12249,Berlin,Ingridpfad,19,,030,http://www.milchbartpiraten.de,35,Kindertagesstätte,,,7909,J. KERSTEN Betriebs-gGmbH,freie Träger,http://www.milchbartpiraten.de,13.34133087,52.43221972
07110010,Kita am Park,07,Tempelhof-Schöneberg,10825,Berlin,Freiherr-vom-Stein-Str.,15,,030 85 07 28 10,http://www.kita-am-park.nbhs.de,190,Kindertagesstätte,Situationsansatz,,1249,Nachbarschaftsheim Schöneberg e.V.,freie Träger,http://www.nbhs.de,13.34103828,52.48350605
07110020,Humanistische Kindertagesstätte Sponholzstraße,07,Tempelhof-Schöneberg,12159,Berlin,Sponholzstr.,16,,85077289,https://humanistisch.de/kitas/,163,Kindertagesstätte,Reggio-Pädagogik/Situationsansatz/Offene-Arbeit/Freinet-Pädagogik,,1230,"Humanistischer Verband Deutschlands, Landesverband Berlin-Brandenburg KdöR",freie Träger,https://humanistisch.de/kitas/,13.34014408,52.47212863
07110030,Kita Fregestr.,07,Tempelhof-Schöneberg,12159,Berlin,Fregestr.,21,-22,030 8507 3940,http://www.ortefuerkinder.de/unsere-kitas/fregestrasse/,92,Kindertagesstätte,,,0107,Orte für Kinder GmbH,freie Träger,http://www.ortefuerkinder.de,13.33672575,52.46821169
07110040,Kita Fri-Willi/Kitas Süd-West,07,Tempelhof-Schöneberg,12161,Berlin,Friedrich-Wilhelm-Platz,12,,030 290276060,,102,Kindertagesstätte,Situationsansatz,,0123,Kindertagesstätten Berlin Süd-West,Eigenbetriebe,http://www.kitas-sued-west.de,13.32921617,52.47201523
07110050,Kita Frankenstraße,07,Tempelhof-Schöneberg,10781,Berlin,Frankenstr.,8,,030 236 27 570,https://www.inakindergarten.de/berlin/kita-frankenstrasse,149,Kindertagesstätte,Situationsansatz,,1312,INA.KINDER.GARTEN gGmbH,freie Träger,http://www.inakindergarten.de,13.35032267,52.49353958
07110080,Kita am Lassenpark/Kitas Süd-West,07,Tempelhof-Schöneberg,10827,Berlin,Hauptstr.,43,,030 290276070,,65,Kindertagesstätte,Sonstiges/Situationsansatz,,0123,Kindertagesstätten Berlin Süd-West,Eigenbetriebe,http://www.kitas-sued-west.de,13.35048425,52.4835878
07110090,Kita Fehlerstraße/Kitas Süd-West,07,Tempelhof-Schöneberg,12161,Berlin,Fehlerstr.,2,,030 290276050,http://www.kitas-sued-west.de,150,Kindertagesstätte,Situationsansatz/Freinet-Pädagogik,,0123,Kindertagesstätten Berlin Süd-West,Eigenbetriebe,http://www.kitas-sued-west.de,13.32564226,52.47679926
07110100,Kita Hochkirchstraße,07,Tempelhof-Schöneberg,10829,Berlin,Hochkirchstr.,15,-18,030 7800 1901,https://www.fippev.de/hochkirch/unsere-kita,81,Kindertagesstätte,Offene-Arbeit,,1233,FiPP e. V. - Fortbildungsinstitut für die pädagogische Praxis,freie Träger,http://www.fippev.de,13.36914356,52.48952533
07110110,Kita Freiherr-vom-Stein-Straße,07,Tempelhof-Schöneberg,10825,Berlin,Freiherr-vom-Stein-Str.,13,,030 81 48 78 01,http://www.kita-freiherr-vom-stein.nbhs.de,90,Kindertagesstätte,Situationsansatz,,1249,Nachbarschaftsheim Schöneberg e.V.,freie Träger,http://www.nbhs.de,13.33912189,52.48289024
07110140,Kita Haus der Kinder,07,Tempelhof-Schöneberg,10783,Berlin,Kurmärkische Str.,2,- 8,030 2300 6994,http://www.fippev.de/hausderkinder,104,Kindertagesstätte,,,1233,FiPP e. V. - Fortbildungsinstitut für die pädagogische Praxis,freie Träger,http://www.fippev.de,13.35917002,52.49970207
07110150,BOOT-Kita Sonneninsel,07,Tempelhof-Schöneberg,10829,Berlin,Leberstr.,69,-77,030 44721865,http://www.bootkitas.de,135,Kindertagesstätte,Situationsansatz,,1277,Gemeinnützige BOOT GmbH,freie Träger,http://www.bootkitas.de,13.36161829,52.48028566
07110160,Kita Neue Steinmetzstraße,07,Tempelhof-Schöneberg,10827,Berlin,Neue Steinmetzstr.,1,,030 773 26 162,https://www.inakindergarten.de/berlin/kita-neue-steinmetzstrasse,79,Kindertagesstätte,Situationsansatz,,1312,INA.KINDER.GARTEN gGmbH,freie Träger,http://www.inakindergarten.de,13.36207013,52.49100866
07110170,Kita Prellerweg/Kitas Süd-West,07,Tempelhof-Schöneberg,12157,Berlin,Prellerweg,5,- 7,030 290276140,http://www.kitas-sued-west.de,126,Kindertagesstätte,Sonstiges/Situationsansatz,,0123,Kindertagesstätten Berlin Süd-West,Eigenbetriebe,http://www.kitas-sued-west.de,13.34999795,52.45960925
07110180,Kita Lindenhof,07,Tempelhof-Schöneberg,12105,Berlin,Reglinstr.,29,,030 75 51 78 80,http://www.kinderzentrum-lindenhof.nbhs.de,28,Kindertagesstätte,Situationsansatz,,1249,Nachbarschaftsheim Schöneberg e.V.,freie Träger,http://www.nbhs.de,13.36388039,52.45801783
07110190,Kita Rosenheimer Straße,07,Tempelhof-Schöneberg,10779,Berlin,Rosenheimer Str.,20B,,030 219 63 230,https://www.inakindergarten.de/berlin/kita-rosenheimer-strasse,77,Kindertagesstätte,Situationsansatz,,1312,INA.KINDER.GARTEN gGmbH,freie Träger,http://www.inakindergarten.de,13.34175588,52.49038718
07110210,"IB-Kita, Internationaler Bund",07,Tempelhof-Schöneberg,12157,Berlin,Vorarlberger Damm,17,,030 85506700,https://ib-kitas.de/standort/207241/,87,Kindertagesstätte,Situationsansatz,,8377,Internationaler Bund - IB Berlin-Brandenburg gGmbH für Bildung und soziale Dienste (IB Berlin-Brandenburg gGmbH),freie Träger,https://ib-berlin.de/,13.34673184,52.47101608
07110250,Kita Bülowstraße,07,Tempelhof-Schöneberg,10783,Berlin,Bülowstr.,35,,030 23630630,http://www.inakindergarten.de,125,Kindertagesstätte,Situationsansatz,,1312,INA.KINDER.GARTEN gGmbH,freie Träger,http://www.inakindergarten.de,13.36464823,52.49662923
07110270,Kita Ebersstr. 19/Kitas Süd-West,07,Tempelhof-Schöneberg,10827,Berlin,Ebersstr.,19,,030 290276040,,110,Kindertagesstätte,Sonstiges/Situationsansatz,,0123,Kindertagesstätten Berlin Süd-West,Eigenbetriebe,http://www.kitas-sued-west.de,13.3534637,52.48137612
07110280,Kita Vorbergstraße,07,Tempelhof-Schöneberg,10823,Berlin,Vorbergstr.,15,,030 78 89 43 10,http://www.kita-vorberg.nbhs.de,130,Kindertagesstätte,Situationsansatz,,1249,Nachbarschaftsheim Schöneberg e.V.,freie Träger,http://www.nbhs.de,13.35705481,52.48874577
07110290,Kita Barbarossastraße des Pestalozzi-Fröbel-Hauses,07,Tempelhof-Schöneberg,10781,Berlin,Barbarossastr.,64,,030 2173 0261,http://www.pfh-berlin.de,70,Kindertagesstätte,Offene-Arbeit,,0100,Pestalozzi-Fröbel-Haus Stiftung des öffentlichen Rechts,freie Träger,http://www.pfh-berlin.de,13.35223648,52.49191017
07110300,Kita Belziger Straße des Pestalozzi-Fröbel-Hauses,07,Tempelhof-Schöneberg,10823,Berlin,Belziger Str.,14,,030 781 94 11,https://www.pfh-berlin.de/de/kita-belziger,106,Kindertagesstätte,Offene-Arbeit,,0100,Pestalozzi-Fröbel-Haus Stiftung des öffentlichen Rechts,freie Träger,http://www.pfh-berlin.de,13.35517615,52.48801475
07110330,Kita Perelsplatz des Pestalozzi-Fröbel-Hauses,07,Tempelhof-Schöneberg,12159,Berlin,Perelsplatz,5,,030 851 35 00,https://www.pfh-berlin.de/de/kita-perelsplatz,73,Kindertagesstätte,Offene-Arbeit,,0100,Pestalozzi-Fröbel-Haus Stiftung des öffentlichen Rechts,freie Träger,http://www.pfh-berlin.de,13.33398835,52.47617804
07110340,Kita Rheingaustraße des Pestalozzi-Fröbel-Hauses,07,Tempelhof-Schöneberg,12161,Berlin,Rheingaustr.,28,,030 821 30 07,https://www.pfh-berlin.de/de/kita-rheingau,53,Kindertagesstätte,Offene-Arbeit,,0100,Pestalozzi-Fröbel-Haus Stiftung des öffentlichen Rechts,freie Träger,http://www.pfh-berlin.de,13.32121846,52.46810588
07110350,Ev. Kita Königin-Luise,07,Tempelhof-Schöneberg,10829,Berlin,Cheruskerstr.,28,,030 7841335,http://www.kitaverband-mw.de,82,Kindertagesstätte,Sonstiges/Situationsansatz,,8758,Ev. Kirchenkreisverband für Kindertageseinrichtungen Berlin-Mitte-West (Kitaverband Mitte-West),freie Träger,http://www.kitaverband-mw.de,13.35885007,52.4825839
07110360,Ev. Kindertagesstätte Alt-Schöneberg,07,Tempelhof-Schöneberg,10823,Berlin,Dominicusstr.,21A,,030 7846764,http://www.kitaverband-mw.de,70,Kindertagesstätte,Offene-Arbeit/Situationsansatz,,8758,Ev. Kirchenkreisverband für Kindertageseinrichtungen Berlin-Mitte-West (Kitaverband Mitte-West),freie Träger,http://www.kitaverband-mw.de,13.34803127,52.48282528
07110370,Kita Paul und Anna/Ev. Kg Zum Guten Hirten,07,Tempelhof-Schöneberg,12161,Berlin,Goßlerstr.,3,,030 851 55 15,http://www.schoeneberg-evangelisch.de/gemeinden/zg,61,Kindertagesstätte,Situationsansatz,,0459,Ev. Kirchengemeinde Zum Guten Hirten,freie Träger,http://www.zum-guten-hirten-friedenau.de,13.32718677,52.47101909
07110380,Kita Nathanael/ Ev. Kirchengem. Philippus-Nathanael,07,Tempelhof-Schöneberg,12157,Berlin,Grazer Platz,4,,030 855 18 58,,70,Kindertagesstätte,Offene-Arbeit/Situationsansatz,,0460,Ev. Kirchengem. Philippus-Nathanael,freie Träger,,13.345071,52.46670135
07110390,Ev. Kita Silas,07,Tempelhof-Schöneberg,10827,Berlin,Großgörschenstr.,10,,030 7814457,http://www.kitaverband-mw.de,43,Kindertagesstätte,Sonstiges/Situationsansatz,,8758,Ev. Kirchenkreisverband für Kindertageseinrichtungen Berlin-Mitte-West (Kitaverband Mitte-West),freie Träger,http://www.kitaverband-mw.de,13.36538771,52.49134816
07110400,Ev. Kita Apostel-Paulus,07,Tempelhof-Schöneberg,10823,Berlin,Klixstr.,2,,030 7815121,http://www.kitaverband-mw.de,36,Kindertagesstätte,Sonstiges/Situationsansatz,,8758,Ev. Kirchenkreisverband für Kindertageseinrichtungen Berlin-Mitte-West (Kitaverband Mitte-West),freie Träger,http://www.kitaverband-mw.de,13.35092046,52.48917111
07110410,Kita Philippus/ Ev. Kirchengem. Philippus-Nathanael,07,Tempelhof-Schöneberg,12159,Berlin,Stierstr.,17,-019,030 852 76 34,https://www.philippus-nathanael.de/unsere-kitas/kita-philippus,75,Kindertagesstätte,Situationsansatz,,0460,Ev. Kirchengem. Philippus-Nathanael,freie Träger,,13.33664899,52.474464
07110420,Kath. Kita St. Norbert,07,Tempelhof-Schöneberg,10823,Berlin,Dominicusstr.,19A,,030 259365136,,70,Kindertagesstätte,Montessori-Pädagogik/Ansatz von Emmi Pikler/Situationsansatz,,9193,Kitas im Erzbistum Berlin-Zweckverband der katholischen Kirchengemeinden,freie Träger,http://hedikitas.de,13.34731125,52.48270374
07110430,Kath. Kita St. Matthias,07,Tempelhof-Schöneberg,10781,Berlin,Hohenstaufenstr.,3,,030 2151212,http://st-matthias-berlin.de,70,Kindertagesstätte,Situationsansatz,,9193,Kitas im Erzbistum Berlin-Zweckverband der katholischen Kirchengemeinden,freie Träger,http://hedikitas.de,13.35296881,52.49501783
07110440,Kath. Kita St. Elisabeth,07,Tempelhof-Schöneberg,10829,Berlin,Kolonnenstr.,40,,030 259365111,,50,Kindertagesstätte,Situationsansatz,,9193,Kitas im Erzbistum Berlin-Zweckverband der katholischen Kirchengemeinden,freie Träger,http://hedikitas.de,13.36556971,52.48528794
07110450,Kath. Kita St. Konrad,07,Tempelhof-Schöneberg,12157,Berlin,Rubensstr.,74,,030 259365124,http://hedikitas.de,50,Kindertagesstätte,Offene-Arbeit/Situationsansatz,,9193,Kitas im Erzbistum Berlin-Zweckverband der katholischen Kirchengemeinden,freie Träger,http://hedikitas.de,13.34329817,52.46858997
07110460,Kita Villa Anna-Vorschule-,07,Tempelhof-Schöneberg,12159,Berlin,Niedstr.,30,,030 8514406,http://www.kindergarten-villa-anna.de,40,Kindertagesstätte,Montessori-Pädagogik/Offene-Arbeit/Fröbel-Pädagogik/Situationsansatz/Ansatz von Emmi Pikler,,0961,Schöneberger Vorschulerziehung e. V.,freie Träger,http://www.kindergarten-villa-anna.de,13.33145524,52.47233635
07110470,Waldorfkindergarten Friedenau,07,Tempelhof-Schöneberg,12159,Berlin,Sieglindestr.,1,,030 85074-763,http://www.waldorfkindergarten-friedenau.de,60,Kindertagesstätte,Waldorfpädagogik,,1261,Elterninitiative für Waldorfpädagogik in Schöneberg e.V.,freie Träger,http://www.waldorfkindergarten-friedenau.de,13.32985837,52.47702431
07110550,EKT - Wilde Tiger e.V.,07,Tempelhof-Schöneberg,12103,Berlin,Bessemerstr.,86,,030 753 49 02,http://www.wildetiger.de,16,Eltern-Initiativ-Kindertagesstätte,Situationsansatz,,1071,Wilde Tiger e. V.,freie Träger,http://www.wildetiger.de,13.36635402,52.46081941
07110560,Kita Crellestraße/Kitas Süd-West,07,Tempelhof-Schöneberg,10827,Berlin,Crellestr.,16B,,030 290276020,http://www.kitas-sued-west.de,130,Kindertagesstätte,Situationsansatz/Offene-Arbeit/Sonstiges,,0123,Kindertagesstätten Berlin Süd-West,Eigenbetriebe,http://www.kitas-sued-west.de,13.36095809,52.48739429
07110570,EKT - Verein zur Förderung vorschulischer Erziehung,07,Tempelhof-Schöneberg,10829,Berlin,Brunhildstr.,15,,030 788 13 17,http://www.kindergarten-haselstrauch.de,55,Eltern-Initiativ-Kindertagesstätte,Waldorfpädagogik,,1048,Verein zur Förderung vorschulischer Erziehung e. V.,freie Träger,http://www.kindergarten-haselsrauch.de,13.36248559,52.48663892
07110580,EKT - Bülowstr.,07,Tempelhof-Schöneberg,10783,Berlin,Bülowstr.,52,,030 2156102,http://www.kinderladen-buelowstrasse.de,15,Eltern-Initiativ-Kindertagesstätte,Freinet-Pädagogik/Offene-Arbeit,,0552,Eltern-Initiativ-Kindertagesstätte Bülowstrasse e.V.,freie Träger,http://www.kinderladen-buelowstrasse.de,13.36714144,52.49442577
07110590,EKT - Die Meckerbeine,07,Tempelhof-Schöneberg,10829,Berlin,Cheruskerstr.,17,,01776544505,http://www.meckerbeine.de,14,Eltern-Initiativ-Kindertagesstätte,Reggio-Pädagogik/Situationsansatz,,0584,die Meckerbeine e.V.,freie Träger,http://www.meckerbeine.de,13.35923363,52.48117668
07110600,EKT Großstadtpflänzchen,07,Tempelhof-Schöneberg,12157,Berlin,Cranachstr.,39,,030 8558600,,25,Eltern-Initiativ-Kindertagesstätte,Montessori-Pädagogik/Ansatz von Emmi Pikler/Situationsansatz,,0658,Eltern-Initiativ-Kindertagesstätte Großstadtpflänzchen e.V.,freie Träger,,13.34281924,52.46437167
07110620,EKT Zappzarapp,07,Tempelhof-Schöneberg,10827,Berlin,Ebersstr.,12,,030 7844463,http://www.zappzarapp.de/,15,Eltern-Initiativ-Kindertagesstätte,Reggio-Pädagogik/Situationsansatz/Offene-Arbeit,,1083,EIKITA ZAPPZARAPP - Eltern-Initiativ-Kindertagesstätte e.V.,freie Träger,http://www.zappzarapp.de,13.35588225,52.48314147
07110640,Kinderladen Stadtmäuse,07,Tempelhof-Schöneberg,10827,Berlin,Ebersstr.,18,,030 782 89 19,http://stadtmaeuse-berlin.de,24,Eltern-Initiativ-Kindertagesstätte,,,0996,Stadtmäuse e. V.,freie Träger,http://stadtmaeuse-berlin.de,13.35389531,52.48160961
07110680,EKT - Rübezahl,07,Tempelhof-Schöneberg,10827,Berlin,Feurigstr.,53,,030 7828600,http://www.kinderladen-ruebezahl.de,15,Eltern-Initiativ-Kindertagesstätte,Offene-Arbeit/Situationsansatz/Ansatz von Emmi Pikler,,0571,"Elterninitiativkindergarten ""Rübezahl"" e. V.",freie Träger,http://www.kinderladen-ruebezahl.de,13.35454789,52.48349874
07110710,EKT - Murkel,07,Tempelhof-Schöneberg,10783,Berlin,Mansteinstr.,6,,,https://murkel-kinderladen.de/,15,Eltern-Initiativ-Kindertagesstätte,Montessori-Pädagogik/Offene-Arbeit/Situationsansatz,,0865,Elterninitiativ-Kindertagesstätte Murkel e. V.,freie Träger,https://murkel-kinderladen.de/,13.36648252,52.49233163
07110720,EKT Feuerkäfer,07,Tempelhof-Schöneberg,10781,Berlin,Frankenstr.,15,,030 2166657,http://www.feuerkaefer.de,15,Eltern-Initiativ-Kindertagesstätte,Offene-Arbeit,,0620,Feuerkäfer e.V. - Verein zur Förderung frühkindlicher Sozialisation,freie Träger,http://www.feuerkaefer.de,13.3527844,52.49329076
07110730,EKT Konfetti,07,Tempelhof-Schöneberg,10781,Berlin,Gleditschstr.,40,,030 2157366,http://www.kinderladen-konfetti.de,15,Eltern-Initiativ-Kindertagesstätte,Montessori-Pädagogik/Situationsansatz,,0799,Eltern-Initiativ-Kindertagesstätte Konfetti e. V.,freie Träger,http://www.kinderladen-konfetti.de,13.35491662,52.49319275
07110740,Kita Goebenstraße 8,07,Tempelhof-Schöneberg,10783,Berlin,Goebenstr.,8,,030 78704050,http://www.stadtteilvereinschoeneberg.de,15,Kindertagesstätte,Situationsansatz,,1264,Stadtteilverein Schöneberg e.V.,freie Träger,http://www.stadtteilvereinschoeneberg.de,13.36396115,52.49362928
07110760,EKT - Brei nach Neun,07,Tempelhof-Schöneberg,10829,Berlin,Leuthener Str.,8,,030 782 83 19,http://www.brei-nach-neun.de,18,Eltern-Initiativ-Kindertagesstätte,Situationsansatz,,0550,Brei nach Neun e. V.,freie Träger,http://www.brei-nach-neun.de,13.36277366,52.48094431
07110770,Kindertagesstätte Viktoria-Luise-Platz,07,Tempelhof-Schöneberg,10777,Berlin,Viktoria-Luise-Platz,1,,030 211 86 86,http://www.kitaverband-mw.de,55,Kindertagesstätte,Situationsansatz/Sonstiges,,8758,Ev. Kirchenkreisverband für Kindertageseinrichtungen Berlin-Mitte-West (Kitaverband Mitte-West),freie Träger,http://www.kitaverband-mw.de,13.34311002,52.49589886
07110800,EKT - Lilo Leopard,07,Tempelhof-Schöneberg,10829,Berlin,Gotenstr.,71,,030 781 51 68,http://www.liloleopard.de,12,Eltern-Initiativ-Kindertagesstätte,Situationsansatz,,0827,Lilo Leopard e. V.,freie Träger,http://www.liloleopard.de,13.36048537,52.482959
07110810,Kita Sponholzstraße,07,Tempelhof-Schöneberg,12159,Berlin,Sponholzstr.,15,,030 81 00 68 25,http://www.kita-sponholz.nbhs.de,45,Kindertagesstätte,Situationsansatz,,1249,Nachbarschaftsheim Schöneberg e.V.,freie Träger,http://www.nbhs.de,13.3401422,52.47245229
07110820,Kita Gustav-Müller-Platz 2,07,Tempelhof-Schöneberg,10829,Berlin,Gustav-Müller-Platz,2,,030 78704050,http://www.stadtteilvereinschoeneberg.de,19,Kindertagesstätte,Situationsansatz,,1264,Stadtteilverein Schöneberg e.V.,freie Träger,http://www.stadtteilvereinschoeneberg.de,13.36216499,52.48329606
07110850,Kinderladen Pusteblume,07,Tempelhof-Schöneberg,10829,Berlin,Geßlerstr.,8,,030 7820270,http://www.pusteblume-kinderladen.de,18,Eltern-Initiativ-Kindertagesstätte,Offene-Arbeit,,0913,KINDERLADEN PUSTEBLUME e. V.,freie Träger,http://www.pusteblume-kinderladen.de,13.36714384,52.48597143
07110860,EKT Harrys Kid's Club,07,Tempelhof-Schöneberg,12157,Berlin,Peter-Vischer-Str.,12,,030 8550741,,26,Eltern-Initiativ-Kindertagesstätte,Situationsansatz,,0663,Harrys Kid's Club - Lückeprojekt e.V.,freie Träger,,13.34289249,52.46461636
07110870,EKT - Kindergruppe Bunte Knospe,07,Tempelhof-Schöneberg,10829,Berlin,Gustav-Müller-Platz,5,,030 7846400,,16,Eltern-Initiativ-Kindertagesstätte,Reggio-Pädagogik/Situationsansatz,,0726,Kindergruppe Bunte Knospe e. V.,freie Träger,http://www.bunte-knospe.de,13.36295588,52.48373139
07110900,EKT - Knuddelmuddel,07,Tempelhof-Schöneberg,10777,Berlin,Ansbacher Str.,63,,030 214 15 14,,18,Eltern-Initiativ-Kindertagesstätte,Situationsansatz,,0796,Knuddelmuddel e.V.,freie Träger,,13.3395918,52.4966902
07110910,EKT - Trotzköpfchen,07,Tempelhof-Schöneberg,12159,Berlin,Hedwigstr.,12,,030 852 61 26,http://www.trotzköpfchen.de,16,Eltern-Initiativ-Kindertagesstätte,Offene-Arbeit/Situationsansatz/Reggio-Pädagogik/Montessori-Pädagogik,,1024,Trotzköpfchen e.V.,freie Träger,http://www.trotzkoepfchen.de,13.33874298,52.47156589
07110930,Kinder- und Schülerladen Manno,07,Tempelhof-Schöneberg,10781,Berlin,Hohenstaufenstr.,10A,,030 215 17 27,http://www.kinderladen-manno.de,30,Eltern-Initiativ-Kindertagesstätte,Situationsansatz,,1033,Kinderladen Manno e.V.,freie Träger,,13.35026388,52.49478953
07110970,Trolle Schöneberg,07,Tempelhof-Schöneberg,10781,Berlin,Kyffhäuserstr.,19,,030 215 21 01,http://www.kinderladen-trolle.de,20,Eltern-Initiativ-Kindertagesstätte,Ansatz von Emmi Pikler/Montessori-Pädagogik,,1046,Trolle Schöneberg e.V.,freie Träger,http://www.kinderladen-trolle.de,13.35189594,52.49309946
07110990,EKT - Berliner Malbüro,07,Tempelhof-Schöneberg,12161,Berlin,Mainauer Str.,6,,030 852 90 41,http://www.berlinermalbuero.de/,15,Eltern-Initiativ-Kindertagesstätte,Situationsansatz/Ansatz von Emmi Pikler,,0541,Berliner Malbüro e.V.,freie Träger,,13.32587526,52.47585938
07111000,Ei-Kita Humpty Dumpty,07,Tempelhof-Schöneberg,10823,Berlin,Wartburgstr.,6,,030 7812190,http://www.humpty-dumpty-berlin.de,23,Eltern-Initiativ-Kindertagesstätte,,,0685,Ei-Kita Humpty Dumpty e.V.,freie Träger,http://www.humpty-dumpty-berlin.de,13.35033275,52.48751843
07111020,EKT - Friedenauer Elterninitiative,07,Tempelhof-Schöneberg,12157,Berlin,Menzelstr.,26,,030 8551054,http://www.kinderladendrachenzahn.de,22,Eltern-Initiativ-Kindertagesstätte,Situationsansatz,,0638,Friedenauer Elterninitiative für eine Kindertagesstätte e. V.,freie Träger,,13.34043141,52.4663702
07111030,EKT Nusskasper,07,Tempelhof-Schöneberg,10823,Berlin,Merseburger Str.,4,,030,,17,Eltern-Initiativ-Kindertagesstätte,Situationsansatz,,0880,Gruppe-Nuß-Kasper e. V.,freie Träger,,13.35264439,52.4876963
07111040,EKT - Abrakadabra,07,Tempelhof-Schöneberg,10777,Berlin,Motzstr.,63,,030 211 79 36,http://www.kinderladen-abrakadabra.de,14,Eltern-Initiativ-Kindertagesstätte,Situationsansatz/Offene-Arbeit,,0516,Abrakadabra e.V.,freie Träger,http://www.kinderladen-abrakadabra.de,13.33936906,52.49474319
07111070,EKT - Milchzahn,07,Tempelhof-Schöneberg,12161,Berlin,Bundesallee,76,,030 859 23 20,http://ekt-milchzahn-berlin.de,20,Eltern-Initiativ-Kindertagesstätte,Offene-Arbeit/Situationsansatz,,0852,Milchzahn e.V.,freie Träger,http://ekt-milchzahn-berlin.de,13.32809471,52.47103192
07111080,EKT Hauruck,07,Tempelhof-Schöneberg,12159,Berlin,Perelsplatz,10,,030 8521081,https://www.kinderladen-hauruck.de,15,Eltern-Initiativ-Kindertagesstätte,Situationsansatz,,0667,Elterninitiativ-Kindertagesstätte Hauruck e.V.,freie Träger,https://www.kinderladen-hauruck.de/,13.33309555,52.47525555
07111090,EKT - Frechdachs,07,Tempelhof-Schöneberg,10781,Berlin,Rosenheimer Str.,28,,030,http://www.kinderladen-frechdachs.de/,16,Eltern-Initiativ-Kindertagesstätte,Waldorfpädagogik/Montessori-Pädagogik,,0635,FRECHDACHS e.V.,freie Träger,http://www.kinderladen-frechdachs.de,13.34621945,52.49017723
07111100,EKT - Amtomokarasachmo,07,Tempelhof-Schöneberg,10825,Berlin,Salzburger Str.,7,,030 782 63 54,https://kila.amtomo.de,15,Eltern-Initiativ-Kindertagesstätte,Montessori-Pädagogik,,0527,Eltern-Initiativ-Kindertagesstätte Amtomokarasachmo e. V.,freie Träger,https://kila.amtomo.de,13.3426185,52.48687562
07111110,Kita im Palasseum,07,Tempelhof-Schöneberg,10783,Berlin,Potsdamer Str.,170B,,030 78704050,http://www.stadtteilvereinschoeneberg.de,36,Kindertagesstätte,Situationsansatz,,1264,Stadtteilverein Schöneberg e.V.,freie Träger,http://www.stadtteilvereinschoeneberg.de,13.35959927,52.49545342
07111120,EKT - Kraut und Rüben,07,Tempelhof-Schöneberg,12161,Berlin,Schwalbacher Str.,8,,030 55281195,http://www.kilakrautundrueben.de,14,Eltern-Initiativ-Kindertagesstätte,Situationsansatz,,0802,Kraut und Rüben e.V.,freie Träger,http://www.kilakrautundrüben.de,13.32108039,52.47003164
07111140,Kinderladen Mäusebande,07,Tempelhof-Schöneberg,12159,Berlin,Sieglindestr.,4,,030 8518399,http://www.maeusebande-berlin.de,17,Eltern-Initiativ-Kindertagesstätte,Offene-Arbeit/Situationsansatz,,0960,Schöneberger Eltern-Initiativ-Kindertagesstätte e. V.,freie Träger,http://www.maeusebande-berlin.de,13.3290607,52.4765464
07111150,EKT Sieglinde,07,Tempelhof-Schöneberg,12161,Berlin,Bundesallee,140,,030 8523466,https://www.kita-friedenau.de/,18,Eltern-Initiativ-Kindertagesstätte,Situationsansatz,,0975,Eltern-Initiativ-Kindertagesstätte Sieglinde e. V.,freie Träger,https://www.kita-friedenau.de/,13.3288403,52.47661162
07111190,EKT Kleine Ungeheuer,07,Tempelhof-Schöneberg,10823,Berlin,Vorbergstr.,2,,030 7843347,,16,Eltern-Initiativ-Kindertagesstätte,Situationsansatz,,0791,"Eltern-Initiativ-Kindertagesstätte ""Kleine Ungeheuer"" e.V.",freie Träger,http://www.kleine-ungeheuer.de,13.35771014,52.48886726
07111200,Kita Dachsbau,07,Tempelhof-Schöneberg,10777,Berlin,Münchener Str.,3,,030325123345,https://www.taeks.de,1,Eltern-Initiativ-Kindertagesstätte,Montessori-Pädagogik/Ansatz von Emmi Pikler,,0564,TÄKS e. V.,freie Träger,https://www.taeks.de,13.34157838,52.49471304
07111230,Kita Hedwigstr.,07,Tempelhof-Schöneberg,12159,Berlin,Hedwigstr.,13,,030 85 24 088,http://www.nbhs.de,85,Kindertagesstätte,,,1249,Nachbarschaftsheim Schöneberg e.V.,freie Träger,http://www.nbhs.de,13.33814184,52.47157723
07111240,Kita Fuggerstaße,07,Tempelhof-Schöneberg,10777,Berlin,Fuggerstr.,37,,030 21 96 45 64,http://www.kita-fuggerstrasse.com,40,Kindertagesstätte,Situationsansatz,,1287,KITA Fuggerstraße e.V.,freie Träger,http://www.kita-fuggerstrasse.com,13.34160567,52.49907684
07111260,Kita Lauterstr. 30,07,Tempelhof-Schöneberg,12159,Berlin,Lauterstr.,30,,030 852 40 41,http://www.kita-lauter30.nbhs.de,20,Kindertagesstätte,Situationsansatz,,1249,Nachbarschaftsheim Schöneberg e.V.,freie Träger,http://www.nbhs.de,13.33558561,52.47455681
07111340,Heilsarmee Kita Volltreffer,07,Tempelhof-Schöneberg,12159,Berlin,Fregestr.,13,-14,030 850729230,http://www.heilsarmee.de,55,Kindertagesstätte,Situationsansatz/Offene-Arbeit/Ansatz von Emmi Pikler,,1222,Die Heilsarmee in Deutschland,freie Träger,http://www.heilsarmee.de/sozialwerk,13.33708217,52.46987241
07111360,Kita an der HWR Berlin,07,Tempelhof-Schöneberg,10825,Berlin,Badensche Str.,50,,030 93939-8460,http://www.stw.berlin,45,Kindertagesstätte,Offene-Arbeit,,1256,studierendenWERK BERLIN,freie Träger,http://www.stw.berlin,13.33770079,52.48545358
07111370,Europa-Kindergarten Max und Moritz,07,Tempelhof-Schöneberg,10827,Berlin,Kärntener Str.,27,,030 7818820,,88,Kindertagesstätte,,,7497,Europa-Kindergarten Max und Moritz gGmbH,freie Träger,http://www.europakindergarten.de,13.34759077,52.47984305
07111380,Kita Riemenschneiderweg,07,Tempelhof-Schöneberg,12157,Berlin,Riemenschneiderweg,12,,030 79 40 49 94,http://www.kita-riemenschneiderweg.nbhs.de,131,Kindertagesstätte,Sonstiges/Situationsansatz,,1249,Nachbarschaftsheim Schöneberg e.V.,freie Träger,http://www.nbhs.de,13.34896553,52.46861157
07111420,Kick Kinder- und Schülerladen,07,Tempelhof-Schöneberg,10829,Berlin,Monumentenstr.,3,,030 78704050,http://www.stadtteilvereinschoeneberg.de,17,Kindertagesstätte,Situationsansatz,,1264,Stadtteilverein Schöneberg e.V.,freie Träger,http://www.stadtteilvereinschoeneberg.de,13.365197,52.48815007
07111440,Kita Wilde 13,07,Tempelhof-Schöneberg,10827,Berlin,Fritz-Reuter-Str.,8,,030 782 24 43,http://www.taeks.de,36,Eltern-Initiativ-Kindertagesstätte,Ansatz von Emmi Pikler/Montessori-Pädagogik,,0564,TÄKS e. V.,freie Träger,https://www.taeks.de,13.34807639,52.48036323
07111450,Kita Rosas Turm,07,Tempelhof-Schöneberg,10829,Berlin,Gustav-Müller-Platz,4,,030 7895597/32528521,http://www.taeks.de,48,Eltern-Initiativ-Kindertagesstätte,Ansatz von Emmi Pikler/Montessori-Pädagogik,,0564,TÄKS e. V.,freie Träger,https://www.taeks.de,13.36298374,52.48337752
07111460,EKT - Amsel,07,Tempelhof-Schöneberg,10827,Berlin,Ebersstr.,40,,030 787 106 56,http://www.amselladen.de,19,Eltern-Initiativ-Kindertagesstätte,Situationsansatz,,0514,"Arbeiten mit Schülern, Eltern + Lehrern A.M.S.E.L. e.V.",freie Träger,http://www.amselladen.de,13.34627506,52.47872234
07111490,EKT - Rappelschlößchen,07,Tempelhof-Schöneberg,12161,Berlin,Schwalbacher Str.,10,,030 822 00 79,,21,Eltern-Initiativ-Kindertagesstätte,Sonstiges/Offene-Arbeit,,0918,Rappelschlößchen e.V.,freie Träger,,13.32230826,52.47003198
07111530,EKT Affentheater,07,Tempelhof-Schöneberg,10823,Berlin,Merseburger Str.,5,,030784 45 22,https://www.affentheater.org,17,Eltern-Initiativ-Kindertagesstätte,Situationsansatz,,0518,Affentheater e.V.,freie Träger,http://www.affentheater.org,13.35261767,52.48785957
07111550,Kita Inselläden-Inselkinder,07,Tempelhof-Schöneberg,10829,Berlin,Gotenstr.,18,,030 7874480,http://www.taeks.de,50,Eltern-Initiativ-Kindertagesstätte,Ansatz von Emmi Pikler/Montessori-Pädagogik/Situationsansatz,,0564,TÄKS e. V.,freie Träger,https://www.taeks.de,13.36008866,52.48119213
07111560,Kita Villa Anna -Krippe-,07,Tempelhof-Schöneberg,12161,Berlin,Holsteinische Str.,33A,,030 8514406,http://www.kindergarten-villa-anna.de,12,Eltern-Initiativ-Kindertagesstätte,Montessori-Pädagogik/Offene-Arbeit/Fröbel-Pädagogik/Situationsansatz/Ansatz von Emmi Pikler,,0961,Schöneberger Vorschulerziehung e. V.,freie Träger,http://www.kindergarten-villa-anna.de,13.33338549,52.46633586
07111570,Kita Rosen,07,Tempelhof-Schöneberg,10827,Berlin,Albertstr.,14,-18,030 788 55 54,http://www.kitarosen.de,41,Eltern-Initiativ-Kindertagesstätte,Situationsansatz,,0972,SHP für Bildung gGmbH,freie Träger,http://www.shp-bildung.de,13.35386222,52.48383716
07111600,BOOT-Kita Augsburg,07,Tempelhof-Schöneberg,10789,Berlin,Augsburger Str.,12,,030 84857000,http://www.bootkitas.de,160,Kindertagesstätte,Situationsansatz,,1277,Gemeinnützige BOOT GmbH,freie Träger,http://www.bootkitas.de,13.33828299,52.50104333
07111610,EKT L' Angolino,07,Tempelhof-Schöneberg,10777,Berlin,Ansbacher Str.,41,,030 2141751,http://www.langolino-berlin.de,30,Eltern-Initiativ-Kindertagesstätte,Situationsansatz,,0973,Eltern-Initiativ-Kindertagesstätte L'angolino e.V.,freie Träger,http://www.langolino-berlin.de,13.34065093,52.49884406
07111640,Kita Villa Anna,07,Tempelhof-Schöneberg,12159,Berlin,Schmargendorfer Str.,22,,030 8514406,http://www.kindergarten-villa-anna.de,55,Eltern-Initiativ-Kindertagesstätte,Montessori-Pädagogik/Offene-Arbeit/Fröbel-Pädagogik/Situationsansatz/Ansatz von Emmi Pikler,,0961,Schöneberger Vorschulerziehung e. V.,freie Träger,http://www.kindergarten-villa-anna.de,13.33002891,52.47135416
07111650,Kita Motzstr. 33/Kitas Süd-West,07,Tempelhof-Schöneberg,10777,Berlin,Motzstr.,33,,030 290278000,http://www.kita-motzstrasse.de,163,Kindertagesstätte,Sonstiges/Situationsansatz,,0123,Kindertagesstätten Berlin Süd-West,Eigenbetriebe,http://www.kitas-sued-west.de,13.34742125,52.49736987
07111660,Kita Wunderkids Schöneberg,07,Tempelhof-Schöneberg,10781,Berlin,Frankenstr.,12,,030 23633006,,55,Kindertagesstätte,Situationsansatz,,8410,W und W Wunderkids gGmbH,freie Träger,http://www.wunderkids.de,13.35131851,52.49325685
07111680,Kita Wielandstraße,07,Tempelhof-Schöneberg,12159,Berlin,Wielandstr.,23,,030 859 45 80,http://www.kita-wieland.nbhs.de,28,Kindertagesstätte,Situationsansatz/Offene-Arbeit,,1249,Nachbarschaftsheim Schöneberg e.V.,freie Träger,http://www.nbhs.de,13.33879021,52.46968649
07111700,Waldorfkindergarten Elfenreigen,07,Tempelhof-Schöneberg,12159,Berlin,Lauterstr.,26,,030 851 46 03,,32,Kindertagesstätte,Waldorfpädagogik,,1360,Waldorfkindergarten Elfenreigen e.V.,freie Träger,http://www.waldorfkiga-elfenreigen.de,13.33559954,52.47379018
07111770,EKT Onnimanni,07,Tempelhof-Schöneberg,10827,Berlin,Kärntener Str.,11,,030 7828533,,24,Eltern-Initiativ-Kindertagesstätte,Situationsansatz,,0884,Eltern-Initiativ-Kindertagesstätte: Onnimanni e. V.,freie Träger,http://www.onnimanni.de,13.34756157,52.47861804
07111780,Kita Pallasseum,07,Tempelhof-Schöneberg,10781,Berlin,Pallasstr.,3,,030 78704050,http://www.stadtteilvereinschoeneberg.de,18,Kindertagesstätte,Situationsansatz,,1264,Stadtteilverein Schöneberg e.V.,freie Träger,http://www.stadtteilvereinschoeneberg.de,13.36000934,52.4946472
07111790,Kita MITRA,07,Tempelhof-Schöneberg,10785,Berlin,Kurfürstenstr.,135,,030 36448560,http://www.mitra-kindergarten.de,82,Kindertagesstätte,Sonstiges,,8368,MITRA bilinguale Kindergärten gemeinnützige GmbH,freie Träger,http://www.mitra-kindergarten.de,13.35626419,52.50133589
07111800,Kita am Kleistpark,07,Tempelhof-Schöneberg,10781,Berlin,Elßholzstr.,29,-25,030 78 09 78 90,http://www.kita-am-kleistpark.nbhs.de,130,Kindertagesstätte,,,1249,Nachbarschaftsheim Schöneberg e.V.,freie Träger,http://www.nbhs.de,13.35667695,52.49105844
07111830,Kita Weltbestauner,07,Tempelhof-Schöneberg,10829,Berlin,Hohenfriedbergstr.,18,,030 782 89 85,http://www.taeks.de,42,Eltern-Initiativ-Kindertagesstätte,Ansatz von Emmi Pikler/Reggio-Pädagogik,,0564,TÄKS e. V.,freie Träger,https://www.taeks.de,13.36501018,52.48651559
07111840,Kita Berliner Spatzen Verein zur Förderung der Mehrsprachigkeit,07,Tempelhof-Schöneberg,12159,Berlin,Hähnelstr.,15A,,030 85073406,,27,Kindertagesstätte,Situationsansatz/Sonstiges,,1398,Verein zur Förderung der Mehrsprachigkeit e.V.,freie Träger,http://www.mehrsprachigekitas.de,13.33792213,52.47576674
07111860,Kinderladen Atze und Co,07,Tempelhof-Schöneberg,12161,Berlin,Wilhelmshöher Str.,9,,030 852 03 55,http://www.atze-co.de,15,Eltern-Initiativ-Kindertagesstätte,Situationsansatz,,0536,Kinderladen Atze und Co e.V.,freie Träger,,13.32459904,52.47267011
07111950,Bilinguales Montessori-Kinderhaus Friedenau,07,Tempelhof-Schöneberg,12161,Berlin,Handjerystr.,46,,030 2332640-0,,100,Kindertagesstätte,Montessori-Pädagogik/Ansatz von Emmi Pikler,,8066,Montessori und Friends Education gGmbH,freie Träger,http://www.montessori-friends.de,13.33061936,52.4694764
07111960,Kita Rubin,07,Tempelhof-Schöneberg,12161,Berlin,Handjerystr.,60,,030 87337793,,35,Eltern-Initiativ-Kindertagesstätte,Situationsansatz,,7849,Rubin e. V.,freie Träger,http://www.rubin-kindergarten.de,13.33000788,52.46895411
07111990,Kindergarten Purzelbaum,07,Tempelhof-Schöneberg,10823,Berlin,Eisenacher Str.,81,,030 86455037,http://www.plannedchild.de,60,Kindertagesstätte,Reggio-Pädagogik,,7876,planned child gGmbH,freie Träger,http://www.plannedchild.de,13.34935559,52.4890306
07112000,Krippe Holsteinische Straße,07,Tempelhof-Schöneberg,12161,Berlin,Holsteinische Str.,30,,030 85 99 51 760,http://www.kita-frege.nbhs.de,30,Kindertagesstätte,Situationsansatz,,1249,Nachbarschaftsheim Schöneberg e.V.,freie Träger,http://www.nbhs.de,13.33440671,52.46630888
07112030,Kita Tulpen,07,Tempelhof-Schöneberg,10829,Berlin,Naumannstr.,7,links,030 7885554,http://www.kitatulpen.de,15,Kindertagesstätte,Situationsansatz,,0972,SHP für Bildung gGmbH,freie Träger,http://www.shp-bildung.de,13.36369604,52.48549401
07112060,"Kinderladen ""Friedenauer Spatzen""",07,Tempelhof-Schöneberg,12159,Berlin,Sponholzstr.,51,-52,030 89742170,,25,Kindertagesstätte,Ansatz von Emmi Pikler/Situationsansatz,,0636,Frecher Spatz e.V.,freie Träger,http://www.frecherspatz.de,13.34077509,52.4745103
07112080,Kindergarten der Johannes-Schule Berlin,07,Tempelhof-Schöneberg,10829,Berlin,Monumentenstr.,13A,,030 7009411-0,http://www.johannes-schule-berlin.de,65,Kindertagesstätte,Waldorfpädagogik,,8159,Waldorf-Südwest gemeinnützige GmbH,freie Träger,http://www.johannes-schule-berlin.de,13.36631575,52.48681944
07112100,Kita Safina,07,Tempelhof-Schöneberg,10777,Berlin,Geisbergstr.,28,,030 34508725,http://www.hadewe-integra.de,36,Kindertagesstätte,Situationsansatz,,8428,HadeWe-Integra gemeinnützige GmbH,freie Träger,,13.33819431,52.49757419
07112120,Kindertagesstätte Die Traumfänger,07,Tempelhof-Schöneberg,12159,Berlin,Sponholzstr.,26,,030 +493054819688,http://kita-traumfaenger.de,21,Kindertagesstätte,Situationsansatz/Ansatz von Emmi Pikler/Montessori-Pädagogik,,8661,Federlos gUG,freie Träger,http://kita-traumfaenger.de,13.34007584,52.47045981
07112130,Kinderladen mima,07,Tempelhof-Schöneberg,12159,Berlin,Sieglindestr.,8,,03058701507,http://www.kita-mima.de,15,Kindertagesstätte,Offene-Arbeit/Situationsansatz,,8471,Kita mima GmbH,freie Träger,http://www.kita-mima.de,13.32970111,52.47658871
07112140,Kita Die Kunstmäuse,07,Tempelhof-Schöneberg,10779,Berlin,Bamberger Str.,41,,01605542777,http://www.kinder-in-berlin.de,25,Kindertagesstätte,Situationsansatz,,8746,World of FanMi gGmbH,freie Träger,http://www.kinder-in-berlin.de,13.33721875,52.49195988
07112150,Kita El Mundo de los ninos,07,Tempelhof-Schöneberg,12161,Berlin,Goßlerstr.,8,,17622571866,https://www.elmundo.berlin,70,Kindertagesstätte,Situationsansatz,,8701,El mundo de los ninos gGmbH,freie Träger,https://www.elmundo.berlin,13.32606679,52.47034778
07112170,Naturdetektive Kita Cecilien,07,Tempelhof-Schöneberg,12159,Berlin,Ceciliengärten,40,,85751200,http://www.kita-naturdetektive.de,25,Kindertagesstätte,Offene-Arbeit/Waldorfpädagogik/Situationsansatz/Montessori-Pädagogik,,8747,Naturdetektive gUG (haftungsbeschränkt),freie Träger,http://www.kita-naturdetektive.de,13.34274414,52.47377722
07112190,Kita am Gleis,07,Tempelhof-Schöneberg,10829,Berlin,Bautzener Str.,21,,030 35517347,http://www.mahalo.berlin,33,Kindertagesstätte,Situationsansatz/Offene-Arbeit/Reggio-Pädagogik,,8875,Mahalo gGmbH,freie Träger,http://www.mahalo.berlin,13.3715991,52.4897437
07112200,Kenntnisreich Kindertagesstätte No 31,07,Tempelhof-Schöneberg,10777,Berlin,Nollendorfstr.,31,,2360 5045,http://www.kenntnisreich-kindertagesstaetten.de,60,Kindertagesstätte,Situationsansatz,,8259,Kenntnisreich Kindertagesstätten gGmbH,freie Träger,http://www.kenntnisreich-kindertagesstaetten.de,13.35263961,52.49774247
07112210,Schöneberger Zwerge,07,Tempelhof-Schöneberg,10783,Berlin,Mansteinstr.,13,,030 23609587,https://kita-hauptstadtzwerge.de/,25,Kindertagesstätte,Ansatz von Emmi Pikler/Situationsansatz,,8555,Hauptstadtzwerge gGmbH,freie Träger,http://kita-hauptstadtzwerge.de/,13.36699999,52.49239902
07112220,Kita Löwenzahn,07,Tempelhof-Schöneberg,10823,Berlin,Eisenacher Str.,44,,01605542777,http://www.kinder-in-berlin.de,20,Kindertagesstätte,Situationsansatz,,8746,World of FanMi gGmbH,freie Träger,http://www.kinder-in-berlin.de,13.3489256,52.48883129
07112230,Kita Safina,07,Tempelhof-Schöneberg,10777,Berlin,Geisbergstr.,29,,01626262344,http://www.hadewe-integra.de,18,Kindertagesstätte,Situationsansatz,,8428,HadeWe-Integra gemeinnützige GmbH,freie Träger,,13.33859965,52.49752954
07112240,Kita Marienfelder Käfer,07,Tempelhof-Schöneberg,12279,Berlin,Marienfelder Allee,212,,030 75449565,,90,Kindertagesstätte,Situationsansatz,,8978,Krekup gUG,freie Träger,,13.35766374,52.40807782
07112250,"Kita ""Kleine Wikinger""",07,Tempelhof-Schöneberg,10829,Berlin,Quartiersweg,9,,1512693276,https://www.stepke-kitas.de/standorte/berlin/kita-kleine-wikinger-berlin-schoeneberg/,78,Kindertagesstätte,Situationsansatz,,8478,Step Kids Kitas gemeinnützige GmbH,freie Träger,http://www.stepke-kitas.de,13.36052815,52.47777198
07112260,FBO Friedenau (FBO),07,Tempelhof-Schöneberg,12159,Berlin,Niedstr.,1,-2,030 89742663,http://sin-ev.de,12,Eltern-Kind-Gruppe,Sonstiges,,9012,SIN e.V.,freie Träger,http://sin-ev.de,13.33575683,52.4724959
07112270,Naturdetektive Kita Belziger,07,Tempelhof-Schöneberg,10823,Berlin,Belziger Str.,64,,78952256,http://www.kita-naturdetektive.de,20,Kindertagesstätte,Offene-Arbeit/Waldorfpädagogik/Situationsansatz/Montessori-Pädagogik,,8747,Naturdetektive gUG (haftungsbeschränkt),freie Träger,http://www.kita-naturdetektive.de,13.34711525,52.48526079
07112290,"Kita ""Knorke""",07,Tempelhof-Schöneberg,12159,Berlin,Lauterplatz,2,,15156421105,https://www.stepke-kitas.de/standorte/berlin/kita-knorke-berlin-friedenau/,120,Kindertagesstätte,Situationsansatz,,8478,Step Kids Kitas gemeinnützige GmbH,freie Träger,http://www.stepke-kitas.de,13.334758,52.47729456
07112300,Kita Alboingärten,07,Tempelhof-Schöneberg,12103,Berlin,In den Alboingärten,39,,030 318769800,http://www.awo-promensch.de,60,Kindertagesstätte,Situationsansatz,,0155,AWO pro:mensch gGmbH,freie Träger,http://www.awo-promensch.de,13.36216069,52.46058402
07112310,Kita Safina,07,Tempelhof-Schöneberg,10825,Berlin,Innsbrucker Str.,42,,01626262344,,25,Kindertagesstätte,Situationsansatz,,8428,HadeWe-Integra gemeinnützige GmbH,freie Träger,,13.34271423,52.4822528
07112320,Kita Ella-Barowsky-Str.,07,Tempelhof-Schöneberg,10829,Berlin,Ella-Barowsky-Str.,15,,0305871272810,https://www.inakindergarten.de/berlin/kita-ella-barowsky-strasse,50,Kindertagesstätte,Situationsansatz,,1312,INA.KINDER.GARTEN gGmbH,freie Träger,http://www.inakindergarten.de,13.3592793,52.4772861
07112330,Gelbgrüne Panther,07,Tempelhof-Schöneberg,10829,Berlin,Ella-Barowsky-Str.,27,/28,030 446688701,http://www.schwulenberatungberlin.de,45,Kindertagesstätte,,,9156,Schwulenberatung Berlin gGmbH,freie Träger,http://www.schwulenberatungberlin.de,13.36094832,52.47669687
07112350,Kita DunjaKids Friedenau,07,Tempelhof-Schöneberg,12159,Berlin,Rheinstr.,1,,22029033,http://sin-ev.de,30,Kindertagesstätte,Situationsansatz,,9012,SIN e.V.,freie Träger,http://sin-ev.de,13.33642645,52.47282987
07112360,Evangelisch-Freikirchliche Gemeinde Berlin Schöneberg (nur Sprachförderung),07,Tempelhof-Schöneberg,10827,Berlin,Hauptstr.,125A,T,,,,Kindertagesstätte,,,8568,Edusation - gemeinnützige Gesellschaft für Integration und Sprachförderung mbH,freie Träger,http://edusation.de/,13.352305,52.4831816
07112370,Rosarote Tiger,07,Tempelhof-Schöneberg,10829,Berlin,Ella-Barowsky-Str.,29A,,030 446688701,http://schwulenberatungberlin.de,48,Kindertagesstätte,,,9156,Schwulenberatung Berlin gGmbH,freie Träger,http://www.schwulenberatungberlin.de,13.36160419,52.47645855
07112380,Kita Sophiechen,07,Tempelhof-Schöneberg,12309,Berlin,Alt-Lichtenrade,113,,0151 42459366,https://www.sophien-bildungswerk.de/,95,Kindertagesstätte,,,9190,Sophien Bildungswerk e.V.,freie Träger,,13.41143985,52.39079661
07112390,Kita Kleine Weltkinder,01,Mitte,10787,Berlin,Keithstr.,39,,,,21,Kindertagesstätte,,,9121,Bildungshafen gUG,freie Träger,http://www.kleineweltkinder.de,13.3473034,52.5059323
07112420,Kita Vögelchen,07,Tempelhof-Schöneberg,10827,Berlin,Gustav-Freytag-Str.,8,,0178 2999902,http://kita-voegelchen.de,25,Kindertagesstätte,Montessori-Pädagogik,,8645,Vielfalt auf Augenhöhe gGmbH,freie Träger,http://www.vaakitabahnhof.de,13.3499089,52.48042657
07130010,Kita Boelckestraße,07,Tempelhof-Schöneberg,12101,Berlin,Boelckestr.,98,104,030 7468 4760,http://www.ortefuerkinder.de/unsere-kitas/boelckestrasse/,126,Kindertagesstätte,,,0107,Orte für Kinder GmbH,freie Träger,http://www.ortefuerkinder.de,13.37724264,52.47519001
07130020,Kita Bosestr. 12/Kitas Süd-West,07,Tempelhof-Schöneberg,12103,Berlin,Bosestr.,12,,030 290276010,,101,Kindertagesstätte,Sonstiges/Situationsansatz,,0123,Kindertagesstätten Berlin Süd-West,Eigenbetriebe,http://www.kitas-sued-west.de,13.37767178,52.46306655
07130030,Kita Marienhöher Weg 10/Kitas Süd-West,07,Tempelhof-Schöneberg,12105,Berlin,Marienhöher Weg,10,,030 290276110,,61,Kindertagesstätte,Situationsansatz,,0123,Kindertagesstätten Berlin Süd-West,Eigenbetriebe,http://www.kitas-sued-west.de,13.36932853,52.4532602
07130040,Kita Schwanheimer Str. 1-7/Kitas Süd-West,07,Tempelhof-Schöneberg,12099,Berlin,Schwanheimer Str.,3,tatsächlich 1-7,030 290278010,,74,Kindertagesstätte,Sonstiges/Situationsansatz,,0123,Kindertagesstätten Berlin Süd-West,Eigenbetriebe,http://www.kitas-sued-west.de,13.41782502,52.46225212
07130060,Kita Mariendorfer Damm 123/Kitas Süd-West,07,Tempelhof-Schöneberg,12109,Berlin,Mariendorfer Damm,123,,030 290276100,,180,Kindertagesstätte,Sonstiges/Situationsansatz,,0123,Kindertagesstätten Berlin Süd-West,Eigenbetriebe,http://www.kitas-sued-west.de,13.38733987,52.44112094
07130070,Kita Rathausstr. 84/Kitas Süd-West,07,Tempelhof-Schöneberg,12105,Berlin,Rathausstr.,84,,030 290276130,,144,Kindertagesstätte,Situationsansatz,,0123,Kindertagesstätten Berlin Süd-West,Eigenbetriebe,http://www.kitas-sued-west.de,13.37942112,52.44765987
07130080,Kita Stegerwald,07,Tempelhof-Schöneberg,12277,Berlin,Stegerwaldstr.,50,,030 75 77 78 70,http://www.kita-stegerwald.nbhs.de,90,Kindertagesstätte,Offene-Arbeit/Situationsansatz,,1249,Nachbarschaftsheim Schöneberg e.V.,freie Träger,http://www.nbhs.de,13.36838968,52.42128166
07130090,Kita Domagkstr. 4/Kitas Süd-West,07,Tempelhof-Schöneberg,12277,Berlin,Domagkstr.,4,,030 290276030,http://www.kitas-sued-west.de/,120,Kindertagesstätte,Situationsansatz,,0123,Kindertagesstätten Berlin Süd-West,Eigenbetriebe,http://www.kitas-sued-west.de,13.36707403,52.41629133
07130130,Kita Seelbuschring 19/Kitas Süd-West,07,Tempelhof-Schöneberg,12105,Berlin,Seelbuschring,19,,030 290276160,,134,Kindertagesstätte,Situationsansatz,,0123,Kindertagesstätten Berlin Süd-West,Eigenbetriebe,http://www.kitas-sued-west.de,13.37265797,52.4489777
07130140,Kita Finchleystraße,07,Tempelhof-Schöneberg,12305,Berlin,Finchleystr.,6,,030 767 66 096,https://www.inakindergarten.de/berlin/kita-finchleystrasse,140,Kindertagesstätte,Situationsansatz,,1312,INA.KINDER.GARTEN gGmbH,freie Träger,http://www.inakindergarten.de,13.40420927,52.39264457
07130150,Kita Albulaweg,07,Tempelhof-Schöneberg,12107,Berlin,Albulaweg,15,/19,030 290276000,http://www.kita-sued-west.de,183,Kindertagesstätte,Situationsansatz/Freinet-Pädagogik,,0123,Kindertagesstätten Berlin Süd-West,Eigenbetriebe,http://www.kitas-sued-west.de,13.39990161,52.42313587
07130170,BOOT-Kita Traumburg,07,Tempelhof-Schöneberg,12309,Berlin,Weilburgstr.,11,,030 84850460,http://www.bootkitas.de,155,Kindertagesstätte,Situationsansatz,,1277,Gemeinnützige BOOT GmbH,freie Träger,http://www.bootkitas.de,13.4150641,52.39707032
07130180,Kita Vier Jahreszeiten des NUSZ,07,Tempelhof-Schöneberg,12279,Berlin,Luckeweg,15,,030 72019285,http://www.nusz.de,187,Kindertagesstätte,Ansatz von Emmi Pikler/Situationsansatz,,1112,Nachbarschafts- u. Selbsthilfezentrum in der UFA-Fabrik e.V.,freie Träger,http://www.nusz.de,13.35760201,52.41045156
07130190,Kita Nahariyastr. 21/Kitas Süd-West,07,Tempelhof-Schöneberg,12309,Berlin,Nahariyastr.,21,,030 290276120,,180,Kindertagesstätte,Sonstiges/Situationsansatz,,0123,Kindertagesstätten Berlin Süd-West,Eigenbetriebe,http://www.kitas-sued-west.de,13.41831312,52.39220104
07130200,Kita Am Volkspark/Kitas Süd-West,07,Tempelhof-Schöneberg,12109,Berlin,Mariendorfer Damm,115,,030 290276090,https://www.kitas-sued-west.de/kitas-detail/kita-am-volkspark,166,Kindertagesstätte,Situationsansatz,,0123,Kindertagesstätten Berlin Süd-West,Eigenbetriebe,http://www.kitas-sued-west.de,13.38813998,52.4418943
07130210,BOOT-Kita FritzKids,07,Tempelhof-Schöneberg,12107,Berlin,Fritz-Werner-Str.,43,,030 93952557,http://www.bootkitas.de,165,Kindertagesstätte,Situationsansatz,,1277,Gemeinnützige BOOT GmbH,freie Träger,http://www.bootkitas.de,13.38337123,52.4327355
07130230,Kita Ringbahnstr. 47/Kitas Süd-West,07,Tempelhof-Schöneberg,12099,Berlin,Ringbahnstr.,47,,030 290276150,,150,Kindertagesstätte,Sonstiges/Situationsansatz,,0123,Kindertagesstätten Berlin Süd-West,Eigenbetriebe,http://www.kitas-sued-west.de,13.38916445,52.46821464
07130260,Ev. Kita Alt-Tempelhof,07,Tempelhof-Schöneberg,12103,Berlin,Albrechtstr.,105,- 106,030 7523967,http://www.kitaverband-mw.de,164,Kindertagesstätte,Sonstiges/Situationsansatz,,8758,Ev. Kirchenkreisverband für Kindertageseinrichtungen Berlin-Mitte-West (Kitaverband Mitte-West),freie Träger,http://www.kitaverband-mw.de,13.37866488,52.46122805
07130270,Kita der Ev. Kirchengem. Lichtenrade,07,Tempelhof-Schöneberg,12309,Berlin,Alt-Lichtenrade,107,,030 745 80 04,,87,Kindertagesstätte,Situationsansatz,,0233,Ev. Kirchengemeinde Lichtenrade,freie Träger,http://www.kirchengemeinde-lichtenrade.de,13.41116837,52.39217893
07130280,Ev. Kita Paulus II.,07,Tempelhof-Schöneberg,12101,Berlin,Badener Ring,27,- 29,030 7861771,http://www.kitaverband-mw.de,90,Kindertagesstätte,Sonstiges/Situationsansatz,,8758,Ev. Kirchenkreisverband für Kindertageseinrichtungen Berlin-Mitte-West (Kitaverband Mitte-West),freie Träger,http://www.kitaverband-mw.de,13.37712036,52.48185771
07130300,Ev. Kita Paulus I.,07,Tempelhof-Schöneberg,12099,Berlin,Götzstr.,28,,030 75683872,http://www.kitaverbandmw.de,70,Kindertagesstätte,Sonstiges/Situationsansatz,,8758,Ev. Kirchenkreisverband für Kindertageseinrichtungen Berlin-Mitte-West (Kitaverband Mitte-West),freie Träger,http://www.kitaverband-mw.de,13.39168379,52.46351958
07130310,Kita der Ev. Kirchengem. Berlin Mariendorf-Süd,07,Tempelhof-Schöneberg,12107,Berlin,Grimmingweg,1,B,030 741 30 10,http://www.mariendorf-sued.de,106,Kindertagesstätte,Situationsansatz,,0203,Ev. Kirchengemeinde Berlin Mariendorf-Süd,freie Träger,http://www.mariendorf-sued.de,13.3953731,52.422197
07130320,Ev. Dreikönigs Kita,07,Tempelhof-Schöneberg,12277,Berlin,Kirchstr.,31,,030 7212354,http://www.kitaverband-mw.de,65,Kindertagesstätte,Situationsansatz,,8758,Ev. Kirchenkreisverband für Kindertageseinrichtungen Berlin-Mitte-West (Kitaverband Mitte-West),freie Träger,http://www.kitaverband-mw.de,13.3695542,52.41678412
07130330,Kita der Ev. Kirchengem. Berlin-Mariendorf,07,Tempelhof-Schöneberg,12105,Berlin,Rathausstr.,28,,030 7063309,,83,Kindertagesstätte,Situationsansatz,,0204,Ev. Kirchengemeinde Berlin-Mariendorf,freie Träger,http://www.ev-kirchengemeinde-mariendorf.de,13.37936843,52.44468576
07130340,Kita der Ev. Kirchengem. Mariendorf -Ost,07,Tempelhof-Schöneberg,12109,Berlin,Rixdorfer Str.,73,,030 703 69 25,,165,Kindertagesstätte,Situationsansatz,,0292,Ev. Kirchengemeinde Mariendorf-Ost,freie Träger,http://mariendorf-ost.de/,13.40333186,52.44753918
07130350,Katholische Kindertagesstätte St. Judas Thaddäus,07,Tempelhof-Schöneberg,12101,Berlin,Bäumerplan,23,Test,030 259365121,,45,Kindertagesstätte,Montessori-Pädagogik/Situationsansatz,,9193,Kitas im Erzbistum Berlin-Zweckverband der katholischen Kirchengemeinden,freie Träger,http://hedikitas.de,13.37554357,52.47684699
07130360,Kath. Kita St. Alfons,07,Tempelhof-Schöneberg,12277,Berlin,Emilienstr.,9,,030 259365149,http://www.kita-st-alfons.de,65,Kindertagesstätte,Situationsansatz,,9193,Kitas im Erzbistum Berlin-Zweckverband der katholischen Kirchengemeinden,freie Träger,http://hedikitas.de,13.371014,52.42361691
07130370,Kath. Kita Maria Frieden,07,Tempelhof-Schöneberg,12105,Berlin,Kaiserstr.,27,/29,030 259365-127,http://hedikitas.de,50,Kindertagesstätte,Situationsansatz,,9193,Kitas im Erzbistum Berlin-Zweckverband der katholischen Kirchengemeinden,freie Träger,http://hedikitas.de,13.38442594,52.44532321
07130380,Kath. Kita Herz Jesu,07,Tempelhof-Schöneberg,12099,Berlin,Templerzeile,15,,030 2593651160,http://www.herz-jesu-kita.de,85,Kindertagesstätte,Montessori-Pädagogik,,9193,Kitas im Erzbistum Berlin-Zweckverband der katholischen Kirchengemeinden,freie Träger,http://hedikitas.de,13.39152654,52.46193769
07130390,Kath. Kita Vom Guten Hirten,07,Tempelhof-Schöneberg,12249,Berlin,Tennstedter Str.,2F,,030 25 93 65 144,http://www.kitaguterhirte.de,135,Kindertagesstätte,Situationsansatz,,9193,Kitas im Erzbistum Berlin-Zweckverband der katholischen Kirchengemeinden,freie Träger,http://hedikitas.de,13.35031764,52.41657298
07130400,Kita Regenbogen,07,Tempelhof-Schöneberg,12103,Berlin,Albrechtstr.,103,,030 7577 7680,http://www.ortefuerkinder.de/unsere-kitas/regenbogen/,82,Kindertagesstätte,,,0107,Orte für Kinder GmbH,freie Träger,http://www.ortefuerkinder.de,13.37798428,52.46096791
07130410,Kita Robinson Crusoe,07,Tempelhof-Schöneberg,12109,Berlin,Am Hellespont,2,,030 703 1044,http://www.ortefuerkinder.de/unsere-kitas/robinson-crusoe/,61,Kindertagesstätte,,,0107,Orte für Kinder GmbH,freie Träger,http://www.ortefuerkinder.de,13.40856032,52.44463628
07130421,Kita-Verein Lichtenrade Ost - Groß-Ziethener-Str. 82,07,Tempelhof-Schöneberg,12309,Berlin,Groß-Ziethener Str.,82,,7462329,http://www.kitaverein.de,28,Eltern-Initiativ-Kindertagesstätte,Situationsansatz,,0777,Kindertagesstättenverein Lichtenrade-Ost e. V.,freie Träger,"http://Skarbinastr.86, 12309 Berlin",13.41750543,52.39370345
07130422,EKT - Kita-Verein Lichtenrade Ost,07,Tempelhof-Schöneberg,12309,Berlin,Groß-Ziethener Str.,90,,7463166,http://www.kitaverein.de,17,Eltern-Initiativ-Kindertagesstätte,Situationsansatz,,0777,Kindertagesstättenverein Lichtenrade-Ost e. V.,freie Träger,"http://Skarbinastr.86, 12309 Berlin",13.42093929,52.39418095
07130423,EKT - Kita-Verein Lichtenrade Ost - Groß-Ziethener-Str. 96,07,Tempelhof-Schöneberg,12309,Berlin,Groß-Ziethener Str.,96,,030 7454096,http://www.kitaverein.de,24,Eltern-Initiativ-Kindertagesstätte,Situationsansatz,,0777,Kindertagesstättenverein Lichtenrade-Ost e. V.,freie Träger,"http://Skarbinastr.86, 12309 Berlin",13.42220858,52.3946088
07130424,EKT - Kita-Verein Lichtenrade Ost - Nahariyastr. 45,07,Tempelhof-Schöneberg,12309,Berlin,Nahariyastr.,45,,030 7462689,http://www.kitaverein.de,30,Eltern-Initiativ-Kindertagesstätte,Situationsansatz,,0777,Kindertagesstättenverein Lichtenrade-Ost e. V.,freie Träger,"http://Skarbinastr.86, 12309 Berlin",13.41896928,52.39432006
07130430,EKT - Kinderspielkreis Alboinplatz,07,Tempelhof-Schöneberg,12105,Berlin,Alboinstr.,113,,15735964264,,16,Eltern-Initiativ-Kindertagesstätte,Situationsansatz/Montessori-Pädagogik,,0766,Kinderspielkreis Alboinplatz e.V.,freie Träger,http://www.kinderladen-berlin-tempelhof.de,13.36985604,52.4581443
07130460,EKT Jungadler,07,Tempelhof-Schöneberg,12279,Berlin,Tirschenreuther Ring,69,,030 7224550,http://www.kita-jungadler.de,30,Eltern-Initiativ-Kindertagesstätte,Montessori-Pädagogik,,0695,Jungadler e.V.,freie Träger,http://www.kita-jungadler.de,13.35413297,52.40975773
07130480,EKT - Villa Wackelzahn,07,Tempelhof-Schöneberg,12103,Berlin,Friedrich-Wilhelm-Str.,20,,030 7576 4484,,25,Eltern-Initiativ-Kindertagesstätte,Situationsansatz,,1052,VILLA WACKELZAHN e.V.,freie Träger,http://www.villa-wackelzahn.de,13.38234474,52.45851
07130490,EKT - Schmunzelmonster,07,Tempelhof-Schöneberg,12099,Berlin,Friedrich-Wilhelm-Str.,87,,030 751 88 47,http://www.kila-schmunzelmonster.de/,15,Eltern-Initiativ-Kindertagesstätte,Reggio-Pädagogik,,0956,Schmunzelmonster e. V.,freie Träger,,13.38593037,52.45786307
07130500,EKT - Sonnengarten,07,Tempelhof-Schöneberg,12099,Berlin,Friedrich-Wilhelm-Str.,89,,030/ 75 212 75,http://www.berlin-sonnengarten.de,20,Eltern-Initiativ-Kindertagesstätte,Ansatz von Emmi Pikler/Montessori-Pädagogik,,0979,Sonnengarten e.V.,freie Träger,http://www.berlin-sonnengarten.de,13.38639111,52.45782171
07130530,EKT - Lichtenrader Dreckspatzen,07,Tempelhof-Schöneberg,12305,Berlin,Lintruper Str.,57,,030 70078611,http://www.lichtenrader-dreckspatzen.de,34,Eltern-Initiativ-Kindertagesstätte,Situationsansatz/Reggio-Pädagogik/Montessori-Pädagogik/Offene-Arbeit,,0825,Lichtenrader Dreckspatzen e.V.,freie Träger,http://www.lichtenrader-dreckspatzen.de,13.40285979,52.40863599
07130560,Kindergarten Muna,07,Tempelhof-Schöneberg,12309,Berlin,Homburgstr.,17,,030 765 867 05,http://www.stadtindianer.org,21,Eltern-Initiativ-Kindertagesstätte,Situationsansatz,,0968,IKT Stadtindianer e.V.,freie Träger,http://www.stadtindianer.org,13.41689788,52.39926268
07130580,EKT - Kinderladeninitiative Tempelhof,07,Tempelhof-Schöneberg,12105,Berlin,Kurfürstenstr.,114,,030 705 52 56,http://www.kunterbunte-kinder.de,15,Eltern-Initiativ-Kindertagesstätte,Situationsansatz/Montessori-Pädagogik,,0762,Kinderladeninitiative Tempelhof e.V.,freie Träger,http://www.kunterbunte-kinder.de,13.36801916,52.44580461
07130590,Die Kindergärtnerei,07,Tempelhof-Schöneberg,12307,Berlin,Briesingstr.,30,,030 70787717,,25,Kindertagesstätte,Ansatz von Emmi Pikler/Montessori-Pädagogik,,0609,Die Kindergärtnerei Kinderhaus Briesingstraße e. V.,freie Träger,,13.39980862,52.38374563
07130600,EKT Mücke,07,Tempelhof-Schöneberg,12107,Berlin,Großbeerenstr.,5,,030 7065351,http://www.kila-muecke.de,17,Eltern-Initiativ-Kindertagesstätte,Situationsansatz,,0778,Mücke e.V.,freie Träger,,13.38144877,52.4386317
07130620,EKT Spatzennest,07,Tempelhof-Schöneberg,12279,Berlin,Friedenfelser Str.,13,,030/ 7215542,http://www.spatzennest-marienfelde.de,39,Eltern-Initiativ-Kindertagesstätte,Situationsansatz/Sonstiges,,0841,"Elterninitiative Kindertagesstätte Spatzennest e. V., abgekürzt EKT Spatzennest",freie Träger,http://www.spatzennest-marienfelde.de,13.36103175,52.41371534
07130630,Kindertagesstätte Mojak,07,Tempelhof-Schöneberg,12103,Berlin,Podewilsstr.,5,,030 752 40 13,http://www.stadtindianer.org,26,Kindertagesstätte,Offene-Arbeit/Situationsansatz,,0968,IKT Stadtindianer e.V.,freie Träger,http://www.stadtindianer.org,13.37651387,52.46477067
07130650,EKT - Zwergenland,07,Tempelhof-Schöneberg,12105,Berlin,Viktoriastr.,1,,030 751 53 50,http://www.zwergenland-tempelhof.de,25,Eltern-Initiativ-Kindertagesstätte,Situationsansatz,,1091,Zwergenland e.V.,freie Träger,http://www.zwergenland-tempelhof.de,13.38357448,52.45479368
07130680,EKT Marienfelde,07,Tempelhof-Schöneberg,12279,Berlin,Waldsassener Str.,50,,030 7112391,,26,Eltern-Initiativ-Kindertagesstätte,Situationsansatz,,0840,Elterninitiativ - Kindertagesstätte Marienfelde e. V.,freie Träger,,13.34925847,52.40713444
07130740,Kita Feuerwache,07,Tempelhof-Schöneberg,12309,Berlin,Alt-Lichtenrade,97,,030 70079852,https://www.jugendundsozialwerk.de/kitas/berlin/tempelhof-schoeneberg/kita-feuerwache/,72,Kindertagesstätte,Reggio-Pädagogik/Situationsansatz/Offene-Arbeit/Fröbel-Pädagogik,,1296,Jugend- und Sozialwerk gGmbH,freie Träger,http://www.jus-or.de,13.4109045,52.39281466
07130750,EKT - Pillepoppen,07,Tempelhof-Schöneberg,12309,Berlin,Alt-Lichtenrade,100,,030 746 59 89,http://www.kila-pillepoppen.de,55,Eltern-Initiativ-Kindertagesstätte,Montessori-Pädagogik/Situationsansatz,,0900,Pillepoppen e. V.,freie Träger,http://www.kila-pillepoppem.de,13.41017864,52.39285075
07130780,Kita Haus Salem/Kitas Süd-West,07,Tempelhof-Schöneberg,12307,Berlin,Hohenzollernstr.,15,,030 290276080,https://www.kitas-sued-west.de/kitas-detail/hohenzollernstrasse,120,Kindertagesstätte,Situationsansatz,,0123,Kindertagesstätten Berlin Süd-West,Eigenbetriebe,http://www.kitas-sued-west.de,13.38832546,52.38410388
07130790,EKT - BuDdelKiste,07,Tempelhof-Schöneberg,12101,Berlin,Platz der Luftbrücke,1,Flughafen Tempelhof,030 693 12 06,https://www.buddelkiste-berlin.de/,48,Eltern-Initiativ-Kindertagesstätte,Situationsansatz,,0551,Buddelkiste e. V.,freie Träger,https://www.buddelkiste-berlin.de/,13.38694063,52.48526481
07130800,Kita Griembergweg,07,Tempelhof-Schöneberg,12305,Berlin,Griembergweg,29,,030 74001700,http://www.kita-griembergweg.de,160,Kindertagesstätte,Situationsansatz,,1321,Griembergweg e.V.,freie Träger,http://www.kita-griembergweg.de,13.40954133,52.40685501
07130820,Kita Abenteuerland,07,Tempelhof-Schöneberg,12305,Berlin,Lichtenrader Damm,190,,030 70098933,https://www.jugendundsozialwerk.de/kitas/berlin/tempelhof-schoeneberg/kita-abenteuerland/,120,Kindertagesstätte,Offene-Arbeit/Situationsansatz,,1296,Jugend- und Sozialwerk gGmbH,freie Träger,http://www.jus-or.de,13.40614137,52.3955432
07130830,Kinderwelt,07,Tempelhof-Schöneberg,12279,Berlin,Ahrensdorfer Str.,31,,030 721 93 45,http://www.kinderwelt-marienfelde.de,43,Eltern-Initiativ-Kindertagesstätte,Situationsansatz,,0982,Kinderwelt e. V. Berlin,freie Träger,http://www.kinderwelt-marienfelde.de,13.35568799,52.40819062
07130860,Ev. Teilzeit-Kita Goltzstraße,07,Tempelhof-Schöneberg,12307,Berlin,Goltzstr.,33,,030 746889432,,28,Kindertagesstätte,,,0233,Ev. Kirchengemeinde Lichtenrade,freie Träger,http://www.kirchengemeinde-lichtenrade.de,13.4055682,52.38526657
07130950,Kinderladen Pimpanella,07,Tempelhof-Schöneberg,12109,Berlin,Didostr.,1,,030 701 89 216,,18,Eltern-Initiativ-Kindertagesstätte,Sonstiges/Offene-Arbeit,,0891,Kinderladen Pimpanella e.V.,freie Träger,,13.39884456,52.4468671
07130960,EKT - Märchenwald/Ver.z.Errichtg u.Betreibg v.EKTs e.V.,07,Tempelhof-Schöneberg,12103,Berlin,Burgemeisterstr.,30,,75709465,http://www.ekts.de,39,Eltern-Initiativ-Kindertagesstätte,Situationsansatz,,1043,Verein zur Errichtung und Betreibung von EKT's e.V.,freie Träger,http://www.ekts.de,13.3745161,52.45818147
07130970,Kita MaRiS,07,Tempelhof-Schöneberg,12101,Berlin,Manfred-von-Richthofen-Str.,31,00,030 29035427,http://www.nusz.de,180,Kindertagesstätte,Situationsansatz,,1112,Nachbarschafts- u. Selbsthilfezentrum in der UFA-Fabrik e.V.,freie Träger,http://www.nusz.de,13.38035497,52.48139944
07131000,Kindertagesstätte Tiponi,07,Tempelhof-Schöneberg,12103,Berlin,Friedrich-Franz-Str.,12,,030 713 014 30,http://www.stadtindianer.org/einrichtungen/kita/tiponi/,75,Kindertagesstätte,Situationsansatz/Montessori-Pädagogik,,0968,IKT Stadtindianer e.V.,freie Träger,http://www.stadtindianer.org,13.37873449,52.45962402
07131040,Klax Krippe Kieselstein und Klax Kindergarten Zauberstein,07,Tempelhof-Schöneberg,12107,Berlin,Ankogelweg,16,,030 740019415,http://www.klax-kita.de,100,Kindertagesstätte,Sonstiges,,1214,KLAX Berlin gGmbH,freie Träger,http://klax.de,13.40458462,52.42647087
07131050,Kindergarten Krabbelkäfer,07,Tempelhof-Schöneberg,12103,Berlin,Burgemeisterstr.,76,,030 760 080 77,http://www.stadtindianer.org,26,Kindertagesstätte,Offene-Arbeit,,0968,IKT Stadtindianer e.V.,freie Träger,http://www.stadtindianer.org,13.38224611,52.45698464
07131080,Kita Igelschnecken-Schneckenhaus,07,Tempelhof-Schöneberg,12103,Berlin,Friedrich-Karl-Str.,3,,030 72014300,http://www.taeks.de,27,Eltern-Initiativ-Kindertagesstätte,Ansatz von Emmi Pikler/Montessori-Pädagogik/Reggio-Pädagogik,,0564,TÄKS e. V.,freie Träger,https://www.taeks.de,13.38312657,52.45566537
07131090,EKT Mini-Kids-Salvator,07,Tempelhof-Schöneberg,12307,Berlin,Pfarrer-Lütkehaus-Platz,1,,030 76106745,http://www.mini-kids-salvator.de,24,Eltern-Initiativ-Kindertagesstätte,Situationsansatz,,1164,EKT Mini-Kids-Salvator e.V.,freie Träger,http://www.mini-kids-salvator.de,13.39780885,52.38611511
07131100,Kita Dino Bambino,07,Tempelhof-Schöneberg,12103,Berlin,Burgemeisterstr.,32,,030 75657474,http://www.lebenswelt-berlin.de/de/kindertagesstaetten/kita-dino-bambino,50,Kindertagesstätte,Situationsansatz,,1322,LebensWelt Kindertagesstätten gGmbH,freie Träger,http://www.lebenswelt-berlin.de,13.3739505,52.45823214
07131150,Ev.Teilzeit-Kita im Rackebüller Weg,07,Tempelhof-Schöneberg,12305,Berlin,Rackebüller Weg,64,,030 66 63 14 60,,23,Kindertagesstätte,Situationsansatz,,0233,Ev. Kirchengemeinde Lichtenrade,freie Träger,http://www.kirchengemeinde-lichtenrade.de,13.40243642,52.40525766
07131160,Kita Der Theaterkindergarten,07,Tempelhof-Schöneberg,12101,Berlin,Wintgensstr.,4,,03078006884,https://theaterkindergarten.de/,20,Kindertagesstätte,Offene-Arbeit,,1383,DER THEATERKINDERGARTEN gemeinnützige Gesellschaft mit beschränkter Haftung,freie Träger,https://theaterkindergarten.de/,13.37390353,52.47715971
07131190,Ev. Dorotheen Kita,07,Tempelhof-Schöneberg,12279,Berlin,Waldsassener Str.,9,,030 7214066,http://www.kitaverband-mw.de,105,Kindertagesstätte,Sonstiges/Situationsansatz,,8758,Ev. Kirchenkreisverband für Kindertageseinrichtungen Berlin-Mitte-West (Kitaverband Mitte-West),freie Träger,http://www.kitaverband-mw.de,13.35051272,52.41319369
07131200,Kinderladen Leotie,07,Tempelhof-Schöneberg,12103,Berlin,Schönburgstr.,12,,030 7864 564,http://www.stadtindianer.org/einrichtungen/kita/leotie/,25,Eltern-Initiativ-Kindertagesstätte,Montessori-Pädagogik/Sonstiges/Situationsansatz,,0968,IKT Stadtindianer e.V.,freie Träger,http://www.stadtindianer.org,13.38200442,52.46325538
07131220,Waldorfkindergarten Goldwurzel,07,Tempelhof-Schöneberg,12305,Berlin,Zeißpfad,25,,030 52134955,http://www.goldwurzel.de,28,Eltern-Initiativ-Kindertagesstätte,Waldorfpädagogik,,1056,Waldorfkindergarten Goldwurzel Tempelhof e.V.,freie Träger,http://www.goldwurzel.de,13.40610519,52.41171793
07131230,Kita Kleckerbande,07,Tempelhof-Schöneberg,12277,Berlin,Bruno-Möhring-Str.,7,-9,030 75519834,http://www.stadtteilzentrum-steglitz.de,120,Kindertagesstätte,Situationsansatz,,1280,Stadtteilzentrum Steglitz - Verein für soziale Arbeit e.V.,freie Träger,http://www.stadtteilzentrum-steglitz.de,13.37063905,52.42473115
07131350,Lori Kids - Internationaler Musikbetonter Kindergarten,07,Tempelhof-Schöneberg,12159,Berlin,Stierstr.,7,,030 85 07 66 18,http://www.lori-kids.de,25,Kindertagesstätte,Situationsansatz,,7869,kids in berlin kib gUG (haftungsbeschränkt),freie Träger,http://www.kidsinberlin.de,13.33771672,52.47586456
07131360,Kita Sternchen Werk Berlin,07,Tempelhof-Schöneberg,12107,Berlin,Titlisweg,60,,03074106540,https://www.familienservice.de/web/sternchen-berlin,60,Kindertagesstätte,Ansatz von Emmi Pikler,,7441,PME Familienservice gGmbH - Zweigniederlassung Berlin,freie Träger,http://www.familienservice.de,13.38326169,52.42356462
07131400,Kita Blohmstraße,07,Tempelhof-Schöneberg,12307,Berlin,Blohmstr.,61a,,01751173941,http://www.hisa-welt.de,78,Kindertagesstätte,Situationsansatz/Montessori-Pädagogik/Offene-Arbeit,,1179,hisa gemeinnützige Gesellschaft mit beschränkter Haftung (hisa gGmbH),freie Träger,http://www.hisa-welt.de,13.38577155,52.38879703
07131410,Mojak mini,07,Tempelhof-Schöneberg,12103,Berlin,Podewilsstr.,2,,030 72 01 37 57,http://www.stadtindianer.org,15,Kindertagesstätte,Offene-Arbeit/Situationsansatz/Ansatz von Emmi Pikler,,0968,IKT Stadtindianer e.V.,freie Träger,http://www.stadtindianer.org,13.37703022,52.46503349
07131430,Cheburashka-Tempelhof,07,Tempelhof-Schöneberg,12309,Berlin,Nahariyastr.,40,,030 48818359,http://www.kitacheburashka.de,24,Kindertagesstätte,Offene-Arbeit/Situationsansatz,,7388,Cheburashka gGmbH,freie Träger,http://www.kitacheburashka.de,13.42029088,52.39394121
07131440,Kita Villa Wackelzahn,07,Tempelhof-Schöneberg,12103,Berlin,Friedrich-Wilhelm-Str.,21,,030 96083803,,25,Kindertagesstätte,Situationsansatz,,1052,VILLA WACKELZAHN e.V.,freie Träger,http://www.villa-wackelzahn.de,13.3819879,52.45852759
07131450,Kita Tiva,07,Tempelhof-Schöneberg,12103,Berlin,Werderstr.,29,,030 752 02 71,http://www.stadtindianer.org,25,Kindertagesstätte,Situationsansatz,,0968,IKT Stadtindianer e.V.,freie Träger,http://www.stadtindianer.org,13.38173679,52.45819059
07131460,Kita Zwergenland,07,Tempelhof-Schöneberg,12105,Berlin,Werderstr.,17,,030 74305812,http://www.zwergenland-tempelhof.de,12,Kindertagesstätte,Situationsansatz,,1091,Zwergenland e.V.,freie Träger,http://www.zwergenland-tempelhof.de,13.38111231,52.45531295
07131510,Kita Gulliver,07,Tempelhof-Schöneberg,12103,Berlin,Friedrich-Wilhelm-Str.,21,,030 72012759,,24,Kindertagesstätte,Situationsansatz,,8116,Gulliver e. V.,freie Träger,,13.3819879,52.45852759
07131520,Kita Maulwurf,07,Tempelhof-Schöneberg,12103,Berlin,Alt-Tempelhof,29,,030 30365750,http://www.kita-maulwurf-berlin.de,72,Kindertagesstätte,Situationsansatz/Reggio-Pädagogik,,7901,Maulwurf e. V.,freie Träger,http://www.kita-maulwurf-berlin.de,13.38352386,52.46521645
07131530,Kinderladen Marienkäfer,07,Tempelhof-Schöneberg,12105,Berlin,Prühßstr.,30,,030 76289955,http://kinderladenmarienkaefer.com,40,Kindertagesstätte,Montessori-Pädagogik/Reggio-Pädagogik/Situationsansatz,,7920,Kinderladen Marienkäfer gUG (haftungsbeschränkt),freie Träger,http://www.kinderladenmarienkaefer.com,13.38316401,52.44297724
07131550,Kita Junikäfer,07,Tempelhof-Schöneberg,12105,Berlin,Attilastr.,61,- 67,030 7940545,http://www.hauptstadtkaefer.de,60,Kindertagesstätte,Situationsansatz,,0696,Hauptstadtkäfer gGmbH,freie Träger,http://www.hauptstadtkaefer.de,13.36212466,52.44833556
07131560,Theaterkindergarten,07,Tempelhof-Schöneberg,12101,Berlin,Bäumerplan,26,,03078006884,https://theaterkindergarten.de/,12,Kindertagesstätte,Ansatz von Emmi Pikler/Situationsansatz,,1383,DER THEATERKINDERGARTEN gemeinnützige Gesellschaft mit beschränkter Haftung,freie Träger,https://theaterkindergarten.de/,13.37416893,52.47711031
07131570,"""REH-KIDZ""",07,Tempelhof-Schöneberg,12103,Berlin,Kaiserin-Augusta-Str.,60,,030 75774550,,40,Kindertagesstätte,Situationsansatz,,9157,KIDZ Präventiv gGmbH,freie Träger,http://www.kidz-praeventiv.de,13.37689358,52.45985142
07131580,Kita Tiponi II,07,Tempelhof-Schöneberg,12103,Berlin,Friedrich-Franz-Str.,39,,030 713 014 30,http://www.stadtindianer.org,25,Kindertagesstätte,Situationsansatz/Montessori-Pädagogik,,0968,IKT Stadtindianer e.V.,freie Träger,http://www.stadtindianer.org,13.37920029,52.45956567
07131590,Kita Krümel-Club,07,Tempelhof-Schöneberg,12277,Berlin,An der Dorfkirche,5,,030 13008903,http://www.kita-kruemelclub.de,68,Kindertagesstätte,Ansatz von Emmi Pikler/Montessori-Pädagogik,,7498,Krümel-Club gGmbH,freie Träger,http://www.kita-kruemelclub.de,13.36732677,52.41343021
07131600,Kinderladen Zwergenkiste,07,Tempelhof-Schöneberg,12307,Berlin,Spirdingseestr.,3,,030 74309044,http://www.kila-zwergenkiste.de,20,Eltern-Initiativ-Kindertagesstätte,Montessori-Pädagogik,,8123,Kinderladen Zwergenkiste e. V.,freie Träger,http://www.kila-zwergenkiste.de,13.41129967,52.37849602
07131620,Kita Lillebror,07,Tempelhof-Schöneberg,12107,Berlin,Im Marienpark,15,,030 62871248,http://www.kita-lillebror.de,32,Kindertagesstätte,Reggio-Pädagogik/Montessori-Pädagogik/Ansatz von Emmi Pikler/Sonstiges,,8239,Nordische Bildungswerkstatt UG (haftungsbeschränkt),freie Träger,http://www.nobiwerk.com,13.37022825,52.43820311
07131630,EKT Inselreich,07,Tempelhof-Schöneberg,12101,Berlin,Manfred-von-Richthofen-Str.,15,,030,http://www.inselreich.org,25,Eltern-Initiativ-Kindertagesstätte,Ansatz von Emmi Pikler,,8253,Inselreich e. V.,freie Träger,http://www.inselreich.org,13.38243638,52.48303014
07131640,Kenntnisreich Kindertagesstätte BP 26,07,Tempelhof-Schöneberg,12101,Berlin,Bäumerplan,26,,9843 8754,http://www.kenntnisreich-kindertagesstaetten.de,30,Kindertagesstätte,Situationsansatz,,8259,Kenntnisreich Kindertagesstätten gGmbH,freie Träger,http://www.kenntnisreich-kindertagesstaetten.de,13.37416893,52.47711031
07131650,Kita Global Village,07,Tempelhof-Schöneberg,12105,Berlin,Ringstr.,28,,030 76586990,http://www.globalvillage-kita.de,110,Kindertagesstätte,Sonstiges,,8263,Global Village UG (haftungsbeschränkt),freie Träger,http://www.globalvillage-kita.de,13.37141915,52.44431264
07131660,Kita Berlin gGmbH,07,Tempelhof-Schöneberg,12103,Berlin,Friedrich-Wilhelm-Str.,78,-79,0162 262816,http://www.rahndittrich.de/kita-bln,75,Kindertagesstätte,Reggio-Pädagogik/Situationsansatz/Sonstiges,,8267,"Dr. P. Rahn und Partner, Schulen in freier Trägerschaft, gemeinnützige Schulgesellschaft mbH",freie Träger,http://www.rahndittrich.de,13.38254888,52.45817722
07131670,EKT Al Naml - Die Ameisen,07,Tempelhof-Schöneberg,10965,Berlin,Dudenstr.,17,,030 65836735,http://welt-der-kinder-ev.de,25,Eltern-Initiativ-Kindertagesstätte,Situationsansatz/Reggio-Pädagogik/Offene-Arbeit,,8293,Aalem el Atfal - Welt der Kinder e. V.,freie Träger,http://welt-der-kinder-ev.de,13.38256274,52.48484448
07131690,Kita Grashüpferchen II,07,Tempelhof-Schöneberg,12107,Berlin,Mariendorfer Damm,334,-336,030 70763070,http://www.kita-grashuepferchen.de,102,Kindertagesstätte,Situationsansatz,,8265,Kita Grashüpferchen gemeinnützige GmbH,freie Träger,http://www.kita-grashuepferchen.de,13.39556196,52.42373935
07131700,Kita Chumani - IKT Stadtindianer,07,Tempelhof-Schöneberg,12103,Berlin,Kaiserin-Augusta-Str.,27,,030 76 00 79 31,http://www.stadtindianer.org/einrichtungen/kita/chumani,45,Kindertagesstätte,Montessori-Pädagogik/Situationsansatz/Reggio-Pädagogik,,0968,IKT Stadtindianer e.V.,freie Träger,http://www.stadtindianer.org,13.37697572,52.46013936
07131710,Kita Kleine Insel Tempelhof,07,Tempelhof-Schöneberg,12103,Berlin,Borussiastr.,7,,030 23363555,https://www.johanniter.de/einrichtungen/fuer-kinder-und-jugendliche/kindertageseinrichtungen/kita-kleine-insel-tempelhof-in-berlin/?L=0,19,Kindertagesstätte,Reggio-Pädagogik/Offene-Arbeit,,8194,Johanniter-Unfall-Hilfe e. V. Regionalverband Berlin,freie Träger,http://www.johanniter.de/rv-berlin,13.37987076,52.46692154
07131720,Kitabär,07,Tempelhof-Schöneberg,12101,Berlin,Hoeppnerstr.,104,,030 81 49 42 28,http://www.kitabär.de,36,Kindertagesstätte,Situationsansatz,,8326,Kitabär gemeinnützige UG (haftungsbeschränkt),freie Träger,http://www.kitabär.de,13.37187923,52.47395798
07131730,Kita Sonnenblume,07,Tempelhof-Schöneberg,12305,Berlin,Schwebelstr.,22,,030 70209480,http://kita-sonnenblume.eu,220,Kindertagesstätte,Situationsansatz,,1349,Kita Sonnenblume gGmbH,freie Träger,http://kita-sonnenblume.eu,13.40895208,52.40799225
07131740,Kita Eisvögel,07,Tempelhof-Schöneberg,12099,Berlin,Bacharacher Str.,47,,030 62608590,http://www.paradiesvoegel.eu,71,Kindertagesstätte,Offene-Arbeit/Montessori-Pädagogik/Situationsansatz,,7464,eventus Bildung gGmbH,freie Träger,https://eventusbildung.de/,13.41589324,52.46110083
07131750,Kita Rappelkiste,07,Tempelhof-Schöneberg,12105,Berlin,Kunigundenstr.,1,,030 49085555,http://www.kita-rappelkista.berlin,25,Kindertagesstätte,Situationsansatz,,8486,Kita-Rappelkiste gemeinnützige Unternehmergesellschaft (haftungsbeschränkt),freie Träger,http://www.kita-rappelkista.berlin,13.38052956,52.45515033
07131760,Kindertagesstätte Schlösschen,07,Tempelhof-Schöneberg,12105,Berlin,Machonstr.,30,,030 65830110,http://www.lifexperience.de,25,Kindertagesstätte,Situationsansatz/Offene-Arbeit,,8388,LifExperience gemeinnützige Gesellschaft für Bildung Erziehung und Betreuung mbH,freie Träger,http://www.lifexperience.de,13.3818458,52.44791156
07131790,hisa Kita Kirchhainer Damm,07,Tempelhof-Schöneberg,12309,Berlin,Kirchhainer Damm,11,,030 70781022,http://www.hisa-welt.de,60,Kindertagesstätte,Situationsansatz/Montessori-Pädagogik,,1179,hisa gemeinnützige Gesellschaft mit beschränkter Haftung (hisa gGmbH),freie Träger,http://www.hisa-welt.de,13.41120565,52.38635311
07131800,Kita-Entdeckerbande,07,Tempelhof-Schöneberg,12103,Berlin,Friedrich-Karl-Str.,24,,030 68323906,http://www.kita.jonushilfswerk.de,29,Kindertagesstätte,Situationsansatz,,8959,jonushilfswerk Berlin Soziale Dienste gGmbH,freie Träger,http://www.jonushilfswerk.de,13.37934388,52.45661763
07131810,Kita Grashüpferchen III,07,Tempelhof-Schöneberg,12279,Berlin,Hildburghauser Str.,73,,030 91433941,http://www.kita-grashuepferchen.de,80,Kindertagesstätte,Situationsansatz,,8265,Kita Grashüpferchen gemeinnützige GmbH,freie Träger,http://www.kita-grashuepferchen.de,13.3452916,52.41494795
07131820,Kita Töpchiner Weg,07,Tempelhof-Schöneberg,12309,Berlin,Töpchiner Weg,127,- 129,030-66932656,http://www.internationaler-bund.de,136,Kindertagesstätte,Situationsansatz,,8377,Internationaler Bund - IB Berlin-Brandenburg gGmbH für Bildung und soziale Dienste (IB Berlin-Brandenburg gGmbH),freie Träger,https://ib-berlin.de/,13.41762426,52.40903237
07131840,Kita Kinder in Marienfelde,07,Tempelhof-Schöneberg,12279,Berlin,Friedenfelser Str.,11,,030 71099600,http://kinder-marienfelde.de/,110,Kindertagesstätte,Sonstiges,,8186,One World Kinder gGmbH,freie Träger,http://oneworldkinder.de/,13.36153563,52.41428338
07131850,Kenntnisreich Kindertagesstätten TD 100,07,Tempelhof-Schöneberg,12101,Berlin,Tempelhofer Damm,96,-98,7500 3713,http://www.kenntnisreich-kindertagesstaetten.de,145,Kindertagesstätte,Situationsansatz,,8259,Kenntnisreich Kindertagesstätten gGmbH,freie Träger,http://www.kenntnisreich-kindertagesstaetten.de,13.38506099,52.4730112
07131870,Schlösschen Süd,07,Tempelhof-Schöneberg,12305,Berlin,Alt-Lichtenrade,29,,030 55 23 17 63,http://www.lifexperience.de,24,Kindertagesstätte,Situationsansatz/Offene-Arbeit,,8388,LifExperience gemeinnützige Gesellschaft für Bildung Erziehung und Betreuung mbH,freie Träger,http://www.lifexperience.de,13.40981127,52.40122814
07131880,Kita Kinder Wunderland,07,Tempelhof-Schöneberg,12277,Berlin,Hranitzkystr.,16,,0176 84449332,https://kita-wunderland-marienfelde.jimdo.com,60,Kindertagesstätte,Situationsansatz,,8519,Kita Kinder Wunderland gemeinnützige UG (haftungsbeschränkt),freie Träger,http://www.kita-wunderland-marienfelde.jimdo.com,13.37146872,52.42232042
07131890,Kita Hauptstadtzwerge,07,Tempelhof-Schöneberg,12307,Berlin,Nuthestr.,18,,030 76808447,http://kita-hauptstadtzwerge.de/,85,Kindertagesstätte,Ansatz von Emmi Pikler/Situationsansatz,,8555,Hauptstadtzwerge gGmbH,freie Träger,http://kita-hauptstadtzwerge.de/,13.39318671,52.39550176
07131910,Kita Mary Poppinz,07,Tempelhof-Schöneberg,12107,Berlin,Mariendorfer Damm,444,,030 52103498,http://www.marypoppinz.de,31,Kindertagesstätte,Situationsansatz/Reggio-Pädagogik,,8218,Mary Poppinz gemeinnützige Unternehmergesellschaft (haftungsbeschränkt),freie Träger,http://www.marypoppinz.de,13.40047627,52.4150235
07131920,Kita Arielle 3,07,Tempelhof-Schöneberg,12099,Berlin,Alt-Tempelhof,5,,030 72010309,http://www.grenzenlos-kind.com,100,Kindertagesstätte,Situationsansatz,,8569,Grenzenlos Kind gGmbH,freie Träger,http://www.grenzenlos-kind.com,13.38848465,52.46554489
07131940,LOK 18,07,Tempelhof-Schöneberg,10965,Berlin,Am Lokdepot,16,-18,030 63225326,http://taeks.de,50,Kindertagesstätte,Ansatz von Emmi Pikler/Montessori-Pädagogik,,0564,TÄKS e. V.,freie Träger,https://www.taeks.de,13.37203415,52.48594996
07131950,Kita Juniorplaneten,07,Tempelhof-Schöneberg,12107,Berlin,Alt-Mariendorf,25,,030 29676115,http://sprache-verbindet.berlin,36,Kindertagesstätte,Situationsansatz,,8752,Sprache verbindet IB gGmbH,freie Träger,http://sprache-verbindet.berlin,13.38947004,52.44024096
07131960,Kita Steinchen,07,Tempelhof-Schöneberg,12307,Berlin,Steinstr.,11,,030 64166615,http://www.kitasteinchen.de,120,Kindertagesstätte,Fröbel-Pädagogik/Reggio-Pädagogik/Offene-Arbeit/Montessori-Pädagogik/Situationsansatz,,8672,Kita Steinchen gGmbH,freie Träger,http://www.kitasteinchen.de,13.39738553,52.39392956
07131970,Kita Begonia,07,Tempelhof-Schöneberg,12103,Berlin,Burgemeisterstr.,12,,030 40752900,http://www.kitakardelen.de,75,Kindertagesstätte,,,8392,Kardelen gGmbH,freie Träger,http://www.kitakardelen.de,13.38226559,52.45769791
07131980,Kita Sonnenblume,07,Tempelhof-Schöneberg,12305,Berlin,Ringelnatzstr.,10,,0179 03070550557,http://kita-sonnenblume.eu,60,Kindertagesstätte,Situationsansatz,,1349,Kita Sonnenblume gGmbH,freie Träger,http://kita-sonnenblume.eu,13.40748904,52.40109817
07131990,Kita Frühlicht,07,Tempelhof-Schöneberg,12309,Berlin,Skarbinastr.,82,,030 76284532,http://www.jubisa.com,25,Kindertagesstätte,Situationsansatz/Offene-Arbeit,,8735,"JuBiSA - Jugend, Bildung und Soziale Arbeit gemeinnützige UG (haftungsbeschränkt)",freie Träger,,13.42191704,52.39371748
07132000,Kita Drachenburg,07,Tempelhof-Schöneberg,12279,Berlin,Friedenfelser Str.,35,,030 634 100 00,,22,Eltern-Initiativ-Kindertagesstätte,Situationsansatz,,8764,Kidsdream gGmbH,freie Träger,,13.36063285,52.41158607
07132010,Kindertagesstätte Marienfelder Kiezhopser,07,Tempelhof-Schöneberg,12277,Berlin,Alt-Marienfelde,54,,030 813 07 790,http://www.stadtteilzentrum-steglitz.de,60,Kindertagesstätte,Situationsansatz,,1280,Stadtteilzentrum Steglitz - Verein für soziale Arbeit e.V.,freie Träger,http://www.stadtteilzentrum-steglitz.de,13.36429374,52.41354849
07132050,Kita Marlenchen,07,Tempelhof-Schöneberg,12105,Berlin,Kurfürstenstr.,32,-33,030 74302022,http://www.tevbb.org,60,Kindertagesstätte,Offene-Arbeit/Situationsansatz,,8729,TEVBB Soziale Dienste GmbH,freie Träger,http://www.tevbb.org,13.37683276,52.44781857
07132060,Kita Wunderkids Tempelhof,07,Tempelhof-Schöneberg,12099,Berlin,Friedrich-Wilhelm-Str.,10,-11,030 67199199,,80,Kindertagesstätte,Situationsansatz,,8410,W und W Wunderkids gGmbH,freie Träger,http://www.wunderkids.de,13.38568813,52.458219
07132070,Kichererbsen,07,Tempelhof-Schöneberg,12107,Berlin,Alt-Mariendorf,47A,,030 94882640,http://www.kitakichererbsen.de,20,Kindertagesstätte,Reggio-Pädagogik/Situationsansatz/Ansatz von Emmi Pikler/Montessori-Pädagogik,,8234,Großstadtzwerge gemeinnützige UG (haftungsbeschränkt),freie Träger,http://www.grossstadtzwerge.de,13.38392997,52.43937595
07132080,Marienfelder GS (nur Sprachförderung),07,Tempelhof-Schöneberg,12279,Berlin,Tirschenreuther Ring,69,.,45950544,,,Kindertagesstätte,,,8568,Edusation - gemeinnützige Gesellschaft für Integration und Sprachförderung mbH,freie Träger,http://edusation.de/,13.35413297,52.40975773
07132090,Kita Benjamin Blume Lichtenrade,07,Tempelhof-Schöneberg,12305,Berlin,Freiertweg,12,,030 70079443,http://www.kita-benjaminblume.de,31,Kindertagesstätte,Situationsansatz,,8426,Kita Benjamin Blume gUG (haftungsbeschränkt),freie Träger,http://www.kita-benjaminblume.de,13.40633936,52.40970885
07132140,Kita Wunschkinder,07,Tempelhof-Schöneberg,12105,Berlin,Kurfürstenstr.,48A,,030 70781082,,22,Kindertagesstätte,Situationsansatz,,8908,Kita Wunschkinder gGmbH,freie Träger,,13.38158922,52.44804651
07132150,hisa Kita Malteserstraße,07,Tempelhof-Schöneberg,12277,Berlin,Malteserstr.,171B,,030 75008500,http://www.hisa-welt.de,96,Kindertagesstätte,Situationsansatz,,1179,hisa gemeinnützige Gesellschaft mit beschränkter Haftung (hisa gGmbH),freie Träger,http://www.hisa-welt.de,13.35916276,52.41502551
07132160,Kindertagesstätte Großbeerenstr. 34-40 (FBO),07,Tempelhof-Schöneberg,12107,Berlin,Großbeerenstr.,34,-40,030 01763072400,http://www.eventusbildung.de,12,Eltern-Kind-Gruppe,Situationsansatz,,7464,eventus Bildung gGmbH,freie Träger,https://eventusbildung.de/,13.37891144,52.43622266
07132170,Kita Pretty World Friedenstraße,07,Tempelhof-Schöneberg,12107,Berlin,Friedenstr.,3,-4,030 70764790,http://www.pretty-world.de,120,Kindertagesstätte,Situationsansatz,,8483,Pretty World gGmbH,freie Träger,https://www.pretty-world.de/,13.38161745,52.43790453
07132180,Kückenbande,07,Tempelhof-Schöneberg,12279,Berlin,Hildburghauser Str.,29,,030 65003330,http://kuekenbande.de/,45,Kindertagesstätte,Situationsansatz,,8257,Center Lingual gemeinnützige UG (haftungsbeschränkt),freie Träger,http://kuekenbande.de/,13.35369465,52.41315752
07132240,Kita StarKids Mariendorf,07,Tempelhof-Schöneberg,12107,Berlin,Reißeckstr.,23,,61209320,http://kitastarkids.de,140,Kindertagesstätte,Situationsansatz,,9083,Diversity Mariendorfer Sterne gGmbH,freie Träger,https://www.kita-starkids-mariendorf.de/,13.3933667,52.44027959
07132250,Kita Happyloca,07,Tempelhof-Schöneberg,12305,Berlin,Geibelstr.,77,/78,030 65865649,http://www.happyloca.de,25,Kindertagesstätte,Offene-Arbeit/Montessori-Pädagogik/Situationsansatz,,9084,Happyloca gGmbH,freie Träger,http://www.happyloca.de,13.39603996,52.39780092
07132260,Naturdetektive Kita Marienfelder,07,Tempelhof-Schöneberg,12277,Berlin,Marienfelder Allee,102,,75446802,http://www.kita-naturdetektive.de,47,Kindertagesstätte,Offene-Arbeit/Waldorfpädagogik/Situationsansatz/Montessori-Pädagogik,,8747,Naturdetektive gUG (haftungsbeschränkt),freie Träger,http://www.kita-naturdetektive.de,13.36645907,52.41785091
07132270,Kita Mariendorfer Teddys,07,Tempelhof-Schöneberg,12107,Berlin,Mariendorfer Damm,292,-298,46 66 22 99,https://gkj-berlin.de/kindertagesstaetten/kita-mariendorfer-teddys,98,Kindertagesstätte,Situationsansatz,,8733,GKJ-Berlin gemeinnützige Gesellschaft für Kinder- und Jugendhilfe mbH,freie Träger,http://www.gkj-berlin.de,13.39359022,52.42683629
07132280,Kita Marmaraweg,07,Tempelhof-Schöneberg,12109,Berlin,Marmaraweg,20,,015208793933,http://www.123kleinemenschen.de,21,Kindertagesstätte,Situationsansatz/Offene-Arbeit,,9135,1·2·3 kleine Menschen gUG,freie Träger,http://www.123kleinemenschen.de,13.40101008,52.44314349
07132290,FBO Columbiadamm (FBO),07,Tempelhof-Schöneberg,10965,Berlin,Columbiadamm,84,,0176 30724400,http://www.eventusbildung.de,24,Eltern-Kind-Gruppe,Offene-Arbeit/Montessori-Pädagogik/Situationsansatz,,7464,eventus Bildung gGmbH,freie Träger,https://eventusbildung.de/,13.39777095,52.48077862
07132300,Kita Paradiesvögel Colditzstr. (FBO),07,Tempelhof-Schöneberg,12099,Berlin,Colditzstr.,32,,0176 30724400,https://eventusbildung.de/,,Eltern-Kind-Gruppe,,,7464,eventus Bildung gGmbH,freie Träger,https://eventusbildung.de/,13.3939467,52.45659387
07132310,Kita Kinder Wunderland (nur Sprachförderung),07,Tempelhof-Schöneberg,12279,Berlin,Marienfelder Allee,203,A,,,,Kindertagesstätte,,,8519,Kita Kinder Wunderland gemeinnützige UG (haftungsbeschränkt),freie Träger,http://www.kita-wunderland-marienfelde.jimdo.com,13.35904196,52.40817968
07132340,An der alten Gärtnerei 1,07,Tempelhof-Schöneberg,12109,Berlin,An der alten Gärtnerei,1,,0176 23107337,http://www.mary-poppinz-britz.de,139,Kindertagesstätte,Situationsansatz,,9165,Mary Poppinz Britz gUG,freie Träger,http://www.mary-Poppinz-Britz.de,13.40945823,52.43960252
07132350,Ania's Kindertagesstätten,07,Tempelhof-Schöneberg,12305,Berlin,Rapstedter Weg,38,,0176 62137689,https:/www.anias-kindertagesstaetten.de/,21,Kindertagesstätte,Situationsansatz,,9179,Ania's Kindertagestätten gUG,freie Träger,https://www.anias-kindertagesstaetten.de/,13.39017464,52.40892067
07132380,Kita Paradiesvögel-Die Zwergflamingos,07,Tempelhof-Schöneberg,12309,Berlin,Bornhagenweg,53,a,0176 30724413,http://www.eventusbildung.de,88,Kindertagesstätte,Situationsansatz,,7464,eventus Bildung gGmbH,freie Träger,https://eventusbildung.de/,13.41504375,52.3889422
07132400,Deutsch Skandinavische Kita,07,Tempelhof-Schöneberg,12105,Berlin,Machonstr.,54,.,760061234,https://montessori-stiftung.de/einrichtungen/deutsch-skandinavische-gemeinschaftsschule,58,Kindertagesstätte,Montessori-Pädagogik/Reggio-Pädagogik,,7801,Montessori-Stiftung Berlin (MSB),freie Träger,http://www.montessori-stiftung.de,13.38211705,52.44601093
07132410,Kenntnisreich im Lichtenrader Revier,07,Tempelhof-Schöneberg,12307,Berlin,Steinstr.,41D,,34683017,http://www.kenntnisreich-kindertagesstaetten.de,25,Kindertagesstätte,Situationsansatz,,8259,Kenntnisreich Kindertagesstätten gGmbH,freie Träger,http://www.kenntnisreich-kindertagesstaetten.de,13.3970487,52.38749257
08140020,Kita Bornsdorfer Str. 37b/Kitas SüdOst,08,Neukölln,12053,Berlin,Bornsdorfer Str.,37B,,030 21 30 89100,https://kindertagesstaetten-suedost.de,170,Kindertagesstätte,Offene-Arbeit/Situationsansatz,,0122,Kindertagesstätten SüdOst Eigenbetrieb von Berlin,Eigenbetriebe,http://www.kindertagesstaetten-suedost.de,13.43796815,52.47506929
08140030,Humanistische Kindertagesstätte Bornsdorfer Straße,08,Neukölln,12053,Berlin,Bornsdorfer Str.,14,,56828663,http://www.humanistischekitas.de,90,Kindertagesstätte,Situationsansatz/Offene-Arbeit/Freinet-Pädagogik/Sonstiges,,1230,"Humanistischer Verband Deutschlands, Landesverband Berlin-Brandenburg KdöR",freie Träger,https://humanistisch.de/kitas/,13.43649286,52.47645671
08140040,"""Mosaik""",08,Neukölln,12043,Berlin,Donaustr.,88,,030 5682 6290,http://www.edura-kitas.de,130,Kindertagesstätte,Situationsansatz/Sonstiges,,1333,edura Kindertagesstätten gGmbH,freie Träger,http://www.edura-kitas.de,13.44071687,52.47999424
08140050,Kita Drosselbartstr. 6/Kitas SüdOst,08,Neukölln,12057,Berlin,Drosselbartstr.,6,,030 68 05 91 14,https://kindertagesstaetten-suedost.de,73,Kindertagesstätte,Situationsansatz,,0122,Kindertagesstätten SüdOst Eigenbetrieb von Berlin,Eigenbetriebe,http://www.kindertagesstaetten-suedost.de,13.4698876,52.46882706
08140090,Kita Lernen & Lachen,08,Neukölln,12049,Berlin,Lichtenrader Str.,6,,030 54715494,https://www.jugendundsozialwerk.de/kitas/berlin/neukoelln/kita-lernen-und-lachen/,92,Kindertagesstätte,Offene-Arbeit/Situationsansatz,,1296,Jugend- und Sozialwerk gGmbH,freie Träger,http://www.jus-or.de,13.41956765,52.47785239
08140110,"Kita ""Sonnenschein""",08,Neukölln,12045,Berlin,Pflügerstr.,47,,030 62 98 14 44,http://www.edura-kitas.de,135,Kindertagesstätte,Situationsansatz/Sonstiges,,1333,edura Kindertagesstätten gGmbH,freie Träger,http://www.edura-kitas.de,13.43525671,52.48996074
08140180,Kita Grüner Weg 56/Kitas SüdOst,08,Neukölln,12359,Berlin,Grüner Weg,56,,030 601 20 01,https://kindertagesstaetten-suedost.de,80,Kindertagesstätte,Situationsansatz,,0122,Kindertagesstätten SüdOst Eigenbetrieb von Berlin,Eigenbetriebe,http://www.kindertagesstaetten-suedost.de,13.45248194,52.44107165
08140190,Kita Sonnenkäfer,08,Neukölln,12347,Berlin,Holzmindener Str.,23,,030 6061 912,http://www.fippev.de/sonnenkaefer,119,Kindertagesstätte,,,1233,FiPP e. V. - Fortbildungsinstitut für die pädagogische Praxis,freie Träger,http://www.fippev.de,13.43453316,52.4568053
08140220,Kita Rappelkiste,08,Neukölln,12359,Berlin,Wesenberger Ring,13,,030 6021260,https://www.awo-suedost.de/kitas/kita-rappelkiste,93,Kindertagesstätte,Offene-Arbeit/Situationsansatz,,0152,Arbeiterwohlfahrt Berlin Kreisverband Südost e.V.,freie Träger,http://www.awo-suedost.de,13.4419996,52.44080362
08140330,Tabaluga Bewegungskindergarten,08,Neukölln,12353,Berlin,Zwickauer Damm,24,,030 665 29 980,http://www.tabaluga-kita-bei-kib.de,140,Kindertagesstätte,Situationsansatz,,1329,Kinder in Bewegung gGmbH Gemeinnützige Kindergarten-Trägergesellschaft des Berliner Sports,freie Träger,http://www.kib-online.org,13.48172646,52.42199312
08140370,Kita Wutzkyallee 90/Kitas SüdOst,08,Neukölln,12353,Berlin,Wutzkyallee,90,,030 661 70 60,https://kindertagesstaetten-suedost.de,135,Kindertagesstätte,Situationsansatz,,0122,Kindertagesstätten SüdOst Eigenbetrieb von Berlin,Eigenbetriebe,http://www.kindertagesstaetten-suedost.de,13.47309034,52.42026317
08140380,Kita Wildenbruchstr. 25/Kitas SüdOst,08,Neukölln,12045,Berlin,Wildenbruchstr.,25,,030 68 08 56 88-0,https://kindertagesstaetten-suedost.de,160,Kindertagesstätte,Offene-Arbeit/Situationsansatz,,0122,Kindertagesstätten SüdOst Eigenbetrieb von Berlin,Eigenbetriebe,http://www.kindertagesstaetten-suedost.de,13.44774846,52.48689745
08140400,Kita Wildhüterweg 8/Kitas SüdOst,08,Neukölln,12353,Berlin,Wildhüterweg,8,,030 66 70 99 56,https://kindertagesstaetten-suedost.de,140,Kindertagesstätte,Situationsansatz,,0122,Kindertagesstätten SüdOst Eigenbetrieb von Berlin,Eigenbetriebe,http://www.kindertagesstaetten-suedost.de,13.45579368,52.42222457
08140410,Kita Flurweg,08,Neukölln,12357,Berlin,Flurweg,77,,030 605 30 361,https://www.inakindergarten.de/berlin/kita-flurweg,160,Kindertagesstätte,Situationsansatz,,1312,INA.KINDER.GARTEN gGmbH,freie Träger,http://www.inakindergarten.de,13.48071981,52.42841337
08140430,Kita Reuterstr. 72/Kitas SüdOst,08,Neukölln,12043,Berlin,Reuterstr.,73,,030 60 90 29 94-0,https://kindertagesstaetten-suedost.de,180,Kindertagesstätte,Situationsansatz,,0122,Kindertagesstätten SüdOst Eigenbetrieb von Berlin,Eigenbetriebe,http://www.kindertagesstaetten-suedost.de,13.42863899,52.48539809
08140440,Kita Neudecker Weg 84/Kitas SüdOst,08,Neukölln,12355,Berlin,Neudecker Weg,84,,030 663 20 90,https://kindertagesstaetten-suedost.de,188,Kindertagesstätte,Situationsansatz,,0122,Kindertagesstätten SüdOst Eigenbetrieb von Berlin,Eigenbetriebe,http://www.kindertagesstaetten-suedost.de,13.50775372,52.41902678
08140470,Kita Silbersteinstr. 121/Kitas SüdOst,08,Neukölln,12051,Berlin,Silbersteinstr.,121,,030 60 90 29 97-0,,140,Kindertagesstätte,Situationsansatz,,0122,Kindertagesstätten SüdOst Eigenbetrieb von Berlin,Eigenbetriebe,http://www.kindertagesstaetten-suedost.de,13.42481386,52.46533032
08140471,Kita Mariendorfer Weg 8/Kitas SüdOst,08,Neukölln,12051,Berlin,Mariendorfer Weg,8,,030 6090 2999 0,https://kindertagesstaetten-suedost.de,80,Kindertagesstätte,Offene-Arbeit/Situationsansatz,,0122,Kindertagesstätten SüdOst Eigenbetrieb von Berlin,Eigenbetriebe,http://www.kindertagesstaetten-suedost.de,13.43077675,52.46538891
08140490,Kita Hänselstr. 6/Kitas SüdOst,08,Neukölln,12057,Berlin,Hänselstr.,6,,030 68 08 52 11,https://kindertagesstaetten-suedost.de,184,Kindertagesstätte,Situationsansatz,,0122,Kindertagesstätten SüdOst Eigenbetrieb von Berlin,Eigenbetriebe,http://www.kindertagesstaetten-suedost.de,13.47276384,52.4668179
08140510,Kita An den Achterhöfen 1/Kitas SüdOst,08,Neukölln,12349,Berlin,An den Achterhöfen,1,,030 743 01 40,https://kindertagesstaetten-suedost.de,135,Kindertagesstätte,Situationsansatz,,0122,Kindertagesstätten SüdOst Eigenbetrieb von Berlin,Eigenbetriebe,http://www.kindertagesstaetten-suedost.de,13.43719189,52.42141549
08140520,Kita Mini-Mix,08,Neukölln,12053,Berlin,Briesestr.,73,-75,030 62983041,https://www.jugendundsozialwerk.de/kitas/berlin/neukoelln/kita-mini-mix-international/,280,Kindertagesstätte,Offene-Arbeit/Situationsansatz,,1296,Jugend- und Sozialwerk gGmbH,freie Träger,http://www.jus-or.de,13.42813289,52.47695593
08140530,Kita Rütlistr. 7/Kitas SüdOst,08,Neukölln,12045,Berlin,Rütlistr.,7,,030 60 90 29 93-0,https://kindertagesstaetten-suedost.de,106,Kindertagesstätte,Situationsansatz,,0122,Kindertagesstätten SüdOst Eigenbetrieb von Berlin,Eigenbetriebe,http://www.kindertagesstaetten-suedost.de,13.43480491,52.48761342
08140540,Kita Böhmische Str. 1-5Kitas SüdOst,08,Neukölln,12055,Berlin,Böhmische Str.,1,,030 68 39 26 47,https://kindertagesstaetten-suedost.de,140,Kindertagesstätte,Situationsansatz,,0122,Kindertagesstätten SüdOst Eigenbetrieb von Berlin,Eigenbetriebe,http://www.kindertagesstaetten-suedost.de,13.44687326,52.47231593
08140560,"IB-Kita, Internationaler Bund",08,Neukölln,12059,Berlin,Weserstr.,106,.,030 689 75 519,,125,Kindertagesstätte,Situationsansatz,,8377,Internationaler Bund - IB Berlin-Brandenburg gGmbH für Bildung und soziale Dienste (IB Berlin-Brandenburg gGmbH),freie Träger,https://ib-berlin.de/,13.45294443,52.47716436
08140580,Kita Igelschnute,08,Neukölln,12049,Berlin,Allerstr.,44,,030-49930599,http://www.hauptstadtracker.com,31,Eltern-Initiativ-Kindertagesstätte,Situationsansatz/Montessori-Pädagogik,,9051,Hauptstadtracker gGmbH,freie Träger,http://www.hauptstadtracker.com,13.42587162,52.47492084
08140590,Kita Genezareth,08,Neukölln,12049,Berlin,Allerstr.,33,,030 33 89 85 50,https://evkf.de/kindertageseinrichtungen/kita-genezareth/,80,Kindertagesstätte,Situationsansatz/Offene-Arbeit,,0280,Evangelischer Verband für Kita und Familie,freie Träger,http://www.evkf.de,13.42193092,52.47448171
08140600,Kita Britz Dorf,08,Neukölln,12359,Berlin,Fulhamer Allee,53,,030 606 46 00,https://evkf.de/kindertageseinrichtungen/kita-britz-dorf/,80,Kindertagesstätte,Situationsansatz,,0280,Evangelischer Verband für Kita und Familie,freie Träger,http://www.evkf.de,13.43681976,52.44835165
08140610,Ev. Kita Brüdergemeinde,08,Neukölln,12051,Berlin,Juliusstraße,58,Container gegenüber Hausnr. 58,0171 620 17 79,https://evkf.de/kindertageseinrichtungen/kita-brudergemeine/,85,Kindertagesstätte,Situationsansatz,,0280,Evangelischer Verband für Kita und Familie,freie Träger,http://www.evkf.de,13.44001414,52.46397719
08140620,Ev. Kita Hephatha,08,Neukölln,12359,Berlin,Fritz-Reuter-Allee,136,,030 601 11 33,https://evkf.de/kindertageseinrichtungen/kita-hephatha/,90,Kindertagesstätte,Situationsansatz,,0280,Evangelischer Verband für Kita und Familie,freie Träger,http://www.evkf.de,13.4460128,52.44158389
08140630,Ev. Kita Martin-Luther/ Kirchenkreis Neukölln,08,Neukölln,12045,Berlin,Fuldastr.,48,,030 623 36 23,https://evkf.de/kindertageseinrichtungen/kita-martin-luther/,50,Kindertagesstätte,Situationsansatz,,0280,Evangelischer Verband für Kita und Familie,freie Träger,http://www.evkf.de,13.43635508,52.48464439
08140640,Ev. Kita Martin Luther King,08,Neukölln,12351,Berlin,Martin-Luther-King-Weg,7,,0160 95 94 84 48,https://evkf.de/kindertageseinrichtungen/kita-martin-luther-king/,150,Kindertagesstätte,Situationsansatz,,0280,Evangelischer Verband für Kita und Familie,freie Träger,http://www.evkf.de,13.45591172,52.42827356
08140650,Ev. Kita Philipp Melanchthon,08,Neukölln,12051,Berlin,Bruno-Bauer-Str.,14,,0151 10 54 27 19,https://evkf.de/kindertageseinrichtungen/kita-philipp-melanchthon/,90,Kindertagesstätte,Situationsansatz/Offene-Arbeit,,0280,Evangelischer Verband für Kita und Familie,freie Träger,http://www.evkf.de,13.43933876,52.46400878
08140660,Ev. Kita Magdalenen/Kirchenkr. Neukölln,08,Neukölln,12055,Berlin,Karl-Marx-Str.,197,,0151 23 34 01 45,https://evkf.de/kindertageseinrichtungen/kita-magdalenen/,135,Kindertagesstätte,Situationsansatz,,0280,Evangelischer Verband für Kita und Familie,freie Träger,http://www.evkf.de,13.44172721,52.47239341
08140680,Ev. Kita Dreieinigkeit,08,Neukölln,12351,Berlin,Lipschitzallee,23,,030 661 61 68,https://evkf.de/kindertageseinrichtungen/kita-dreieinigkeit/,160,Kindertagesstätte,Situationsansatz,,0280,Evangelischer Verband für Kita und Familie,freie Träger,http://www.evkf.de,13.47233544,52.43005856
08140700,Ev. Kita Nikodemus,08,Neukölln,12047,Berlin,Nansenstr.,27,,030 624 49 69,https://evkf.de/kindertageseinrichtungen/kita-nikodemus/,90,Kindertagesstätte,Situationsansatz,,0280,Evangelischer Verband für Kita und Familie,freie Träger,http://www.evkf.de,13.43189782,52.49104098
08140710,Ev.Kita Momo Kirchenkreis Neukölln,08,Neukölln,12355,Berlin,Neudecker Weg,33,,030 – 343 47 081,https://evkf.de/kindertageseinrichtungen/kita-momo/,130,Kindertagesstätte,Situationsansatz,,0280,Evangelischer Verband für Kita und Familie,freie Träger,http://www.evkf.de,13.51480774,52.42014038
08140730,Ev. Kita Tabea,08,Neukölln,12057,Berlin,Sonnenallee,311,,030 – 684 68 51,https://evkf.de/kindertageseinrichtungen/kita-tabea/,115,Kindertagesstätte,Situationsansatz,,0280,Evangelischer Verband für Kita und Familie,freie Träger,http://www.evkf.de,13.47180204,52.46600614
08140740,Katholische Kindertagesstätte Hl. Schutzengel,08,Neukölln,12359,Berlin,Alt-Britz,41,,259365115,http://www.kita-schutzengel.de,50,Kindertagesstätte,Montessori-Pädagogik,,9193,Kitas im Erzbistum Berlin-Zweckverband der katholischen Kirchengemeinden,freie Träger,http://hedikitas.de,13.44028382,52.44997443
08140750,Kath. Kita St. Joseph,08,Neukölln,12357,Berlin,Alt-Rudow,46,,030 259365119,http://hedikitas.de,76,Kindertagesstätte,Situationsansatz,,9193,Kitas im Erzbistum Berlin-Zweckverband der katholischen Kirchengemeinden,freie Träger,http://hedikitas.de,13.49269933,52.41861293
08140770,Kath. Kita Bruder Klaus,08,Neukölln,12359,Berlin,Bruno-Taut-Ring,9G,,030 259365106,http://hedikitas.de,30,Kindertagesstätte,Montessori-Pädagogik/Situationsansatz,,9193,Kitas im Erzbistum Berlin-Zweckverband der katholischen Kirchengemeinden,freie Träger,http://hedikitas.de,13.4482621,52.43969465
08140780,Katholische Kindertagesstätte St. Clara,08,Neukölln,12053,Berlin,Kienitzer Str.,18,,030 259365109,http://www.hedikitas.de,65,Kindertagesstätte,Situationsansatz,,9193,Kitas im Erzbistum Berlin-Zweckverband der katholischen Kirchengemeinden,freie Träger,http://hedikitas.de,13.43599094,52.47734781
08140790,Kath. Kita St. Dominicus,08,Neukölln,12353,Berlin,Lipschitzallee,74,,030 259365110,http://hedikitas.de,62,Kindertagesstätte,Sonstiges/Montessori-Pädagogik/Situationsansatz,,9193,Kitas im Erzbistum Berlin-Zweckverband der katholischen Kirchengemeinden,freie Träger,http://hedikitas.de,13.46117157,52.42420007
08140800,Katholische Kindertagesstätte St. Christophorus,08,Neukölln,12047,Berlin,Nansenstr.,7,.,0302593651080,,75,Kindertagesstätte,Montessori-Pädagogik/Situationsansatz,,9193,Kitas im Erzbistum Berlin-Zweckverband der katholischen Kirchengemeinden,freie Träger,http://hedikitas.de,13.43091991,52.48867865
08140810,Katholische Kindertagesstätte St. Richard,08,Neukölln,12055,Berlin,Schudomastr.,15,,030259365139,http://hedikitas.de,75,Kindertagesstätte,Montessori-Pädagogik/Reggio-Pädagogik/Situationsansatz,,9193,Kitas im Erzbistum Berlin-Zweckverband der katholischen Kirchengemeinden,freie Träger,http://hedikitas.de,13.45116481,52.47337291
08140830,Kita Till Eulenspiegel,08,Neukölln,12355,Berlin,Korbmacherweg,33,,030 6699 1611,http://www.ortefuerkinder.de/unsere-kitas/till-eulenspiegel/,124,Kindertagesstätte,,,0107,Orte für Kinder GmbH,freie Träger,http://www.ortefuerkinder.de,13.48867727,52.41604374
08140850,Kita Villa Kunterbunt,08,Neukölln,12045,Berlin,Weserstr.,198,,030 623 40 11,https://www.awo-südost.de/kitas/kita-villa-kunterbunt,120,Kindertagesstätte,Situationsansatz,,0152,Arbeiterwohlfahrt Berlin Kreisverband Südost e.V.,freie Träger,http://www.awo-suedost.de,13.43293233,52.4872155
08140870,EKT - Yong,08,Neukölln,12043,Berlin,Donaustr.,114,,030 41953356,https://www.kilayong.com/,15,Eltern-Initiativ-Kindertagesstätte,Offene-Arbeit/Situationsansatz,,1079,Kinderladen Yong e.V.,freie Träger,,13.43378208,52.48340375
08140880,EKT -Kwetu,08,Neukölln,12049,Berlin,Lucy-Lameck-Str.,45,,030 621 10 49,,18,Eltern-Initiativ-Kindertagesstätte,Situationsansatz/Reggio-Pädagogik,,0522,Kwetu e.V.,freie Träger,,13.4229783,52.48592246
08140890,Kindertagesstätte Glitzerkröten,08,Neukölln,12045,Berlin,Weichselstr.,21,,030 6232540,https://glitzerkroeten.de/,29,Eltern-Initiativ-Kindertagesstätte,Situationsansatz,,0775,Kindertagesstätte Glitzerkröten e. V.,freie Träger,https://glitzerkroeten.de/,13.43616519,52.48651022
08140900,Kinder- und Schülerladen Purzelbaum Britz,08,Neukölln,12359,Berlin,Hanne Nüte,1,,030 606 40 87,https://www.purzelbaum-britz.de,22,Eltern-Initiativ-Kindertagesstätte,Situationsansatz/Montessori-Pädagogik/Offene-Arbeit,,0645,Kinder- und Schülerladen Purzelbaum Britz e.V.,freie Träger,https://www.purzelbaum-britz.de,13.45099297,52.4517246
08140910,EKT - Waffelbande,08,Neukölln,12047,Berlin,Friedelstr.,22,,030 613 44 74,,15,Eltern-Initiativ-Kindertagesstätte,Situationsansatz,,1055,Waffelbande e.V.,freie Träger,,13.42801134,52.4911872
08140920,Kinderladen Hobi,08,Neukölln,12053,Berlin,Mainzer Str.,5,,030 6237301,http://www.kinderladen-hobi.de,15,Eltern-Initiativ-Kindertagesstätte,Situationsansatz,,0749,Kinderladen Hobi e.V.,freie Träger,http://www.kinderladen-hobi.de,13.42727477,52.48408884
08140960,EKT - Kinderfan,08,Neukölln,12047,Berlin,Maybachufer,39,,030/ 623 23 95,,15,Eltern-Initiativ-Kindertagesstätte,Situationsansatz,,0702,Kinderfan e.V.,freie Träger,,13.43329631,52.4916761
08140970,EKT - Kita Karlsgartenstraße,08,Neukölln,12049,Berlin,Schillerpromenade,29,,030 621 89 31,http://kita-karlsgartenstr.de,15,Eltern-Initiativ-Kindertagesstätte,Situationsansatz,,0774,Kita Karlsgartenstr. e.V.,freie Träger,http://www.kita-karlsgartenstr.de,13.42314415,52.47497712
08141010,"EKT - ""Balou""",08,Neukölln,12357,Berlin,Neuköllner Str.,312,,030 662 98 48,http://www.ekts.de,49,Eltern-Initiativ-Kindertagesstätte,Situationsansatz,,1043,Verein zur Errichtung und Betreibung von EKT's e.V.,freie Träger,http://www.ekts.de,13.48794599,52.42100019
08141030,EKT - Kinderladen Pimpinella,08,Neukölln,12051,Berlin,Kranoldstr.,9,,030 625 15 78,https://kinderladen-nefeli.de/neukoelln/,28,Eltern-Initiativ-Kindertagesstätte,Situationsansatz,,0757,Nefeli e.V.,freie Träger,https://kinderladen-nefeli.de,13.43350873,52.46601764
08141060,EKT - Mieterinitiative HWS-Gropiusstadt,08,Neukölln,12353,Berlin,Lipschitzallee,38,,030 603 10 38,,30,Eltern-Initiativ-Kindertagesstätte,Situationsansatz,,0850,Mieterinitiative HWS-Gropiusstadt e.V.,freie Träger,,13.46683856,52.42747438
08141070,EKT - Einstürzende Bauklötze,08,Neukölln,12047,Berlin,Hobrechtstr.,17,,030 6249854,,15,Eltern-Initiativ-Kindertagesstätte,Situationsansatz,,0607,Einstürzende Bauklötze e.V.,freie Träger,http://www.herzkindergarten.de,13.42687906,52.48882278
08141090,EKT Zottelbär,08,Neukölln,12045,Berlin,Jansastr.,14,,03094044720,https://ekt-zottelbaer.de/,20,Eltern-Initiativ-Kindertagesstätte,Situationsansatz,,1087,Eltern-Initiativ-Kindertagesstätte Zottelbär e. V.,freie Träger,,13.43326544,52.48567524
08141110,Kinderladen Naturkind e.V.,08,Neukölln,12349,Berlin,Schlierbacher Weg,18,,030 743 14 42,https://naturkind-berlin.de,26,Eltern-Initiativ-Kindertagesstätte,Situationsansatz,,0707,Naturkind e. V.,freie Träger,https://naturkind-berlin.de,13.40333088,52.41700419
08141130,EKT - Kleine Fische,08,Neukölln,12055,Berlin,Schöneweider Str.,20,,030 30685587,http://www.kila-kleine-fische.de/,24,Eltern-Initiativ-Kindertagesstätte,Situationsansatz,,1035,Kleinkindpädagogik e.V.,freie Träger,http://www.kila-kleine-fische.de/,13.4441859,52.47190838
08141140,Kinderladen Lach und Krach,08,Neukölln,12053,Berlin,Erlanger Str.,6,,030 623 11 99,http://www.kita-lachundkrach.de,50,Kindertagesstätte,Offene-Arbeit/Situationsansatz,,0817,LACH UND KRACH e.V.,freie Träger,http://www.kita-lachundkrach.de,13.43028616,52.4821544
08141150,Kindertagesstätte Chiquitito,08,Neukölln,12355,Berlin,Dora-Mendler-Str.,2A,,030 689 616 32,http://www.ekts.de,47,Eltern-Initiativ-Kindertagesstätte,Situationsansatz,,1043,Verein zur Errichtung und Betreibung von EKT's e.V.,freie Träger,http://www.ekts.de,13.51204292,52.41137612
08141160,EKT Lima,08,Neukölln,12045,Berlin,Weichselstr.,38,,030 6237701,http://www.kita-lima.de,35,Eltern-Initiativ-Kindertagesstätte,Situationsansatz,,0828,EKT LIMA e.V.,freie Träger,http://kita-lima.de,13.43820205,52.48842346
08141170,EKT Kinderladen Feldmäuse an der Hasenheide,08,Neukölln,12049,Berlin,Lichtenrader Str.,11,,030 6222290,https://www.kilafeldmaeuse.de/,17,Eltern-Initiativ-Kindertagesstätte,Situationsansatz,,0528,Kinderladen an der Hasenheide e. V.,freie Träger,,13.41992167,52.47709557
08141180,EKT Orgelpfeifen,08,Neukölln,12059,Berlin,Weserstr.,79,,030 6870339,,15,Eltern-Initiativ-Kindertagesstätte,Situationsansatz,,0886,Eltern-Initiativ-Kindertagesstätte Orgelpfeifen e.V.,freie Träger,,13.44647469,52.48045482
08141210,EKT - Ringelsöckchen,08,Neukölln,12049,Berlin,Lucy-Lameck-Str.,45,,030 622 20 01,,12,Eltern-Initiativ-Kindertagesstätte,Situationsansatz,,0925,Ringelsöckchen e.V.,freie Träger,,13.42297791,52.48592267
08141220,"Waldorfkindergarten ""Lindenbaum""",08,Neukölln,12051,Berlin,Nogatstr.,19,,030 625 40 77,https://www.waldorfkindergarten-lindenbaum.de,32,Eltern-Initiativ-Kindertagesstätte,Waldorfpädagogik,,1059,"Waldorfkindergarten ""Lindenbaum"" e.V.",freie Träger,https://www.waldorfkindergarten-lindenbaum.net/,13.43293155,52.4695435
08141230,Kita Nachbarschaftsheim Neukölln,08,Neukölln,12051,Berlin,Schierker Str.,53,,0179 609892076,http://nbh-neukoelln.de/?kita,80,Kindertagesstätte,Offene-Arbeit,,1248,Nachbarschaftsheim Neukölln e.V.,freie Träger,http://www.nbh-neukoelln.de,13.43836789,52.4707267
08141250,Die Kinkies,08,Neukölln,12049,Berlin,Weisestr.,4,,030 6225381,http://www.kinkies.de,21,Eltern-Initiativ-Kindertagesstätte,Montessori-Pädagogik/Offene-Arbeit/Situationsansatz,,1049,Die Kinkies e.V.,freie Träger,https://www.daks-berlin.de,13.42305186,52.47961709
08141270,"EKT - ""Pumuckel"" Verein z.Errichtung u.Betreibung v.EKT's e.V.",08,Neukölln,12051,Berlin,Warthestr.,56,,030 626 68 77,http://www.ekts.de,33,Eltern-Initiativ-Kindertagesstätte,Situationsansatz,,1043,Verein zur Errichtung und Betreibung von EKT's e.V.,freie Träger,http://www.ekts.de,13.42490122,52.46964542
08141280,Kita Pan,08,Neukölln,12047,Berlin,Pannierstr.,6,,030 6241091,http://www.fsd-kita1.de,50,Kindertagesstätte,Situationsansatz/Sonstiges,,8662,Forum Soziale Dienste Kita I GmbH,freie Träger,http://www.fsd-kita1.de,13.43108475,52.48665424
08141300,Kita Lieblingsmenschen,08,Neukölln,12051,Berlin,Nogatstr.,24,,030 626 22 63,http://www.lieblingsmenschen-berlin.de,24,Eltern-Initiativ-Kindertagesstätte,Situationsansatz,,0537,Lieblingsmenschen-Neukölln e.V.,freie Träger,,13.43159048,52.46937377
08141310,Kita Hasenreiter,08,Neukölln,12049,Berlin,Herrfurthplatz,4,,030 6211032,,20,Kindertagesstätte,Montessori-Pädagogik/Situationsansatz,,9051,Hauptstadtracker gGmbH,freie Träger,http://www.hauptstadtracker.com,13.42145841,52.47748113
08141330,Kita Die Möwe,08,Neukölln,12359,Berlin,Möwenweg,21,,030 6019029,http://www.fsd-kita1.de,36,Kindertagesstätte,Situationsansatz,,8662,Forum Soziale Dienste Kita I GmbH,freie Träger,http://www.fsd-kita1.de,13.46179695,52.44157082
08141350,Kita Kleine Weltkinder,08,Neukölln,12045,Berlin,Weserstr.,26,- 27,030 6235076,https://www.kleineweltkinder.de/,35,Kindertagesstätte,Situationsansatz,,9121,Bildungshafen gUG,freie Träger,http://www.kleineweltkinder.de,13.43385012,52.48650477
08141360,EKT - Naseweis,08,Neukölln,12047,Berlin,Friedelstr.,35,,030 6249220,http://ekt-naseweis.de,22,Eltern-Initiativ-Kindertagesstätte,Situationsansatz,,0548,NASEWEIS e.V.,freie Träger,http://ekt-naseweis.de,13.42784376,52.49291216
08141380,Kita Emser Str. 81-82/Kitas SüdOst,08,Neukölln,12051,Berlin,Emser Str.,81,-82,030 62 72 87 88-0,https://kindertagesstaetten-suedost.de,170,Kindertagesstätte,Situationsansatz,,0122,Kindertagesstätten SüdOst Eigenbetrieb von Berlin,Eigenbetriebe,http://www.kindertagesstaetten-suedost.de,13.42364178,52.46748067
08141420,"Kita ""Die Schlümpfe""",08,Neukölln,12051,Berlin,Nogatstr.,40,,030 626 76 60,http://www.edura-kitas.de,40,Kindertagesstätte,Situationsansatz/Sonstiges,,1081,edura Kindertagesstätten Yuvam gGmbH,freie Träger,http://www.edura-kitas.de,13.43426477,52.46947844
08141440,EKT - Kleine Erdenwesen,08,Neukölln,12049,Berlin,Lucy-Lameck-Str.,20,,030 6217636,,17,Eltern-Initiativ-Kindertagesstätte,Waldorfpädagogik,,0784,kleine Erdenwesen e.V.,freie Träger,,13.42334866,52.48284796
08141500,EKT - Neuzeitlich-christliche Initiative,08,Neukölln,12049,Berlin,Selchower Str.,28,,030 60975622,,35,Kindertagesstätte,Sonstiges,,0877,Neuzeitlich-Christliche Initiative e.V.,freie Träger,http://www.nc-init.de,13.42279877,52.47874698
08141510,Buckower Spatzen Bewegungskindergarten,08,Neukölln,12349,Berlin,Buckower Damm,192,,030 604 20 60,http://www.kita-buckower-spatzen.de,105,Kindertagesstätte,Offene-Arbeit,,1329,Kinder in Bewegung gGmbH Gemeinnützige Kindergarten-Trägergesellschaft des Berliner Sports,freie Träger,http://www.kib-online.org,13.43397528,52.42677751
08141530,Kita Künheimer Weg,08,Neukölln,12349,Berlin,Künheimer Weg,7,- 9,030 7424 947,http://www.fippev.de/kuenheimerweg,114,Kindertagesstätte,,,1233,FiPP e. V. - Fortbildungsinstitut für die pädagogische Praxis,freie Träger,http://www.fippev.de,13.41107493,52.41552068
08141540,Kita Groß-Ziethener-Chaussee 144/Kitas SüdOst,08,Neukölln,12355,Berlin,Groß-Ziethener Chaussee,144,,030 661 92 91,https://kindertagesstaetten-suedost.de,126,Kindertagesstätte,Situationsansatz,,0122,Kindertagesstätten SüdOst Eigenbetrieb von Berlin,Eigenbetriebe,http://www.kindertagesstaetten-suedost.de,13.47616642,52.40969544
08141550,Kita Ortolanweg 94/Kitas SüdOst,08,Neukölln,12359,Berlin,Ortolanweg,94,,030 603 10 09,https://kindertagesstaetten-suedost.de,115,Kindertagesstätte,Offene-Arbeit/Situationsansatz,,0122,Kindertagesstätten SüdOst Eigenbetrieb von Berlin,Eigenbetriebe,http://www.kindertagesstaetten-suedost.de,13.46840476,52.4403358
08141590,EKT Highway,08,Neukölln,12045,Berlin,Finowstr.,8,,030 6819054,http://Kinderladen-Highway.de,33,Eltern-Initiativ-Kindertagesstätte,Situationsansatz/Offene-Arbeit,,0672,Kinderladen Highway gGmbH,freie Träger,http://www.kinderladen-highway.de,13.44302332,52.48206919
08141600,EKT - Rasselbande,08,Neukölln,12047,Berlin,Weserstr.,212,,030 624 95 91,http://www.kinderladen-rasselbande.de,17,Eltern-Initiativ-Kindertagesstätte,Situationsansatz,,0919,Rasselbande e.V.,freie Träger,http://www.kinderladen-rasselbande.de,13.42713128,52.48839996
08141620,EKT Urmel,08,Neukölln,12055,Berlin,Kanner Str.,5,,0178 8132717,http://www.urmel-kinderladen.de,16,Eltern-Initiativ-Kindertagesstätte,Situationsansatz,,1028,EKT Urmel e. V.,freie Träger,http://www.urmel-kinderladen.de,13.44732645,52.47140389
08141630,EKT - Dinglhopper,08,Neukölln,12347,Berlin,Mohriner Allee,67,,030 6057261,,40,Eltern-Initiativ-Kindertagesstätte,Situationsansatz,,0594,Dinglhopper e.V.,freie Träger,http://www.dinglhopper.de,13.42468042,52.44131682
08141660,Lebenshilfe Inklusionskindertagesstätte / HpG,08,Neukölln,12347,Berlin,Straße 614,24,,030 6008820,http://www.lebenshilfe-berlin.de,248,Kindertagesstätte,Montessori-Pädagogik/Offene-Arbeit/Sonstiges,,1328,Lebenshilfe iKita gGmbH,freie Träger,http://www.lebenshilfe-berlin.de,13.4401559,52.45730051
08141670,"Kita ""Rotkäppchen""",08,Neukölln,12047,Berlin,Pannierstr.,10,,030 624 36 82,http://www.edura-kitas.de,62,Kindertagesstätte,Situationsansatz/Sonstiges,,1081,edura Kindertagesstätten Yuvam gGmbH,freie Träger,http://www.edura-kitas.de,13.43191298,52.48750949
08141680,Kita Reuterstr.,08,Neukölln,12053,Berlin,Reuterstr.,81,,030 62985210,http://www.fsd-kita1.de,44,Kindertagesstätte,Situationsansatz/Offene-Arbeit,,8662,Forum Soziale Dienste Kita I GmbH,freie Träger,http://www.fsd-kita1.de,13.42867658,52.48355812
08141700,Kinderladen Die kleinen Kivis,08,Neukölln,12049,Berlin,Lucy-Lameck-Str.,31,,004930 62722690,http://www.kindervilla-kivi.de,25,Kindertagesstätte,Montessori-Pädagogik/Situationsansatz/Offene-Arbeit,,1366,Forum Naturfreundejugend Berlin e.V.,freie Träger,http://www.naturfreundejugend-berlin.de,13.42183674,52.48354003
08141710,Kita Schneeflöckchen,08,Neukölln,12053,Berlin,Boddinstr.,5,,030 6859201,,22,Kindertagesstätte,Situationsansatz,,0958,Schneeflöckchen e.V.,freie Träger,,13.43340029,52.4809684
08141720,EKT - Ali Baba u.seine Räuber,08,Neukölln,12051,Berlin,Kranoldstr.,1,,030 626 48 71,,46,Eltern-Initiativ-Kindertagesstätte,Situationsansatz,,0520,Ali Baba und seine Räuber e.V.,freie Träger,http://www.kinderladen-ali-baba.de,13.43635399,52.46627737
08141730,Kleiner Fratz,08,Neukölln,12049,Berlin,Weisestr.,28,,030 68234426,http://www.kleinerfratz.berlin.de,52,Eltern-Initiativ-Kindertagesstätte,Offene-Arbeit,,0627,Kleiner Fratz GmbH,freie Träger,http://www.kleinerfratz.berlin.de,13.42471598,52.47421404
08141740,Kita/WeG gGmbH,08,Neukölln,12045,Berlin,Weserstr.,155,,030 624 94 07,http://www.weserwiesencids.de,22,Kindertagesstätte,Reggio-Pädagogik/Situationsansatz/Sonstiges/Fröbel-Pädagogik,,0561,WeG gGmbH,freie Träger,http://www.wegggmbh.de,13.4438337,52.48205738
08141750,EKT Schokoschnuten,08,Neukölln,12047,Berlin,Pflügerstr.,57,,030 6231289,http://www.kita-schokoschnuten.de,25,Eltern-Initiativ-Kindertagesstätte,Situationsansatz,,0959,EKT Schokoschnuten e. V.,freie Träger,http://www.kita-schokoschnuten.de,13.43222797,52.49062098
08141760,"EKT - ""Minnie Maus"" Verein z.Errichtung u.Betreibung v.EKT's e.V.",08,Neukölln,12045,Berlin,Innstr.,35,,030 686 00 92,http://www.ekts.de,30,Eltern-Initiativ-Kindertagesstätte,Situationsansatz,,1043,Verein zur Errichtung und Betreibung von EKT's e.V.,freie Träger,http://www.ekts.de,13.44402475,52.48119225
08141810,Kita Lucy-Lameck-Straße 33 / Kitas SüdOst,08,Neukölln,12049,Berlin,Lucy-Lameck-Str.,33,,030 62 72 87 89-0,,216,Kindertagesstätte,Situationsansatz,,0122,Kindertagesstätten SüdOst Eigenbetrieb von Berlin,Eigenbetriebe,http://www.kindertagesstaetten-suedost.de,13.42228346,52.48388931
08141830,Kita Arielle 1,08,Neukölln,12051,Berlin,Emser Str.,19,,030 626 65 09,,52,Kindertagesstätte,,,0501,Ali Baba Multikulturelle Generation gGmbH,freie Träger,http://www.alibaba-mk-gen.com,13.43637194,52.46930132
08141850,Kita Berliner Spatzen,08,Neukölln,12051,Berlin,Warthestr.,71,,030 626 75 78,http://www.berliner-spatzen.de,30,Kindertagesstätte,,,0542,Berliner Spatzen gGmbH,freie Träger,http://www.berliner-spatzen.de,13.42866381,52.4700722
08141880,EKT Puck,08,Neukölln,12055,Berlin,Zwiestädter Str.,2,,030 6827671,http://kinderladen-puck.de,26,Eltern-Initiativ-Kindertagesstätte,Situationsansatz,,0909,"Eltern-Initiativ-Kindertagesstätte ""Puck"" e. V.",freie Träger,http://kinderladen-puck.de,13.44700349,52.47384433
08141900,EKT - Minihausen,08,Neukölln,12055,Berlin,Mareschstr.,18,,030 682 15 49,,33,Eltern-Initiativ-Kindertagesstätte,Situationsansatz,,0505,"Kinderladen ""Minihausen"" e.V.",freie Träger,,13.45121363,52.47416297
08141920,EKT - 1001 Nacht,08,Neukölln,12049,Berlin,Karlsgartenstr.,4,,030 6226815,http://www.timela.eu,26,Eltern-Initiativ-Kindertagesstätte,Situationsansatz,,9315,TIMELA e.V.,freie Träger,,13.42352577,52.4822605
08141960,AWO Kita Die wilde 13,08,Neukölln,12355,Berlin,Jeanette-Wolff-Str.,13,,030 66992820,https://www.awo-südost.de/kitas/kita-wilde-13,105,Kindertagesstätte,Offene-Arbeit/Situationsansatz,,0152,Arbeiterwohlfahrt Berlin Kreisverband Südost e.V.,freie Träger,http://www.awo-suedost.de,13.50989742,52.40286872
08141970,Kita Ursulinchen,08,Neukölln,12355,Berlin,Ursulinenstr.,27,,030 56826131,http://www.fsd-kita1.de,70,Kindertagesstätte,Offene-Arbeit,,8662,Forum Soziale Dienste Kita I GmbH,freie Träger,http://www.fsd-kita1.de,13.50389703,52.40399234
08142060,Ev. Kita Johann-Christoph-Blumhardt,08,Neukölln,12349,Berlin,Buckower Damm,59,,030 66 70 69 28,,60,Kindertagesstätte,Situationsansatz,,0280,Evangelischer Verband für Kita und Familie,freie Träger,http://www.evkf.de,13.43557978,52.43855534
08142120,Kleiner Fratz,08,Neukölln,12051,Berlin,Bruno-Bauer-Str.,17,,030 6841007,http://www.kleinerfratz.berlin.de,40,Kindertagesstätte,Offene-Arbeit/Situationsansatz,,0627,Kleiner Fratz GmbH,freie Träger,http://www.kleinerfratz.berlin.de,13.43900449,52.46484414
08142150,Kindertagesstätte Helin,08,Neukölln,12051,Berlin,Nogatstr.,5,,030 682 78 49,http://www.kkh-ev.de,,Kindertagesstätte,,,9176,Waqfa Kultura Kurdi-Stiftung kurdische Kultur,freie Träger,,13.43809657,52.47019804
08142180,Kita Igelschnecken-Igelkinder,08,Neukölln,12349,Berlin,Sandsteinweg,25A,,030 7410 6907,http://www.taeks.de,30,Eltern-Initiativ-Kindertagesstätte,Ansatz von Emmi Pikler/Montessori-Pädagogik,,0564,TÄKS e. V.,freie Träger,https://www.taeks.de,13.40181137,52.41722102
08142190,EKT - Loupiot,08,Neukölln,12045,Berlin,Fuldastr.,37,,0176 015758289497,http://www.loupiot.de,20,Eltern-Initiativ-Kindertagesstätte,,,1142,Loupiot e. V.,freie Träger,,13.43866697,52.48606764
08142200,EKT - Ali Baba und seine Räuber,08,Neukölln,12051,Berlin,Kranoldstr.,1A,,030 6264871,,15,Eltern-Initiativ-Kindertagesstätte,Situationsansatz,,0520,Ali Baba und seine Räuber e.V.,freie Träger,http://www.kinderladen-ali-baba.de,13.43620136,52.46618095
08142220,EKT - Altenbraker Kinderladen - Altenbraker Str. 10,08,Neukölln,12053,Berlin,Altenbraker Str.,10,,622 10 56,,30,Eltern-Initiativ-Kindertagesstätte,Situationsansatz,,0525,Altenbraker 10 Kinderladen gGmbH,freie Träger,,13.431828,52.47138913
08142230,Kleiner Fratz,08,Neukölln,12051,Berlin,Glasower Str.,18,,030 68055420,http://www.kleiner-fratz-berlin.de,120,Kindertagesstätte,Offene-Arbeit/Situationsansatz,,9033,Kleiner Fratz City Süd GmbH,freie Träger,http://www.kleinerfratz.berlin.de,13.43800022,52.46464476
08142240,Ev. Kita Regenbogen,08,Neukölln,12353,Berlin,Ulrich-von-Hassell-Weg,4,,030 – 39 20 32 99,https://evkf.de/kindertageseinrichtungen/kita-regenbogen/,130,Kindertagesstätte,Situationsansatz,,0280,Evangelischer Verband für Kita und Familie,freie Träger,http://www.evkf.de,13.46627082,52.42428925
08142250,Kita Bendastr.,08,Neukölln,12051,Berlin,Bendastr.,11D,,030 62734330,https://www.awo-südost.de/kitas/kita-kruemelkiste,100,Kindertagesstätte,Offene-Arbeit/Situationsansatz,,0152,Arbeiterwohlfahrt Berlin Kreisverband Südost e.V.,freie Träger,http://www.awo-suedost.de,13.43663851,52.46293218
08142260,Kita Du und Ich,08,Neukölln,12055,Berlin,Kanner Str.,12,,030 56823640,https://www.awo-südost.de/kitas/kita-du-und-ich,100,Kindertagesstätte,Offene-Arbeit/Situationsansatz,,0152,Arbeiterwohlfahrt Berlin Kreisverband Südost e.V.,freie Träger,http://www.awo-suedost.de,13.4473979,52.47167456
08142280,Humanistische Kindertagesstätte Landreiterweg,08,Neukölln,12353,Berlin,Landreiterweg,55,,6679090,http://www.humanistischekitas.de,104,Kindertagesstätte,Situationsansatz/Ansatz von Emmi Pikler/Offene-Arbeit,,1230,"Humanistischer Verband Deutschlands, Landesverband Berlin-Brandenburg KdöR",freie Träger,https://humanistisch.de/kitas/,13.44967771,52.42321537
08142290,Humanistische Kindertagesstätte Michel-Klinitz-Weg,08,Neukölln,12349,Berlin,Michel-Klinitz-Weg,18,,7431014,http://www.humanistischekitas.de,100,Kindertagesstätte,Offene-Arbeit,,1230,"Humanistischer Verband Deutschlands, Landesverband Berlin-Brandenburg KdöR",freie Träger,https://humanistisch.de/kitas/,13.42942098,52.41732042
08142310,Kindergarten Sausewind,08,Neukölln,12355,Berlin,Köpenicker Str.,154,,030 663 13 78,http://www.kita-koepenicker-strasse.de,187,Kindertagesstätte,Offene-Arbeit,,1329,Kinder in Bewegung gGmbH Gemeinnützige Kindergarten-Trägergesellschaft des Berliner Sports,freie Träger,http://www.kib-online.org,13.49964831,52.42028883
08142340,Kita Knollstr. 73/Kitas SüdOst,08,Neukölln,12355,Berlin,Knollstr.,73,,030 669 92 90,https://kindertagesstaetten-suedost.de,90,Kindertagesstätte,Situationsansatz,,0122,Kindertagesstätten SüdOst Eigenbetrieb von Berlin,Eigenbetriebe,http://www.kindertagesstaetten-suedost.de,13.50650153,52.4065293
08142350,Kita Rixdorfer Rüpel,08,Neukölln,12043,Berlin,Berthelsdorfer Str.,11,,030 681 9879,http://www.ortefuerkinder.de/unsere-kitas/rixdorfer-ruepel/,20,Kindertagesstätte,,,0107,Orte für Kinder GmbH,freie Träger,http://www.ortefuerkinder.de,13.44041493,52.47845548
08142360,Kleine Kita Mittendrin,08,Neukölln,12045,Berlin,Fuldastr.,50,,030 609 774 925,https://evkf.de/kindertageseinrichtungen/kita-mittendrin/,20,Kindertagesstätte,Situationsansatz/Offene-Arbeit,,0280,Evangelischer Verband für Kita und Familie,freie Träger,http://www.evkf.de,13.4364039,52.48434743
08142370,Kindergarten Parchimer Allee,08,Neukölln,12359,Berlin,Parchimer Allee,2,,030 6012723,http://www.vfj-berlin.de,150,Eltern-Initiativ-Kindertagesstätte,Situationsansatz,,1390,Stiftung VfJ Berlin,freie Träger,http://www.vfj-berlin.de,13.46108338,52.44676289
08142380,Kita Focus FAMILIE,08,Neukölln,12051,Berlin,Hermannstr.,135A,,030 62 00 87 87,https://www.jugendundsozialwerk.de/kitas/berlin/neukoelln/kita-focus-familie/,115,Kindertagesstätte,Offene-Arbeit/Situationsansatz,,1296,Jugend- und Sozialwerk gGmbH,freie Träger,http://www.jus-or.de,13.43360598,52.46304935
08142390,Montessori-Kinderhaus Böhmische Straße,08,Neukölln,12055,Berlin,Böhmische Str.,39,,030 60690257,http://www.unionhilfswerk.de,64,Kindertagesstätte,Montessori-Pädagogik,,1260,Unionhilfswerk Sozialeinrichtungen gemeinnützige Gesellschaft mbH,freie Träger,http://www.unionhilfswerk.de,13.44904168,52.47513072
08142400,Kita Treptower Straße,08,Neukölln,12059,Berlin,Treptower Str.,32A,,030 5682 6314,http://www.tandembtl.de,180,Kindertagesstätte,Situationsansatz,,1335,tandem BTL gGmbH,freie Träger,http://www.tandembtl.de,13.4556428,52.48353383
08142410,Kita Warthestraße,08,Neukölln,12051,Berlin,Warthestr.,62A,,030 6289 380,http://www.fippev.de/warthestrasse,62,Kindertagesstätte,Offene-Arbeit,,1233,FiPP e. V. - Fortbildungsinstitut für die pädagogische Praxis,freie Träger,http://www.fippev.de,13.42641131,52.46978151
08142420,Kinder in Bewegung,08,Neukölln,12359,Berlin,Fulhamer Allee,1,,030 66 86 94 54,http://www.kita-fulhamer-allee.de,140,Kindertagesstätte,Offene-Arbeit,,1329,Kinder in Bewegung gGmbH Gemeinnützige Kindergarten-Trägergesellschaft des Berliner Sports,freie Träger,http://www.kib-online.org,13.44253319,52.44649035
08142430,Kindergarten Grashüpfer,08,Neukölln,12349,Berlin,Parksiedlung Spruch,111,,030 741 10 42,http://www.kita-parksiedlung-spruch.de,120,Kindertagesstätte,Situationsansatz,,1329,Kinder in Bewegung gGmbH Gemeinnützige Kindergarten-Trägergesellschaft des Berliner Sports,freie Träger,http://www.kib-online.org,13.40487648,52.42201248
08142440,Ev. Kita Debora,08,Neukölln,12057,Berlin,Aronsstr.,134,.,0151 52 53 90 41,https://evkf.de/kindertageseinrichtungen/kita-debora/,130,Kindertagesstätte,Situationsansatz,,0280,Evangelischer Verband für Kita und Familie,freie Träger,http://www.evkf.de,13.46606182,52.47169151
08142450,Ev. Kita Coretta King,08,Neukölln,12351,Berlin,Bohm-Schuch-Weg,9,,0160 94 94 62 64,https://evkf.de/kindertageseinrichtungen/kita-coretta-king/,140,Kindertagesstätte,Situationsansatz,,0280,Evangelischer Verband für Kita und Familie,freie Träger,http://www.evkf.de,13.45073747,52.43078273
08142460,"IB-Kita, Internationaler Bund",08,Neukölln,12353,Berlin,Kirschnerweg,29,,030 6042012,http://www.internationaler-bund.de,105,Kindertagesstätte,Situationsansatz,,8377,Internationaler Bund - IB Berlin-Brandenburg gGmbH für Bildung und soziale Dienste (IB Berlin-Brandenburg gGmbH),freie Träger,https://ib-berlin.de/,13.45594684,52.42671863
08142470,Kita Rüsselbande,08,Neukölln,12349,Berlin,Drusenheimer Weg,43,,030 (030) 7629320,http://www.kaeptnbrowser.de/front_content.php?idcat=202,100,Kindertagesstätte,Situationsansatz,,1355,Käpt'n Browser gemeinnützige Gesellschaft mit beschränkter Haftung,freie Träger,http://www.kaeptnbrowser.de,13.42111273,52.41480641
08142480,Kita Apfelsinenkiste/Ev. Kirchenkreis Neukölln,08,Neukölln,12353,Berlin,Joachim-Gottschalk-Weg,41,,030 – 66 09 09 115,https://evkf.de/kindertageseinrichtungen/kita-apfelsinenkiste/,93,Kindertagesstätte,Situationsansatz,,0280,Evangelischer Verband für Kita und Familie,freie Träger,http://www.evkf.de,13.47811685,52.42301613
08142500,Kita Salam-Frieden,08,Neukölln,12049,Berlin,Kienitzer Str.,104,,030 6322659,,30,Kindertagesstätte,Situationsansatz,,1396,Wassila Soziale Gesellschaft für Integration u. Arbeit mit Kindern und Jugendlichen gGmbH,freie Träger,,13.42486641,52.47598009
08142510,Ev. Kita Neu-Buckow,08,Neukölln,12349,Berlin,Quarzweg,116,,030 21 99 59 00,https://evkf.de/kindertageseinrichtungen/kita-neu-buckow/,102,Kindertagesstätte,Situationsansatz/Offene-Arbeit,,0280,Evangelischer Verband für Kita und Familie,freie Träger,http://www.evkf.de,13.41635112,52.41855138
08142520,EKT Ali Baba und seine Räuber,08,Neukölln,12051,Berlin,Bendastr.,21,,030 62008811,,30,Eltern-Initiativ-Kindertagesstätte,Situationsansatz,,0520,Ali Baba und seine Räuber e.V.,freie Träger,http://www.kinderladen-ali-baba.de,13.43670634,52.4665257
08142530,Kita Kiezkinder,08,Neukölln,12049,Berlin,Lucy-Lameck-Str.,4,,030 6226561,,16,Kindertagesstätte,Situationsansatz/Offene-Arbeit,,0711,Kiezkinder e.V.,freie Träger,,13.42333914,52.48552925
08142570,Kita Kinderparadies Neukölln,08,Neukölln,12043,Berlin,Karl-Marx-Str.,146,,030 47985761,http://www.kita-kinderparadies.de,54,Kindertagesstätte,Situationsansatz,,8476,IBEB Initiative für Bildung und Erziehung Berlin gemeinnützige GmbH,freie Träger,http://www.ibeb-berlin.de,13.43896577,52.47646372
08142590,Kindergarten Ackerwinde,08,Neukölln,12045,Berlin,Schandauer Str.,8,,030 6868691,,24,Eltern-Initiativ-Kindertagesstätte,Fröbel-Pädagogik/Waldorfpädagogik,,7510,Kindergarten Ackerwinde e. V.,freie Träger,http://www.ackerwinde.de,13.4425896,52.48388327
08142620,Kita Prinz Rose,08,Neukölln,12051,Berlin,Nogatstr.,45,,030 6097 5785,http://www.ortefuerkinder.de/unsere-kitas/prinz-rose/,20,Kindertagesstätte,Situationsansatz,,0107,Orte für Kinder GmbH,freie Träger,http://www.ortefuerkinder.de,13.43585941,52.46968026
08142660,Kita Salam-Frieden,08,Neukölln,12051,Berlin,Warthestr.,13,,030 88943640,,20,Eltern-Initiativ-Kindertagesstätte,Situationsansatz,,1396,Wassila Soziale Gesellschaft für Integration u. Arbeit mit Kindern und Jugendlichen gGmbH,freie Träger,,13.42623368,52.47009743
08142670,FRÖBEL Kindergarten Highdechsen,08,Neukölln,12057,Berlin,Michael-Bohnen-Ring,52,,27018882,https://highdechsen.froebel.info/,80,Kindertagesstätte,Offene-Arbeit,,1227,Fröbel Bildung und Erziehung gGmbH,freie Träger,http://www.froebel-gruppe.de/,13.47357871,52.46533048
08142710,Kita Kunti Bunti,08,Neukölln,12053,Berlin,Jonasstr.,31,,030 85614931,,39,Kindertagesstätte,Situationsansatz,,7581,KOBLÉ gemeinnützige GmbH,freie Träger,,13.43088844,52.47118876
08142720,Kita Santa Maria,08,Neukölln,12049,Berlin,Weisestr.,26,,015566968545,,24,Kindertagesstätte,Situationsansatz,,8808,Columbus gGmbH,freie Träger,,13.42457932,52.47465997
08142730,miKita,08,Neukölln,12047,Berlin,Maybachufer,5,,017621454834,http://www.mi-kita.de,22,Eltern-Initiativ-Kindertagesstätte,Situationsansatz,,8031,miKita e. V.,freie Träger,http://www.mi-kita.de,13.42230787,52.4952238
08142740,Kinderladen Highway 2,08,Neukölln,12043,Berlin,Anzengruberstr.,15,,030 68231814,http://Kinderladen-Highway.de,18,Eltern-Initiativ-Kindertagesstätte,Offene-Arbeit/Situationsansatz,,0672,Kinderladen Highway gGmbH,freie Träger,http://www.kinderladen-highway.de,13.44077784,52.48081053
08142750,Kinderladen flinke kids,08,Neukölln,12355,Berlin,Elly-Heuss-Knapp-Str.,21,,030 55144268,,22,Kindertagesstätte,Situationsansatz,,8039,flinke - kids e. V.,freie Träger,,13.50574987,52.40375773
08142760,Elif und Emil 2,08,Neukölln,12051,Berlin,Schierker Str.,30,,030 62983240,http://elifundemil.de,27,Kindertagesstätte,Situationsansatz,,8043,IKV Kita gGmbH,freie Träger,http://elifundemil.de,13.43075216,52.46981391
08142770,Kita Columbus,08,Neukölln,12049,Berlin,Allerstr.,37,,015566968545,,44,Kindertagesstätte,Situationsansatz,,8808,Columbus gGmbH,freie Träger,,13.42378906,52.47468901
08142780,Kita Nägel und Köpfe,08,Neukölln,12051,Berlin,Emser Str.,85,,030 22684323,http://www.morgenwerkstatt.de,25,Kindertagesstätte,Sonstiges,,8076,Morgenwerkstatt gGmbH,freie Träger,http://www.morgenwerkstatt.de,13.4245632,52.46764172
08142790,Kita Zwergplaneten,08,Neukölln,12043,Berlin,Hobrechtstr.,8,,030 62725482,http://sprache-verbindet.berlin,70,Kindertagesstätte,Situationsansatz,,8752,Sprache verbindet IB gGmbH,freie Träger,http://sprache-verbindet.berlin,13.4270561,52.48662682
08142800,Kita Bruno-Bauer-Straße 22 (nur Sprachförderung),08,Neukölln,12051,Berlin,Bruno-Bauer-Str.,22,,030 85 74 877 20,http://www.kleiner-fratz-berlin.de,,Kindertagesstätte,,,0627,Kleiner Fratz GmbH,freie Träger,http://www.kleinerfratz.berlin.de,13.43857238,52.46628061
08142810,Kita Ravelin,08,Neukölln,12359,Berlin,Wesenberger Ring,1,,030 89392510,http://www.familienzitadelle.de,50,Kindertagesstätte,Situationsansatz,,7924,FamilienZitadelle gemeinnützige GmbH,freie Träger,http://www.familienzitadelle.de,13.44069581,52.43906014
08142830,Kita Kleine Monster AG,08,Neukölln,12347,Berlin,Mohriner Allee,96,,030 98357018,http://www.kleine-monster-ag.de,33,Eltern-Initiativ-Kindertagesstätte,Ansatz von Emmi Pikler/Situationsansatz/Reggio-Pädagogik/Offene-Arbeit/Montessori-Pädagogik,,8138,Kleine Monster e. V.,freie Träger,http://www.kleine-monster-ag.de,13.41996016,52.44114294
08142850,Kinderladen Großstadtgören,08,Neukölln,12043,Berlin,Uthmannstr.,18,,03034717331,,22,Kindertagesstätte,Situationsansatz,,8149,Schabernick UG (haftungsbeschränkt),freie Träger,,13.44107537,52.47551871
08142860,EKT Wichtelstube,08,Neukölln,12059,Berlin,Harzer Str.,3,,030 54849230,http://www.wichtelstube.org,17,Eltern-Initiativ-Kindertagesstätte,Waldorfpädagogik,,8160,Verein zur Förderung der Waldorfpädagogik Wichtelstube e. V.,freie Träger,http://www.wichtelstube.org,13.44093674,52.48897742
08142870,Kita Kinderparadies Rixdorf,08,Neukölln,12055,Berlin,Böhmische Str.,27,,030 81492457,http://www.kita-kinderparadies.de,25,Kindertagesstätte,Situationsansatz,,8476,IBEB Initiative für Bildung und Erziehung Berlin gemeinnützige GmbH,freie Träger,http://www.ibeb-berlin.de,13.44731606,52.47625804
08142890,Kita Piratennest,08,Neukölln,12357,Berlin,Neuköllner Str.,226,,030 30340082,http://www.kita-piratennest.berlin,25,Kindertagesstätte,Situationsansatz/Offene-Arbeit,,8190,LebensTraum Kinder UG (haftungsbeschränkt),freie Träger,,13.47960126,52.42789455
08142900,Kleiner Fratz,08,Neukölln,12051,Berlin,Bruno-Bauer-Str.,22,links,030 7483082,http://www.kleinerfratz.de,15,Kindertagesstätte,Offene-Arbeit/Situationsansatz,,0627,Kleiner Fratz GmbH,freie Träger,http://www.kleinerfratz.berlin.de,13.43857554,52.46626869
08143000,Kita MANNA,08,Neukölln,12353,Berlin,Lipschitzallee,72,,030 60258284,http://www.malteser-berlin.de/manna,99,Kindertagesstätte,Sonstiges,,8214,Malteser Hilfsdienst gGmbH,freie Träger,http://www.malteser-berlin.de/,13.46305776,52.42483225
08143010,EKT Matschmonster,08,Neukölln,12347,Berlin,Britzer Damm,101,,01606372871,,28,Eltern-Initiativ-Kindertagesstätte,Situationsansatz,,8217,Matschmonster e.V.,freie Träger,,13.43839613,52.45383278
08143020,Kita Timbales,08,Neukölln,12049,Berlin,Kienitzer Str.,99,,0000 01797647685,http://kita-timbales.de/de/,22,Kindertagesstätte,Situationsansatz,,8226,Timbales e. V.,freie Träger,https://www.kita-timbales.de/,13.42556394,52.47582664
08143030,Kindertagesstätte Kinderplaneten,08,Neukölln,12347,Berlin,Germaniapromenade,8,,030 33841760,http://Sprache-verbindet.berlin,40,Kindertagesstätte,Situationsansatz,,8752,Sprache verbindet IB gGmbH,freie Träger,http://sprache-verbindet.berlin,13.43399457,52.46087397
08143040,Kita Großstadtzwerge,08,Neukölln,12055,Berlin,Braunschweiger Str.,57,,030 97882640,http://www.grossstadtzwerge.de,25,Kindertagesstätte,Reggio-Pädagogik/Situationsansatz/Ansatz von Emmi Pikler/Montessori-Pädagogik,,8234,Großstadtzwerge gemeinnützige UG (haftungsbeschränkt),freie Träger,http://www.grossstadtzwerge.de,13.44597871,52.47079368
08143050,Kita Regenbogen,08,Neukölln,12359,Berlin,Buschkrugallee,31,/31A,030-55234041,https://kitaregenbogen-berlin.de,46,Kindertagesstätte,Situationsansatz,,8243,Regenbogen gGmbH,freie Träger,https://kitaregenbogen-berlin.de,13.44604634,52.46139258
08143060,Kita Kinderparadies Körnerpark,08,Neukölln,12051,Berlin,Schierker Str.,57,,030 68056905,http://kita-kinderparadies.de,100,Kindertagesstätte,Situationsansatz,,8476,IBEB Initiative für Bildung und Erziehung Berlin gemeinnützige GmbH,freie Träger,http://www.ibeb-berlin.de,13.43982992,52.47088997
08143070,Kita Rudow,08,Neukölln,12355,Berlin,Prierosser Str.,70,- 72,030 661 49 79,https://evkf.de/kindertageseinrichtungen/kita-rudow/,90,Kindertagesstätte,Situationsansatz,,0280,Evangelischer Verband für Kita und Familie,freie Träger,http://www.evkf.de,13.49846197,52.41819073
08143080,Kita Am Dorfteich,08,Neukölln,12349,Berlin,Alt-Buckow,39,,030 6808 7424,http://www.ortefuerkinder.de/unsere-kitas/am-dorfteich/,50,Kindertagesstätte,,,0107,Orte für Kinder GmbH,freie Träger,http://www.ortefuerkinder.de,13.43068897,52.42144983
08143100,Kita Mahlower Straße 23,08,Neukölln,12049,Berlin,Mahlower Str.,23,,030 60975622,,65,Kindertagesstätte,Sonstiges,,0877,Neuzeitlich-Christliche Initiative e.V.,freie Träger,http://www.nc-init.de,13.42214419,52.4795915
08143110,Kita Flamingos,08,Neukölln,12043,Berlin,Karl-Marx-Str.,188,,030-52 66 46 81,http://paradiesvoegel.eu,120,Kindertagesstätte,Situationsansatz,,7464,eventus Bildung gGmbH,freie Träger,https://eventusbildung.de/,13.44052055,52.4733868
08143120,Kindertagesstätte Evin,08,Neukölln,12359,Berlin,Buschkrugallee,23,,030 68083985,http://www.kkh-ev.de,,Kindertagesstätte,,,9176,Waqfa Kultura Kurdi-Stiftung kurdische Kultur,freie Träger,,13.44559165,52.46201508
08143140,Kita Mosaikraupen,08,Neukölln,12043,Berlin,Berthelsdorfer Str.,14,,030 68 08 33 00,http://www.edura-kitas.de,40,Kindertagesstätte,Situationsansatz/Sonstiges,,1333,edura Kindertagesstätten gGmbH,freie Träger,http://www.edura-kitas.de,13.43941461,52.47826067
08143150,Kita Die Palmeninsel,08,Neukölln,12051,Berlin,Delbrückstr.,58,,030-12024774,,25,Kindertagesstätte,Situationsansatz,,8322,Mondlicht e. V.,freie Träger,,13.43968157,52.46517945
08143170,Kita Kinderbunt Maybachufer,08,Neukölln,12047,Berlin,Maybachufer,11,,030 49 08 07 94,,20,Kindertagesstätte,Situationsansatz,,8177,Kita-kinderbunt UG (haftungsbeschränkt),freie Träger,http://www.kita-kinderbunt.de,13.42384891,52.49472465
08143180,Kita Horizon,08,Neukölln,12051,Berlin,Warthestr.,15,,00000 01738311684,https://kita-horizon.de/,17,Eltern-Initiativ-Kindertagesstätte,Situationsansatz,,8361,Horizon e. V.,freie Träger,https://kita-horizon.de/,13.42572487,52.47003941
08143190,Kita Arielle 2,08,Neukölln,12347,Berlin,Germaniapromenade,10,,030 6272 9166,https://www.alibaba-mk-gen.com,80,Kindertagesstätte,Situationsansatz,,0501,Ali Baba Multikulturelle Generation gGmbH,freie Träger,http://www.alibaba-mk-gen.com,13.43368819,52.46083844
08143200,Kitaquarium,08,Neukölln,12045,Berlin,Weserstr.,162,,01636369748,,20,Eltern-Initiativ-Kindertagesstätte,Offene-Arbeit/Situationsansatz,,8375,L'Aquarium e. V.,freie Träger,http://www.kitaquarium.de,13.44221197,52.48285871
08143210,Kita Erdmännchen 1,08,Neukölln,12359,Berlin,Fritz-Reuter-Allee,173,,030 66527870,,40,Kindertagesstätte,Situationsansatz,,8387,Erdmännchen gemeinnützige GmbH,freie Träger,,13.44765362,52.43796126
08143220,Kindertagesstätte Kleine Herzen,08,Neukölln,12059,Berlin,Treptower Str.,68,,,https://www.emmaundlukas.de,25,Kindertagesstätte,Situationsansatz,,8861,KiMo gemeinnützige UG,freie Träger,https://www.emmaundlukas.de,13.45405159,52.4827551
08143230,Kita Kolibri,08,Neukölln,12051,Berlin,Emser Str.,77,,030 23907968,http://www.kitaderkulturen.de,25,Eltern-Initiativ-Kindertagesstätte,Situationsansatz,,8391,KdK-Kita der Kulturen gGmbH,freie Träger,http://www.kitaderkulturen.de,13.42232506,52.46739098
08143240,Kita Sternengarten,08,Neukölln,12047,Berlin,Hobrechtstr.,32,,030 62730190,http://www.edura-kitas.de,90,Kindertagesstätte,Situationsansatz/Sonstiges,,1081,edura Kindertagesstätten Yuvam gGmbH,freie Träger,http://www.edura-kitas.de,13.42621531,52.49201018
08143250,Kita Salam-Frieden 3,08,Neukölln,12347,Berlin,Jahnstr.,85,,030 31 17 41 56,,34,Kindertagesstätte,Situationsansatz,,1396,Wassila Soziale Gesellschaft für Integration u. Arbeit mit Kindern und Jugendlichen gGmbH,freie Träger,,13.43611298,52.46016023
08143260,"Kita ""Früchte der Kulturen""",08,Neukölln,12053,Berlin,Mainzer Str.,17,,030 23908211,http://www.sozivio.de,25,Eltern-Initiativ-Kindertagesstätte,Offene-Arbeit/Situationsansatz,,8434,sozivio-Soziale Vision gGmbH,freie Träger,http://www.sozivio.de,13.42726559,52.4819929
08143270,Kita Sonnenschein,08,Neukölln,12049,Berlin,Hermannstr.,224,,030 25209147,,22,Kindertagesstätte,Situationsansatz,,1169,Kita Sonnenblümchen gemeinnützige GmbH,freie Träger,,13.42550038,52.48020536
08143300,Kowari internationaler Kindergarten,08,Neukölln,12055,Berlin,Schudomastr.,7,- 8,030 23 93 60 66,http://www.kowari-kids.de,25,Kindertagesstätte,Situationsansatz,,7869,kids in berlin kib gUG (haftungsbeschränkt),freie Träger,http://www.kidsinberlin.de,13.44999062,52.47377022
08143310,Kita Ackerwinde,08,Neukölln,12045,Berlin,Innstr.,44,,030 54816571,http://www.ackerwinde.de,12,Kindertagesstätte,Waldorfpädagogik,,7510,Kindergarten Ackerwinde e. V.,freie Träger,http://www.ackerwinde.de,13.44604277,52.48272388
08143320,Kita Erdmännchen 2,08,Neukölln,12351,Berlin,Hirtsieferzeile,39,,03094873600,,27,Kindertagesstätte,Situationsansatz,,8387,Erdmännchen gemeinnützige GmbH,freie Träger,,13.46941788,52.43063132
08143330,Elif und Emil 1,08,Neukölln,12347,Berlin,Britzer Damm,146,,030-36753377,http://elifundemil.de,70,Kindertagesstätte,Situationsansatz,,8043,IKV Kita gGmbH,freie Träger,http://elifundemil.de,13.43687408,52.45018386
08143340,Kita Wiedehopf,08,Neukölln,12051,Berlin,Emser Str.,79,,030 23931878,http://www.kitaderkulturen.de,25,Kindertagesstätte,Situationsansatz,,8391,KdK-Kita der Kulturen gGmbH,freie Träger,http://www.kitaderkulturen.de,13.42289785,52.46745277
08143350,Kita Die drei Affen,08,Neukölln,12053,Berlin,Kienitzer Str.,16,,01785306975,http://diedreiaffen-kita.de,22,Kindertagesstätte,Situationsansatz,,8625,Die drei Affen gGmbH,freie Träger,http://diedreiaffen-kita.de,13.43624301,52.47738171
08143360,Stadtteil-Kita High-Deck,08,Neukölln,12057,Berlin,Michael-Bohnen-Ring,18,,030 56825885,https://www.jugendwohnen-berlin.de/kindertagesstaetten/kita-high-deck/,120,Kindertagesstätte,Sonstiges/Offene-Arbeit,,8071,Juwo - Kita gGmbH,freie Träger,http://www.juwo-kita.de,13.47774257,52.46487637
08143370,Kita Erdmännchen 3,08,Neukölln,12351,Berlin,Fritz-Erler-Allee,26,- 27,030 26571900,,53,Kindertagesstätte,Situationsansatz,,8387,Erdmännchen gemeinnützige GmbH,freie Träger,,13.45460617,52.43426977
08143400,Kita Pretty World 4,08,Neukölln,12353,Berlin,Agnes-Straub-Weg,20,- 22,030 74075700,http://www.pretty-world.de,65,Kindertagesstätte,Situationsansatz,,8483,Pretty World gGmbH,freie Träger,https://www.pretty-world.de/,13.48265731,52.4238446
08143410,Bärliner Bärchis Kita,08,Neukölln,12351,Berlin,Johannisthaler Chaussee,392,,03092125971,http://www.brightkidskita.de,28,Kindertagesstätte,Montessori-Pädagogik,,8734,Bright Kids KITA gemeinnützige UG (haftungsbeschränkt),freie Träger,http://www.brightkidskita.de,13.44442427,52.4262681
08143420,Naturdetektive Kita Lieselotte,08,Neukölln,12355,Berlin,Lieselotte-Berger-Str.,19,,29674233,http://www.kita-naturdetektive.de,28,Kindertagesstätte,Offene-Arbeit/Waldorfpädagogik/Situationsansatz/Montessori-Pädagogik,,8747,Naturdetektive gUG (haftungsbeschränkt),freie Träger,http://www.kita-naturdetektive.de,13.50798076,52.40342807
08143430,Kleiner Fratz,08,Neukölln,12353,Berlin,Joachim-Gottschalk-Weg,3,,030 68322771,http://www.kleinerfratz.de,30,Kindertagesstätte,Offene-Arbeit/Situationsansatz,,9033,Kleiner Fratz City Süd GmbH,freie Träger,http://www.kleinerfratz.berlin.de,13.47427914,52.42283034
08143450,Kita Die kleinen Forscher,08,Neukölln,12357,Berlin,Alt-Rudow,57,a,030 28420326,https://www.kinderlernorte.de/home/die-kleinen-forscher,25,Kindertagesstätte,Situationsansatz/Offene-Arbeit,,8411,KLEO KinderLernOrte Bildungseinrichtung gGmbH,freie Träger,http://www.kinderlernorte.de,13.495684,52.41790076
08143460,Kita Arielle 4,08,Neukölln,12347,Berlin,Britzer Damm,58,,030 25893553,http://www.grenzenlos-kind.com,80,Kindertagesstätte,Situationsansatz,,8569,Grenzenlos Kind gGmbH,freie Träger,http://www.grenzenlos-kind.com,13.43626463,52.45733453
08143470,Kita Grashüpferchen Rudow,08,Neukölln,12355,Berlin,Selgenauer Weg,1,A,03086331420,http://www.kita-grashuepferchen.berlin,120,Kindertagesstätte,Situationsansatz,,8265,Kita Grashüpferchen gemeinnützige GmbH,freie Träger,http://www.kita-grashuepferchen.de,13.50330862,52.42032139
08143480,Die Kubis,08,Neukölln,12059,Berlin,Teupitzer Str.,39,,030 810335200,http://www.kita-kubis.de,68,Kindertagesstätte,Situationsansatz/Offene-Arbeit,,9021,kleine kubus-Soziale gGmbH für klein und GROSS,freie Träger,http://www.kubus-berlin.de,13.45614623,52.48030182
08143490,Kita Kopfstraße,08,Neukölln,12053,Berlin,Kopfstr.,61,,030 56825549,,20,Kindertagesstätte,Situationsansatz/Offene-Arbeit,,3198,Bund Deutscher PfadfinderInnen -Landesverband Berlin- e.V.,freie Träger,http://www.berlin.bdp.org,13.43314795,52.4761755
08143500,Kita Glasower Str. 53 (nur Sprachförderung),08,Neukölln,12051,Berlin,Glasower Str.,53,,0157 24032291,http://www.kleinerfratz.berlin.de,19,Kindertagesstätte,,,0627,Kleiner Fratz GmbH,freie Träger,http://www.kleinerfratz.berlin.de,13.43815346,52.4644328
08143510,Kita Spatzenbande,08,Neukölln,12053,Berlin,Thomasstr.,67,,030 49966378,http://www.kita-spatzenbande.de,17,Kindertagesstätte,Reggio-Pädagogik/Situationsansatz/Ansatz von Emmi Pikler/Montessori-Pädagogik,,8234,Großstadtzwerge gemeinnützige UG (haftungsbeschränkt),freie Träger,http://www.grossstadtzwerge.de,13.43118163,52.4720522
08143530,Matschmonster II,08,Neukölln,12359,Berlin,Pätzer Str.,17,,01606372871,,22,Eltern-Initiativ-Kindertagesstätte,Situationsansatz,,8217,Matschmonster e.V.,freie Träger,,13.43885989,52.45208024
08143540,Coworking Toddler Maybachufer,08,Neukölln,12047,Berlin,Maybachufer,37,,030 89401852,http://www.coworkingtoddler.com,25,Kindertagesstätte,Montessori-Pädagogik/Situationsansatz/Ansatz von Emmi Pikler,,8517,CT Toddler Berlin gUG (haftungsbeschränkt),freie Träger,http://www.coworkingtoddler.com,13.4323009,52.49198884
08143550,Jonas 32,08,Neukölln,12053,Berlin,Jonasstr.,32,,76793132,,36,Kindertagesstätte,Situationsansatz,,0525,Altenbraker 10 Kinderladen gGmbH,freie Träger,,13.4306421,52.47116031
08143590,Kita Lenaustraße,08,Neukölln,12047,Berlin,Lenaustr.,12,,030 25893001,http://www.dtz-bildung.eu,26,Kindertagesstätte,Situationsansatz,,9316,International City Kids gGmbH,freie Träger,,13.42801389,52.49012449
08143600,Frühlicht 2,08,Neukölln,12053,Berlin,Mainzer Str.,15,,030 68050256,http://www.jubisa.com,23,Kindertagesstätte,Situationsansatz,,8735,"JuBiSA - Jugend, Bildung und Soziale Arbeit gemeinnützige UG (haftungsbeschränkt)",freie Träger,,13.42723657,52.48243487
08143620,Haarlemer Str. 89 (FBO),08,Neukölln,12359,Berlin,Haarlemer Str.,89,,030/8806020250,https://eventusbildung.de/fbo-kitas/,24,Eltern-Kind-Gruppe,Situationsansatz,,7464,eventus Bildung gGmbH,freie Träger,https://eventusbildung.de/,13.45568168,52.45341901
08143630,Kita Tommelise,08,Neukölln,12051,Berlin,Mariendorfer Weg,54,+55,030 994055100,http://www.kita-tommelise.de,75,Kindertagesstätte,Montessori-Pädagogik/Offene-Arbeit,,8239,Nordische Bildungswerkstatt UG (haftungsbeschränkt),freie Träger,http://www.nobiwerk.com,13.42728785,52.46364365
08143640,Klein aber oho,08,Neukölln,12355,Berlin,Großenhainer Weg,10,,+491778720337,http://www.social-balance.de,18,Kindertagesstätte,Offene-Arbeit/Situationsansatz,,8956,Social Balance gGmbH,freie Träger,,13.48016258,52.41598044
08143670,Kita MANNA Maria,08,Neukölln,12051,Berlin,Mariendorfer Weg,28,,030 / 348 003 760,https://www.malteser-berlin.de/angebote-und-leistungen/manna-kitas.html,84,Kindertagesstätte,,,8214,Malteser Hilfsdienst gGmbH,freie Träger,http://www.malteser-berlin.de/,13.42467697,52.46394441
08143680,Erdmännchen 4,08,Neukölln,12353,Berlin,Lipschitzallee,68A,,030 66527248,,60,Kindertagesstätte,Situationsansatz,,8387,Erdmännchen gemeinnützige GmbH,freie Träger,,13.46318561,52.42551185
08143690,Kita Familya,08,Neukölln,12351,Berlin,Johannisthaler Chaussee,408,,030 98447630,http://www.kitafamilya.de,140,Kindertagesstätte,Situationsansatz/Reggio-Pädagogik,,8969,Kita Familya gGmbH,freie Träger,http://www.kitafamilya.de,13.44243128,52.42547333
08143700,Schloss Undinchen,08,Neukölln,12349,Berlin,Buckower Damm,191,,030 660680013,http://www.kitaundinchen.de,76,Kindertagesstätte,Situationsansatz,,8508,Kita Undinchen gGmbH,freie Träger,http://www.kitaundinchen.de,13.4354207,52.42649815
08143710,Kita Hoppipolla,08,Neukölln,12043,Berlin,Berthelsdorfer Str.,5,,017660032382,https://www.hoppipolla-ev.de/,19,Kindertagesstätte,Situationsansatz,,9020,Hoppipolla e.V.,freie Träger,https://www.hoppipolla-ev.de/,13.44136045,52.4784095
08143720,Elif und Emil 3,08,Neukölln,12351,Berlin,Johannisthaler Chaussee,233,,030 36753377,http://www.elifundemil.de,124,Kindertagesstätte,Situationsansatz,,8043,IKV Kita gGmbH,freie Träger,http://elifundemil.de,13.46608748,52.43326752
08143730,Bärliner Blümchen,08,Neukölln,12043,Berlin,Donaustr.,39,-40,03098452133,http://brightkidskita.de/,25,Kindertagesstätte,Montessori-Pädagogik,,8734,Bright Kids KITA gemeinnützige UG (haftungsbeschränkt),freie Träger,http://www.brightkidskita.de,13.43840682,52.48068844
08143740,FREUDE Kita Neukölln,08,Neukölln,12059,Berlin,Roseggerstr.,13,,030 36404696,http://www.freude-kita.berlin,25,Kindertagesstätte,Situationsansatz,,8878,FREUDE Kindergärten Süd-Ost gGmbH,freie Träger,http://www.freude-kita.berlin,13.44570281,52.47933338
08143750,Kita Cheburashka Rudow,08,Neukölln,12357,Berlin,Stubenrauchstr.,103,,030 27980799,http://www.kitacheburashka.de,60,Kindertagesstätte,Situationsansatz,,7388,Cheburashka gGmbH,freie Träger,http://www.kitacheburashka.de,13.49404077,52.43035077
08143760,Kita Füchse,08,Neukölln,12049,Berlin,Herrfurthplatz,3,,030-23281072,http://www.hauptstadtracker.com,22,Kindertagesstätte,Situationsansatz/Montessori-Pädagogik,,9051,Hauptstadtracker gGmbH,freie Träger,http://www.hauptstadtracker.com,13.42247932,52.47759186
08143770,Kleiner Fratz,08,Neukölln,12043,Berlin,Karl-Marx-Str.,145,,030/34388860,http://www.kleinerfratz.berlin.de,55,Kindertagesstätte,Offene-Arbeit/Situationsansatz,,0627,Kleiner Fratz GmbH,freie Träger,http://www.kleinerfratz.berlin.de,13.43936894,52.47672169
08143780,Löffelohr,08,Neukölln,10967,Berlin,Hasenheide,74,,030 42086699,http://Loftschloss.com,40,Kindertagesstätte,Ansatz von Emmi Pikler,,8125,Loftschloss gGmbH,freie Träger,http://Loftschloss.com,13.41222138,52.4881808
08143790,Tombili,08,Neukölln,12059,Berlin,Stuttgarter Str.,19,,030 3450 7535,http://www.edura-kitas.de,25,Kindertagesstätte,Situationsansatz,,1333,edura Kindertagesstätten gGmbH,freie Träger,http://www.edura-kitas.de,13.44818281,52.47857473
08143810,Villa Frühlicht,08,Neukölln,12347,Berlin,Britzer Damm,141,,030 437 323 78,http://www.jubisa.com,57,Kindertagesstätte,Situationsansatz,,8735,"JuBiSA - Jugend, Bildung und Soziale Arbeit gemeinnützige UG (haftungsbeschränkt)",freie Träger,,13.43763767,52.45035489
08143820,Kindergarten am Britzer Garten,08,Neukölln,12349,Berlin,Buckower Damm,186,,030 30364930,https://kib-online.org,81,Kindertagesstätte,,,1329,Kinder in Bewegung gGmbH Gemeinnützige Kindergarten-Trägergesellschaft des Berliner Sports,freie Träger,http://www.kib-online.org,13.43344663,52.42685469
08143830,Kita Kindererde Schudomastraße,08,Neukölln,12055,Berlin,Schudomastr.,46,,030 31 48 93 99,,25,Kindertagesstätte,Offene-Arbeit/Situationsansatz/Ansatz von Emmi Pikler,,8141,Kindererde gemeinnützige GmbH,freie Träger,http://www.kindererde.de,13.44976357,52.47407204
08143840,Kita Nusshütte Theodor-Loos-Weg,08,Neukölln,12353,Berlin,Theodor-Loos-Weg,52,,030 23283678,,31,Kindertagesstätte,Situationsansatz,,8864,CeFi - Bildung und Verständigung gGmbH,freie Träger,http://www.cefi-bildung.de,13.47435656,52.42085617
08143850,FBO - Töpchiner Weg (FBO),08,Neukölln,12349,Berlin,Töpchiner Weg,44,,0157 536 504 65,http://www.cefi-bildung.de/fbo,12,Eltern-Kind-Gruppe,Situationsansatz,,8864,CeFi - Bildung und Verständigung gGmbH,freie Träger,http://www.cefi-bildung.de,13.42342914,52.41697181
08143860,Kita Sonnenkönig,08,Neukölln,12049,Berlin,Allerstr.,42,,030/51578151,,23,Kindertagesstätte,Offene-Arbeit/Situationsansatz,,9124,Kita Sonnenkönig gGmbH,freie Träger,,13.42539792,52.47486778
08143870,Kinderland Gropiusstadt,08,Neukölln,12351,Berlin,Eugen-Bolz-Kehre,10,,030 32506745,,25,Kindertagesstätte,Situationsansatz,,0850,Mieterinitiative HWS-Gropiusstadt e.V.,freie Träger,,13.46887578,52.42955076
08143880,Kita Beerenstark,08,Neukölln,12045,Berlin,Weserstr.,186,,030 86 32 42 06,http://www.unionhilfswerk.de,120,Kindertagesstätte,Situationsansatz,,1260,Unionhilfswerk Sozialeinrichtungen gemeinnützige Gesellschaft mbH,freie Träger,http://www.unionhilfswerk.de,13.43673126,52.48616346
08143890,Kita Erdmännchen 5,08,Neukölln,12353,Berlin,Mollnerweg,34A,,030 66527330,,70,Kindertagesstätte,Situationsansatz,,8387,Erdmännchen gemeinnützige GmbH,freie Träger,,13.44311962,52.41806766
08143900,Kita Mäusegrube,08,Neukölln,12051,Berlin,Hermannstr.,141,,030 40744961,http://www.hauptstadtracker.com,44,Kindertagesstätte,Situationsansatz/Montessori-Pädagogik,,9051,Hauptstadtracker gGmbH,freie Träger,http://www.hauptstadtracker.com,13.43403084,52.46346029
08143910,Kita Forscherglück,08,Neukölln,12051,Berlin,Glasower Str.,3A,,0173 6170596,https://www.johanniter.de/juh/lv-bb/rv-berlin/unsere-standorte-und-einrichtungen-in-berlin/einrichtungs-detailseite/kita-glasower-strasse-4240,38,Kindertagesstätte,Offene-Arbeit/Reggio-Pädagogik,,8194,Johanniter-Unfall-Hilfe e. V. Regionalverband Berlin,freie Träger,http://www.johanniter.de/rv-berlin,13.4414737,52.46524577
08143920,Kita Frühlicht KIDZ,08,Neukölln,12043,Berlin,Donaustr.,52,,030,http://www.jubisa.com,25,Kindertagesstätte,Situationsansatz,,8735,"JuBiSA - Jugend, Bildung und Soziale Arbeit gemeinnützige UG (haftungsbeschränkt)",freie Träger,,13.44146944,52.47878407
08143930,Kita Matschmonster 3,08,Neukölln,12347,Berlin,Britzer Damm,147,,01606372871,,17,Kindertagesstätte,Situationsansatz,,8217,Matschmonster e.V.,freie Träger,,13.43713067,52.44971162
08143940,Kita Mucklabo,08,Neukölln,12347,Berlin,Wederstr.,87,-89,030 62817248,http://www.nobiwerk.com,25,Kindertagesstätte,Situationsansatz/Reggio-Pädagogik,,8239,Nordische Bildungswerkstatt UG (haftungsbeschränkt),freie Träger,http://www.nobiwerk.com,13.43567971,52.46204353
08143960,Heilpädagogische Gruppe Lebenshilfe iKita,08,Neukölln,12347,Berlin,Straße 614,24,,,,,Kindertagesstätte,,,1328,Lebenshilfe iKita gGmbH,freie Träger,http://www.lebenshilfe-berlin.de,13.4401559,52.45730051
08143970,Heilpädagogische Gruppe INA Kindergarten Flurweg,08,Neukölln,12357,Berlin,Flurweg,77,,030 60530361,https://www.inakindergarten.de/berlin/kita-flurweg,4,Kindertagesstätte,Situationsansatz,,1312,INA.KINDER.GARTEN gGmbH,freie Träger,http://www.inakindergarten.de,13.48022201,52.42849144
08143980,Kita Bunte Blüten,08,Neukölln,12051,Berlin,Silbersteinstr.,54,,,,28,Kindertagesstätte,,,9104,Weltentdecker gUG,freie Träger,http://www.weltentdecker.berlin,13.43333941,52.46672454
08143990,Kita Britzer Zwerge,08,Neukölln,12347,Berlin,Britzer Damm,154,,0151 1053 3330,https://kita-hauptstadtzwerge.de/,25,Kindertagesstätte,Ansatz von Emmi Pikler/Situationsansatz,,9506,Kreative Zwerge gGmbH,freie Träger,,13.43634591,52.44968146
08144000,"Kindergarten ""Dörferblick""",08,Neukölln,12355,Berlin,Waßmannsdorfer Chaussee,192,,030 220464850,http://www.vfj-berlin.de,80,Kindertagesstätte,Sonstiges/Situationsansatz,,1390,Stiftung VfJ Berlin,freie Träger,http://www.vfj-berlin.de,13.4866503,52.3979816
08144020,Kita Zauberwald,08,Neukölln,12051,Berlin,Glasower Str.,8,,0176 24481368,,25,Kindertagesstätte,,,9316,International City Kids gGmbH,freie Träger,,13.44007105,52.46494722
08144030,Kita Nusshütte Ringslebenstraße,08,Neukölln,12353,Berlin,Ringslebenstr.,2b,,,https://kita-kleine-kapitaene.de/pages/standorte/berlin.php,67,Kindertagesstätte,,,8864,CeFi - Bildung und Verständigung gGmbH,freie Träger,http://www.cefi-bildung.de,13.45928788,52.42146815
08144040,Freude Kita Neukölln 2,08,Neukölln,12349,Berlin,Am Mühlanger,19,- 21,,,116,Kindertagesstätte,,,9150,FREUDE Kindergärten Süd-West gGmbH,freie Träger,http://www.freude-kita.berlin,13.43377161,52.41530388
08144080,Kindergarten Tischlerzeile,08,Neukölln,12351,Berlin,Tischlerzeile,30,,,,150,Kindertagesstätte,,,1329,Kinder in Bewegung gGmbH Gemeinnützige Kindergarten-Trägergesellschaft des Berliner Sports,freie Träger,http://www.kib-online.org,13.44359881,52.42957587
09141510,Mosaik Kita,09,Treptow-Köpenick,12439,Berlin,Adlergestell,133,,030 69588950,http://www.kita-kinderparadies.de,46,Kindertagesstätte,Situationsansatz,,8476,IBEB Initiative für Bildung und Erziehung Berlin gemeinnützige GmbH,freie Träger,http://www.ibeb-berlin.de,13.52849036,52.44472669
09141520,FREUDE Kita Altglienicke,09,Treptow-Köpenick,12524,Berlin,Ortolfstr.,95,,030 76102110,http://www.freude-kita.berlin,30,Kindertagesstätte,Situationsansatz,,8295,FREUDE Kindergärten gemeinnützige GmbH,freie Träger,http://www.freude-kita.berlin,13.53488599,52.40957105
09141530,Kita Die Traumfänger - Baumschulenweg,09,Treptow-Köpenick,12437,Berlin,Köpenicker Landstr.,246,,030 37461670,http://www.kita-traumfaenger.de,29,Kindertagesstätte,Situationsansatz/Ansatz von Emmi Pikler/Montessori-Pädagogik,,8661,Federlos gUG,freie Träger,http://kita-traumfaenger.de,13.49134297,52.46867471
09150030,Kita Orionstraße,09,Treptow-Köpenick,12435,Berlin,Orionstr.,40,,030 533 72 01,https://kindertagesstaetten-suedost.de,75,Kindertagesstätte,Offene-Arbeit/Situationsansatz,,0122,Kindertagesstätten SüdOst Eigenbetrieb von Berlin,Eigenbetriebe,http://www.kindertagesstaetten-suedost.de,13.48052302,52.47976421
09150040,Kita Am Treptower Park 76/77/Kitas SüdOst,09,Treptow-Köpenick,12435,Berlin,Am Treptower Park,76,/77,030 533 76 15,https://kindertagesstaetten-suedost.de,180,Kindertagesstätte,Situationsansatz,,0122,Kindertagesstätten SüdOst Eigenbetrieb von Berlin,Eigenbetriebe,http://www.kindertagesstaetten-suedost.de,13.45691666,52.49258106
09150110,Kita Dornbrunner Str. 17/Kitas SüdOst,09,Treptow-Köpenick,12437,Berlin,Dornbrunner Str.,17,,030 532 68 42,https://kindertagesstaetten-suedost.de,75,Kindertagesstätte,Offene-Arbeit/Situationsansatz,,0122,Kindertagesstätten SüdOst Eigenbetrieb von Berlin,Eigenbetriebe,http://www.kindertagesstaetten-suedost.de,13.48648967,52.46307961
09150130,Kita Krümelnest,09,Treptow-Köpenick,12524,Berlin,Tiburtiusstr.,14,,030 44383271,https://www.pfefferwerk.de/kindertagesstaetten/kita-kruemelnest/,132,Kindertagesstätte,Sonstiges,,1202,Pfefferwerk Stadtkultur gGmbH,freie Träger,http://www.pfefferwerk.de,13.53877666,52.40595445
09150220,Humanistische Kindertagesstätte Engelhardtstraße,09,Treptow-Köpenick,12487,Berlin,Engelhardstr.,10,,6316699,http://www.humanistischekitas.de,84,Kindertagesstätte,Reggio-Pädagogik/Offene-Arbeit,,1230,"Humanistischer Verband Deutschlands, Landesverband Berlin-Brandenburg KdöR",freie Träger,https://humanistisch.de/kitas/,13.51039996,52.44811369
09150230,FRÖBEL Kindergarten Heureka,09,Treptow-Köpenick,12435,Berlin,Martin-Hoffmann-Str.,12,,030 53214638,https://heureka.froebel.info/,76,Kindertagesstätte,Offene-Arbeit/Sonstiges,,1227,Fröbel Bildung und Erziehung gGmbH,freie Träger,http://www.froebel-gruppe.de/,13.4591905,52.49436485
09150300,Humanistische Kindertagesstätte Helbigstraße,09,Treptow-Köpenick,12489,Berlin,Helbigstr.,31,,6774209,http://www.humanistischekitas.de,50,Kindertagesstätte,Situationsansatz/Freinet-Pädagogik/Offene-Arbeit,,1230,"Humanistischer Verband Deutschlands, Landesverband Berlin-Brandenburg KdöR",freie Träger,https://humanistisch.de/kitas/,13.54740336,52.43829728
09150310,Kita der Ev. Kirchengem. Adlershof,09,Treptow-Köpenick,12489,Berlin,Pfingstberggasse,2,,030 677 45 36,https://www.evkia.de,75,Kindertagesstätte,Ansatz von Emmi Pikler/Situationsansatz,,0208,Ev. Kirchengemeinde Adlershof,freie Träger,http://www.evkia.de,13.54260584,52.43927761
09150330,Am Studio 5 / Kitas SüdOst,09,Treptow-Köpenick,12489,Berlin,Am Studio,5,,030 565 900 220,https://kindertagesstaetten-suedost.de,103,Kindertagesstätte,Situationsansatz,,0122,Kindertagesstätten SüdOst Eigenbetrieb von Berlin,Eigenbetriebe,http://www.kindertagesstaetten-suedost.de,13.54352277,52.42820296
09150350,Kita Traumhaus,09,Treptow-Köpenick,12527,Berlin,Regattastr.,130,,030 6782 1684,http://www.berliner-spatzen.de,50,Kindertagesstätte,Sonstiges,,0542,Berliner Spatzen gGmbH,freie Träger,http://www.berliner-spatzen.de,13.58028613,52.41722973
09150390,Kita Offensiv' 91/Haus-Nr. 56,09,Treptow-Köpenick,12526,Berlin,Buntzelstr.,56,,030 676 37 84,http://www.offensiv91.de,75,Kindertagesstätte,Situationsansatz,,9208,offensiv´91 Soziale Dienste gGmbH,freie Träger,,13.56982557,52.40376453
09150490,Kita Richterstr. 2a/Kitas SüdOst,09,Treptow-Köpenick,12524,Berlin,Richterstr.,2A,,030 672 91 78,,,Kindertagesstätte,Situationsansatz,,0122,Kindertagesstätten SüdOst Eigenbetrieb von Berlin,Eigenbetriebe,http://www.kindertagesstaetten-suedost.de,13.57113083,52.41182011
09150510,Kita Sonnenstrahl der Ev.KG Niederschöneweide,09,Treptow-Köpenick,12439,Berlin,Köllnische Str.,8,,030 63908008,http://www.ekbso.de,45,Kindertagesstätte,Situationsansatz,,0221,Ev. Kirchengemeinde Niederschöneweide,freie Träger,http://www.friedenskircheberlin.de,13.5217376,52.45260762
09150520,Kita Sterndamm 214/214A/Kitas SüdOst,09,Treptow-Köpenick,12487,Berlin,Sterndamm,214,,030 636 40 92,https://kindertagesstaetten-suedost.de,180,Kindertagesstätte,Situationsansatz,,0122,Kindertagesstätten SüdOst Eigenbetrieb von Berlin,Eigenbetriebe,http://www.kindertagesstaetten-suedost.de,13.50020125,52.43796603
09150530,FRÖBEL Kindergarten-im-Grünen,09,Treptow-Köpenick,12487,Berlin,Südostallee,214A,,030 6364209,https://imgruenen.froebel.info/,265,Kindertagesstätte,Offene-Arbeit/Sonstiges,,1227,Fröbel Bildung und Erziehung gGmbH,freie Träger,http://www.froebel-gruppe.de/,13.50504642,52.45307213
09150540,Kita Venusstraße 59 / Kitas SüdOst,09,Treptow-Köpenick,12524,Berlin,Venusstr.,59,,030/6733037,,145,Kindertagesstätte,Situationsansatz,,0122,Kindertagesstätten SüdOst Eigenbetrieb von Berlin,Eigenbetriebe,http://www.kindertagesstaetten-suedost.de,13.52942518,52.40706306
09150560,Fröbel-Naturkindergarten Treptow,09,Treptow-Köpenick,12435,Berlin,Puschkinallee,10,-12,030 5347207,https://naturkindergarten-treptow.froebel.info/,260,Kindertagesstätte,Offene-Arbeit/Sonstiges,,1227,Fröbel Bildung und Erziehung gGmbH,freie Träger,http://www.froebel-gruppe.de/,13.45875872,52.49340022
09150570,Kita Am Karpfenteich,09,Treptow-Köpenick,12435,Berlin,Am Treptower Park,70,Postadresse: nur Trägeradresse,030 624 94 07,http://www.kitakarpfenteich.de,24,Kindertagesstätte,Reggio-Pädagogik/Situationsansatz/Sonstiges/Fröbel-Pädagogik,,0561,WeG gGmbH,freie Träger,http://www.wegggmbh.de,13.46887433,52.48593022
09150590,Kita Offensiv ' 91 - Bouchéstraße 25 A,09,Treptow-Köpenick,12435,Berlin,Bouchéstr.,25A,,030 533 72 03,http://www.offensive-dienste.de,110,Kindertagesstätte,Situationsansatz,,9208,offensiv´91 Soziale Dienste gGmbH,freie Träger,,13.44723405,52.49004477
09150650,Humanistische Kindertagesstätte Johanna-Tesch-Straße,09,Treptow-Köpenick,12439,Berlin,Johanna-Tesch-Str.,20,,6717033,http://www.humanistischekitas.de,86,Kindertagesstätte,Offene-Arbeit/Situationsansatz,,1230,"Humanistischer Verband Deutschlands, Landesverband Berlin-Brandenburg KdöR",freie Träger,https://humanistisch.de/kitas/,13.54124813,52.45160734
09150660,Kita der Ev. Kirchengem. Altglienicke,09,Treptow-Köpenick,12524,Berlin,Köpenicker Str.,35,,030 672 94 59,http://www.ev-kita-altglienicke.de,56,Kindertagesstätte,Situationsansatz,,0209,Ev. Kirchengemeinde Altglienicke,freie Träger,http://www.kirche-altglienicke.de,13.53855788,52.41973326
09150750,Kita Sonnenschein,09,Treptow-Köpenick,12524,Berlin,Uranusstr.,19,,+49 030 8140 716-30,http://www.fippev.de/sonnenschein,88,Kindertagesstätte,,,1233,FiPP e. V. - Fortbildungsinstitut für die pädagogische Praxis,freie Träger,http://www.fippev.de,13.5257831,52.39975919
09150760,Kita Heidemühler Weg,09,Treptow-Köpenick,12437,Berlin,Heidemühler Weg,37,/ 39,030 532 88 06,,125,Kindertagesstätte,Situationsansatz,,0122,Kindertagesstätten SüdOst Eigenbetrieb von Berlin,Eigenbetriebe,http://www.kindertagesstaetten-suedost.de,13.48723377,52.46284367
09150870,Evangelischer Forscherkindergarten Apfelbäumchen,09,Treptow-Köpenick,12526,Berlin,Neptunstr.,10,,030 6763780,http://www.kirche-bohnsdorf.de,50,Kindertagesstätte,Sonstiges/Situationsansatz,,0438,Ev. Kirchengemeinde Bohnsdorf-Grünau,freie Träger,http://www.kirche-bohnsdorf.de,13.58137188,52.40007708
09150880,Kindergarten der Freien Waldorfschule Berlin-Südost,09,Treptow-Köpenick,12439,Berlin,Johanna-Tesch-Str.,32,,030 67806150,http://www.waldorfsuedost.de/kindergarten,50,Kindertagesstätte,Waldorfpädagogik,,1268,Waldorfpädagogik in Berlin-Südost e.V.,freie Träger,http://www.waldorfsuedost.de,13.54188023,52.45171763
09150890,Kita am Wegabogen,09,Treptow-Köpenick,12524,Berlin,Porzer Str.,123,,030 6721160,https://www.cjd-berlin-brandenburg.de/angebote/elementarpaedagogik-und-familienbildung/kita-am-wegabogen/,90,Kindertagesstätte,Situationsansatz,,1209,CJD Berlin-Brandenburg im CJD e.V.,freie Träger,http://www.cjd-berlin-brandenburg.de,13.53863349,52.40245784
09150900,Kita Nippeserstr. 20/Kitas SüdOst,09,Treptow-Köpenick,12524,Berlin,Nippeser Str.,20,,030 672 7002,https://kindertagesstaetten-suedost.de,118,Kindertagesstätte,Situationsansatz,,0122,Kindertagesstätten SüdOst Eigenbetrieb von Berlin,Eigenbetriebe,http://www.kindertagesstaetten-suedost.de,13.54014647,52.4014698
09150910,Humanistische Kindertagesstätte Zur Gartenstadt,09,Treptow-Köpenick,12526,Berlin,Zur Gartenstadt,239,,67824503,http://www.humanistischekitas.de,100,Kindertagesstätte,Sonstiges/Offene-Arbeit,,1230,"Humanistischer Verband Deutschlands, Landesverband Berlin-Brandenburg KdöR",freie Träger,https://humanistisch.de/kitas/,13.56862472,52.40185199
09150920,EKT Frühling-Sommer-Herbst-Winter,09,Treptow-Köpenick,12587,Berlin,Müggelseedamm,245,,030 64091256,https://www.kila-fshw.de,30,Eltern-Initiativ-Kindertagesstätte,Situationsansatz/Reggio-Pädagogik,,1146,Frühling-Sommer-Herbst-Winter e.V.,freie Träger,http://www.fruehling-sommer-herbst-winter.de,13.63447853,52.44764971
09150930,Kleiner Fratz,09,Treptow-Köpenick,12526,Berlin,Dahmestr.,4,,030 70 76 15 98,http://www.kleiner-fratz-berlin.de,31,Kindertagesstätte,,,9033,Kleiner Fratz City Süd GmbH,freie Träger,http://www.kleinerfratz.berlin.de,13.58115921,52.40372759
09150950,Kita Vier Jahreszeiten,09,Treptow-Köpenick,12524,Berlin,Gustelstr.,20E,,030 672 74 46,http://www.sozdia.de,100,Kindertagesstätte,Situationsansatz,,5429,SozDia gGmbH,freie Träger,http://www.sozdia.de,13.52774861,52.41471878
09150960,Kita Sternschnuppe,09,Treptow-Köpenick,12487,Berlin,Sterndamm,41,,030 2453 9541,http://www.lernorte.net,58,Kindertagesstätte,Situationsansatz/Offene-Arbeit,,7463,Lernorte - Wissen und Bildung für Kinder GmbH,freie Träger,http://www.lernorte.net,13.50810672,52.44961236
09150970,Kita Spreeknirpse,09,Treptow-Köpenick,12439,Berlin,Grimaustr.,35,,030 6316649,http://www.sozdia.de,147,Kindertagesstätte,Situationsansatz,,5429,SozDia gGmbH,freie Träger,http://www.sozdia.de,13.52015498,52.45174717
09150980,Kita Hummelflug,09,Treptow-Köpenick,12437,Berlin,Platanenweg,65,,030 532 88 33,http://www.sozdia.de,90,Kindertagesstätte,Situationsansatz,,5429,SozDia gGmbH,freie Träger,http://www.sozdia.de,13.48173672,52.47706091
09150990,AWO Kita Spatzennest,09,Treptow-Köpenick,12437,Berlin,Dammweg,155,-157,030 5328375/5324453,https://www.awo-südost.de/kitas/kita-spatzennest,150,Kindertagesstätte,Offene-Arbeit/Situationsansatz,,0152,Arbeiterwohlfahrt Berlin Kreisverband Südost e.V.,freie Träger,http://www.awo-suedost.de,13.47535881,52.47520314
09151000,AWO Kita Sonnenkinder,09,Treptow-Köpenick,12489,Berlin,Zinsgutstr.,38,,030 6789 5875,https://www.awo-südost.de/kitas/kita-sonnenkinder,70,Kindertagesstätte,Offene-Arbeit/Situationsansatz,,0152,Arbeiterwohlfahrt Berlin Kreisverband Südost e.V.,freie Träger,http://www.awo-suedost.de,13.55658868,52.43755472
09151010,Kita Heidekampweg,09,Treptow-Köpenick,12437,Berlin,Heidekampweg,103,,030 532 82 41,http://www.kinder-im-kiez.de/unsere-kitas/heidekampweg/,155,Kindertagesstätte,,,1318,Kinder im Kiez gGmbH,freie Träger,http://www.kinder-im-kiez.de,13.47718595,52.46765891
09151020,Kita Rudower Straße,09,Treptow-Köpenick,12524,Berlin,Rudower Str.,45,,030 5165 3529,http://www.kinder-im-kiez.de/unsere-kitas/rudower-strasse/,85,Kindertagesstätte,,,1318,Kinder im Kiez gGmbH,freie Träger,http://www.kinder-im-kiez.de,13.53332323,52.42144417
09151030,KITA Springmäuse,09,Treptow-Köpenick,12487,Berlin,Springbornstr.,88,,030 (030) 6364686,http://www.kaeptnbrowser.de/front_content.php?idcat=175,90,Kindertagesstätte,Situationsansatz,,1355,Käpt'n Browser gemeinnützige Gesellschaft mit beschränkter Haftung,freie Träger,http://www.kaeptnbrowser.de,13.4991779,52.43820839
09151040,Kita Wirbelwind,09,Treptow-Köpenick,12439,Berlin,Moosstr.,57,,030 671 88 21,http://www.kita-moosstrasse.de,93,Kindertagesstätte,Offene-Arbeit,,1329,Kinder in Bewegung gGmbH Gemeinnützige Kindergarten-Trägergesellschaft des Berliner Sports,freie Träger,http://www.kib-online.org,13.53003971,52.45031555
09151050,Kita Moissistraße,09,Treptow-Köpenick,12489,Berlin,Büchnerweg,58,,030 678178980,http://www.fippev.de,168,Kindertagesstätte,Offene-Arbeit,,1233,FiPP e. V. - Fortbildungsinstitut für die pädagogische Praxis,freie Träger,http://www.fippev.de,13.54919427,52.43379386
09151060,DASI Kita Adlershof,09,Treptow-Köpenick,12489,Berlin,Radickestr.,25,,030 / 677 43 93,https://www.dasi-berlin.de/,83,Kindertagesstätte,Ansatz von Emmi Pikler/Situationsansatz/Offene-Arbeit,,1356,Diakonische Arbeitsgemeinschaft Sozialpädagogischer Initiativen DASI Berlin gGmbH,freie Träger,http://www.dasi-berlin.de,13.5512063,52.43659518
09151070,Kita Greta and Friends,09,Treptow-Köpenick,12435,Berlin,Puderstr.,21,,030 53026661,http://www.gfajev.de,40,Kindertagesstätte,Offene-Arbeit/Situationsansatz,,1342,GFAJ e.V.,freie Träger,http://www.gfajev.de,13.46437874,52.48548353
09151080,Kita Die Plänter/WeG gGmbH,09,Treptow-Köpenick,12437,Berlin,Rodelbergweg,2,,030 624 94 07,http://www.dieplänter.de,25,Kindertagesstätte,Reggio-Pädagogik/Situationsansatz/Sonstiges/Fröbel-Pädagogik,,0561,WeG gGmbH,freie Träger,http://www.wegggmbh.de,13.49341893,52.46841166
09151090,Kita Melli-Beese-Haus,09,Treptow-Köpenick,12487,Berlin,Melli-Beese-Str.,30,,030 6322 8646,https://www.fippev.de/melli-beese-haus,90,Kindertagesstätte,Offene-Arbeit,,1233,FiPP e. V. - Fortbildungsinstitut für die pädagogische Praxis,freie Träger,http://www.fippev.de,13.51071683,52.43841453
09151100,Kita Seepferdchen,09,Treptow-Köpenick,12526,Berlin,Atlantisring,25,,030 67821684,http://www.berliner-spatzen.de,50,Kindertagesstätte,Sonstiges,,0542,Berliner Spatzen gGmbH,freie Träger,http://www.berliner-spatzen.de,13.56641403,52.39611848
09151110,Kinderzeit,09,Treptow-Köpenick,12524,Berlin,Rudower Str.,54,,030 80579885,,32,Kindertagesstätte,Situationsansatz,,7412,Kinderzeit gemeinnützige Unternehmergesellschaft (haftungsbeschränkt),freie Träger,http://www.kinderzeit-jederzeit.de,13.53664764,52.4208425
09151120,EKT Flitzpiepen,09,Treptow-Köpenick,12435,Berlin,Am Treptower Park,37,,030 66309026,,20,Eltern-Initiativ-Kindertagesstätte,Situationsansatz,,7447,Alt-Treptower Kinderladen Elterninitiative e.V.,freie Träger,,13.4652055,52.48627198
09151130,EKT Karl und Karla,09,Treptow-Köpenick,12435,Berlin,Karl-Kunger-Str.,59,,030 32663104,,17,Eltern-Initiativ-Kindertagesstätte,Situationsansatz,,7512,Karl und Karla e. V.,freie Träger,,13.4473974,52.49134522
09151140,Kita Die wilden Knallerbsen,09,Treptow-Köpenick,12487,Berlin,Königsheideweg,285,,03063104609,http://www.kita-diewildenknallerbsen.de,74,Kindertagesstätte,Situationsansatz/Sonstiges,,7569,Die wilden Knallerbsen GmbH,freie Träger,http://www.kita-diewildenknallerbsen.de,13.50925478,52.44542172
09151150,Kita Im Kosmosviertel,09,Treptow-Köpenick,12524,Berlin,Ortolfstr.,164,,030 67802044,http://www.jao-berlin.de,130,Kindertagesstätte,Offene-Arbeit,,1298,JAO gGmbH,freie Träger,http://www.jao-berlin.de,13.52933036,52.40434478
09151160,Kita Pretty World,09,Treptow-Köpenick,12435,Berlin,Elsenstr.,25,,030 53023357,http://www.pretty-world.de,27,Eltern-Initiativ-Kindertagesstätte,Situationsansatz,,8483,Pretty World gGmbH,freie Träger,https://www.pretty-world.de/,13.45422002,52.48933426
09151170,Villa Klecks,09,Treptow-Köpenick,12437,Berlin,Kiefholzstr.,269,,030 67519370,http://www.gefa-berlin.de,40,Kindertagesstätte,Sonstiges/Situationsansatz,,4985,GEFA gemeinnützige Gesellschaft für Familienaktivierung mbH,freie Träger,http://www.gefa-berlin.de,13.48514356,52.46721534
09151180,Kleiner Fratz,09,Treptow-Köpenick,12437,Berlin,Behringstr.,33,,030 23 88 82 24,http://www.kleiner-fratz-berlin.de,29,Kindertagesstätte,Offene-Arbeit/Situationsansatz,,9033,Kleiner Fratz City Süd GmbH,freie Träger,http://www.kleinerfratz.berlin.de,13.49106984,52.46525373
09151190,Kita Felix and Friends,09,Treptow-Köpenick,12487,Berlin,Sterndamm,109,,030 63103614,http://www.gfajev.de,45,Kindertagesstätte,Offene-Arbeit/Situationsansatz,,1342,GFAJ e.V.,freie Träger,http://www.gfajev.de,13.50198579,52.44234663
09151200,Kita Am Haselbusch,09,Treptow-Köpenick,12487,Berlin,Am Haselbusch,2,,030 25565353,http://www.lernorte.net,62,Kindertagesstätte,Situationsansatz/Offene-Arbeit,,7463,Lernorte - Wissen und Bildung für Kinder GmbH,freie Träger,http://www.lernorte.net,13.50410905,52.44959512
09151210,Kleiner Fratz,09,Treptow-Köpenick,12524,Berlin,Semmelweisstr.,10,,030 32 59 36 26,http://www.kleiner-fratz-berlin.de,40,Kindertagesstätte,Offene-Arbeit/Situationsansatz,,9033,Kleiner Fratz City Süd GmbH,freie Träger,http://www.kleinerfratz.berlin.de,13.53817925,52.42188823
09151220,Kreativitätskindertagesstätte Treptow,09,Treptow-Köpenick,12439,Berlin,Hartriegelstr.,77,,030 225027730,http://www.krea-schulzentrum.de,45,Kindertagesstätte,Sonstiges,,7520,Kreativitätsschulzentrum Berlin gGmbH,freie Träger,http://www.krea-schulzentrum.de,13.53123347,52.44811984
09151230,FRÖBEL Kindergarten Campus Kids,09,Treptow-Köpenick,12489,Berlin,Hans-Schmidt-Str.,14A,,030 67824666,https://campuskids.froebel.info/,99,Kindertagesstätte,Offene-Arbeit,,1227,Fröbel Bildung und Erziehung gGmbH,freie Träger,http://www.froebel-gruppe.de/,13.53425868,52.43487312
09151270,Villa Moosmutzel,09,Treptow-Köpenick,12524,Berlin,Grünauer Str.,60,,030 91747700,http://www.gefa-berlin.de,33,Kindertagesstätte,Sonstiges/Situationsansatz,,4985,GEFA gemeinnützige Gesellschaft für Familienaktivierung mbH,freie Träger,http://www.gefa-berlin.de,13.54224632,52.41945781
09151280,Kleiner Fratz,09,Treptow-Köpenick,12526,Berlin,Lindenblütenstr.,26,,030 53676086,http://www.kleinerfratz.berlin.de,55,Kindertagesstätte,Offene-Arbeit/Situationsansatz,,9033,Kleiner Fratz City Süd GmbH,freie Träger,http://www.kleinerfratz.berlin.de,13.56631874,52.40750729
09151290,2. Kita Pretty World,09,Treptow-Köpenick,12435,Berlin,Elsenstr.,102A,,03064076923,http://www.pretty-world.de,45,Kindertagesstätte,Situationsansatz,,8483,Pretty World gGmbH,freie Träger,https://www.pretty-world.de/,13.45475205,52.48921221
09151300,CJD Kita an der Milchstraße,09,Treptow-Köpenick,12524,Berlin,Schönefelder Chaussee,187A,,030 61504471,https://www.cjd-berlin-brandenburg.de/angebote/elementarpaedagogik-und-familienbildung/kita-an-der-milchstrasse/,180,Kindertagesstätte,Situationsansatz,,1209,CJD Berlin-Brandenburg im CJD e.V.,freie Träger,http://www.cjd-berlin-brandenburg.de,13.52552435,52.40469837
09151310,Kita Groß-Berliner Damm,09,Treptow-Köpenick,12487,Berlin,Groß-Berliner Damm,33,- 37,030 63902651,http://www.kita-diewildenknallerben.de,35,Kindertagesstätte,Situationsansatz,,7569,Die wilden Knallerbsen GmbH,freie Träger,http://www.kita-diewildenknallerbsen.de,13.51221302,52.44903349
09151320,Kita im Familienbegegnungszentrum (FBZ),09,Treptow-Köpenick,12524,Berlin,Besenbinderstr.,2,,030 63417333,http://www.offensive-dienste.de,20,Kindertagesstätte,Situationsansatz,,9208,offensiv´91 Soziale Dienste gGmbH,freie Träger,,13.5395856,52.42138593
09151330,Kleiner Fratz,09,Treptow-Köpenick,12437,Berlin,Ernststr.,4,- 8,030 34394705,http://www.kleinerfratz.berlin.de,40,Kindertagesstätte,Offene-Arbeit,,0627,Kleiner Fratz GmbH,freie Träger,http://www.kleinerfratz.berlin.de,13.4885673,52.46606963
09151340,Kita Nusshütte Friedenstr.,09,Treptow-Köpenick,12489,Berlin,Friedenstr.,14,,030 49908484,http://www.kita-nusshuette.de,20,Kindertagesstätte,Situationsansatz,,8864,CeFi - Bildung und Verständigung gGmbH,freie Träger,http://www.cefi-bildung.de,13.54770473,52.43593274
09151350,Montessori Kinderhaus Bienennest,09,Treptow-Köpenick,12489,Berlin,Abram-Joffe-Str.,18,,03063222792,http://www.kinderhaus-bienennest.de,30,Kindertagesstätte,Montessori-Pädagogik,,8363,Montessori Kinderhaus Bienennest gGmbH,freie Träger,http://www.kinderhaus-bienennest.de,13.5273502,52.43234668
09151360,Kita Arbolitos,09,Treptow-Köpenick,12437,Berlin,Baumschulenstr.,103,,030 49085193,http://www.tukita.de,30,Kindertagesstätte,Sonstiges,,8966,tuKita la segunda gUG,freie Träger,,13.49080932,52.46891066
09151370,Kita Die kleinen Entdecker,09,Treptow-Köpenick,12437,Berlin,Heidekampweg,45,A,030 91208741,http://www.kinderlernorte.de/home/die-kleinen-entdecker,42,Kindertagesstätte,Situationsansatz/Offene-Arbeit,,8411,KLEO KinderLernOrte Bildungseinrichtung gGmbH,freie Träger,http://www.kinderlernorte.de,13.47987089,52.46359769
09151380,freude Kita Niederschöneweide,09,Treptow-Köpenick,12439,Berlin,Brückenstr.,24,,030 63418023,http://www.freude-kita.berlin,31,Kindertagesstätte,Situationsansatz,,9205,Freude Kita Brücke gGmbH,freie Träger,http://www.freude-kita.berlin,13.51107302,52.45804378
09151400,Kita Pirole,09,Treptow-Köpenick,12437,Berlin,Schraderstr.,12,,030 35128517,http://www.kitapirole.de,25,Kindertagesstätte,Offene-Arbeit,,8301,era Erziehung und Ästhetik gemeinnützige GmbH,freie Träger,http://www.era-ggmbh.de,13.48102887,52.46238382
09151410,Kila Wilde Mö(h)re,09,Treptow-Köpenick,12437,Berlin,Mörikestr.,2,,030 52101406,https://website.wildemoehre.me/,18,Eltern-Initiativ-Kindertagesstätte,Montessori-Pädagogik/Situationsansatz/Sonstiges,,8615,FreiRäume e. V.,freie Träger,,13.48528184,52.46631801
09151430,Elterninitiativ-Kita Kunger Küken,09,Treptow-Köpenick,12435,Berlin,Wildenbruchstr.,41,,030 22468663,https://kungerkueken.de/,23,Eltern-Initiativ-Kindertagesstätte,Situationsansatz,,8637,Kunger Küken e. V.,freie Träger,https://kungerkueken.de/,13.45091274,52.48930987
09151440,FREUDE Kita Niederschöneweide 2,09,Treptow-Köpenick,12439,Berlin,Brückenstr.,8,,030 63331359,http://www.freude-kita.berlin,39,Kindertagesstätte,Situationsansatz,,9205,Freude Kita Brücke gGmbH,freie Träger,http://www.freude-kita.berlin,13.51159689,52.45787235
09151450,Kinderstube Abeona,09,Treptow-Köpenick,12435,Berlin,Elsenstr.,41,,03040750369,http://www.kinderstube-abeona.de,25,Eltern-Initiativ-Kindertagesstätte,Ansatz von Emmi Pikler/Waldorfpädagogik,,8676,Kinderstube Abeona e. V.,freie Träger,http://www.kinderstube-abeona.de,13.45121113,52.48706332
09151470,Kita am Flugplatz Johannisthal,09,Treptow-Köpenick,12487,Berlin,Straße am Flugplatz,38,,030 30341963,https://www.johanniter.de/einrichtungen/fuer-kinder-und-jugendliche/kindertageseinrichtungen/kita-am-flugplatz-johannisthal/?L=0,120,Kindertagesstätte,Offene-Arbeit,,8194,Johanniter-Unfall-Hilfe e. V. Regionalverband Berlin,freie Träger,http://www.johanniter.de/rv-berlin,13.512614,52.43039598
09151480,Kita Kleefalter,09,Treptow-Köpenick,12489,Berlin,Dörpfeldstr.,27,- 29,030 120 83 21 19,http://www.kita.socius.diebildungspartner.de/kleefalter/,70,Kindertagesstätte,Situationsansatz/Offene-Arbeit,,8000,SOCIUS - Die Bildungspartner gemeinnützige GmbH,freie Träger,http://www.socius.diebildungspartner.de,13.54660999,52.43723648
09151490,Kita Arbolitos 2,09,Treptow-Köpenick,12437,Berlin,Eschenbachstr.,2,,030 49085193,http://www.tukita.de,22,Kindertagesstätte,Sonstiges,,8966,tuKita la segunda gUG,freie Träger,,13.49008991,52.46885292
09151540,Kita Niederschöneweide 3,09,Treptow-Köpenick,12439,Berlin,Brückenstr.,4,,030 91693450,http://www.freude-kita.berlin,16,Kindertagesstätte,Situationsansatz,,9205,Freude Kita Brücke gGmbH,freie Träger,http://www.freude-kita.berlin,13.5109999,52.45724446
09151550,Kita Schwalbennest,09,Treptow-Köpenick,12487,Berlin,Winckelmannstr.,70,,37466801,https://wakib.de/,29,Kindertagesstätte,Ansatz von Emmi Pikler,,8166,WA-KIB gemeinnützige GmbH,freie Träger,https://wakib.de/,13.50538511,52.43998273
09151560,Waldkita,09,Treptow-Köpenick,12435,Berlin,Am Treptower Park,70,,030 624 94 07,,18,Waldkindergarten,Reggio-Pädagogik/Situationsansatz/Sonstiges/Fröbel-Pädagogik,,0561,WeG gGmbH,freie Träger,http://www.wegggmbh.de,13.46887433,52.48593022
09151570,Freude Kita Süd-Ost Altglienicke,09,Treptow-Köpenick,12524,Berlin,Siriusstr.,17,-21,030 6503555,http://www.freude-kita.berlin,50,Kindertagesstätte,Situationsansatz,,8878,FREUDE Kindergärten Süd-Ost gGmbH,freie Träger,http://www.freude-kita.berlin,13.52625053,52.40161179
09151580,Kita Smile,09,Treptow-Köpenick,12487,Berlin,Lindhorstweg,34,,030 548 280 68,http://www.smileKindergärtengGmbH.de,25,Kindertagesstätte,Situationsansatz,,8668,Smile Kindergärten gemeinnützige GmbH,freie Träger,http://www.smileKindergärtengGmbH.de,13.50248259,52.43988847
09151600,Kita Traumzauberwald,09,Treptow-Köpenick,12526,Berlin,Goethestr.,8,,030 58799877,https://www.traumzauber-kitas.de,41,Kindertagesstätte,Situationsansatz,,7713,Berliner Traumzauberland gGmbH,freie Träger,https://www.traumzauber-kitas.de,13.58753027,52.3979759
09151610,Kita Gartenzwerge,09,Treptow-Köpenick,12487,Berlin,Megedestr.,7,,0173 5603151,http://www.gartenzwerge.berlin,20,Eltern-Initiativ-Kindertagesstätte,Montessori-Pädagogik/Offene-Arbeit/Reggio-Pädagogik,,8918,Gartenzwerge e.V.,freie Träger,http://www.gartenzwerge.berlin,13.50118499,52.44294324
09151620,Kita Adlerküken,09,Treptow-Köpenick,12439,Berlin,Adlergestell,107,,030232564520,https://www.kita-adlerkueken.de/,160,Kindertagesstätte,Ansatz von Emmi Pikler/Situationsansatz,,7427,Euro-Schulen gemeinnützige Gesellsch. für berufl. Bildung und Beschäftigung mbH,freie Träger,,13.5259023,52.44614719
09151630,Kita Matschpiraten,09,Treptow-Köpenick,12439,Berlin,Schnellerstr.,24,,030 97882640,http://www.matschpiraten.de,21,Kindertagesstätte,Situationsansatz/Reggio-Pädagogik/Ansatz von Emmi Pikler,,8234,Großstadtzwerge gemeinnützige UG (haftungsbeschränkt),freie Träger,http://www.grossstadtzwerge.de,13.51229549,52.45566126
09151640,Kita Familya Adlershof,09,Treptow-Köpenick,12489,Berlin,Konrad-Zuse-Str.,6a,,030 23593577,http://www.kitafamilya.de,36,Kindertagesstätte,Reggio-Pädagogik/Situationsansatz,,8969,Kita Familya gGmbH,freie Träger,http://www.kitafamilya.de,13.52759827,52.43645946
09151650,Kita Jung-Kleen-Icke,09,Treptow-Köpenick,12524,Berlin,Grünauer Str.,59,A,03067820301,http://www.jungkleenicke.de,57,Kindertagesstätte,Situationsansatz,,8132,kleine Künstler ganz groß gGmbH,freie Träger,http://www.kitalangohr.de,13.54281229,52.41940872
09151660,Kita Peene Kapitäne,09,Treptow-Köpenick,12524,Berlin,Peenestr.,36,,030 56590994,http://www.twsd-bb.de,209,Kindertagesstätte,,,8235,Trägerwerk Soziale Dienste in Berlin und Brandenburg gGmbH (TWSD in BB gGmbH),freie Träger,http://www.twsd-bb.de,13.53363105,52.41590883
09151670,Kita Schönefelder Chaussee,09,Treptow-Köpenick,12524,Berlin,Schönefelder Chaussee,34,-36,030 39893018,https://www.internationaler-bund.de/standort/211632,100,Kindertagesstätte,Situationsansatz/Offene-Arbeit,,8377,Internationaler Bund - IB Berlin-Brandenburg gGmbH für Bildung und soziale Dienste (IB Berlin-Brandenburg gGmbH),freie Träger,https://ib-berlin.de/,13.5307517,52.4167259
09151680,Johannissterne,09,Treptow-Köpenick,12487,Berlin,Straße am Flugplatz,68,,030 63418593,http://www.kitavis.de/unsere-kita-johannissterne,35,Kindertagesstätte,Situationsansatz,,8315,SBH Nordost GmbH,freie Träger,http://www.sbh-nordost.de,13.5084143,52.4358046
09151690,Kita im Fenngarten,09,Treptow-Köpenick,12439,Berlin,Fennstr.,5,-6,030 55520000,http://www.junior1.de,77,Kindertagesstätte,Situationsansatz,,9079,junior JoEL im Fenngarten gUG,freie Träger,http://www.junior1.de,13.51674326,52.45386317
09151700,Kita Nusshütte Groß-Berliner-Damm,09,Treptow-Köpenick,12487,Berlin,Groß-Berliner Damm,39,,030 319 974 43,http://www.kita-nusshuette.de,30,Kindertagesstätte,Situationsansatz,,8864,CeFi - Bildung und Verständigung gGmbH,freie Träger,http://www.cefi-bildung.de,13.51237426,52.44873914
09151710,Freude Kita Niederschöneweide 4,09,Treptow-Köpenick,12439,Berlin,Brückenstr.,12,,030 40109090,http://www.freude-kita.berlin,32,Kindertagesstätte,Situationsansatz,,9205,Freude Kita Brücke gGmbH,freie Träger,http://www.freude-kita.berlin,13.51216305,52.45846013
09151730,Freude Kita Niederschöneweide 5,09,Treptow-Köpenick,12439,Berlin,Brückenstr.,9,,030 45306111,http://www.freude-kita.berlin,20,Kindertagesstätte,Situationsansatz,,9205,Freude Kita Brücke gGmbH,freie Träger,http://www.freude-kita.berlin,13.51175961,52.45802275
09151740,BIP Kreativitätskita am Campus,09,Treptow-Köpenick,12489,Berlin,Hermann-Dorner-Allee,11,,030 61287788,,90,Kindertagesstätte,Sonstiges,,8454,BIP - Gesellschaft für Kreativitätspädagogik gGmbH,freie Träger,http://www.bip-bildung-berlin.de,13.52463081,52.43618216
09151750,Kita Nusshütte Radickestr.,09,Treptow-Köpenick,12489,Berlin,Radickestr.,48,,0176 7698552,http://www.kita-nusshuette.de,25,Kindertagesstätte,Situationsansatz,,8864,CeFi - Bildung und Verständigung gGmbH,freie Träger,http://www.cefi-bildung.de,13.54760278,52.43549902
09151760,"Kita ""Wilhelmine""",09,Treptow-Köpenick,12526,Berlin,Wilhelmine-Duncker-Str.,2,,030,http://www.jao-berlin.de,100,Kindertagesstätte,Situationsansatz,,1298,JAO gGmbH,freie Träger,http://www.jao-berlin.de,13.56266989,52.40664569
09151770,Kita barfuss,09,Treptow-Köpenick,12439,Berlin,Bruno-Bürgel-Weg,50,,030 28613992,http://www.kitabarfuss.de,25,Kindertagesstätte,Situationsansatz,,9187,Kita barfuß gUG,freie Träger,,13.53857911,52.45310286
09151780,Kita Einsteinkinder,09,Treptow-Köpenick,12524,Berlin,Rudower Str.,69,,0178 3744613,,27,Kindertagesstätte,Situationsansatz,,9191,"KaSa - Lernen, Spielen und Verständigen gUG",freie Träger,http://www.kasa-bildung.de,13.53534216,52.42131815
09151790,Kita Familya Adlershof 2,09,Treptow-Köpenick,12489,Berlin,Konrad-Zuse-Str.,2,,030 23593577,,25,Kindertagesstätte,,,8969,Kita Familya gGmbH,freie Träger,http://www.kitafamilya.de,13.52790694,52.43676055
09151800,Kita Windzauber,09,Treptow-Köpenick,12487,Berlin,Sterndamm,71,,81302260,,25,Kindertagesstätte,Situationsansatz/Montessori-Pädagogik,,9313,WissensWind GmbH,freie Träger,,13.50660733,52.44625865
09151810,"Kita ""Wilde Hummeln""",09,Treptow-Köpenick,12487,Berlin,Eisenhutweg,54A,,,,100,Kindertagesstätte,,,9290,Die Kinderwelt gGmbH,freie Träger,http://www.die-kinderwelt.com,13.50715346,52.43110661
09151820,Kita Am Märchenpark,09,Treptow-Köpenick,12437,Berlin,Hänselstraße,13,,,,150,Kindertagesstätte,,,1233,FiPP e. V. - Fortbildungsinstitut für die pädagogische Praxis,freie Träger,http://www.fippev.de,13.47673356,52.4684389
09160010,Kita Waldspielhaus,09,Treptow-Köpenick,12527,Berlin,Adlergestell,592,,030 44383641,https://www.pfefferwerk.de/kindertagesstaetten/kita-waldspielhaus/,77,Kindertagesstätte,Sonstiges/Montessori-Pädagogik,,1202,Pfefferwerk Stadtkultur gGmbH,freie Träger,http://www.pfefferwerk.de,13.58635705,52.40571035
09160020,Humanistische Kindertagesstätte Alfred-Randt-Str. 15-17,09,Treptow-Köpenick,12559,Berlin,Alfred-Randt-Str.,15,/17,6543558,http://www.humanistischekitas.de,140,Kindertagesstätte,Offene-Arbeit,,1230,"Humanistischer Verband Deutschlands, Landesverband Berlin-Brandenburg KdöR",freie Träger,https://humanistisch.de/kitas/,13.60313902,52.44052877
09160030,Schwanenkita,09,Treptow-Köpenick,12555,Berlin,Friedrichshagener Str.,8,,030 65 260 205,http://www.mkus-berlin.de,100,Kindertagesstätte,Situationsansatz,,1320,Märkische Kita und Schule gGmbH,freie Träger,http://www.mkus-berlin.de,13.58241219,52.45018916
09160040,Kita Alt Müggelheim 10/Kitas SüdOst,09,Treptow-Köpenick,12559,Berlin,Alt-Müggelheim,10,/ Krampenburger Weg 2,030 659 89 45,https://kindertagesstaetten-suedost.de,90,Kindertagesstätte,Situationsansatz,,0122,Kindertagesstätten SüdOst Eigenbetrieb von Berlin,Eigenbetriebe,http://www.kindertagesstaetten-suedost.de,13.66397438,52.41087747
09160050,Kita An der Wuhlheide 180/Kitas SüdOst,09,Treptow-Köpenick,12459,Berlin,An der Wuhlheide,180,/Ostendstraße 15,03 535 34 40,https://kindertagesstaetten-suedost.de,149,Kindertagesstätte,Situationsansatz,,0122,Kindertagesstätten SüdOst Eigenbetrieb von Berlin,Eigenbetriebe,http://www.kindertagesstaetten-suedost.de,13.54053916,52.45818361
09160100,Kita Bölschestr. 29/Kitas SüdOst,09,Treptow-Köpenick,12587,Berlin,Bölschestr.,29,,030 645 18 31,https://kindertagesstaetten-suedost.de,72,Kindertagesstätte,Situationsansatz,,0122,Kindertagesstätten SüdOst Eigenbetrieb von Berlin,Eigenbetriebe,http://www.kindertagesstaetten-suedost.de,13.62558853,52.45069984
09160120,Kita Pusteblume,09,Treptow-Köpenick,12557,Berlin,Bukesweg,28,,030 6555 401,http://www.fippev.de/pusteblume,102,Kindertagesstätte,Offene-Arbeit,,1233,FiPP e. V. - Fortbildungsinstitut für die pädagogische Praxis,freie Träger,http://www.fippev.de,13.59589066,52.42919527
09160130,Kita Friedrichshagener Str.,09,Treptow-Köpenick,12555,Berlin,Friedrichshagener Str.,5,,030 657 14 30,https://kindertagesstaetten-suedost.de,90,Kindertagesstätte,Offene-Arbeit/Sonstiges/Situationsansatz,,0122,Kindertagesstätten SüdOst Eigenbetrieb von Berlin,Eigenbetriebe,http://www.kindertagesstaetten-suedost.de,13.57953145,52.45167933
09160140,EKT Die Grünspechte,09,Treptow-Köpenick,12555,Berlin,Zu den sieben Raben,15,,+49-30 01797348725,,16,Eltern-Initiativ-Kindertagesstätte,Montessori-Pädagogik/Waldorfpädagogik/Situationsansatz/Sonstiges/Ansatz von Emmi Pikler,,1125,Die Grünspechte e. V.,freie Träger,,13.58845003,52.46252786
09160160,Kita Erknerstr. 46/Kitas SüdOst,09,Treptow-Köpenick,12589,Berlin,Erknerstr.,46,,030 648 93 39,,60,Kindertagesstätte,Situationsansatz,,0122,Kindertagesstätten SüdOst Eigenbetrieb von Berlin,Eigenbetriebe,http://www.kindertagesstaetten-suedost.de,13.72227448,52.43705876
09160190,Kita Griechische Allee 21-25/Kitas SüdOst,09,Treptow-Köpenick,12459,Berlin,Griechische Allee,21,/25,030 53 02 47 50,https://kindertagesstaetten-suedost.de,215,Kindertagesstätte,Ansatz von Emmi Pikler/Situationsansatz,,0122,Kindertagesstätten SüdOst Eigenbetrieb von Berlin,Eigenbetriebe,http://www.kindertagesstaetten-suedost.de,13.5183358,52.4650374
09160210,Kneipp-Kita Pfeffermäuse,09,Treptow-Köpenick,12557,Berlin,Grüne Trift,138,,030 443 83 631,https://www.pfefferwerk.de/kindertagesstaetten/kita-pfeffermaeuse/,140,Kindertagesstätte,Ansatz von Emmi Pikler,,1202,Pfefferwerk Stadtkultur gGmbH,freie Träger,http://www.pfefferwerk.de,13.59212303,52.42679835
09160220,Kita in der Mansarde,09,Treptow-Köpenick,12589,Berlin,Müggelwerderweg,3,,030 6501 3161,http://www.fippev.de,41,Kindertagesstätte,Sonstiges,,1233,FiPP e. V. - Fortbildungsinstitut für die pädagogische Praxis,freie Träger,http://www.fippev.de,13.68844173,52.43928761
09160240,Kita Kaulsdorfer Str. 313/315/Kitas SüdOst,09,Treptow-Köpenick,12555,Berlin,Kaulsdorfer Str.,313,/315,030 657 40 11,https://kindertagesstaetten-suedost.de,155,Kindertagesstätte,Situationsansatz,,0122,Kindertagesstätten SüdOst Eigenbetrieb von Berlin,Eigenbetriebe,http://www.kindertagesstaetten-suedost.de,13.57883481,52.46120882
09160280,Kita Mahlower Str. 5-7/Kitas SüdOst,09,Treptow-Köpenick,12557,Berlin,Mahlower Str.,5,/ 007,030 651 67 00,https://kindertagesstaetten-suedost.de,135,Kindertagesstätte,Situationsansatz,,0122,Kindertagesstätten SüdOst Eigenbetrieb von Berlin,Eigenbetriebe,http://www.kindertagesstaetten-suedost.de,13.56888904,52.44027835
09160290,Villa Mäusebau,09,Treptow-Köpenick,12557,Berlin,Ostendorfstr.,34,,0157 8053 2615,http://www.mkus-berlin.de,70,Kindertagesstätte,Situationsansatz,,1320,Märkische Kita und Schule gGmbH,freie Träger,http://www.mkus-berlin.de,13.59014522,52.4181659
09160320,EKT - Müggelräuber,09,Treptow-Köpenick,12587,Berlin,Scharnweberstr.,56,,03065013444,http://www.mueggelraeuber.de,41,Eltern-Initiativ-Kindertagesstätte,Montessori-Pädagogik/Ansatz von Emmi Pikler,,1178,Montessori Kinder- und Schülerladen Friedrichshagen e. V.,freie Träger,http://www.mueggelraeuber.de,13.62869734,52.45479444
09160330,Kita Knirpsenbude,09,Treptow-Köpenick,12555,Berlin,Ottomar-Geschke-Str.,13,-15,030 44383602,https://www.pfefferwerk.de/kindertagesstaetten/kita-knirpsenbude/,200,Kindertagesstätte,Situationsansatz,,1202,Pfefferwerk Stadtkultur gGmbH,freie Träger,http://www.pfefferwerk.de,13.56655365,52.4489057
09160340,EKT - WindFee,09,Treptow-Köpenick,12459,Berlin,Goethestr.,2,,030 32533402,,26,Eltern-Initiativ-Kindertagesstätte,Situationsansatz,,1189,WindFee e.V.,freie Träger,,13.51449064,52.46438407
09160350,Zwergenstübchen,09,Treptow-Köpenick,12555,Berlin,Ottomar-Geschke-Str.,81,,030 651 97 57,http://www.mkus-berlin.de,85,Kindertagesstätte,Sonstiges/Situationsansatz,,1320,Märkische Kita und Schule gGmbH,freie Träger,http://www.mkus-berlin.de,13.56172391,52.44349022
09160360,Kita Offensiv' 91/Pablo-Neruda-Str. 12 -13,09,Treptow-Köpenick,12559,Berlin,Pablo-Neruda-Str.,12,,030 654 00 07,http://www.offensive-dienste.de,130,Kindertagesstätte,Situationsansatz,,9208,offensiv´91 Soziale Dienste gGmbH,freie Träger,,13.59035484,52.44220312
09160410,AWO Kita Müggelzwerge,09,Treptow-Köpenick,12587,Berlin,Peter-Hille-Str.,4,,030 645 56 77,https://www.awo-südost.de/kitas/kita-mueggelzwerge,75,Kindertagesstätte,Offene-Arbeit/Situationsansatz,,0152,Arbeiterwohlfahrt Berlin Kreisverband Südost e.V.,freie Träger,http://www.awo-suedost.de,13.62078504,52.45466377
09160430,"IB-Kita, Internationaler Bund",09,Treptow-Köpenick,12557,Berlin,Rudower Str.,60,,030 655 41 31,https://www.internationaler-bund.de/standort/207220,80,Kindertagesstätte,Situationsansatz,,8377,Internationaler Bund - IB Berlin-Brandenburg gGmbH für Bildung und soziale Dienste (IB Berlin-Brandenburg gGmbH),freie Träger,https://ib-berlin.de/,13.56244601,52.44318431
09160460,KITA Eichkater,09,Treptow-Köpenick,12589,Berlin,Fürstenwalder Allee,178,,030 6489426,http://www.kaeptnbrowser.de/front_content.php?idcat=178,105,Kindertagesstätte,Situationsansatz,,1355,Käpt'n Browser gemeinnützige Gesellschaft mit beschränkter Haftung,freie Träger,http://www.kaeptnbrowser.de,13.70314145,52.43456027
09160470,KITA Schneckenhaus,09,Treptow-Köpenick,12587,Berlin,Stillerzeile,136,-138,030 (030) 6454582,http://www.kaeptnbrowser.de/front_content.php?idcat=176,208,Kindertagesstätte,Situationsansatz,,1355,Käpt'n Browser gemeinnützige Gesellschaft mit beschränkter Haftung,freie Träger,http://www.kaeptnbrowser.de,13.60071286,52.45367004
09160480,Kita Spitzerstr. 8/Kitas SüdOst,09,Treptow-Köpenick,12557,Berlin,Spitzerstr.,8,,030 651 94 81,https://kindertagesstaetten-suedost.de,75,Kindertagesstätte,Offene-Arbeit/Situationsansatz,,0122,Kindertagesstätten SüdOst Eigenbetrieb von Berlin,Eigenbetriebe,http://www.kindertagesstaetten-suedost.de,13.57773374,52.44216438
09160500,Kita Uhlenhorster Str. 27/Kitas SüdOst,09,Treptow-Köpenick,12555,Berlin,Uhlenhorster Str.,27,,030 657 19 39,https://kindertagesstaetten-suedost.de,95,Kindertagesstätte,Situationsansatz,,0122,Kindertagesstätten SüdOst Eigenbetrieb von Berlin,Eigenbetriebe,http://www.kindertagesstaetten-suedost.de,13.59318005,52.46214186
09160520,Kita Offensiv' 91/Wassersportallee 4,09,Treptow-Köpenick,12527,Berlin,Wassersportallee,4,,030 674 39 15,http://www.offensive-dienste.de,50,Kindertagesstätte,Situationsansatz,,9208,offensiv´91 Soziale Dienste gGmbH,freie Träger,,13.58162309,52.41726646
09160530,IntegrationsKITA Hand in Hand,09,Treptow-Köpenick,12559,Berlin,Salvador-Allende-Str.,47,-49,030 (030) 6540092,http://www.kaeptnbrowser.de/front_content.php?idcat=177,101,Kindertagesstätte,Situationsansatz,,1355,Käpt'n Browser gemeinnützige Gesellschaft mit beschränkter Haftung,freie Träger,http://www.kaeptnbrowser.de,13.59122673,52.44388224
09160580,Kita der Ev. Kirchengem. Berlin-Friedrichshagen,09,Treptow-Köpenick,12587,Berlin,Peter-Hille-Str.,99,,030 645 18 57,http://www.christophorus-kirche.de,75,Kindertagesstätte,Situationsansatz,,0207,Ev. Kirchengemeinde Berlin-Friedrichshagen,freie Träger,http://www.christophorus-kirche.de,13.62069378,52.44868283
09160590,Kita der Ev. Kirchengem. Schmöckwitz,09,Treptow-Köpenick,12527,Berlin,Alt-Schmöckwitz,1,,030 – 34 40 94 43,https://evkf.de/kindertageseinrichtungen/kita-schmockwitz/,35,Kindertagesstätte,Situationsansatz/Offene-Arbeit,,0280,Evangelischer Verband für Kita und Familie,freie Träger,http://www.evkf.de,13.6490936,52.37522721
09160600,Evangelische Kindertagesstätte (G) Köpenick,09,Treptow-Köpenick,12555,Berlin,Am Generalshof,7,,030 657 14 61,,48,Kindertagesstätte,Situationsansatz,,0455,Ev. St.-Laurentius-Kirchengemeinde Köpenick,freie Träger,http://www.stadtkirche-koepenick.de,13.57525931,52.45216954
09160610,Kita der Ev. Kirchengem. Christuskirche Oberschöneweide,09,Treptow-Köpenick,12459,Berlin,Griechische Allee,59,,030 535 30 15,,50,Kindertagesstätte,Situationsansatz,,0206,Ev. Kirchengemeinde Christuskirche Oberschöneweide,freie Träger,http://www.ev-kirche-oberschoeneweide.de,13.52324954,52.46332403
09160620,Kath. Kita St. Josefsstift,09,Treptow-Köpenick,12555,Berlin,Joachimstr.,11,,030 259365167,,62,Kindertagesstätte,Situationsansatz/Offene-Arbeit,,9193,Kitas im Erzbistum Berlin-Zweckverband der katholischen Kirchengemeinden,freie Träger,http://hedikitas.de,13.57238027,52.45415858
09160630,"Evangelischer Kindergarten ""Arche Noah""",09,Treptow-Köpenick,12589,Berlin,Püttbergeweg,84,,030 648 90 44,http://www.ev-kirche-rahnsdorf.de/kita,48,Kindertagesstätte,Ansatz von Emmi Pikler/Fröbel-Pädagogik/Montessori-Pädagogik/Situationsansatz,,0456,Ev. Kirchengemeinde Rahnsdorf,freie Träger,http://www.ev-kirche-rahnsdorf.de,13.70232748,52.44126988
09160640,Evangelische Kindertagesstätte (R) Köpenick,09,Treptow-Köpenick,12557,Berlin,Rudower Str.,23,,030 655 44 49,http://www.stadtkirche-koepenick.de,28,Kindertagesstätte,Situationsansatz,,0455,Ev. St.-Laurentius-Kirchengemeinde Köpenick,freie Träger,http://www.stadtkirche-koepenick.de,13.56582628,52.4439815
09160660,Kath. Kita Hl. Maria Magdalena,09,Treptow-Köpenick,12459,Berlin,Weiskopffstr.,12,-13,030 259365151,http://hedikitas.de,130,Kindertagesstätte,Situationsansatz,,9193,Kitas im Erzbistum Berlin-Zweckverband der katholischen Kirchengemeinden,freie Träger,http://hedikitas.de,13.54187869,52.45737745
09160700,Kita Emrichstr. 51/Kitas SüdOst,09,Treptow-Köpenick,12587,Berlin,Emrichstr.,51,,030 64 19 78 09,https://kindertagesstaetten-suedost.de,75,Kindertagesstätte,Situationsansatz,,0122,Kindertagesstätten SüdOst Eigenbetrieb von Berlin,Eigenbetriebe,http://www.kindertagesstaetten-suedost.de,13.62141854,52.44912914
09160720,Kita Landjägerstr. 7/9/Kitas SüdOst,09,Treptow-Köpenick,12555,Berlin,Landjägerstr.,7,/9,030 654 41 15,https://kindertagesstaetten-suedost.de,190,Kindertagesstätte,Situationsansatz,,0122,Kindertagesstätten SüdOst Eigenbetrieb von Berlin,Eigenbetriebe,http://www.kindertagesstaetten-suedost.de,13.58195955,52.44449435
09160730,Kita Wirsi-Kids,09,Treptow-Köpenick,12555,Berlin,Wirsitzer Weg,2,-004,030 3064509931,http://www.kita-wirsi-kids.de,184,Kindertagesstätte,Offene-Arbeit/Situationsansatz,,1329,Kinder in Bewegung gGmbH Gemeinnützige Kindergarten-Trägergesellschaft des Berliner Sports,freie Träger,http://www.kib-online.org,13.58015365,52.46619576
09160760,Kita Kinder in Bewegung (KiB),09,Treptow-Köpenick,12589,Berlin,Waldstr.,8,,030 648 96 67,http://www.kita-waldstrasse-8.de,44,Kindertagesstätte,Offene-Arbeit,,1329,Kinder in Bewegung gGmbH Gemeinnützige Kindergarten-Trägergesellschaft des Berliner Sports,freie Träger,http://www.kib-online.org,13.72789513,52.42726807
09160770,Kita Rahnsdorfer Spatzen,09,Treptow-Köpenick,12589,Berlin,Fürstenwalder Allee,115,,030 6489 211,http://www.fippev.de,54,Kindertagesstätte,,,1233,FiPP e. V. - Fortbildungsinstitut für die pädagogische Praxis,freie Träger,http://www.fippev.de,13.69823828,52.43634705
09160780,Kita Grüne Aue,09,Treptow-Köpenick,12527,Berlin,Baderseestr.,1,- 5,030 6744 553,http://www.fippev.de/grueneaue,142,Kindertagesstätte,Ansatz von Emmi Pikler/Offene-Arbeit,,1233,FiPP e. V. - Fortbildungsinstitut für die pädagogische Praxis,freie Träger,http://www.fippev.de,13.57925014,52.41533276
09160790,EKT Friedrichshagener Kinderladen,09,Treptow-Köpenick,12587,Berlin,Drachholzstr.,2,,030 0123456789,http://www.frihakila.de,20,Eltern-Initiativ-Kindertagesstätte,Montessori-Pädagogik/Ansatz von Emmi Pikler/Situationsansatz,,1128,Friedrichshagener Kinderladen e.V.,freie Träger,http://www.frihakila.de,13.62677595,52.45278605
09160800,"Kita ""Kleine Fische ganz groß""",09,Treptow-Köpenick,12527,Berlin,Adlergestell,784,,030 7521317,http://www.kleinefischeganzgrossev.de,35,Eltern-Initiativ-Kindertagesstätte,Situationsansatz,,1130,Kleine Fische ganz groß e. V.,freie Träger,http://www.kleinefischeganzgrossev.de,13.63937302,52.38979443
09160810,Montessori Kinderhaus,09,Treptow-Köpenick,12557,Berlin,Köpenzeile,125,.,030 330999001,https://www.montessori-cbk.de,75,Eltern-Initiativ-Kindertagesstätte,Montessori-Pädagogik,,7801,Montessori-Stiftung Berlin (MSB),freie Träger,http://www.montessori-stiftung.de,13.59501584,52.42782357
09160830,DASI Kita Friedrichshagen,09,Treptow-Köpenick,12587,Berlin,Peter-Hille-Str.,26,,030 / 6455676,https://www.dasi-berlin.de/kita-familie/kita-friedrichshagen/,96,Kindertagesstätte,Situationsansatz,,1356,Diakonische Arbeitsgemeinschaft Sozialpädagogischer Initiativen DASI Berlin gGmbH,freie Träger,http://www.dasi-berlin.de,13.6206289,52.45344367
09160870,Kleiner Fratz,09,Treptow-Köpenick,12527,Berlin,Karolinenhofweg,3,,030 83217283,http://www.kleiner-fratz-berlin.de,35,Kindertagesstätte,Offene-Arbeit,,9033,Kleiner Fratz City Süd GmbH,freie Träger,http://www.kleinerfratz.berlin.de,13.63129101,52.3957143
09160880,Kindergarten Unser Haus,09,Treptow-Köpenick,12587,Berlin,Albert-Schweitzer-Str.,60,a,030 81801746,http://www.kitaunserhaus.de,37,Eltern-Initiativ-Kindertagesstätte,Situationsansatz,,7711,Integrativer Kindergarten Unser Haus e. V.,freie Träger,http://www.kitaunserhaus.de,13.6239777,52.45361585
09160890,Kita Traumzauberland,09,Treptow-Köpenick,12587,Berlin,Peter-Hille-Str.,30,,030 650 76 102,http://www.kita-traumzauberland.de/friedrichshagen,70,Kindertagesstätte,Situationsansatz,,7713,Berliner Traumzauberland gGmbH,freie Träger,https://www.traumzauber-kitas.de,13.61955289,52.45335649
09160920,KITA Die kleinen Füchse,09,Treptow-Köpenick,12557,Berlin,Rudower Str.,37,-39,030 (030) 65075230,http://www.kaeptnbrowser.de/front_content.php?idcat=480,67,Kindertagesstätte,Situationsansatz,,1355,Käpt'n Browser gemeinnützige Gesellschaft mit beschränkter Haftung,freie Träger,http://www.kaeptnbrowser.de,13.56432025,52.44395688
09160930,Kinderhaus kleine Entdecker,09,Treptow-Köpenick,12555,Berlin,Kietzer Str.,5,,030/65499770,http://www.kinderhauskleineentdecker.de,30,Kindertagesstätte,Montessori-Pädagogik/Ansatz von Emmi Pikler,,7925,kleine Entdecker e. V.,freie Träger,http://www.kinderhauskleineentdecker.de,13.57745738,52.44494287
09160940,Kita Kleine Helden Köpenick,09,Treptow-Köpenick,12555,Berlin,Müggelheimer Str.,45,,030 64495045,http://www.kleinehelden-koepenick.de,24,Kindertagesstätte,Situationsansatz,,7928,Kita Kleine Helden Köpenick gGmbH,freie Träger,,13.58224593,52.44290728
09160950,Kita Zauberblümchen,09,Treptow-Köpenick,12555,Berlin,Landjägerstr.,11,,030 54462892/4,http://www.kita-zauberbluemchen.de,84,Kindertagesstätte,Sonstiges,,7929,Gemeinnützige Interkultureller Start UG (haftungsbeschränkt),freie Träger,http://www.interkulturellerstart.com,13.58050613,52.44430159
09160960,Kita Wilhelminenhofstraße,09,Treptow-Köpenick,12459,Berlin,Wilhelminenhofstr.,45A,/B,030 23366328,https://kinderladen-nefeli.de/,28,Kindertagesstätte,Situationsansatz,,0757,Nefeli e.V.,freie Träger,https://kinderladen-nefeli.de,13.52298178,52.46017574
09160970,Kita Sonnentropfen,09,Treptow-Köpenick,12459,Berlin,An der Wuhlheide,232B,,030 24537209,http://www.kita-sonnentropfen.de,76,Kindertagesstätte,Sonstiges,,8283,Spree-Kinder gemeinnützige GmbH,freie Träger,https://www.spree-kinder.de/,13.55323926,52.45568371
09161000,Bude-Kids,09,Treptow-Köpenick,12559,Berlin,Alfred-Randt-Str.,60,,61795967,https://www.sylvester-ev.de/kita-bude-kids/,20,Kindertagesstätte,Situationsansatz/Sonstiges,,8161,Sylvester e. V. Berlin,freie Träger,http://www.sylvester-ev.de,13.60632077,52.44119927
09161010,Waldkita Wuhlheide,09,Treptow-Köpenick,12459,Berlin,An der Wuhlheide,171,,37466801,https://wakib.de/,33,Kindertagesstätte,Offene-Arbeit,,8166,WA-KIB gemeinnützige GmbH,freie Träger,https://wakib.de/,13.54435846,52.46595214
09161020,THOLP Kindergarten,09,Treptow-Köpenick,12587,Berlin,Fürstenwalder Damm,474,,030 68836800,http://www.stephanus-bildung.de,80,Kindertagesstätte,,,8722,Stephanus gGmbH,freie Träger,http://www.stephanus.org,13.62366381,52.45645413
09161030,STM,09,Treptow-Köpenick,12555,Berlin,Mandrellaplatz,9,,76583688‬,http://www.spieltraum-berlin.de,20,Eltern-Initiativ-Kindertagesstätte,Offene-Arbeit/Situationsansatz,,8513,Spieltraum KMA gGmbH,freie Träger,http://www.spieltraum-berlin.de.de,13.58041785,52.4551931
09161040,Kita FindeFuchs,09,Treptow-Köpenick,12555,Berlin,Lindenstr.,35,,030 26034184,http://www.kita-findefuchs.de,41,Kindertagesstätte,Situationsansatz/Offene-Arbeit,,8230,FindeFuchs gUG (haftungsbeschränkt),freie Träger,http://www.findefuchs.berlin,13.57106325,52.45128984
09161060,EKT Altstadtkrokodile,09,Treptow-Köpenick,12555,Berlin,Jägerstr.,5,,030 67515850,http://www.kita-altstadtkrokodile.de/,22,Eltern-Initiativ-Kindertagesstätte,Situationsansatz,,8242,Kinderladen Köpenick e. V.,freie Träger,http://www.kita-altstadtkrokodile.de/,13.57780647,52.4462103
09161070,Bewegte Kita,09,Treptow-Köpenick,12555,Berlin,Lindenstr.,26,,030 65017599,http://www.mkus-berlin.de,25,Kindertagesstätte,Situationsansatz,,1320,Märkische Kita und Schule gGmbH,freie Träger,http://www.mkus-berlin.de,13.56791992,52.45392327
09161080,Kita Wuhlekinder,09,Treptow-Köpenick,12555,Berlin,Kaulsdorfer Str.,245,,030 50566290,http://www.wuhlewanderer.de,23,Eltern-Initiativ-Kindertagesstätte,Offene-Arbeit/Situationsansatz,,8273,Die Wuhlewanderer gGmbH,freie Träger,http://www.wuhlewanderer.de,13.57626962,52.46365513
09161100,Kita Spreekinder,09,Treptow-Köpenick,12459,Berlin,Edisonstr.,19,,030 53217552,http://www.kijufa-online.de/spreekinder/,45,Kindertagesstätte,Montessori-Pädagogik/Situationsansatz/Freinet-Pädagogik,,8131,kijufa gGmbH,freie Träger,http://www.kijufa-online.de,13.51377183,52.46500891
09161110,Kita Kinderstube,09,Treptow-Köpenick,12555,Berlin,Hämmerlingstr.,101,,030 35122282,,18,Kindertagesstätte,Situationsansatz,,7928,Kita Kleine Helden Köpenick gGmbH,freie Träger,,13.57399868,52.45831845
09161120,Kita Plönzwerge,09,Treptow-Köpenick,12459,Berlin,Rathenaustr.,15,,33946700,https://www.sylvester-ev.de/kita-ploenzwerge/,33,Kindertagesstätte,Situationsansatz/Montessori-Pädagogik,,8161,Sylvester e. V. Berlin,freie Träger,http://www.sylvester-ev.de,13.52833285,52.45951586
09161130,Kita Müggelstern,09,Treptow-Köpenick,12559,Berlin,Müggellandstr.,8,- 10,030 65499505,http://www.kitavis.de,65,Kindertagesstätte,Situationsansatz,,8315,SBH Nordost GmbH,freie Träger,http://www.sbh-nordost.de,13.65864613,52.41553109
09161140,Kita Pretty World (3),09,Treptow-Köpenick,12459,Berlin,Siemensstr.,14,,03053218652,http://www.pretty-world.de,50,Kindertagesstätte,Situationsansatz,,8483,Pretty World gGmbH,freie Träger,https://www.pretty-world.de/,13.51124407,52.4643316
09161160,Kita am Wald,09,Treptow-Köpenick,12589,Berlin,Erknerstr.,39,,030 65489227,http://www.naturtalent-berlin.de,35,Kindertagesstätte,,,8356,NaturTalent Natur- und Erlebnispädagogik Berlin gemeinnützige UG (haftungsbeschränkt),freie Träger,http://www.naturtalent-berlin.de,13.72168003,52.43792714
09161170,BOOT-Kita Puchanstraße,09,Treptow-Köpenick,12555,Berlin,Puchanstr.,19,,030 32519290,http://www.bootkitas.de,120,Kindertagesstätte,Situationsansatz,,1277,Gemeinnützige BOOT GmbH,freie Träger,http://www.bootkitas.de,13.57851166,52.45419648
09161180,Kita Ökolinos,09,Treptow-Köpenick,12459,Berlin,Wilhelminenhofstr.,41,,37466801,https://wakib.de/,28,Kindertagesstätte,Offene-Arbeit,,8166,WA-KIB gemeinnützige GmbH,freie Träger,https://wakib.de/,13.52084335,52.46102373
09161190,Kita Eulenkinder,09,Treptow-Köpenick,12557,Berlin,Schönerlinder Str.,1,,030 26034184,http://www.kita-eulenkinder.de,36,Kindertagesstätte,Situationsansatz/Offene-Arbeit,,8230,FindeFuchs gUG (haftungsbeschränkt),freie Träger,http://www.findefuchs.berlin,13.56890526,52.4428194
09161200,Kita Glückszeile,09,Treptow-Köpenick,12587,Berlin,Stillerzeile,44,,017621564850,http://www.kita-glueckszeile.de,63,Kindertagesstätte,Situationsansatz,,8449,kevisa gGmbH,freie Träger,http://www.kita-glueckweg.de,13.61108581,52.45603915
09161210,Kita Zauberland gUG,09,Treptow-Köpenick,12459,Berlin,Wilhelminenhofstr.,21,,030 24175140,http://www.kitazauberland.de,50,Kindertagesstätte,Situationsansatz,,8653,Kita Zauberland gUG,freie Träger,http://www.kitazauberland.de,13.51574283,52.46216822
09161230,Kita Pirateninsel,09,Treptow-Köpenick,12527,Berlin,Regattastr.,60,,030 85744346,http://www.klib-berlin.de,25,Kindertagesstätte,Sonstiges/Situationsansatz,,8712,KliB Kinder leben in Berlin gUG (haftungsbeschränkt),freie Träger,http://www.klib-berlin.de,13.57628979,52.42242074
09161240,Kita Die Inselzwerge,09,Treptow-Köpenick,12589,Berlin,Triglawstr.,8,,030/69575505,http://www.wuhlewanderer.de,45,Kindertagesstätte,Offene-Arbeit/Situationsansatz,,8273,Die Wuhlewanderer gGmbH,freie Träger,http://www.wuhlewanderer.de,13.72137123,52.42023606
09161250,Kita Traumschön,09,Treptow-Köpenick,12459,Berlin,Wilhelminenhofstr.,47B,,030 84422817,http://www.kita-traumzauberland.de/traumschoen-startseite.html,38,Kindertagesstätte,Situationsansatz,,7713,Berliner Traumzauberland gGmbH,freie Träger,https://www.traumzauber-kitas.de,13.52388065,52.45977147
09161270,Freude Kita Köpenick,09,Treptow-Köpenick,12555,Berlin,Müggelheimer Str.,22,,030 26581144,http://www.freude-kita.berlin,27,Kindertagesstätte,Situationsansatz,,8295,FREUDE Kindergärten gemeinnützige GmbH,freie Träger,http://www.freude-kita.berlin,13.58471743,52.44140302
09161280,Kita Spreekinder 2,09,Treptow-Köpenick,12459,Berlin,Edisonstr.,19,,030 53217552,http://www.kijufa-online.de/spreekinder/,15,Kindertagesstätte,Situationsansatz/Freinet-Pädagogik/Montessori-Pädagogik,,8131,kijufa gGmbH,freie Träger,http://www.kijufa-online.de,13.51377183,52.46500891
09161290,Kita Schöneweider Gören,09,Treptow-Köpenick,12459,Berlin,Plönzeile,44,,030 33946700,https://www.sylvester-ev.de/schoeneweider-goeren/,32,Kindertagesstätte,Situationsansatz/Montessori-Pädagogik,,8161,Sylvester e. V. Berlin,freie Träger,http://www.sylvester-ev.de,13.52786236,52.45941201
09161300,Kita Müggelbande,09,Treptow-Köpenick,12559,Berlin,Ludwigshöheweg,18,,030 64095301,http://www.sozdia.de,83,Kindertagesstätte,Situationsansatz,,5429,SozDia gGmbH,freie Träger,http://www.sozdia.de,13.65546087,52.41552548
09161310,STR,09,Treptow-Köpenick,12555,Berlin,Alter Markt,11,,76583688‬,http://www.spieltraum-berlin.de,50,Kindertagesstätte,Offene-Arbeit,,8513,Spieltraum KMA gGmbH,freie Träger,http://www.spieltraum-berlin.de.de,13.57836619,52.44532423
09161320,Kita Weltenbummler,09,Treptow-Köpenick,12555,Berlin,Lindenstr.,7,,86456543,https://www.bik-ev.de/verzeichnis/visitenkarte.php?mandat=211083,85,Kindertagesstätte,Sonstiges,,1205,BIK e.V. Berliner Institut für Kleinkindpädagogik und familienbegleitende Kinderbetreuung,freie Träger,http://www.bik-ev.de,13.56998221,52.4527121
09161330,Kita Sokuki,09,Treptow-Köpenick,12489,Berlin,Friedenstr.,8,,030 98392285,http://www.mitmensch-ev.de,20,Eltern-Initiativ-Kindertagesstätte,Waldorfpädagogik/Montessori-Pädagogik,,8835,Mitmensch Kita e.V.,freie Träger,http://www.mitmensch-ev.de,13.54716324,52.43602589
09161340,Kita Admiralfalter,09,Treptow-Köpenick,12527,Berlin,Teichmummelring,77,,120 83 21 24,http://www.kita.socius.diebildungspartner.de/admiralfalter/,75,Kindertagesstätte,Situationsansatz,,8000,SOCIUS - Die Bildungspartner gemeinnützige GmbH,freie Träger,http://www.socius.diebildungspartner.de,13.57647603,52.42403678
09161350,Die Drei Affen 2,09,Treptow-Köpenick,12557,Berlin,Wendenschloßstr.,143,-145,030/23536609,http://diedreiaffen-kita.de,90,Kindertagesstätte,Situationsansatz,,8625,Die drei Affen gGmbH,freie Träger,http://diedreiaffen-kita.de,13.58244732,52.43805456
09161360,Kita Hoppelhasen,09,Treptow-Köpenick,12555,Berlin,Mandrellaplatz,3,,25739654,,36,Kindertagesstätte,Situationsansatz,,8920,Hoppelhasen gUG,freie Träger,,13.5808982,52.45563312
09161380,Kids & Pets Spindlersfeld,09,Treptow-Köpenick,12555,Berlin,Ernst-Grube-Str.,30,,030 55235654,http://www.kidsandpets.de,160,Kindertagesstätte,Situationsansatz/Offene-Arbeit,,8974,Kids & Pets Kitas gUG (hb),freie Träger,http://www.kidsandpets.de,13.56292948,52.44936417
09161390,Kita Vorstadtknirpse,09,Treptow-Köpenick,12557,Berlin,Schönerlinder Str.,5,,030 45963152,https://www.sylvester-ev.de/vorstadtknirpse/,27,Kindertagesstätte,Situationsansatz/Montessori-Pädagogik,,8161,Sylvester e. V. Berlin,freie Träger,http://www.sylvester-ev.de,13.56795475,52.44304706
09161400,Kita an der Dahme,09,Treptow-Köpenick,12527,Berlin,Regattastr.,127,,0176 030/20095400,http://die-wilden-25.de,103,Kindertagesstätte,Situationsansatz,,8048,Die Wilden 25 gUG (haftungsbeschränkt),freie Träger,http://die-wildem-25.de,13.5812149,52.41758991
09161430,Kitacampus Otto Krüger Zeile 4 / Helmholtzstr.,09,Treptow-Köpenick,12459,Berlin,Otto-Krüger-Zeile,4,/6,030 5350493,https://www.internationaler-bund.de/standort/207244,280,Kindertagesstätte,Situationsansatz,,8377,Internationaler Bund - IB Berlin-Brandenburg gGmbH für Bildung und soziale Dienste (IB Berlin-Brandenburg gGmbH),freie Träger,https://ib-berlin.de/,13.50720951,52.46735205
09161440,BOOT-Kita FriDa,09,Treptow-Köpenick,12587,Berlin,Fürstenwalder Damm,427B,,030 4700 4443,http://www.bootkitas.de,130,Kindertagesstätte,Situationsansatz,,1277,Gemeinnützige BOOT GmbH,freie Träger,http://www.bootkitas.de,13.61874714,52.45629611
09161450,Kita Friedrichshagen,09,Treptow-Köpenick,12587,Berlin,Albert-Schweitzer-Str.,57,,030 / 12252119,https://www.jao-berlin.de/de/topic/401.kita-in-friedrichshagen.html,60,Kindertagesstätte,Situationsansatz,,1298,JAO gGmbH,freie Träger,http://www.jao-berlin.de,13.62441429,52.45447113
09161460,Kita Kleine Stadtdrachen,09,Treptow-Köpenick,12527,Berlin,Wernsdorfer Str.,7,,030 770 59509,http://www.kleinestadtdrachen.de,31,Kindertagesstätte,Situationsansatz/Ansatz von Emmi Pikler,,9112,Kleine Stadtdrachen gGmbH,freie Träger,http://www.kleinestadtdrachen.de,13.65020044,52.37602567
09161470,"FRÖBEL-Kindergarten ""Seewinkel""",09,Treptow-Köpenick,12589,Berlin,Abendseglersteig,78,,030 61654391,https://seewinkel.froebel.info/,105,Kindertagesstätte,Offene-Arbeit/Sonstiges,,1227,Fröbel Bildung und Erziehung gGmbH,freie Träger,http://www.froebel-gruppe.de/,13.73965876,52.42725829
09161480,Kita Kietzer Feld,09,Treptow-Köpenick,12557,Berlin,Grüne Trift,178,,23322381 0,https://www.bik-ev.de/verzeichnis/visitenkarte.php?mandat=242328,85,Kindertagesstätte,Sonstiges,,1205,BIK e.V. Berliner Institut für Kleinkindpädagogik und familienbegleitende Kinderbetreuung,freie Träger,http://www.bik-ev.de,13.59074437,52.42286741
09161490,Kita Wuhlesterne,09,Treptow-Köpenick,12459,Berlin,An der Wuhlheide,114,,536005913,http://www.kitavis.de,70,Kindertagesstätte,Situationsansatz,,8315,SBH Nordost GmbH,freie Träger,http://www.sbh-nordost.de,13.53090746,52.46213997
09161500,Kita Pirole,09,Treptow-Köpenick,12459,Berlin,Plönzeile,24,,015560153378,,22,Kindertagesstätte,Offene-Arbeit,,8301,era Erziehung und Ästhetik gemeinnützige GmbH,freie Träger,http://www.era-ggmbh.de,13.52552441,52.46057509
09161520,Kita SpreeBären,09,Treptow-Köpenick,12555,Berlin,Mahlsdorfer Str.,11b,,030 68084400,http://www.spreeeule.de,120,Kindertagesstätte,Situationsansatz/Sonstiges,,9380,SpreeBären gGmbH,freie Träger,,13.58306523,52.46093608
09161530,Kita Achterdeck,09,Treptow-Köpenick,12557,Berlin,Wendenschloßstr.,330,-332,70476 0080,http://www.die-kinderwelt.com,50,Kindertagesstätte,Ansatz von Emmi Pikler,,9290,Die Kinderwelt gGmbH,freie Träger,http://www.die-kinderwelt.com,13.58491416,52.42764106
09161540,Kita Emma und Lukas,09,Treptow-Köpenick,12459,Berlin,Rathenaustr.,19,,0151 21631433,https://www.emmaundlukas.de,18,Kindertagesstätte,Situationsansatz,,8895,FJT Kita gUG,freie Träger,http://www.emmaundlukas.de,13.52871116,52.45973546
10210020,Kita Abenteuerland,10,Marzahn-Hellersdorf,12685,Berlin,Altlandsberger Platz,4,,030 549799300,http://www.jao-berlin.de,109,Kindertagesstätte,Sonstiges/Situationsansatz,,1298,JAO gGmbH,freie Träger,http://www.jao-berlin.de,13.57312014,52.54239176
10210021,Kitaladen Jugendwerk Aufbau Ost,10,Marzahn-Hellersdorf,12685,Berlin,Krummenseer Str.,13,,030 549799300,http://www.jao-berlin.de,30,Kindertagesstätte,Situationsansatz,,1298,JAO gGmbH,freie Träger,http://www.jao-berlin.de,13.5725776,52.54193298
10210030,Kita Akazieninsel,10,Marzahn-Hellersdorf,12681,Berlin,Allee der Kosmonauten,73,,030 5411093,http://www.jao-berlin.de,200,Kindertagesstätte,Situationsansatz,,1298,JAO gGmbH,freie Träger,http://www.jao-berlin.de,13.54421613,52.52788093
10210040,Klax Krippe Mäusekiste und Klax Kindergarten Salamander,10,Marzahn-Hellersdorf,12683,Berlin,Distelfalterstr.,41,,030 565890-01,http://www.klax-kita.de,144,Kindertagesstätte,Sonstiges,,1214,KLAX Berlin gGmbH,freie Träger,http://klax.de,13.57007372,52.50194547
10210050,Kita Biesdorfer Zwergenhaus,10,Marzahn-Hellersdorf,12683,Berlin,Braunsdorfstr.,11,,030 5143 870,http://www.fippev.de,38,Kindertagesstätte,Situationsansatz,,1233,FiPP e. V. - Fortbildungsinstitut für die pädagogische Praxis,freie Träger,http://www.fippev.de,13.55136392,52.51220513
10210060,Kita Waldhäuschen,10,Marzahn-Hellersdorf,12685,Berlin,Bruno-Baum-Str.,58,- 60,03034665312,http://www.mitra-kindergarten.de,230,Kindertagesstätte,Sonstiges,,8368,MITRA bilinguale Kindergärten gemeinnützige GmbH,freie Träger,http://www.mitra-kindergarten.de,13.54247598,52.53773871
10210070,Die Senfkörner,10,Marzahn-Hellersdorf,12681,Berlin,Allee der Kosmonauten,79,,54431391,http://www.diesenfkoerner.de,35,Kindertagesstätte,Situationsansatz,,1378,Die Senfkörner e.V.,freie Träger,http://www.diesenfkoerner.de,13.54600288,52.52787952
10210080,Kita Montessori-Kinderhaus,10,Marzahn-Hellersdorf,12689,Berlin,Belziger Ring,55,,030 9309567,http://www.montessorikita.de,180,Kindertagesstätte,Montessori-Pädagogik,,1278,urban kita gGmbH,freie Träger,http://www.urban-kita.de,13.57687215,52.56325782
10210090,Kita Biesdorfer Kindertagesstätte Sonne,10,Marzahn-Hellersdorf,12683,Berlin,Annenstr.,33,,030 54 230 12,http://www.kita-sonne.de,31,Kindertagesstätte,Offene-Arbeit/Situationsansatz,,1385,Biesdorfer Kindertagesstätte Sonne e.V.,freie Träger,http://www.kita-sonne.de,13.55552349,52.53227037
10210130,Kita Kiek mal Standort 1,10,Marzahn-Hellersdorf,12689,Berlin,Rosenbecker Str.,25,/27,030 93492656,http://www.kiekin.org/aufgabenbereich/kindertagesstaette,85,Kindertagesstätte,Offene-Arbeit/Montessori-Pädagogik/Ansatz von Emmi Pikler/Sonstiges,,8091,Kiek in- Soziale Dienste gemeinnützige Gesellschaft mbH,freie Träger,http://www.kiek.org,13.57138914,52.57044566
10210150,Kita Die Bergzwerge,10,Marzahn-Hellersdorf,12679,Berlin,Glambecker Ring,80,-82,030 9328152,http://www.plattenverbund.de,140,Kindertagesstätte,Offene-Arbeit/Situationsansatz,,8481,Plattenverbund gGmbH,freie Träger,,13.57741151,52.55547653
10210160,Kita Hasenburg,10,Marzahn-Hellersdorf,12683,Berlin,Garzauer Str.,29,,030 5644 017,http://www.fippev.de/hasenburg,87,Kindertagesstätte,,,1233,FiPP e. V. - Fortbildungsinstitut für die pädagogische Praxis,freie Träger,http://www.fippev.de,13.57277757,52.52640188
10210170,Kita - Sonnenkäferwelt,10,Marzahn-Hellersdorf,12683,Berlin,Beethovenstr.,29,,030 21960239,http://www.sonnenkaeferwelt.de,49,Kindertagesstätte,Ansatz von Emmi Pikler/Situationsansatz,,7551,Sonnenkäferwelt gGmbH,freie Träger,http://www.sonnenkaeferwelt.de,13.54852574,52.51047533
10210190,Kita Kiek mal Standort 2,10,Marzahn-Hellersdorf,12689,Berlin,Dessauer Str.,4A,,030 93495433,http://www.kiekin.org/aufgabenbereich/kindertagesstaette,80,Kindertagesstätte,Offene-Arbeit/Montessori-Pädagogik/Ansatz von Emmi Pikler/Sonstiges,,8091,Kiek in- Soziale Dienste gemeinnützige Gesellschaft mbH,freie Träger,http://www.kiek.org,13.54892888,52.56777465
10210200,Mini Knirpse,10,Marzahn-Hellersdorf,12679,Berlin,Raoul-Wallenberg-Str.,52,,030 9330912,http://www.kita-knirpsenhaus.de,24,Kindertagesstätte,Situationsansatz,,1278,urban kita gGmbH,freie Träger,http://www.urban-kita.de,13.56097067,52.54671223
10210210,Kita Windlicht,10,Marzahn-Hellersdorf,12689,Berlin,Golliner Str.,4,- 6,030 93498520,http://www.jao-berlin.de,60,Kindertagesstätte,Offene-Arbeit/Situationsansatz,,1298,JAO gGmbH,freie Träger,http://www.jao-berlin.de,13.57992855,52.56715346
10210220,"""casa dei bambini""",10,Marzahn-Hellersdorf,12683,Berlin,Grabensprung,51,,52678441,https://www.kigaeno.de/casa-dei-bambini/,100,Kindertagesstätte,Montessori-Pädagogik,,0121,Kindergärten NordOst,Eigenbetriebe,http://www.kigaeno.de,13.55291547,52.50580705
10210240,Dussmann Kulturkindergarten am Unfallkrankenhaus Berlin,10,Marzahn-Hellersdorf,12683,Berlin,Brebacher Weg,15,Haus 50,030 54712540,http://www.kulturkindergarten.de,80,Kindertagesstätte,Situationsansatz,,7945,Dussmann Kulturkindergarten gemeinnützige GmbH,freie Träger,http://www.kulturkindergarten.de,13.57106601,52.5212156
10210260,Kita Notenhopser,10,Marzahn-Hellersdorf,12681,Berlin,Murtzaner Ring,70,-72,030 225054521,http://www.awo-promensch.de,90,Kindertagesstätte,Situationsansatz,,0155,AWO pro:mensch gGmbH,freie Träger,http://www.awo-promensch.de,13.54160359,52.53318486
10210280,Kita Fuchtelkids,10,Marzahn-Hellersdorf,12683,Berlin,Elsterwerdaer Platz,1,,030 51488240,http://www.wuhlewanderer.de,60,Kindertagesstätte,Situationsansatz/Ansatz von Emmi Pikler,,8273,Die Wuhlewanderer gGmbH,freie Träger,http://www.wuhlewanderer.de,13.55824772,52.50531561
10210300,Kita Kreuz und Quer,10,Marzahn-Hellersdorf,12687,Berlin,Sella-Hasse-Str.,19,/21,015150722973,https://www.drk-berlin-nordost.de/angebote/kinder-jugend-und-familie/kitas/kita-kreuz-quer.html,85,Kindertagesstätte,Offene-Arbeit/Situationsansatz,,5281,Deutsches Rotes Kreuz Kreisverband Berlin - Nordost e. V.,freie Träger,http://www.drk-berlin-nordost.de,13.558598,52.55268925
10210310,Kita Irgendwie Anders,10,Marzahn-Hellersdorf,12689,Berlin,Flämingstr.,14,,030 34627273,http://www.pad-berlin.de/Kindertagesbetreuung,85,Kindertagesstätte,Offene-Arbeit/Situationsansatz,,3995,"pad - präventive, altersübergreifende Dienste im sozialen Bereich - gGmbH",freie Träger,http://www.pad-berlin.de,13.56405904,52.56414612
10210320,Kita Marzahner Chaussee,10,Marzahn-Hellersdorf,12681,Berlin,Marzahner Chaussee,207,,030 766876920,http://www.awo-promensch.de,120,Kindertagesstätte,Situationsansatz,,0155,AWO pro:mensch gGmbH,freie Träger,http://www.awo-promensch.de,13.53312226,52.5263971
10210330,Kita Glückspilze Biesdorf,10,Marzahn-Hellersdorf,12683,Berlin,Oberfeldstr.,190,,030 52660473,,65,Kindertagesstätte,Situationsansatz,,8229,DETI gGmbH,freie Träger,https://www.deti-ggmbh.de,13.55540199,52.51482658
10210350,Kita Spatzennest/Kigä NordOst,10,Marzahn-Hellersdorf,12681,Berlin,Langhoffstr.,17,,5410398,,195,Kindertagesstätte,Situationsansatz,,0121,Kindergärten NordOst,Eigenbetriebe,http://www.kigaeno.de,13.54381161,52.53204323
10210370,Kita Schleusinger Straße,10,Marzahn-Hellersdorf,12687,Berlin,Schleusinger Str.,8,,030 99273930,http://www.kita-dialog.de,45,Kindertagesstätte,Offene-Arbeit,,1316,KITA-Dialog gGmbH,freie Träger,http://www.kita-dialog.de,13.56559839,52.55763473
10210390,Kita Wuhlehopser,10,Marzahn-Hellersdorf,12687,Berlin,Wuhletalstr.,70,,030 93664377,http://awo-spree-wuhle.de,45,Kindertagesstätte,Offene-Arbeit/Situationsansatz,,0156,Arbeiterwohlfahrt Kreisverband Berlin Spree-Wuhle e.V.,freie Träger,https://www.awo-spree-wuhle.de,13.56644171,52.55991465
10210410,"Kita ""Am Stadtrand""",10,Marzahn-Hellersdorf,12689,Berlin,Märkische Allee,414,,030 91140811,http://www.pad-berlin.de,40,Kindertagesstätte,Situationsansatz/Sonstiges,,3995,"pad - präventive, altersübergreifende Dienste im sozialen Bereich - gGmbH",freie Träger,http://www.pad-berlin.de,13.5681904,52.57229149
10210420,Kindertagesstätte Märchenhaus,10,Marzahn-Hellersdorf,12679,Berlin,Rudolf-Leonhard-Str.,10,,0176 030 23588268,,136,Kindertagesstätte,Situationsansatz,,8501,Schwemler GmbH (haftungsbeschränkt),freie Träger,,13.56755032,52.55072643
10210430,Kita Multitalent,10,Marzahn-Hellersdorf,12679,Berlin,Marzahner Promenade,42,,030 91140108,http://www.kita-multitalent.de,53,Kindertagesstätte,Situationsansatz,,8503,Kita Multitalent gGmbH,freie Träger,http://www.kita-multitalent.de,13.55307054,52.54544441
10210440,Kita Die Senfkörner II,10,Marzahn-Hellersdorf,12683,Berlin,Otto-Nagel-Str.,57,,01606869301,http://www.diesenfkoerner.de,15,Kindertagesstätte,Situationsansatz,,1378,Die Senfkörner e.V.,freie Träger,http://www.diesenfkoerner.de,13.55404188,52.5281839
10210450,Kita Igelgarten/Kigä NordOst,10,Marzahn-Hellersdorf,12683,Berlin,Oberfeldstr.,38,,5411422,,45,Kindertagesstätte,Situationsansatz,,0121,Kindergärten NordOst,Eigenbetriebe,http://www.kigaeno.de,13.55593726,52.52190533
10210460,Kita Kinderstube,10,Marzahn-Hellersdorf,12685,Berlin,Amanlisweg,8,,030 23932279,,54,Kindertagesstätte,,,8171,Westa e. V.,freie Träger,http://www.westa-ev.de,13.54969635,52.5347027
10210470,Kita Traumland,10,Marzahn-Hellersdorf,12683,Berlin,Fridolinweg,66,,030 40742111,http://www.kita-traumland.de,47,Kindertagesstätte,Sonstiges,,7929,Gemeinnützige Interkultureller Start UG (haftungsbeschränkt),freie Träger,http://www.interkulturellerstart.com,13.56763166,52.53472999
10210480,Kita Goldfischchen,10,Marzahn-Hellersdorf,12679,Berlin,Jan-Petersen-Str.,18,,03093024101,http://www.milina.org,105,Kindertagesstätte,Situationsansatz,,8654,MILINA gUG,freie Träger,http://www.milina.org,13.56495631,52.54976446
10210500,Kita Kleine Kosmonauten,10,Marzahn-Hellersdorf,12681,Berlin,Allee der Kosmonauten,67,,0176 62189799,,18,Kindertagesstätte,Situationsansatz,,8770,ProGCHILD gGmbH,freie Träger,,13.54330109,52.52785043
10210510,Kita Gartenkinder,10,Marzahn-Hellersdorf,12683,Berlin,Irmfriedstr.,64,,0177 3082845,http://www.gartenkinder.berlin.de,29,Kindertagesstätte,Offene-Arbeit,,8797,Inklusion Bildung und Soziales gemeinnützige GmbH,freie Träger,,13.57297479,52.53393013
10210520,Kleiner Fratz,10,Marzahn-Hellersdorf,12679,Berlin,Marzahner Promenade,41,,03028505250,http://www.kleinerfratz.berlin.de,40,Kindertagesstätte,Offene-Arbeit/Situationsansatz,,0627,Kleiner Fratz GmbH,freie Träger,http://www.kleinerfratz.berlin.de,13.55280637,52.54540522
10210530,Kita Nusshütte Prötzeler Ring,10,Marzahn-Hellersdorf,12679,Berlin,Prötzeler Ring,31,,030 54000456,,60,Kindertagesstätte,Situationsansatz,,8864,CeFi - Bildung und Verständigung gGmbH,freie Träger,http://www.cefi-bildung.de,13.57500376,52.54506316
10210540,Kita Händchenklein,10,Marzahn-Hellersdorf,12689,Berlin,Havemannstr.,17A,,030/34656950,http://www.kita-Haendchenklein.de,25,Kindertagesstätte,Situationsansatz,,8841,Kita Händchenklein gUG,freie Träger,http://www.kita-haendchenklein.de,13.57314949,52.56838653
10210550,Gemeinschaftsunterkunft Bitterfelder Str. (FBO),10,Marzahn-Hellersdorf,12681,Berlin,Bitterfelder Str.,11,/13,030 936692302,,12,Eltern-Kind-Gruppe,,,1221,EJF gemeinnützige AG,freie Träger,http://www.ejf.de,13.54333398,52.55333226
10210560,Kita Kienberg-Krabben,10,Marzahn-Hellersdorf,12685,Berlin,Kienbergstr.,1,-3,030 54973409,http://www.klib-berlin.de,28,Kindertagesstätte,Sonstiges/Situationsansatz,,8712,KliB Kinder leben in Berlin gUG (haftungsbeschränkt),freie Träger,http://www.klib-berlin.de,13.56159814,52.5370385
10210570,Gemeinschaftsunterkunft Paul-Schwenk-Str. (FBO),10,Marzahn-Hellersdorf,12681,Berlin,Paul-Schwenk-Str.,3,-21,030 01763072400,https://eventusbildung.de/fbo-kitas/,12,Eltern-Kind-Gruppe,Situationsansatz/Offene-Arbeit,,7464,eventus Bildung gGmbH,freie Träger,https://eventusbildung.de/,13.53960513,52.5377149
10210580,Kita Waldhäuschen,10,Marzahn-Hellersdorf,12683,Berlin,Schwabenallee,86,,030403662050,http://www.vs-kitas-berlin.de,56,Kindertagesstätte,Offene-Arbeit/Situationsansatz,,1339,Kinder- und Jugend der Volkssolidarität Berlin gGmbH,freie Träger,http://www.volkssolidaritaet-berlin.de,13.562744,52.49038244
10210600,Kinderwelten Akaziengrund (FBO),10,Marzahn-Hellersdorf,12681,Berlin,Allee der Kosmonauten,77,,030 0176-87837470,http://www.pad-berlin.de/Kindertagesbetreuung,12,Eltern-Kind-Gruppe,Situationsansatz/Sonstiges,,3995,"pad - präventive, altersübergreifende Dienste im sozialen Bereich - gGmbH",freie Träger,http://www.pad-berlin.de,13.54550749,52.52788152
10210620,Gemeinschaftsunterkunft Kokoschkastr. 4 (nur Sprachförderung),10,Marzahn-Hellersdorf,12627,Berlin,Kokoschkastr.,4,,45950544,http://edusation.de/,15,Kindertagesstätte,Sonstiges,,8568,Edusation - gemeinnützige Gesellschaft für Integration und Sprachförderung mbH,freie Träger,http://edusation.de/,13.60667252,52.53737721
10210640,Kita Wuhleblick,10,Marzahn-Hellersdorf,12683,Berlin,Cecilienstr.,184,,0176 40592077,http://www.kita-dialog.de,85,Kindertagesstätte,Offene-Arbeit,,1316,KITA-Dialog gGmbH,freie Träger,http://www.kita-dialog.de,13.5747921,52.52647376
10210650,Kita Reggio-Kinderhaus/Kigä NordOst,10,Marzahn-Hellersdorf,12689,Berlin,Wittenberger Str.,20,,9327018,,195,Kindertagesstätte,Reggio-Pädagogik,,0121,Kindergärten NordOst,Eigenbetriebe,http://www.kigaeno.de,13.56634037,52.56490382
10210680,Evangelische Kita Schneckenhaus,10,Marzahn-Hellersdorf,12683,Berlin,Parkweg,8,,030/514 39 16,http://www.ev-kita-biesdorf.de,56,Kindertagesstätte,Situationsansatz,,0223,Ev. Kirchengemeinde Biesdorf,freie Träger,http://www.ev-kirche-biesdorf.de,13.55590012,52.51013848
10210690,Evangelischer Dorfkindergarten,10,Marzahn-Hellersdorf,12685,Berlin,Hinter der Mühle,5,,030 8574866431,http://www.www.kindergarten-marzahn.de,60,Kindertagesstätte,Situationsansatz,,0210,Ev. Kirchengemeinde Marzahn,freie Träger,http://www.dorfkirche-marzahn.de,13.5628398,52.54326447
10210720,Kita Kinderhaus Katz und Maus/Kigä NordOst,10,Marzahn-Hellersdorf,12679,Berlin,Basdorfer Str.,2,-4,9352060,,200,Kindertagesstätte,Situationsansatz/Sonstiges,,0121,Kindergärten NordOst,Eigenbetriebe,http://www.kigaeno.de,13.54644123,52.54576418
10210730,Kita Knirpsenhaus,10,Marzahn-Hellersdorf,12679,Berlin,Raoul-Wallenberg-Str.,58,- 60,030 9330912,http://www.kita-knirpsenhaus.de,190,Kindertagesstätte,Situationsansatz,,1278,urban kita gGmbH,freie Träger,http://www.urban-kita.de,13.56147438,52.54619149
10210740,Kita Wuhlespatzen/Kigä NordOst,10,Marzahn-Hellersdorf,12683,Berlin,Zum Forsthaus,3,,5417075,,196,Kindertagesstätte,Situationsansatz,,0121,Kindergärten NordOst,Eigenbetriebe,http://www.kigaeno.de,13.57265502,52.52340734
10210780,Humanistische Kindertagesstätte Geraer Ring,10,Marzahn-Hellersdorf,12689,Berlin,Geraer Ring,50,-052,9339198,http://www.humanistischekitas.de,160,Kindertagesstätte,Offene-Arbeit/Situationsansatz,,1230,"Humanistischer Verband Deutschlands, Landesverband Berlin-Brandenburg KdöR",freie Träger,https://humanistisch.de/kitas/,13.56133747,52.56902331
10210800,Kita Regenbogeninsel,10,Marzahn-Hellersdorf,12679,Berlin,Glambecker Ring,50,-52,030403662120,,240,Kindertagesstätte,Offene-Arbeit/Situationsansatz,,1339,Kinder- und Jugend der Volkssolidarität Berlin gGmbH,freie Träger,http://www.volkssolidaritaet-berlin.de,13.57983774,52.5536131
10210820,Bunte Kinderwelt,10,Marzahn-Hellersdorf,12689,Berlin,Schorfheidestr.,48,- 50,030 93666204,https://www.jugendundsozialwerk.de/kitas/berlin/marzahn-hellersdorf/kita-pfiffikus-marzaehnchen/,220,Kindertagesstätte,Offene-Arbeit/Situationsansatz,,1296,Jugend- und Sozialwerk gGmbH,freie Träger,http://www.jus-or.de,13.57542023,52.57263854
10210830,Kita Jahresuhr,10,Marzahn-Hellersdorf,12689,Berlin,Rabensteiner Str.,20,,030 9309633,http://www.jao-berlin.de,100,Kindertagesstätte,Situationsansatz,,1298,JAO gGmbH,freie Träger,http://www.jao-berlin.de,13.57501247,52.56546166
10210870,"""Schwalbennest""",10,Marzahn-Hellersdorf,12679,Berlin,Jan-Petersen-Str.,27,,9309800,,205,Kindertagesstätte,Situationsansatz,,0121,Kindergärten NordOst,Eigenbetriebe,http://www.kigaeno.de,13.56258545,52.54883751
10210920,Kita Kunterbunt,10,Marzahn-Hellersdorf,12687,Berlin,Liebensteiner Str.,20,-22,030 9399607,http://www.awo-promensch.de,195,Kindertagesstätte,Situationsansatz,,0155,AWO pro:mensch gGmbH,freie Träger,http://www.awo-promensch.de,13.55836351,52.55831287
10210940,Kita Walter-Felsenstein-Str. 39/41/Kigä NordOst,10,Marzahn-Hellersdorf,12687,Berlin,Walter-Felsenstein-Str.,39,,9321022,,190,Kindertagesstätte,Situationsansatz,,0121,Kindergärten NordOst,Eigenbetriebe,http://www.kigaeno.de,13.55556037,52.55495298
10210950,Kita Raupe Nimmersatt,10,Marzahn-Hellersdorf,12681,Berlin,Marchwitzastr.,49,Aktuell: Murtzaner Ring 70-72,030 541 05 01,https://www.awo-promensch.de/kindertagesstaetten/kita-nimmersatt/,100,Kindertagesstätte,Situationsansatz,,0155,AWO pro:mensch gGmbH,freie Träger,http://www.awo-promensch.de,13.54468077,52.52470656
10210970,Kita Zwergenoase/Kigä NordOst,10,Marzahn-Hellersdorf,12687,Berlin,Oberweißbacher Str.,8,,030 9321140,,200,Kindertagesstätte,Situationsansatz/Sonstiges,,0121,Kindergärten NordOst,Eigenbetriebe,http://www.kigaeno.de,13.57265104,52.55683863
10210980,Kita Hummelburg,10,Marzahn-Hellersdorf,12685,Berlin,Blumberger Damm,139,,030 5414 098,http://www.fippev.de/hummelburg,75,Kindertagesstätte,,,1233,FiPP e. V. - Fortbildungsinstitut für die pädagogische Praxis,freie Träger,http://www.fippev.de,13.56847323,52.54317
10210990,Kita Putzmunter,10,Marzahn-Hellersdorf,12687,Berlin,Blumberger Damm,227,/229,030403662080,http://www.volkssolidaritaet-berlin.de,225,Kindertagesstätte,Offene-Arbeit/Situationsansatz,,1339,Kinder- und Jugend der Volkssolidarität Berlin gGmbH,freie Träger,http://www.volkssolidaritaet-berlin.de,13.57047561,52.5525267
10211010,Kita Rabennest,10,Marzahn-Hellersdorf,12689,Berlin,Rabensteiner Str.,22,,030 9309633,http://www.jao-berlin.de,118,Kindertagesstätte,Situationsansatz,,1298,JAO gGmbH,freie Träger,http://www.jao-berlin.de,13.57552429,52.56555773
10211030,Kita Tausendfuß/Kigä NordOst,10,Marzahn-Hellersdorf,12685,Berlin,Salanderweg,27,,5411555,,195,Kindertagesstätte,Situationsansatz/Sonstiges,,0121,Kindergärten NordOst,Eigenbetriebe,http://www.kigaeno.de,13.55504318,52.53697357
10211060,Humanistische Kindertagesstätte Zühlsdorfer Straße,10,Marzahn-Hellersdorf,12679,Berlin,Zühlsdorfer Str.,18,,9358035,http://www.humanistischekitas.de,130,Kindertagesstätte,Offene-Arbeit/Situationsansatz,,1230,"Humanistischer Verband Deutschlands, Landesverband Berlin-Brandenburg KdöR",freie Träger,https://humanistisch.de/kitas/,13.54824105,52.54717626
10211180,Kita BIP Kreativitätskita Schmetterlingswiesen,10,Marzahn-Hellersdorf,12683,Berlin,Rapsweißlingstr.,11,,030 54714464,http://www.bip-bildung-berlin.de,140,Kindertagesstätte,Sonstiges,,8454,BIP - Gesellschaft für Kreativitätspädagogik gGmbH,freie Träger,http://www.bip-bildung-berlin.de,13.56426834,52.50225324
10211210,Heesekids,10,Marzahn-Hellersdorf,12683,Berlin,Heesestr.,12,,030 61746324,http://www.wuhlewanderer.de,45,Kindertagesstätte,Offene-Arbeit/Situationsansatz,,8273,Die Wuhlewanderer gGmbH,freie Träger,http://www.wuhlewanderer.de,13.56333015,52.49299579
10211220,Kleine Wunder,10,Marzahn-Hellersdorf,12687,Berlin,Mehrower Allee,22,,0176 62189799,,27,Kindertagesstätte,,,8770,ProGCHILD gGmbH,freie Träger,,13.56103835,52.55537304
10211230,"Kita ""Murtzaner Ring""",10,Marzahn-Hellersdorf,12681,Berlin,Murtzaner Ring,68,,030 54 98 22 700,http://www.awo-promensch.de,65,Kindertagesstätte,Situationsansatz,,0155,AWO pro:mensch gGmbH,freie Träger,http://www.awo-promensch.de,13.54083705,52.53258114
10211240,Kita Mosaik,10,Marzahn-Hellersdorf,12681,Berlin,Allee der Kosmonauten,123,,030 28703517,http://www.mitra-kindergarten.de,90,Kindertagesstätte,Sonstiges,,8368,MITRA bilinguale Kindergärten gemeinnützige GmbH,freie Träger,http://www.mitra-kindergarten.de,13.54758779,52.52881245
10211250,Manege - Kita Bernhard Bosch,10,Marzahn-Hellersdorf,12681,Berlin,Otto-Rosenberg-Str.,1,,030 8560686777,http://www.manege-berlin.de,25,Kindertagesstätte,Offene-Arbeit/Situationsansatz,,8271,Manege gGmbH,freie Träger,http://www.manege-berlin.de,13.54628849,52.55074325
10211260,Kita Händchenklein,10,Marzahn-Hellersdorf,12687,Berlin,Mehrower Allee,20A,,030 39844996,http://www.kita-haendchenklein.de,35,Kindertagesstätte,Situationsansatz,,8841,Kita Händchenklein gUG,freie Träger,http://www.kita-haendchenklein.de,13.5603424,52.55577265
10211270,M3+ JFE (nur Sprachförderung),10,Marzahn-Hellersdorf,12687,Berlin,Mehrower Allee,3,,0151-50722973,https://www.drk-berlin-nordost.de/angebote/vorschulische-sprachfoerderung.html,,Kindertagesstätte,Situationsansatz,,5281,Deutsches Rotes Kreuz Kreisverband Berlin - Nordost e. V.,freie Träger,http://www.drk-berlin-nordost.de,13.5567636,52.55775302
10211290,Kita Diwalikids,10,Marzahn-Hellersdorf,12683,Berlin,Blumberger Damm,2F,,030 50931125,http://www.wuhlewanderer.de,85,Kindertagesstätte,Offene-Arbeit/Situationsansatz,,8273,Die Wuhlewanderer gGmbH,freie Träger,http://www.wuhlewanderer.de,13.56228731,52.5094853
10211310,Freie Kita Marzahn,10,Marzahn-Hellersdorf,12687,Berlin,Karl-Holtz-Str.,8,,030 208829730,http://www.freie-kita-marzahn.de,82,Kindertagesstätte,Situationsansatz,,9106,ASG Anerkannte Schulgesellschaft mbH,freie Träger,http://www.anerkannte-schulgesellschaft.de,13.56916203,52.55270541
10211340,Kita Glückskäfer,10,Marzahn-Hellersdorf,12685,Berlin,Alt-Marzahn,20,,030 984 139 53,,,Kindertagesstätte,Situationsansatz,,8229,DETI gGmbH,freie Träger,https://www.deti-ggmbh.de,13.55763555,52.54394208
10211350,Kita KinderKosmos,10,Marzahn-Hellersdorf,12681,Berlin,Marchwitzastr.,31A,,030 25936486,https://www.camino-berlin.de/,120,Kindertagesstätte,,,1330,Camino-Dein Weg GmbH,freie Träger,http://www.camino-berlin.de,13.54388942,52.52387482
10211360,Kita Kinderparadies Biesdorf,10,Marzahn-Hellersdorf,12683,Berlin,Kohlweißlingstr.,30,,0178 2047475,https://kita-kinderparadies.de/,120,Kindertagesstätte,,,8476,IBEB Initiative für Bildung und Erziehung Berlin gemeinnützige GmbH,freie Träger,http://www.ibeb-berlin.de,13.56848145,52.50429999
10211380,Kita Händchenklein 3,10,Marzahn-Hellersdorf,12689,Berlin,Märkische Allee,396,,030 22478036,,50,Kindertagesstätte,,,8841,Kita Händchenklein gUG,freie Träger,http://www.kita-haendchenklein.de,13.56836201,52.57064735
10230030,BOOT-Kita Spatzenhaus,10,Marzahn-Hellersdorf,12619,Berlin,Gadebuscher Str.,21,,030 5615159,http://www.bootkitas.de,190,Kindertagesstätte,Situationsansatz/Reggio-Pädagogik,,1277,Gemeinnützige BOOT GmbH,freie Träger,http://www.bootkitas.de,13.58054423,52.51617556
10230070,Kita Baumelbaum,10,Marzahn-Hellersdorf,12619,Berlin,Teterower Ring,36,,030 561 61 05,http://www.kita-dialog.de,200,Kindertagesstätte,Offene-Arbeit/Montessori-Pädagogik,,1316,KITA-Dialog gGmbH,freie Träger,http://www.kita-dialog.de,13.58397118,52.52237143
10230080,Kita Mahlsdorf,10,Marzahn-Hellersdorf,12623,Berlin,Erich-Baron-Weg,118,,030 9928 3521,http://www.best-sabel.de,36,Kindertagesstätte,,,1323,BEST-Sabel Bildungseinrichtungen gGmbH,freie Träger,http://www.best-sabel.de,13.60555934,52.482447
10230150,Kita Rappelkiste,10,Marzahn-Hellersdorf,12619,Berlin,Lily-Braun-Str.,80,,030 561 29 37,https://www.jugendundsozialwerk.de/kitas/berlin/marzahn-hellersdorf/kita-rappelkiste/,220,Kindertagesstätte,Offene-Arbeit,,1296,Jugend- und Sozialwerk gGmbH,freie Träger,http://www.jus-or.de,13.59523507,52.52319112
10230180,Am Kienberg,10,Marzahn-Hellersdorf,12619,Berlin,Maxie-Wander-Str.,16,,5613191,https://www.kigaeno.de/am-kienberg/,200,Kindertagesstätte,Situationsansatz/Sonstiges,,0121,Kindergärten NordOst,Eigenbetriebe,http://www.kigaeno.de,13.59654859,52.52720853
10230200,Kita Finkelsteinstraße,10,Marzahn-Hellersdorf,12619,Berlin,Finkelsteinstr.,6,,030 5621 188,https://www.fippev.de,177,Kindertagesstätte,,,1233,FiPP e. V. - Fortbildungsinstitut für die pädagogische Praxis,freie Träger,http://www.fippev.de,13.59837951,52.52007711
10230230,BOOT-Kita Haus Lach und Krach,10,Marzahn-Hellersdorf,12629,Berlin,Suhler Str.,43,,030 5618004,http://www.bootkitas.de,151,Kindertagesstätte,Situationsansatz,,1277,Gemeinnützige BOOT GmbH,freie Träger,http://www.bootkitas.de,13.58899271,52.53657167
10230280,Humanistische Kindertagesstätte Kastanienallee,10,Marzahn-Hellersdorf,12627,Berlin,Kastanienallee,28,-30,9952269,http://www.humanistischekitas.de,140,Kindertagesstätte,Offene-Arbeit/Situationsansatz,,1230,"Humanistischer Verband Deutschlands, Landesverband Berlin-Brandenburg KdöR",freie Träger,https://humanistisch.de/kitas/,13.60141634,52.5395926
10230320,Kita Jahreskreis,10,Marzahn-Hellersdorf,12621,Berlin,Ingolstädter Str.,28,,030 5633432,http://www.kita-jahreskreis.de,60,Kindertagesstätte,Offene-Arbeit,,1213,Jahreskreis e.V.,freie Träger,http://www.kita-jahreskreis.de,13.61747383,52.52557305
10230340,BOOT-Kita Wummelbude,10,Marzahn-Hellersdorf,12629,Berlin,Fercher Str.,10,-12,030 20882990,http://www.bootkitas.de,210,Kindertagesstätte,Situationsansatz,,1277,Gemeinnützige BOOT GmbH,freie Träger,http://www.bootkitas.de,13.5857169,52.54146674
10230380,Kita Taffy,10,Marzahn-Hellersdorf,12629,Berlin,Zossener Str.,53,,030 9909392,http://www.jao-berlin.de,170,Kindertagesstätte,Sonstiges/Offene-Arbeit,,1298,JAO gGmbH,freie Träger,http://www.jao-berlin.de,13.58791881,52.5468042
10230400,Kita Wirbelwind,10,Marzahn-Hellersdorf,12623,Berlin,Schrobsdorffstr.,28,,030 5677 419,http://www.fippev.de,102,Kindertagesstätte,Situationsansatz,,1233,FiPP e. V. - Fortbildungsinstitut für die pädagogische Praxis,freie Träger,http://www.fippev.de,13.60529034,52.48317789
10230430,Kita Traumzauberhaus,10,Marzahn-Hellersdorf,12627,Berlin,Teupitzer Str.,10,/12,9939074,,210,Kindertagesstätte,,,0121,Kindergärten NordOst,Eigenbetriebe,http://www.kigaeno.de,13.60078305,52.54550377
10230450,Kita Springmäuse,10,Marzahn-Hellersdorf,12627,Berlin,Stollberger Str.,25,,030 9917152,http://www.kita-springmaeuse.de,190,Kindertagesstätte,Situationsansatz,,1278,urban kita gGmbH,freie Träger,http://www.urban-kita.de,13.60558628,52.530615
10230520,Kita Kaulsdorf,10,Marzahn-Hellersdorf,12621,Berlin,Bauerwitzer Weg,33,,030 563 53 20,http://www.best-sabel.de,227,Kindertagesstätte,Situationsansatz,,1323,BEST-Sabel Bildungseinrichtungen gGmbH,freie Träger,http://www.best-sabel.de,13.58774694,52.51560291
10230550,Kita Ulmenstr. 79/Kigä NordOst,10,Marzahn-Hellersdorf,12621,Berlin,Ulmenstr.,79,,5675859,,46,Kindertagesstätte,Situationsansatz/Offene-Arbeit,,0121,Kindergärten NordOst,Eigenbetriebe,http://www.kigaeno.de,13.58029798,52.48581886
10230610,Kita Rosengarten,10,Marzahn-Hellersdorf,12623,Berlin,Pestalozzistr.,29,,030 5677770,http://www.jao-berlin.de,48,Kindertagesstätte,Offene-Arbeit,,1298,JAO gGmbH,freie Träger,http://www.jao-berlin.de,13.61646072,52.50940197
10230640,"Kindergarten ""Zu den Seen""",10,Marzahn-Hellersdorf,12623,Berlin,Elsenstr.,11,-13,5677272,,205,Kindertagesstätte,Situationsansatz/Sonstiges,,0121,Kindergärten NordOst,Eigenbetriebe,http://www.kigaeno.de,13.60924505,52.50169133
10230650,Kita Haus am Wald,10,Marzahn-Hellersdorf,12623,Berlin,Kiekemaler Str.,7,,030 5677837,http://www.kita-dialog.de,45,Kindertagesstätte,Offene-Arbeit,,1316,KITA-Dialog gGmbH,freie Träger,http://www.kita-dialog.de,13.6059425,52.4731684
10230680,"""Naseweis""",10,Marzahn-Hellersdorf,12627,Berlin,Waldheimer Str.,18,-20,9941273,,190,Kindertagesstätte,Situationsansatz,,0121,Kindergärten NordOst,Eigenbetriebe,http://www.kigaeno.de,13.61796526,52.52823199
10230700,Kita Sonnenblume,10,Marzahn-Hellersdorf,12623,Berlin,Langenbeckstr.,8,,030 5659 7037,https://www.jugendundsozialwerk.de/kitas/berlin/marzahn-hellersdorf/kita-sonnenblume-marzahn/,76,Kindertagesstätte,Offene-Arbeit/Sonstiges/Situationsansatz,,1296,Jugend- und Sozialwerk gGmbH,freie Träger,http://www.jus-or.de,13.6172536,52.49161902
10230780,Humanistische Kindertagesstätte Waldheimer Straße,10,Marzahn-Hellersdorf,12627,Berlin,Waldheimer Str.,10,-12,9942849,http://www.humanistischekitas.de,110,Kindertagesstätte,Offene-Arbeit/Situationsansatz,,1230,"Humanistischer Verband Deutschlands, Landesverband Berlin-Brandenburg KdöR",freie Träger,https://humanistisch.de/kitas/,13.61685396,52.52845906
10230800,Ev. Regenbogenkita,10,Marzahn-Hellersdorf,12627,Berlin,Adorfer Str.,8,,030 998 61 20,,131,Kindertagesstätte,Sonstiges,,9147,Evangelischer Kirchenkreis Berlin Süd-Ost,freie Träger,,13.60725149,52.53199252
10230810,Kita der Ev. Kirchengem. Kaulsdorf,10,Marzahn-Hellersdorf,12621,Berlin,Dorfstr.,12A,,030 567 88 80,http://www.kirche-kaulsdorf.de,56,Kindertagesstätte,Situationsansatz,,0449,Ev. Kirchengemeinde Kaulsdorf,freie Träger,http://www.kirche-kaulsdorf.de,13.58127055,52.50858354
10230820,Kath. Kita St. Martin,10,Marzahn-Hellersdorf,12621,Berlin,Giesestr.,47,tatsächlich 43,030 56496709,http://www.Kitanetz.de,30,Kindertagesstätte,Situationsansatz/Offene-Arbeit,,9193,Kitas im Erzbistum Berlin-Zweckverband der katholischen Kirchengemeinden,freie Träger,http://hedikitas.de,13.60303211,52.51494323
10230830,Kita Kinderparadies,10,Marzahn-Hellersdorf,12621,Berlin,Dorfstr.,19A,,030 70228537,http://www.kiga-kinderparadies.de,33,Kindertagesstätte,Situationsansatz,,7362,Kinderparadies gGmbH,freie Träger,http://www.kiga-kinderparadies.de,13.57769676,52.51037518
10230840,Kita Weißenfelserstraße,10,Marzahn-Hellersdorf,12627,Berlin,Weißenfelser Str.,31,/33,9911052,,190,Kindertagesstätte,Situationsansatz,,0121,Kindergärten NordOst,Eigenbetriebe,http://www.kigaeno.de,13.61465639,52.53931225
10230860,Kita Spielhaus,10,Marzahn-Hellersdorf,12627,Berlin,Zerbster Str.,99,101,030 991 81 40,https://www.jugendundsozialwerk.de/kitas/berlin/marzahn-hellersdorf/kita-spielhaus/,185,Kindertagesstätte,Offene-Arbeit/Situationsansatz/Montessori-Pädagogik,,1296,Jugend- und Sozialwerk gGmbH,freie Träger,http://www.jus-or.de,13.61168781,52.54086435
10230900,BOOT-Kita Am Kirschbaum,10,Marzahn-Hellersdorf,12627,Berlin,Albert-Kuntz-Str.,41,,030 9986002,http://www.bootkitas.de,175,Kindertagesstätte,Situationsansatz,,1277,Gemeinnützige BOOT GmbH,freie Träger,http://www.bootkitas.de,13.61720275,52.53767765
10230910,Kita Eigensinn,10,Marzahn-Hellersdorf,12619,Berlin,Lubminer Str.,37A,,030 56295079,http://www.kita-dialog.de,25,Kindertagesstätte,Offene-Arbeit,,1316,KITA-Dialog gGmbH,freie Träger,http://www.kita-dialog.de,13.58057376,52.51983161
10230920,Kita Blumentraum,10,Marzahn-Hellersdorf,12627,Berlin,Rathener Str.,3,und 7 und 18,030 3060 9585,http://www.awo-promensch.de,79,Kindertagesstätte,Situationsansatz,,0155,AWO pro:mensch gGmbH,freie Träger,http://www.awo-promensch.de,13.60924624,52.53432093
10230950,Kita Kastanienknirpse,10,Marzahn-Hellersdorf,12627,Berlin,Kastanienallee,53,,030 99274267,http://www.pad-berlin.de/Kindertagesbetreuung,70,Kindertagesstätte,Situationsansatz,,3995,"pad - präventive, altersübergreifende Dienste im sozialen Bereich - gGmbH",freie Träger,http://www.pad-berlin.de,13.60006627,52.53994981
10230980,Kita Grünschnabel,10,Marzahn-Hellersdorf,12629,Berlin,Havelländer Ring,32B,,030 99285646,http://www.pad-berlin.de,135,Kindertagesstätte,Situationsansatz/Montessori-Pädagogik,,3995,"pad - präventive, altersübergreifende Dienste im sozialen Bereich - gGmbH",freie Träger,http://www.pad-berlin.de,13.59361159,52.54235404
10230990,dreieins-Kindertagesstätte Berlin Kaulsdorf,10,Marzahn-Hellersdorf,12619,Berlin,Peter-Huchel-Str.,35,,030/5613137,https://www.dreieins.org/kaulsdorf/kita/,110,Kindertagesstätte,Sonstiges,,1351,dreieins Innovative Pädagogik gGmbH,freie Träger,http://www.dreieins.org,13.59203184,52.52504113
10231000,Kindertagesstätte Märchenland,10,Marzahn-Hellersdorf,12619,Berlin,Carola-Neher-Str.,13,,030 95619084,,40,Kindertagesstätte,Situationsansatz,,8501,Schwemler GmbH (haftungsbeschränkt),freie Träger,,13.59316734,52.53185352
10231030,Kita KINDERINSEL,10,Marzahn-Hellersdorf,12627,Berlin,Wurzener Str.,2,,55954057,,40,Kindertagesstätte,Sonstiges,,8171,Westa e. V.,freie Träger,http://www.westa-ev.de,13.61832207,52.54245804
10231040,Kita Wunderwelt,10,Marzahn-Hellersdorf,12619,Berlin,Peter-Huchel-Str.,43,,030 92217422,http://www.jao-berlin.de,121,Kindertagesstätte,Offene-Arbeit/Situationsansatz,,1298,JAO gGmbH,freie Träger,http://www.jao-berlin.de,13.59344149,52.52522158
10231050,Kita Migelito,10,Marzahn-Hellersdorf,12629,Berlin,Alte Hellersdorfer Str.,134,,03094395077,,33,Kindertagesstätte,Offene-Arbeit/Situationsansatz,,1319,Kinderhaus Berlin - Mark Brandenburg e. V.,freie Träger,http://www.Kinderhaus-b-b.de,13.59362816,52.54594494
10231060,Kita Warumka,10,Marzahn-Hellersdorf,12629,Berlin,Mittenwalder Str.,14,,030 53673964,http://www.mitra-kindergarten.de,58,Kindertagesstätte,Sonstiges/Ansatz von Emmi Pikler,,8368,MITRA bilinguale Kindergärten gemeinnützige GmbH,freie Träger,http://www.mitra-kindergarten.de,13.59861892,52.54564862
10231080,Kita Galileo,10,Marzahn-Hellersdorf,12627,Berlin,Naumburger Ring,25,,030 49897600,http://www.awo-spree-wuhle.de,172,Kindertagesstätte,Sonstiges/Offene-Arbeit/Situationsansatz,,0156,Arbeiterwohlfahrt Kreisverband Berlin Spree-Wuhle e.V.,freie Träger,https://www.awo-spree-wuhle.de,13.61292274,52.5383632
10231090,Kita Helles Nest,10,Marzahn-Hellersdorf,12627,Berlin,Riesaer Str.,79A,,030 4431237211,http://www.kita-helles-nest.de,50,Kindertagesstätte,Situationsansatz,,8252,Christburg Campus gemeinnützige GmbH,freie Träger,http://www.christburg-campus.de,13.61643573,52.53216434
10231100,Kita Torgauer Straße,10,Marzahn-Hellersdorf,12627,Berlin,Torgauer Str.,27,- 29,030 939358700,http://www.kita-dialog.de,180,Kindertagesstätte,Offene-Arbeit,,1316,KITA-Dialog gGmbH,freie Träger,http://www.kita-dialog.de,13.62316717,52.54186695
10231120,Kita KINDERPLANET,10,Marzahn-Hellersdorf,12627,Berlin,Stollberger Str.,61,,49089195,,54,Kindertagesstätte,Sonstiges,,8171,Westa e. V.,freie Träger,http://www.westa-ev.de,13.60380894,52.53301258
10231130,Kita Die Lutherkids,10,Marzahn-Hellersdorf,12623,Berlin,Lutherstr.,12,,030 53018345,http://www.wuhlewanderer.de,60,Kindertagesstätte,Offene-Arbeit/Situationsansatz,,8273,Die Wuhlewanderer gGmbH,freie Träger,http://www.wuhlewanderer.de,13.61272985,52.49299013
10231140,Kita Kinderlachen,10,Marzahn-Hellersdorf,12623,Berlin,Giesestr.,80,,030 22474060,http://www.pad-berlin.de/Kindertagesbetreuung,60,Kindertagesstätte,Offene-Arbeit/Situationsansatz/Montessori-Pädagogik,,3995,"pad - präventive, altersübergreifende Dienste im sozialen Bereich - gGmbH",freie Träger,http://www.pad-berlin.de,13.60835702,52.51352386
10231150,Kita Grashüpfer,10,Marzahn-Hellersdorf,12623,Berlin,Stralsunder Str.,20,,0049 51322008,http://www.pad-berlin.de/Kindertagesbetreuung,80,Kindertagesstätte,Offene-Arbeit/Situationsansatz,,3995,"pad - präventive, altersübergreifende Dienste im sozialen Bereich - gGmbH",freie Träger,http://www.pad-berlin.de,13.6395271,52.52036138
10231180,Ev. Kindergarten Mahlsdorf,10,Marzahn-Hellersdorf,12623,Berlin,Pfarrhufenanger,89,,030 56297816,,78,Kindertagesstätte,Offene-Arbeit/Situationsansatz,,8302,Evangelische Kirchengemeinde Berlin-Mahlsdorf,freie Träger,http://www.kirche-mahlsdorf.de,13.62719334,52.52055795
10231190,Kita Entdeckerkids,10,Marzahn-Hellersdorf,12621,Berlin,Heinrich-Grüber-Str.,12,,030 56499025,http://www.wuhlewanderer.de,88,Kindertagesstätte,Offene-Arbeit/Situationsansatz,,8273,Die Wuhlewanderer gGmbH,freie Träger,http://www.wuhlewanderer.de,13.58954986,52.51297371
10231200,Kita Engelchen und Teufelchen,10,Marzahn-Hellersdorf,12623,Berlin,Dahlwitzer Str.,7,,030 98353657,http://www.mach-mit-kitas.com,35,Kindertagesstätte,Offene-Arbeit/Situationsansatz,,8327,mach-mit-kitas gemeinnützige GmbH,freie Träger,http://www.mach-mit-kitas.com,13.64617522,52.52206558
10231220,Kita Am Beerenpfuhl,10,Marzahn-Hellersdorf,12627,Berlin,Tangermünder Str.,30,,030 53677968,http://www.jao-berlin.de,22,Kindertagesstätte,Sonstiges/Situationsansatz,,1298,JAO gGmbH,freie Träger,http://www.jao-berlin.de,13.60715634,52.54362802
10231230,Kita ARTi,10,Marzahn-Hellersdorf,12627,Berlin,Arneburger Str.,8,- 10,030,http://kita-marzahn-hellersdorf.de,50,Kindertagesstätte,Situationsansatz,,8641,Wissensturm gemeinnützige UG (haftungsbeschränkt),freie Träger,http://kita-marzahn-hellersdorf.de,13.60586352,52.5402007
10231260,Kita Bunte Kinderwelten,10,Marzahn-Hellersdorf,12623,Berlin,Wilhelmsmühlenweg,178A,,030/39809328,http://www.buntekinderwelten.com,30,Kindertagesstätte,Situationsansatz,,8741,KiZu - Kinder mit Zukunft gemeinnützige UG (haftungsbeschränkt),freie Träger,http://www.buntekinderwelten.com,13.60922819,52.50905085
10231270,Kita Nusshütte Hellersdorfer Promenade,10,Marzahn-Hellersdorf,12627,Berlin,Hellersdorfer Promenade,23,und 25,030 499622578,http://www.kita-nusshuette.de,90,Kindertagesstätte,Situationsansatz,,8599,Kita Kleine Kapitäne gGmbH,freie Träger,http://www.cefi-bildung.de,13.60626146,52.54145273
10231290,Kita Elementa,10,Marzahn-Hellersdorf,12619,Berlin,Clara-Zetkin-Weg,10,,030 50963960,http://www.kidclever.de,30,Kindertagesstätte,Situationsansatz,,8215,KIDclever gUG (haftungsbeschränkt),freie Träger,http://www.kidclever.de,13.58495743,52.52046492
10231300,Kita Zauberwiese,10,Marzahn-Hellersdorf,12623,Berlin,Bütower Str.,8,,030 214568001,http://www.jao-berlin.de,60,Kindertagesstätte,Offene-Arbeit,,1298,JAO gGmbH,freie Träger,http://www.jao-berlin.de,13.6089279,52.48427526
10231310,KiKu Kinderland Mahlsdorf,10,Marzahn-Hellersdorf,12623,Berlin,Dirschauer Str.,7,,030 48470018,https://kinderzentren.de/berlin-kita-kiku-kinderland/#after_section_1,100,Kindertagesstätte,Situationsansatz/Sonstiges,,8842,Kinderzentren Kunterbunt gGmbH,freie Träger,http://www.kinderzentren.de,13.60557626,52.50734705
10231340,"Kita ""Theo&Dora""",10,Marzahn-Hellersdorf,12623,Berlin,Pilgramer Str.,311,.,030 403662040,http://www.volkssolidaritaet-berlin.de,150,Kindertagesstätte,Situationsansatz,,1339,Kinder- und Jugend der Volkssolidarität Berlin gGmbH,freie Träger,http://www.volkssolidaritaet-berlin.de,13.62028422,52.50066105
10231350,Kita in der Gemeinschaftsunterkunft AKS (FBO),10,Marzahn-Hellersdorf,12627,Berlin,Albert-Kuntz-Str.,63,,030 01763072400,,12,Eltern-Kind-Gruppe,Situationsansatz/Montessori-Pädagogik/Offene-Arbeit,,7464,eventus Bildung gGmbH,freie Träger,https://eventusbildung.de/,13.61877085,52.53814476
10231360,Europa Kita II Mahlsdorf,10,Marzahn-Hellersdorf,12623,Berlin,Hultschiner Damm,1,,030 74073718,http://www.europa-kita.de,154,Kindertagesstätte,Situationsansatz/Sonstiges/Offene-Arbeit,,9009,PEK Europa Kindertagesttätte Berlin gGmbH,freie Träger,,13.59971335,52.47482827
10231370,Emma und Lukas,10,Marzahn-Hellersdorf,12623,Berlin,Fritz-Reuter-Str.,11,,03058708198,http://www.emmaundlukas.de,25,Kindertagesstätte,Situationsansatz,,8895,FJT Kita gUG,freie Träger,http://www.emmaundlukas.de,13.61385117,52.51085043
10231380,Kita freiundgeborgen,10,Marzahn-Hellersdorf,12623,Berlin,Hultschiner Damm,27,,030/5510601,http://www.freiundgeborgen.de,30,Kindertagesstätte,Waldorfpädagogik,,8897,R&J freiundgeborgen gUG,freie Träger,http://www.freiundgeborgen.de,13.60033328,52.47696106
10231390,JFE JOKER (nur Sprachförderung),10,Marzahn-Hellersdorf,12629,Berlin,Alte Hellersdorfer Str.,3,,,,,Kindertagesstätte,,,3725,Kids & Co - Verein z. Förd. v. Kindern u. Jugendl.,freie Träger,http://www.kids-und-co.de,13.59069006,52.5341239
10231400,Kita Drachenkids,10,Marzahn-Hellersdorf,12627,Berlin,Cottbusser Platz,12,,030 99285925,http://www.drachenreiter.berlin/drachenkids/,74,Kindertagesstätte,Offene-Arbeit/Situationsansatz,,8182,Drachenreiter gemeinnützige GmbH,freie Träger,http://www.drachenreiter.berlin,13.59543432,52.53551573
10231410,dreieins bilinguale Kindertagesstätte Berlin-Kaulsdorf (d/e),10,Marzahn-Hellersdorf,12619,Berlin,Peter-Huchel-Str.,35,,030 56045996,https://www.dreieins.org/kaulsdorf/bilinguale-kita/,160,Kindertagesstätte,Sonstiges,,1351,dreieins Innovative Pädagogik gGmbH,freie Träger,http://www.dreieins.org,13.59203184,52.52504113
10231430,Himpelchen & Pimpelchen,10,Marzahn-Hellersdorf,12627,Berlin,Hellersdorfer Promenade,36,,030 83209190,http://www.mach-mit-kitas.com,25,Kindertagesstätte,Offene-Arbeit/Situationsansatz,,8327,mach-mit-kitas gemeinnützige GmbH,freie Träger,http://www.mach-mit-kitas.com,13.6065266,52.54263692
10231440,Segelfalter (FBO),10,Marzahn-Hellersdorf,12619,Berlin,Maxie-Wander-Str.,78,,030 015111449346,https://kita.socius.diebildungspartner.de/kita-segelfalter-hellersdorf/,24,Eltern-Kind-Gruppe,Offene-Arbeit/Situationsansatz/Sonstiges,,8000,SOCIUS - Die Bildungspartner gemeinnützige GmbH,freie Träger,http://www.socius.diebildungspartner.de,13.60002923,52.5312354
10231450,"Kita ""Seespatzen""",10,Marzahn-Hellersdorf,12621,Berlin,Grottkauer Str.,33,,0177 3082845,,60,Kindertagesstätte,Situationsansatz,,8797,Inklusion Bildung und Soziales gemeinnützige GmbH,freie Träger,,13.60981469,52.52711582
10231460,Traumzauberhaus,10,Marzahn-Hellersdorf,12621,Berlin,Fichtenstr.,18,,030 22456525,https://www.kita-traumzauberland.de/fichtenstrasse.html,90,Kindertagesstätte,Situationsansatz,,7713,Berliner Traumzauberland gGmbH,freie Träger,https://www.traumzauber-kitas.de,13.57733051,52.48952759
10231470,Modularer Kita Bau,10,Marzahn-Hellersdorf,12619,Berlin,Kummerower Ring,30,,24539389,,136,Kindertagesstätte,Situationsansatz,,0121,Kindergärten NordOst,Eigenbetriebe,http://www.kigaeno.de,13.58485215,52.52670858
10231480,Kita Stendaler Str. 29,10,Marzahn-Hellersdorf,12627,Berlin,Stendaler Str.,29,,03088722883,http://www.emmaundlukas.de,70,Kindertagesstätte,Situationsansatz,,8895,FJT Kita gUG,freie Träger,http://www.emmaundlukas.de,13.60328079,52.53934129
10231490,Kita Landrestr. 9,10,Marzahn-Hellersdorf,12621,Berlin,Landréstr.,9,,030 4075 7323,,30,Kindertagesstätte,Offene-Arbeit,,1298,JAO gGmbH,freie Träger,http://www.jao-berlin.de,13.60260992,52.51458697
10231500,Kita ARTur,10,Marzahn-Hellersdorf,12627,Berlin,Schneeberger Str.,1,,030 460 66 816,http://artur-marzahn-hellersdorf.de,24,Kindertagesstätte,Situationsansatz,,8641,Wissensturm gemeinnützige UG (haftungsbeschränkt),freie Träger,http://kita-marzahn-hellersdorf.de,13.60272022,52.53201164
10231530,Kita Wundervogel,10,Marzahn-Hellersdorf,12623,Berlin,An der Schule,1,,03032597645,http://www.milina.org,40,Kindertagesstätte,Offene-Arbeit/Situationsansatz,,8654,MILINA gUG,freie Träger,http://www.milina.org,13.61488862,52.51226793
10231550,Dracos Wuhle-Kids,10,Marzahn-Hellersdorf,12619,Berlin,Ludwigsluster Str.,18,,030 346221906,http://www.dracosdrachenkids.com,58,Kindertagesstätte,Situationsansatz,,8667,Dracos Drachen-Kids gUG (haftungsbeschränkt),freie Träger,http://www.dracosdrachenkids.com,13.58243482,52.51490174
10231570,Kita Außer Rand und Band,10,Marzahn-Hellersdorf,12619,Berlin,Auerbacher Ring,37,,030 68900690,http://www.mach-mit-kitas.com,25,Kindertagesstätte,Offene-Arbeit/Situationsansatz,,8327,mach-mit-kitas gemeinnützige GmbH,freie Träger,http://www.mach-mit-kitas.com,13.60189533,52.5333811
10231590,Vorschulische Sprachförderung Schnatterinchen (nur Sprachförderung),10,Marzahn-Hellersdorf,12627,Berlin,Hellersdorfer Promenade,14C,,030 51565990,,,Kindertagesstätte,,,3725,Kids & Co - Verein z. Förd. v. Kindern u. Jugendl.,freie Träger,http://www.kids-und-co.de,13.60761029,52.54087219
10231600,Kita am Campus,10,Marzahn-Hellersdorf,12627,Berlin,Nossener Str.,87,,030 99288650,,60,Kindertagesstätte,Offene-Arbeit,,1298,JAO gGmbH,freie Träger,http://www.jao-berlin.de,13.60778754,52.52841839
10231610,Kita Kinderland,10,Marzahn-Hellersdorf,12627,Berlin,Adele-Sandrock-Str.,113,,54497879,,25,Kindertagesstätte,Sonstiges,,8171,Westa e. V.,freie Träger,http://www.westa-ev.de,13.62006094,52.53689796
10231620,Kita Märcheninsel,10,Marzahn-Hellersdorf,12621,Berlin,Ulmenstr.,82,,94404814,http://märchenkitas.berlin,15,Kindertagesstätte,Situationsansatz,,8501,Schwemler GmbH (haftungsbeschränkt),freie Träger,,13.58010189,52.48527481
10231650,Vielfalterkids,10,Marzahn-Hellersdorf,12619,Berlin,Teterower Ring,170,,030 92102965,,50,Kindertagesstätte,Offene-Arbeit/Situationsansatz,,8273,Die Wuhlewanderer gGmbH,freie Träger,http://www.wuhlewanderer.de,13.58213873,52.52344731
10231670,Kita Dreckspatzen & Überflieger,10,Marzahn-Hellersdorf,12629,Berlin,Alte Hellersdorfer Str.,148,,030 23 000926,http://www.mach-mit-kitas.com,35,Kindertagesstätte,,,8327,mach-mit-kitas gemeinnützige GmbH,freie Träger,http://www.mach-mit-kitas.com,13.59302513,52.54709309
10231690,"""Arche Kita""",10,Marzahn-Hellersdorf,12627,Berlin,Tangermünder Str.,9,,46 7777 951,,80,Kindertagesstätte,,,9310,"""Die Arche"" Kinderstiftung Christliches Kinder- und Jugendwerk",freie Träger,https://www.kinderprojekt-arche.de/,13.6063126,52.54497022
10231710,Kita Havelländer Ring,10,Marzahn-Hellersdorf,12629,Berlin,Havelländer Ring,46,,030 901728744,,120,Kindertagesstätte,,,0121,Kindergärten NordOst,Eigenbetriebe,http://www.kigaeno.de,13.59673605,52.54144326
10231720,Kita Schneeweißchen & Rosenrot,10,Marzahn-Hellersdorf,12623,Berlin,Feldrain,46,,0155 6546 7610,,12,Kindertagesstätte,,,1129,Stiftung Pro Gemeinsinn gGmbH,freie Träger,http://www.pro-gemeinsinn.de,13.62837036,52.52221141
11170030,Kita Baikalstr. 2,11,Lichtenberg,10319,Berlin,Baikalstr.,2,,5123080,,85,Kindertagesstätte,Offene-Arbeit/Reggio-Pädagogik,,0121,Kindergärten NordOst,Eigenbetriebe,http://www.kigaeno.de,13.5046622,52.49880458
11170050,Kita Balatonknirpse,11,Lichtenberg,10319,Berlin,Balatonstr.,9,,030 5125080,http://www.forum-soziale-dienste.de,85,Kindertagesstätte,Offene-Arbeit,,1334,Forum Soziale Dienste GmbH,freie Träger,http://www.forum-soziale-dienste.de,13.51015769,52.49857451
11170070,Kita Hoppetosse/Kigä NordOst,11,Lichtenberg,10317,Berlin,Hauptstr.,6T,,55739860,,102,Kindertagesstätte,Situationsansatz,,0121,Kindergärten NordOst,Eigenbetriebe,http://www.kigaeno.de,13.4787511,52.49808583
11170080,Kita Märcheninsel,11,Lichtenberg,10315,Berlin,Charlottenstr.,3,a/b,030 51009508,https://www.awo-südost.de/kitas/kita-maercheninsel,160,Kindertagesstätte,Offene-Arbeit/Situationsansatz,,0152,Arbeiterwohlfahrt Berlin Kreisverband Südost e.V.,freie Träger,http://www.awo-suedost.de,13.52282734,52.50867827
11170110,Kita Buntstift,11,Lichtenberg,10317,Berlin,Pfarrstr.,89,-91,030 55669321,http://www.sozdia.de,131,Kindertagesstätte,Situationsansatz,,7549,SozDia gGmbH,freie Träger,http://www.sozdia.de,13.4779942,52.50614011
11170130,EKT Eene meene mopel,11,Lichtenberg,10319,Berlin,Sewanstr.,120,,030 5251710,http://www.eenemeene.de,60,Eltern-Initiativ-Kindertagesstätte,Offene-Arbeit/Reggio-Pädagogik/Ansatz von Emmi Pikler,,0770,'Eene meene...' - Verein zur Förderung selbstbestimmter Kindheit e. V.,freie Träger,http://www.eenemeene.de,13.50646235,52.49572183
11170140,Kita Singemäuse,11,Lichtenberg,10365,Berlin,Gotlindestr.,36,/37,030 5779885-0,,236,Kindertagesstätte,Situationsansatz,,8867,INDEPENDENT LIVING Stiftung BT Kindertagesstätten für Berlin,freie Träger,http://www.independentliving-stiftung.de,13.50152815,52.5183131
11170180,Kita Sonnenhof,11,Lichtenberg,10315,Berlin,Archenholdstr.,72,,030 297734932,,42,Kindertagesstätte,Situationsansatz,,1337,KINDERVEREINIGUNG Berlin e.V.,freie Träger,http://www.kv-b.de,13.50085114,52.50378051
11170190,Kita Bärenkinder,11,Lichtenberg,10319,Berlin,Erieseering,33,,030 512 21 95,http://www.kinder-im-kiez.de/unsere-kitas/erieseering/,141,Kindertagesstätte,,,1318,Kinder im Kiez gGmbH,freie Träger,http://www.kinder-im-kiez.de,13.52069476,52.49613891
11170200,The Animal House,11,Lichtenberg,10365,Berlin,Harnackstr.,7,,5598287,,180,Kindertagesstätte,Situationsansatz,,0121,Kindergärten NordOst,Eigenbetriebe,http://www.kigaeno.de,13.48663548,52.51095776
11170220,Kita Das tapfere Schneiderlein,11,Lichtenberg,10318,Berlin,Hentigstr.,16,,030 5099245,http://www.kita-karlshorst.de,30,Eltern-Initiativ-Kindertagesstätte,Offene-Arbeit,,0632,Das tapfere Schneiderlein e.V.,freie Träger,http://www.kita-karlshorst.de,13.52426859,52.48830655
11170230,Kreativitätskindertagesstätte Die Slups,11,Lichtenberg,10318,Berlin,Sadowastr.,16,,030 3289 5712,http://www.krea-schulzentrum.de,30,Kindertagesstätte,Sonstiges,,7520,Kreativitätsschulzentrum Berlin gGmbH,freie Träger,http://www.krea-schulzentrum.de,13.51440841,52.47736157
11170260,Kita Zwergenland,11,Lichtenberg,10318,Berlin,Hönower Str.,31,,0305099548,http://www.ejf.de/arbeitsbereiche/kindertagesbetreuung/alle-verbuende-und-koordinationsbereiche/verbund-berlin-und-nordbrandenburg/kindertagesstaette-zwergenland,128,Kindertagesstätte,Situationsansatz/Sonstiges,,1221,EJF gemeinnützige AG,freie Träger,http://www.ejf.de,13.52278229,52.48936691
11170270,AWO Kita Grashüpfer,11,Lichtenberg,10318,Berlin,Honnefer Str.,25,,030 509 86 51,https://www.awo-südost.de/kitas/kita-grashuepfer,160,Kindertagesstätte,Offene-Arbeit/Situationsansatz,,0152,Arbeiterwohlfahrt Berlin Kreisverband Südost e.V.,freie Träger,http://www.awo-suedost.de,13.53412296,52.48522109
11170280,Kita Kiezspatzen,11,Lichtenberg,10365,Berlin,Hubertusstr.,5,,030 559 22 13,http://www.kinder-im-kiez.de/unsere-kitas/hubertusstrasse/,85,Kindertagesstätte,,,1318,Kinder im Kiez gGmbH,freie Träger,http://www.kinder-im-kiez.de,13.49491769,52.51262603
11170290,Kita Farbklecks,11,Lichtenberg,10365,Berlin,John-Sieg-Str.,1,- 3,030 577 97 260,http://www.sozdia.de,160,Kindertagesstätte,Situationsansatz,,7549,SozDia gGmbH,freie Träger,http://www.sozdia.de,13.47966232,52.51211002
11170310,Kita Kinderträume,11,Lichtenberg,10369,Berlin,Karl-Vesper-Str.,11,,030 971 66 32,http://www.kinder-im-kiez.de/unsere-kitas/karl-vesper-strasse/,65,Kindertagesstätte,,,1318,Kinder im Kiez gGmbH,freie Träger,http://www.kinder-im-kiez.de,13.46157785,52.52859594
11170330,Kita Erlenhof,11,Lichtenberg,10315,Berlin,Kraetkestr.,18,,030 297734932,,51,Kindertagesstätte,Situationsansatz,,1337,KINDERVEREINIGUNG Berlin e.V.,freie Träger,http://www.kv-b.de,13.50770654,52.50461342
11170370,Kita Krokofant,11,Lichtenberg,10319,Berlin,Mellenseestr.,65,,030 5126659,https://www.bik-ev.de/verzeichnis/visitenkarte.php?mandat=211089,215,Kindertagesstätte,Sonstiges,,1205,BIK e.V. Berliner Institut für Kleinkindpädagogik und familienbegleitende Kinderbetreuung,freie Träger,http://www.bik-ev.de,13.5126708,52.49486948
11170380,Kita Entdeckerland,11,Lichtenberg,10369,Berlin,Otto-Marquardt-Str.,2,-4,9751008,https://www.bik-ev.de/verzeichnis/visitenkarte.php?mandat=211689,168,Kindertagesstätte,Sonstiges,,1205,BIK e.V. Berliner Institut für Kleinkindpädagogik und familienbegleitende Kinderbetreuung,freie Träger,http://www.bik-ev.de,13.47139086,52.53354406
11170410,Kita Phantasialand,11,Lichtenberg,10369,Berlin,Paul-Junius-Str.,52,,030 972 50 64,http://www.kinder-im-kiez.de/unsere-kitas/paul-junius-strasse/,225,Kindertagesstätte,Situationsansatz,,1318,Kinder im Kiez gGmbH,freie Träger,http://www.kinder-im-kiez.de,13.47647257,52.52572091
11170440,Kita Lichtenzwerge,11,Lichtenberg,10315,Berlin,Ribbecker Str.,22,,030 5165 7262,http://www.kinder-im-kiez.de/unsere-kitas/ribbecker-strasse/,200,Kindertagesstätte,,,1318,Kinder im Kiez gGmbH,freie Träger,http://www.kinder-im-kiez.de,13.50831991,52.50664592
11170450,Kita Römerweg 106 und 112/Kigä NordOst,11,Lichtenberg,10318,Berlin,Römerweg,106,,5099792,https://www.kigaeno.de/europakindergarten-roemerweg,180,Kindertagesstätte,Situationsansatz/Offene-Arbeit,,0121,Kindergärten NordOst,Eigenbetriebe,http://www.kigaeno.de,13.53484337,52.49148716
11170490,Kita Rosenfelder Ring 35/35A/Kigä NordOst,11,Lichtenberg,10315,Berlin,Rosenfelder Ring,35,,5251214,https://www.kigaeno.de/frohsinn,181,Kindertagesstätte,Sonstiges,,0121,Kindergärten NordOst,Eigenbetriebe,http://www.kigaeno.de,13.51359603,52.51202868
11170500,"""Sonnengarten""",11,Lichtenberg,10367,Berlin,Rudolf-Reusch-Str.,57,,5593141,,188,Kindertagesstätte,Offene-Arbeit/Sonstiges,,0121,Kindergärten NordOst,Eigenbetriebe,http://www.kigaeno.de,13.48246585,52.51842172
11170530,Kita Abenteuer Welt,11,Lichtenberg,10365,Berlin,Schulze-Boysen-Str.,22,,030 554 89 315,http://www.kita-dialog.de,180,Kindertagesstätte,Offene-Arbeit,,1316,KITA-Dialog gGmbH,freie Träger,http://www.kita-dialog.de,13.48029706,52.50981558
11170630,Kita- und Familienzentrum Gensinger Str.,11,Lichtenberg,10315,Berlin,Gensinger Str.,58,,03051009548,http://www.kita-bruecke.de,165,Kindertagesstätte,Situationsansatz,,1338,Albert-Schweitzer-Kinderdorf Berlin e.V.,freie Träger,http://www.kinderdorf-berlin.de,13.52694205,52.51284652
11170660,Kita Heiligenberger Str./Kigä NordOst,11,Lichtenberg,10318,Berlin,Heiligenberger Str.,19,,5090166,,50,Kindertagesstätte,Offene-Arbeit,,0121,Kindergärten NordOst,Eigenbetriebe,http://www.kigaeno.de,13.52113484,52.47929081
11170670,Kita Sonnenblume/Kigä NordOst,11,Lichtenberg,10317,Berlin,Wönnichstr.,60,,51489967,,75,Kindertagesstätte,Situationsansatz,,0121,Kindergärten NordOst,Eigenbetriebe,http://www.kigaeno.de,13.49716322,52.50512103
11170700,Evangelischer Kindergarten Lichtenberg,11,Lichtenberg,10365,Berlin,Schottstr.,6,,030 55487932,http://www.kirche-lichtenberg.de/projekte/kita,58,Kindertagesstätte,Ansatz von Emmi Pikler/Situationsansatz,,0244,Ev. Kirchengemeinde Lichtenberg,freie Träger,http://www.kirche-lichtenberg.de,13.49135657,52.51525927
11170710,Kiga Morgensonne,11,Lichtenberg,10318,Berlin,Lehndorffstr.,11,/15,030 508 36 35,https://www.paul-gerhardt.com/pages/kindergaerten/kindergarten-karlshorst-morgensonne.php,59,Kindertagesstätte,Offene-Arbeit,,0242,Ev. Kirchengemeinde Paul-Gerhardt-Lichtenberg,freie Träger,http://www.paul-gerhardt.com,13.52045129,52.48123061
11170720,Kita der Kath. Kirchengem. St. Mauritius,11,Lichtenberg,10365,Berlin,Schulze-Boysen-Str.,26,,030 55152047,http://www.st-mauritius-berlin.de,120,Kindertagesstätte,Situationsansatz,,0309,Kath. Kirchengemeinde St. Mauritius,freie Träger,http://www.st-mauritius-berlin.de,13.47934158,52.51013148
11170740,Ev. Kindergarten Am Glockenturm,11,Lichtenberg,10317,Berlin,Nöldnerstr.,43,,030 522 08 51,https://www.paul-gerhardt.com/pages/kindergaerten/kindergarten-erloeser-am-glockenturm.php,51,Kindertagesstätte,Situationsansatz,,0242,Ev. Kirchengemeinde Paul-Gerhardt-Lichtenberg,freie Träger,http://www.paul-gerhardt.com,13.48157451,52.50078193
11170780,CityKids Berlin,11,Lichtenberg,10317,Berlin,Eitelstr.,16,,030 40039746,http://www.citykidsberlin.de,95,Kindertagesstätte,Situationsansatz,,8643,CityKids Berlin-Rummelsburg gGmbH,freie Träger,http://www.citykidsberlin.de,13.49498303,52.50709112
11170790,Zwergenparadies,11,Lichtenberg,10367,Berlin,Bernhard-Bästlein-Str.,44,,97603447,,132,Kindertagesstätte,Situationsansatz,,0121,Kindergärten NordOst,Eigenbetriebe,http://www.kigaeno.de,13.48128549,52.53016677
11170860,Kita Paule Platsch,11,Lichtenberg,10367,Berlin,Bernhard-Bästlein-Str.,52,/54,030403662110,http://www.vs-kitas-berlin.de,170,Kindertagesstätte,Situationsansatz,,1339,Kinder- und Jugend der Volkssolidarität Berlin gGmbH,freie Träger,http://www.volkssolidaritaet-berlin.de,13.48133345,52.53095589
11170870,"""Erlebniswelt""",11,Lichtenberg,10319,Berlin,Sewanstr.,197,-199,5123176,https://www.kigaeno.de/erlebniswelt,200,Kindertagesstätte,Situationsansatz/Sonstiges,,0121,Kindergärten NordOst,Eigenbetriebe,http://www.kigaeno.de,13.51190155,52.49740875
11170930,Kita Purzelbaum,11,Lichtenberg,10315,Berlin,Massower Str.,23,,030 525 35 46,https://www.jugendundsozialwerk.de/kitas/berlin/lichtenberg/kita-purzelbaum/,215,Kindertagesstätte,Situationsansatz,,1296,Jugend- und Sozialwerk gGmbH,freie Träger,http://www.jus-or.de,13.51598212,52.50874097
11170980,"""Spatzennest""",11,Lichtenberg,10369,Berlin,Paul-Junius-Str.,32,,9724008,,185,Kindertagesstätte,Situationsansatz/Offene-Arbeit,,0121,Kindergärten NordOst,Eigenbetriebe,http://www.kigaeno.de,13.4747305,52.52515811
11171000,Kita Bunte Plonzstifte,11,Lichtenberg,10365,Berlin,Plonzstr.,22,,030 5592163,http://www.fsd-kita1.de,130,Kindertagesstätte,Situationsansatz,,8662,Forum Soziale Dienste Kita I GmbH,freie Träger,http://www.fsd-kita1.de,13.49086533,52.51717779
11171030,Kita Sonnenschein,11,Lichtenberg,10369,Berlin,Rudolf-Seiffert-Str.,26,/28,030 290283070,http://www.sozdia.de,180,Kindertagesstätte,Situationsansatz,,7549,SozDia gGmbH,freie Träger,http://www.sozdia.de,13.46973958,52.52680106
11171090,Kita Pusteblume,11,Lichtenberg,10317,Berlin,Wönnichstr.,74,,03052279488,https://www.ejf.de/arbeitsbereiche/kindertagesbetreuung/alle-verbuende-und-koordinationsbereiche/verbund-berlin-und-nordbrandenburg/kindertagesstaette-pusteblume,200,Kindertagesstätte,Ansatz von Emmi Pikler/Situationsansatz,,1221,EJF gemeinnützige AG,freie Träger,http://www.ejf.de,13.49658912,52.5041553
11171110,Kita Ev. Diakoniewerk Königin Elisabeth,11,Lichtenberg,10365,Berlin,Herzbergstr.,79,,030 2250752010,https://www.lobetal.de/unsere-einrichtungen-5/1136-ev-kita-waldhaeuschen-2,85,Kindertagesstätte,Situationsansatz,,8598,Stiftung Bethel - Hoffnungstaler Stiftung Lobetal,freie Träger,https://www.lobetal.de/angebote/kinder-jugendliche/kindertagesstaetten,13.50606305,52.52639846
11171120,Waldorf-Kindergarten Karlshorst,11,Lichtenberg,10318,Berlin,Stühlinger Str.,3,,030 509 02 71,,35,Kindertagesstätte,Waldorfpädagogik,,1235,Waldorfkindergarten Karlshorst e.V.,freie Träger,http://www.waldorfkindergarten-karlshorst.de,13.52127776,52.481089
11171130,Waldorfkindergarten Karlshorst,11,Lichtenberg,10318,Berlin,Üderseestr.,1,,030 40203457,http://www.waldorfkindergarten-karlshorst.de,10,Kindertagesstätte,Waldorfpädagogik,,1235,Waldorfkindergarten Karlshorst e.V.,freie Träger,http://www.waldorfkindergarten-karlshorst.de,13.51966648,52.48236804
11171140,Kita DETI,11,Lichtenberg,10315,Berlin,Alfred-Kowalke-Str.,40A,,030 76233844,http://www.kita-glueckspilze.de,55,Kindertagesstätte,Situationsansatz,,8229,DETI gGmbH,freie Träger,https://www.deti-ggmbh.de,13.51442584,52.50568879
11171150,Kita Waschbär,11,Lichtenberg,10317,Berlin,Georg-Löwenstein-Str.,22,,030 68810514,http://www.sozdia.de,80,Kindertagesstätte,Situationsansatz,,7549,SozDia gGmbH,freie Träger,http://www.sozdia.de,13.48633167,52.49462532
11171160,Kreativitätskindertagesstätte Wunderwelt,11,Lichtenberg,10318,Berlin,Tannhäuserstr.,4A,,030 28473434,http://www.krea-schulzentrum.de,70,Kindertagesstätte,Sonstiges,,7520,Kreativitätsschulzentrum Berlin gGmbH,freie Träger,http://www.krea-schulzentrum.de,13.51173934,52.49030293
11171180,Kita Rappelkiste,11,Lichtenberg,10317,Berlin,Lückstr.,65,,030 80576487,http://www.rappelkiste-berlin.de,16,Kindertagesstätte,Situationsansatz,,7919,kinder pur e. V.,freie Träger,http://www.rappelkiste-berlin.de,13.48887796,52.5021195
11171190,Kita Stadthäuschen,11,Lichtenberg,10317,Berlin,Stadthausstr.,3,,030 51739643,,25,Kindertagesstätte,Montessori-Pädagogik/Sonstiges/Offene-Arbeit/Situationsansatz,,8853,EntwicklungBewegt gUG (haftungsbeschränkt),freie Träger,,13.48117453,52.50227351
11171200,Kita Dorothea,11,Lichtenberg,10318,Berlin,Dorotheastr.,27,,030 34624672,http://www.vav-hhausen.de,45,Kindertagesstätte,Situationsansatz,,1262,Verein für aktive Vielfalt e.V.,freie Träger,http://www.vav-hhausen.de,13.52253085,52.48478377
11171210,Kita Wolkenschaf,11,Lichtenberg,10319,Berlin,Sewanstr.,43,,030 96086010,http://www.kita-wolkenschaf.de,80,Kindertagesstätte,Offene-Arbeit/Montessori-Pädagogik,,7854,Filigran gGmbH,freie Träger,,13.50251709,52.49849348
11171220,Kreativitätskindertagesstätte Eigensinn,11,Lichtenberg,10365,Berlin,Rüdigerstr.,76,,030 30606344,http://www.krea-schulzentrum.de,70,Kindertagesstätte,Sonstiges,,7520,Kreativitätsschulzentrum Berlin gGmbH,freie Träger,http://www.krea-schulzentrum.de,13.50076318,52.51682055
11171230,Kindergarten Rappelkiste,11,Lichtenberg,10369,Berlin,Herbert-Tschäpe-Str.,2,,030 97995284,http://www.medisport-rappelkiste.de,100,Kindertagesstätte,Situationsansatz,,8475,Rappelkiste Medi-Sport gemeinnützige GmbH,freie Träger,http://www.medisport-rappelkiste.de,13.46306015,52.53144646
11171240,Kita Spieltraum,11,Lichtenberg,10317,Berlin,Sophienstr.,8,,76583689,http://www.spieltraum-berlin.de,25,Kindertagesstätte,Offene-Arbeit,,7792,Spieltraum gemeinnützige UG (haftungsbeschränkt),freie Träger,http://www.spieltraum-berlin.de,13.49495639,52.50601635
11171250,Kita Kesse Früchtchen,11,Lichtenberg,10318,Berlin,Wandlitzstr.,6,,030/53143740,,33,Kindertagesstätte,Situationsansatz,,7952,SeeD e. V.,freie Träger,,13.52410765,52.48079527
11171260,Kita Glückspilze Lichtenberg,11,Lichtenberg,10315,Berlin,Archenholdstr.,29,,030 50368180,,28,Kindertagesstätte,Situationsansatz,,8229,DETI gGmbH,freie Träger,https://www.deti-ggmbh.de,13.50354738,52.50690484
11171280,Kindergarten Sonnenbogen,11,Lichtenberg,10317,Berlin,Pfarrstr.,101,,030 87 33 61 58,http://www.waldorfkindergarten-sonnenbogen.de,25,Eltern-Initiativ-Kindertagesstätte,Waldorfpädagogik/Ansatz von Emmi Pikler,,8029,Elterninitiative zur Förderung der Waldorfpädagogik in Friedrichshain/Lichtenberg e. V.,freie Träger,http://www.waldorfkindergarten-sonnenbogen.de,13.47760102,52.5057044
11171290,Kita Landsberger Allee,11,Lichtenberg,10367,Berlin,Landsberger Allee,228,,0175 1548922,,60,Kindertagesstätte,,,7508,Die schlauen Mäuschen gemeinnützige GmbH,freie Träger,http://www.kita-die-schlauen-maeuschen.jimdosite.com,13.48286145,52.53247698
11171300,EKT Herzberger Wurzelzwerge,11,Lichtenberg,10365,Berlin,Hagenstr.,49,,030 67943647,http://www.herzberger-wurzelzwerge.de,30,Eltern-Initiativ-Kindertagesstätte,Situationsansatz,,8096,Herzberger Wurzelzwerge e. V.,freie Träger,http://www.herzberger-wurzelzwerge.de,13.49950005,52.51411919
11171310,Kita Sophies Welt,11,Lichtenberg,10317,Berlin,Sophienstr.,28A,,030 51736031,http://www.sozdia.de,115,Kindertagesstätte,Situationsansatz,,7549,SozDia gGmbH,freie Träger,http://www.sozdia.de,13.49470055,52.50666087
11171320,Kinder- und Familienzentrum KIKIFLO,11,Lichtenberg,10319,Berlin,Volkradstr.,4,,030 52678749,http://www.kita-kikiflo.de,80,Kindertagesstätte,Situationsansatz,,1338,Albert-Schweitzer-Kinderdorf Berlin e.V.,freie Träger,http://www.kinderdorf-berlin.de,13.50910907,52.50213611
11171330,Kinderladen Kaskelkinder,11,Lichtenberg,10317,Berlin,Türrschmidtstr.,33,,0176 45940527,http://www.kaskelkinder.de,30,Eltern-Initiativ-Kindertagesstätte,Ansatz von Emmi Pikler/Situationsansatz,,8103,Kinderladen Kaskelkinder e.V.,freie Träger,https://kaskelkinder.de/,13.48189117,52.50345334
11171340,Kita Pepe Rakete,11,Lichtenberg,10318,Berlin,Ehrenfelsstr.,9,/10,030 89751850,https://www.lebensnah.de/kita-pepe-rakete/,32,Kindertagesstätte,Situationsansatz/Ansatz von Emmi Pikler/Montessori-Pädagogik,,8806,Lebensnah Kitas gGmbH,freie Träger,http://www.lebensnah.de,13.52840277,52.48125068
11171350,Kita Märchenland,11,Lichtenberg,10369,Berlin,Paul-Junius-Str.,64A,,030 98601999-21,http://www.rbo-inmitten.berlin,80,Kindertagesstätte,Situationsansatz,,4060,RBO - Inmitten gemeinnützige GmbH,freie Träger,http://www.rbo-inmitten.berlin,13.47795593,52.52592251
11171360,Kita Quatschköpfe,11,Lichtenberg,10318,Berlin,Ehrlichstr.,21,,030 50014589,http://www.kijufa-online.de/quatschkoepfe/,26,Kindertagesstätte,Situationsansatz/Freinet-Pädagogik/Montessori-Pädagogik,,8131,kijufa gGmbH,freie Träger,http://www.kijufa-online.de,13.52085033,52.47991482
11171370,Kita Storkower Zauberwäldchen,11,Lichtenberg,10369,Berlin,Franz-Jacob-Str.,4,,030/34627656,http://www.storkower-zauberwaeldchen.de,25,Kindertagesstätte,Situationsansatz,,8143,Kinderladen Storkower Zauberwäldchen e. V.,freie Träger,http://www.storkower-zauberwaeldchen.de,13.46560894,52.52544928
11171380,"Kita ""Am Carlsgarten""",11,Lichtenberg,10318,Berlin,Am Carlsgarten,16,,030 47594444,http://www.kita-am-carlsgarten.berlin,121,Kindertagesstätte,Sonstiges/Situationsansatz,,7674,PeWoBe Gemeinnützige Soziale Betreuungsgesellschaft mbH in Frankfurt/Oder,freie Träger,http://www.pewobe-ffo.de,13.52888036,52.47889738
11171390,EKT Luna Sternenstaub,11,Lichtenberg,10318,Berlin,Liepnitzstr.,42,,0174 7840338,,25,Eltern-Initiativ-Kindertagesstätte,Situationsansatz,,8178,BeKiLa e. V.,freie Träger,,13.51447742,52.47981518
11171400,Kita an der alten Kastanie,11,Lichtenberg,10369,Berlin,Franz-Jacob-Str.,16,- 18,030 97606526,https://www.kita-an-der-alten-kastanie.de,105,Kindertagesstätte,,,8185,"abw - gemeinnützige Gesellschaft für Arbeit, Bildung und Wohnen mbH",freie Träger,http://www.abw-berlin.de,13.46903401,52.52869263
11171410,Kita Rübchen,11,Lichtenberg,10367,Berlin,Paul-Zobel-Str.,8G,,030 67961194,http://www.kidclever.de,30,Kindertagesstätte,Situationsansatz,,8215,KIDclever gUG (haftungsbeschränkt),freie Träger,http://www.kidclever.de,13.48156772,52.52437841
11171420,Kita Fine Turbine,11,Lichtenberg,10317,Berlin,Hauffstr.,12,,03037446553,http://www.lebensnah.de,28,Kindertagesstätte,Ansatz von Emmi Pikler/Situationsansatz/Reggio-Pädagogik/Montessori-Pädagogik,,8806,Lebensnah Kitas gGmbH,freie Träger,http://www.lebensnah.de,13.48029596,52.50575104
11171430,Kita Treskowallee,11,Lichtenberg,10318,Berlin,Treskowallee,135,,030403662070,,180,Kindertagesstätte,Offene-Arbeit/Situationsansatz,,1339,Kinder- und Jugend der Volkssolidarität Berlin gGmbH,freie Träger,http://www.volkssolidaritaet-berlin.de,13.52480781,52.47806097
11171440,Kita Zauberinsel,11,Lichtenberg,10365,Berlin,Bürgerheimstr.,25,,0176 56815406,https://kitas-zauberinsel.de/,25,Kindertagesstätte,Situationsansatz,,8287,Zauberinsel Gesellschaft für kindliche Sprachförderung und ästhetische Bildung UG (haftungsbeschränkt),freie Träger,http://www.kitas-zauberinsel.de,13.4915426,52.51444418
11171450,Kita Zahnlücke,11,Lichtenberg,10317,Berlin,Lückstr.,32,,03052284449,http://www.xn--kita-zahnlcke-5ob.de/,40,Kindertagesstätte,Offene-Arbeit,,8885,Buratino Berlin gGmbH,freie Träger,http://www.xn--kita-zahnlcke-5ob.de/,13.49452282,52.50042459
11171460,Kita Zitronenfalter,11,Lichtenberg,10315,Berlin,Rummelsburger Str.,61,,94796969,https://kita.socius.diebildungspartner.de/kita-zitronenfalter-lichtenberg/,75,Kindertagesstätte,Situationsansatz,,8000,SOCIUS - Die Bildungspartner gemeinnützige GmbH,freie Träger,http://www.socius.diebildungspartner.de,13.50247278,52.50175919
11171470,Kita Marie-Curie-Allee,11,Lichtenberg,10315,Berlin,Marie-Curie-Allee,4,,030 49085193,http://www.tukita.de,25,Kindertagesstätte,Sonstiges,,8179,tuKita gemeinnützige UG (haftungsbeschränkt),freie Träger,http://www.tukita.de,13.50391042,52.50901422
11171480,Kita Mausezahn,11,Lichtenberg,10317,Berlin,Einbecker Str.,32,,030 81030903,http://www.kidclever.de,35,Kindertagesstätte,Situationsansatz,,8215,KIDclever gUG (haftungsbeschränkt),freie Träger,http://www.kidclever.de,13.50256819,52.5098325
11171490,Kita Kleine Wichtel,11,Lichtenberg,10318,Berlin,Marksburgstr.,38,-40,030 50154030,https://www.kita-kleine-wichtel.de,100,Kindertagesstätte,Situationsansatz,,7674,PeWoBe Gemeinnützige Soziale Betreuungsgesellschaft mbH in Frankfurt/Oder,freie Träger,http://www.pewobe-ffo.de,13.52437158,52.48674525
11171500,ABC Kindergarten,11,Lichtenberg,10318,Berlin,Liepnitzstr.,49,,030 50154228,,25,Kindertagesstätte,Situationsansatz,,7927,ABC Kindergarten gUG (haftungsbeschränkt),freie Träger,,13.5138713,52.4788806
11171510,Kita an der Hochschule für Technik und Wirtschaft,11,Lichtenberg,10318,Berlin,Hönower Str.,35,,030 939398610,http://www.stw.berlin,74,Kindertagesstätte,Offene-Arbeit,,1256,studierendenWERK BERLIN,freie Träger,http://www.stw.berlin,13.52559602,52.48935167
11171520,Private Europa-Kita,11,Lichtenberg,10369,Berlin,Judith-Auer-Str.,6,,74073718,http://www.europa-kita.de,215,Kindertagesstätte,Situationsansatz,,8358,P.E.K. Private Europa Kindertagesstätte Elite gGmbH,freie Träger,http://www.europa-kita.de,13.46845552,52.53298913
11171530,KITA Seepiraten,11,Lichtenberg,10317,Berlin,Hauptstr.,3A,,030 (030) 55440740,http://www.kaeptnbrowser.de/front_content.php?idcat=736,110,Kindertagesstätte,Situationsansatz,,1355,Käpt'n Browser gemeinnützige Gesellschaft mit beschränkter Haftung,freie Träger,http://www.kaeptnbrowser.de,13.47496755,52.50064616
11171540,Kita Paule am Park,11,Lichtenberg,10369,Berlin,Paul-Junius-Str.,67,,0304431885600,http://hanna-ggmbh.de/unsere-kitas/paule-am-park,154,Kindertagesstätte,Situationsansatz,,1299,Hanna gGmbH Kita-Trägerschaften,freie Träger,http://www.hanna-ggmbh.de,13.47672274,52.52709619
11171550,Zauberwald,11,Lichtenberg,10365,Berlin,Bürgerheimstr.,23,,030 017656815406,https://kitas-zauberinsel.de/,15,Kindertagesstätte,Situationsansatz,,8287,Zauberinsel Gesellschaft für kindliche Sprachförderung und ästhetische Bildung UG (haftungsbeschränkt),freie Träger,http://www.kitas-zauberinsel.de,13.49150106,52.51428002
11171560,Kindergarten Gundefinger Straße,11,Lichtenberg,10318,Berlin,Gundelfinger Str.,39,,50012335,,85,Kindertagesstätte,Situationsansatz/Offene-Arbeit,,0121,Kindergärten NordOst,Eigenbetriebe,http://www.kigaeno.de,13.52458119,52.4855673
11171570,Christliche Kita Fischlein,11,Lichtenberg,10369,Berlin,Rudolf-Seiffert-Str.,53,,030 0176 23114017,,25,Kindertagesstätte,Situationsansatz,,8442,TW Help for Family gGmbH,freie Träger,,13.4713978,52.525321
11171580,BIP Kreativitätskita Treskow-Höfe,11,Lichtenberg,10318,Berlin,Treskowallee,22,-24,030 23926130,http://www.bip-bildung-berlin.de,117,Kindertagesstätte,Sonstiges,,8454,BIP - Gesellschaft für Kreativitätspädagogik gGmbH,freie Träger,http://www.bip-bildung-berlin.de,13.52699292,52.49130814
11171590,Kita Wunderkinder,11,Lichtenberg,10367,Berlin,Paul-Zobel-Str.,9,,030 2509676510,http://www.kita-wunderkinder.de,150,Kindertagesstätte,Situationsansatz/Sonstiges/Reggio-Pädagogik,,8490,blu:boks Kinder- und Jugendbildung gemeinnützige GmbH,freie Träger,http://www.bluboks-berlin.de,13.48312598,52.52525861
11171600,Kindertagesstätte Villa Milla,11,Lichtenberg,10365,Berlin,Gotlindestr.,54,,030 863 209 109,http://www.kita-villa-milla.de,150,Kindertagesstätte,Situationsansatz,,8504,FamilyandCare gemeinnützige Gesellschaft für Kinderbetreuung und Familienhilfe mbH,freie Träger,http://www.familyandcare.de,13.49493479,52.5187534
11171610,Kita Schlaue Füchse,11,Lichtenberg,10315,Berlin,Gensinger Str.,60,,030 688166450,http://www.citykidsberlin.de,162,Kindertagesstätte,Situationsansatz,,7506,CityKids Berlin GmbH,freie Träger,http://www.citykidsberlin.de,13.52793087,52.51280309
11171620,Kita Victoria,11,Lichtenberg,10317,Berlin,Kaskelstr.,3,,030 47376225,http://www.masakids.de,80,Kindertagesstätte,Situationsansatz/Sonstiges,,8081,MASAkids gemeinnützige Unternehmergesellschaft (haftungsbeschränkt),freie Träger,http://www.masakids.de,13.47609366,52.50533487
11171650,Kita Zaubertal,11,Lichtenberg,10367,Berlin,Scheffelstr.,10,,0176 0179,https://kitas-zauberinsel.de/,25,Kindertagesstätte,Situationsansatz,,8287,Zauberinsel Gesellschaft für kindliche Sprachförderung und ästhetische Bildung UG (haftungsbeschränkt),freie Träger,http://www.kitas-zauberinsel.de,13.47587694,52.52048588
11171660,Kita Nusshütte Eitelstr.,11,Lichtenberg,10317,Berlin,Eitelstr.,85,,030 265 976 10,http://www.kita-nusshuette.de,45,Kindertagesstätte,Montessori-Pädagogik/Sonstiges/Situationsansatz,,8864,CeFi - Bildung und Verständigung gGmbH,freie Träger,http://www.cefi-bildung.de,13.49670415,52.5089022
11171670,Kita Querbeet,11,Lichtenberg,10318,Berlin,Köpenicker Allee,151,,030/49959260,https://www.drk-berlin-nordost.de/angebote/kinder-jugend-und-familie/kitas/kita-querbeet.html,150,Kindertagesstätte,Offene-Arbeit/Situationsansatz,,5281,Deutsches Rotes Kreuz Kreisverband Berlin - Nordost e. V.,freie Träger,http://www.drk-berlin-nordost.de,13.5407767,52.48239225
11171680,Kita Villa Pixie,11,Lichtenberg,10318,Berlin,Weseler Str.,9,,030 23526843,http://www.lebensnah.de,31,Kindertagesstätte,Situationsansatz/Ansatz von Emmi Pikler/Montessori-Pädagogik,,8806,Lebensnah Kitas gGmbH,freie Träger,http://www.lebensnah.de,13.52794358,52.4860947
11171690,Kita Papagei,11,Lichtenberg,10318,Berlin,Treskowallee,124,,55149125,,25,Eltern-Initiativ-Kindertagesstätte,Offene-Arbeit/Situationsansatz,,8775,Papagei e. V.,freie Träger,,13.52445903,52.47927208
11171710,Kita Tierparkkids,11,Lichtenberg,10315,Berlin,Gensinger Str.,83,,030/25094242,http://www.wuhlewanderer.de,105,Kindertagesstätte,Offene-Arbeit/Situationsansatz,,8273,Die Wuhlewanderer gGmbH,freie Träger,http://www.wuhlewanderer.de,13.5353543,52.51097025
11171720,Kita Gisela,11,Lichtenberg,10317,Berlin,Giselastr.,26,,030 64385771,http://www.kijufa-online.de/gisela/,35,Eltern-Initiativ-Kindertagesstätte,Montessori-Pädagogik/Situationsansatz,,8131,kijufa gGmbH,freie Träger,http://www.kijufa-online.de,13.49009807,52.50503737
11171730,Stepke Kita Weltendecker,11,Lichtenberg,10367,Berlin,Rathausstr.,11,-12,0179 3828261,https://www.stepke-kitas.de/standorte/berlin/kita-weltentdecker-berlin-lichtenberg/,102,Kindertagesstätte,Situationsansatz,,8478,Step Kids Kitas gemeinnützige GmbH,freie Träger,http://www.stepke-kitas.de,13.48094467,52.51477461
11171760,Kita Rübchen II,11,Lichtenberg,10367,Berlin,Paul-Zobel-Str.,10,,030 62960856,http://www.kidclever.de,42,Kindertagesstätte,Situationsansatz,,8215,KIDclever gUG (haftungsbeschränkt),freie Träger,http://www.kidclever.de,13.48308488,52.52476542
11171770,Kita Hucky Bucky,11,Lichtenberg,10317,Berlin,Lückstr.,28,,030 62871248,http://www.kita-hucky-bucky.de,25,Kindertagesstätte,Reggio-Pädagogik,,8239,Nordische Bildungswerkstatt UG (haftungsbeschränkt),freie Träger,http://www.nobiwerk.com,13.49360377,52.50072608
11171780,Evang. Kindertagesstätte Weit Blick,11,Lichtenberg,10315,Berlin,Archenholdstr.,25,,030 6438363220,,72,Kindertagesstätte,Situationsansatz/Offene-Arbeit,,7319,Verein für Berliner Stadtmission,freie Träger,http://www.berliner-stadtmission.de,13.5037629,52.50723186
11171790,Kita am Lindenhof,11,Lichtenberg,10365,Berlin,Klara-Weyl-Str.,9,,030 85735198,https://mahale-ggmbh.de/kita-am-lindenhof/,75,Kindertagesstätte,Situationsansatz,,7543,MAHALE Familien- und Servicemanagement gGmbH,freie Träger,http://www.mahale-ggmbh.de,13.50661917,52.51928354
11171800,Kita Laduschki,11,Lichtenberg,10365,Berlin,Fanningerstr.,37,,0176 45774386,http://www.kita-laduschki.de,39,Kindertagesstätte,Situationsansatz,,8630,Zweimalzwölf gUG (haftungsbeschränkt),freie Träger,http://www.kita-makuschki.de,13.49667495,52.51424786
11171810,Kita Wildensteiner Str.,11,Lichtenberg,10318,Berlin,Wildensteiner Str.,3,,5098418,,50,Kindertagesstätte,Offene-Arbeit/Situationsansatz,,0121,Kindergärten NordOst,Eigenbetriebe,http://www.kigaeno.de,13.52378528,52.48026348
11171820,Kita Karlskids,11,Lichtenberg,10318,Berlin,Ehrenfelsstr.,4,,030 43603841,http://www.wuhlewanderer.de,30,Kindertagesstätte,Offene-Arbeit/Situationsansatz,,8273,Die Wuhlewanderer gGmbH,freie Träger,http://www.wuhlewanderer.de,13.52697505,52.48189015
11171850,Kita Stechlinstr. 26,11,Lichtenberg,10318,Berlin,Stechlinstr.,26,,5098195,,37,Kindertagesstätte,Offene-Arbeit,,0121,Kindergärten NordOst,Eigenbetriebe,http://www.kigaeno.de,13.51557063,52.48198585
11171860,"Kita ""Schlossspatzen""",11,Lichtenberg,10315,Berlin,Charlottenstr.,21,,15901201876,https://www.stepke-kitas.de/standorte/berlin/kita-schloss-spatzen-berlin-lichtenberg/,25,Kindertagesstätte,Situationsansatz,,8478,Step Kids Kitas gemeinnützige GmbH,freie Träger,http://www.stepke-kitas.de,13.52287675,52.50726368
11171870,Dolgensee Kids,11,Lichtenberg,10319,Berlin,Dolgenseestr.,8C,,030 31012310,http://www.dolgenseekids.de,107,Kindertagesstätte,Situationsansatz,,9063,"Kita ""Dolgensee Kids"" gGmbH",freie Träger,http://www.dolgenseekids.de,13.50801621,52.49380132
11171890,MoKiB Harnackstr. 11,11,Lichtenberg,10365,Berlin,Harnackstr.,11,,92126005,,136,Kindertagesstätte,,,0121,Kindergärten NordOst,Eigenbetriebe,http://www.kigaeno.de,13.48542055,52.51066519
11171910,Rhinspatzen,11,Lichtenberg,10315,Berlin,Rhinstr.,143,,030 5263200,http://www.rhinspatzenkids.de,127,Kindertagesstätte,Situationsansatz,,9115,"Kita ""Rhinspatzen"" Berlin gGmbH",freie Träger,https://rhinspatzenkids.de/,13.51667727,52.53154711
11171940,Montessori Kinderhaus Lichtenberg,11,Lichtenberg,10317,Berlin,An der Mole,3,,23326400,,60,Kindertagesstätte,Montessori-Pädagogik,,8066,Montessori und Friends Education gGmbH,freie Träger,http://www.montessori-friends.de,13.46932066,52.50073073
11171950,FREUDE Kita Lichtenberg,11,Lichtenberg,10315,Berlin,Rhinstr.,59A,,863214300,http://www.freude-kita.berlin,40,Kindertagesstätte,Situationsansatz,,8878,FREUDE Kindergärten Süd-Ost gGmbH,freie Träger,http://www.freude-kita.berlin,13.51767384,52.52388764
11171990,"Kita ""Makiwka""",11,Lichtenberg,10318,Berlin,Dönhoffstr.,2,,017638237068,,,Kindertagesstätte,Offene-Arbeit/Situationsansatz,,8630,Zweimalzwölf gUG (haftungsbeschränkt),freie Träger,http://www.kita-makuschki.de,13.5246156,52.48264656
11172000,Kita Gudrunstraße,11,Lichtenberg,10365,Berlin,Gudrunstr.,14,,030 54711372,https://www.kigaeno.de/gudrunstrasse,64,Kindertagesstätte,Offene-Arbeit/Sonstiges,,0121,Kindergärten NordOst,Eigenbetriebe,http://www.kigaeno.de,13.50592019,52.51436226
11172010,Kita Ruschestraße,11,Lichtenberg,10365,Berlin,Ruschestr.,80,,,http://www.kigaeno.de,135,Kindertagesstätte,,,0121,Kindergärten NordOst,Eigenbetriebe,http://www.kigaeno.de,13.48624829,52.51900782
11201230,"Kindertagesstätte ""kieke mal""",11,Lichtenberg,13059,Berlin,Neubrandenburger Str.,47,,030/34621022,http://www.independentliving.de,68,Kindertagesstätte,Offene-Arbeit/Situationsansatz,,8867,INDEPENDENT LIVING Stiftung BT Kindertagesstätten für Berlin,freie Träger,http://www.independentliving-stiftung.de,13.51268528,52.57223473
11220030,Kita Mitra Rechter Gebäudeteil,11,Lichtenberg,13055,Berlin,Heckelberger Ring,3,,030 97000784,http://www.mitra-kindergarten.de,108,Kindertagesstätte,Sonstiges,,8368,MITRA bilinguale Kindergärten gemeinnützige GmbH,freie Träger,http://www.mitra-kindergarten.de,13.50475698,52.54722743
11220040,Kita Schalkauer Str. 25C/Kigä NordOst,11,Lichtenberg,13055,Berlin,Schalkauer Str.,25A,,98639687,,80,Kindertagesstätte,Situationsansatz/Offene-Arbeit,,0121,Kindergärten NordOst,Eigenbetriebe,http://www.kigaeno.de,13.50842752,52.53718531
11220110,Kita Ahrenshooper Spatzen,11,Lichtenberg,13051,Berlin,Ahrenshooper Str.,5,,030 92047609,http://www.pad-berlin.de/Kindertagesbetreuung,75,Kindertagesstätte,Offene-Arbeit/Situationsansatz/Montessori-Pädagogik,,3995,"pad - präventive, altersübergreifende Dienste im sozialen Bereich - gGmbH",freie Träger,http://www.pad-berlin.de,13.50449568,52.5666238
11220170,KINDERHAUS Berlin - Mark Brandenburg,11,Lichtenberg,13051,Berlin,Dierhagener Str.,1,/3,030 9293122,,160,Kindertagesstätte,Situationsansatz,,1319,Kinderhaus Berlin - Mark Brandenburg e. V.,freie Träger,http://www.Kinderhaus-b-b.de,13.49824257,52.56744463
11220180,Kita Schneckenhausen,11,Lichtenberg,13051,Berlin,Am Berl,13,,92045275,http://spikev.de,23,Kindertagesstätte,Situationsansatz,,4136,Sozialpädagogische Arbeit im Kiez e. V. (SPIK),freie Träger,http://www.spikev.de,13.49972508,52.57411309
11220200,Kita Wiesenhüpper,11,Lichtenberg,13057,Berlin,Wartiner Str.,77,,03099271361,http://www.wiesenhuepper.de,106,Kindertagesstätte,Situationsansatz,,8065,KfK KIETZ für KIDS Kinderbetreuung gGmbH,freie Träger,http://www.kietzfuerkids.de,13.53022192,52.56455712
11220210,Kita Dorfstr. 4A (Wartenberg)/Kigä NordOst,11,Lichtenberg,13059,Berlin,Dorfstr.,4A,,9293185,,36,Kindertagesstätte,Situationsansatz/Offene-Arbeit,,0121,Kindergärten NordOst,Eigenbetriebe,http://www.kigaeno.de,13.51608625,52.57425275
11220220,Kita Dorfstr. 5 (Falkenberg)/Kigä NordOst,11,Lichtenberg,13057,Berlin,Dorfstr.,5,,9324146,https://www.kigaeno.de/dorfstrasse/,50,Kindertagesstätte,Offene-Arbeit,,0121,Kindergärten NordOst,Eigenbetriebe,http://www.kigaeno.de,13.53763921,52.56991924
11220230,Kita Dorfstr. 37 (Malchow)/Kigä NordOst,11,Lichtenberg,13051,Berlin,Dorfstr.,37,,9250219,,50,Kindertagesstätte,Sonstiges,,0121,Kindergärten NordOst,Eigenbetriebe,http://www.kigaeno.de,13.48253167,52.5788021
11220270,Kita Leuchtturm,11,Lichtenberg,13051,Berlin,Am Berl,8,/10,030 96248570,http://www.vav-hhausen.de,160,Kindertagesstätte,Offene-Arbeit/Situationsansatz/Ansatz von Emmi Pikler/Sonstiges,,1262,Verein für aktive Vielfalt e.V.,freie Träger,http://www.vav-hhausen.de,13.49993684,52.57253518
11220290,Kita Heckelberger Ring 1/3/Kigä NordOst,11,Lichtenberg,13055,Berlin,Heckelberger Ring,1,,9818608,,90,Kindertagesstätte,Situationsansatz/Sonstiges,,0121,Kindergärten NordOst,Eigenbetriebe,http://www.kigaeno.de,13.50523136,52.54719926
11220330,Kita Malchower Weg 46/Kigä NordOst,11,Lichtenberg,13053,Berlin,Malchower Weg,46,,9864830,,92,Kindertagesstätte,Situationsansatz,,0121,Kindergärten NordOst,Eigenbetriebe,http://www.kigaeno.de,13.50346644,52.5538617
11220380,Kita Nido Piccolo,11,Lichtenberg,13059,Berlin,Neubrandenburger Str.,51,/53,030 92373750,http://www.independentliving.de/il-kita-berlin,250,Kindertagesstätte,Situationsansatz,,8867,INDEPENDENT LIVING Stiftung BT Kindertagesstätten für Berlin,freie Träger,http://www.independentliving-stiftung.de,13.51266897,52.57262388
11220390,Kita Matt Lamb,11,Lichtenberg,13055,Berlin,Konrad-Wolf-Str.,45,,030 97895988,http://www.twsd-bb.de,198,Kindertagesstätte,,,8235,Trägerwerk Soziale Dienste in Berlin und Brandenburg gGmbH (TWSD in BB gGmbH),freie Träger,http://www.twsd-bb.de,13.47693006,52.53754992
11220400,Kita Neustrelitzer Str. 32-34/Kigä NordOst,11,Lichtenberg,13055,Berlin,Neustrelitzer Str.,32,/34,9713443,,285,Kindertagesstätte,Situationsansatz,,0121,Kindergärten NordOst,Eigenbetriebe,http://www.kigaeno.de,13.49386636,52.53725774
11220430,Eichhörnchen,11,Lichtenberg,13053,Berlin,Roedernstr.,14,,030 9864154,http://www.urban-kita.de,49,Kindertagesstätte,Fröbel-Pädagogik,,1278,urban kita gGmbH,freie Träger,http://www.urban-kita.de,13.48665548,52.54438012
11220440,EKT Oberseeräuber,11,Lichtenberg,13053,Berlin,Oberseestr.,77,,030 12064082,http://www.oberseeraeuber.de,20,Eltern-Initiativ-Kindertagesstätte,Situationsansatz,,8238,Elterninitiativ-Kindertagesstätte Oberseeräuber e. V.,freie Träger,http://www.oberseeraeuber.de,13.49318753,52.54884564
11220470,Kita Zwergtaucher,11,Lichtenberg,13053,Berlin,Gehrenseestr.,99,,030 34629502,http://www.twsd-bb.de,115,Kindertagesstätte,Sonstiges,,8235,Trägerwerk Soziale Dienste in Berlin und Brandenburg gGmbH (TWSD in BB gGmbH),freie Träger,http://www.twsd-bb.de,13.51091138,52.5509634
11220480,"Kindertagesstätte ""Wundertüte""",11,Lichtenberg,13055,Berlin,Strausberger Str.,5,,030 97997790,http://www.independentliving.de,160,Kindertagesstätte,Situationsansatz/Sonstiges,,8867,INDEPENDENT LIVING Stiftung BT Kindertagesstätten für Berlin,freie Träger,http://www.independentliving-stiftung.de,13.48959123,52.54100016
11220490,Kitaverbund Regenbogen,11,Lichtenberg,13053,Berlin,Waldowstr.,40,/ Manetstr. 23,030 9864709,http://www.kitaverbund-regenbogen.de,158,Kindertagesstätte,Situationsansatz,,1278,urban kita gGmbH,freie Träger,http://www.urban-kita.de,13.48754635,52.54725062
11220500,Kunst-Kita,11,Lichtenberg,13059,Berlin,Demminer Str.,4,,030 96067216,http://www.artki.berlin,60,Kindertagesstätte,Offene-Arbeit,,8494,ARTKI gGmbH,freie Träger,http://www.artki.berlin,13.51172459,52.56952814
11220510,Kita Warnitzer Str. 9,11,Lichtenberg,13057,Berlin,Warnitzer Str.,9,/11,9290274,https://www.bik-ev.de/verzeichnis/visitenkarte.php?mandat=211690,145,Kindertagesstätte,Sonstiges,,1205,BIK e.V. Berliner Institut für Kleinkindpädagogik und familienbegleitende Kinderbetreuung,freie Träger,http://www.bik-ev.de,13.51972081,52.56579089
11220520,Kita Kleene Dickköppe und Große Ulknudeln,11,Lichtenberg,13055,Berlin,Landsberger Allee,217F,,0176 80321768,http://www.mach-mit-kitas.com,59,Kindertagesstätte,Offene-Arbeit/Situationsansatz,,8327,mach-mit-kitas gemeinnützige GmbH,freie Träger,http://www.mach-mit-kitas.com,13.48755511,52.53421207
11220530,Kita Hafenstadt,11,Lichtenberg,13053,Berlin,Rüdickenstr.,32,.,030 208988940,http://www.albatrosggmbh.de,100,Kindertagesstätte,Situationsansatz,,1324,Albatros gemeinnützige Gesellschaft für soziale und gesundheitliche Dienstleistungen mbH,freie Träger,http://www.albatrosggmbh.de,13.51142257,52.56032038
11220580,Dracos Drachen Kids,11,Lichtenberg,13051,Berlin,Nienhagener Str.,21,,030 54595180,http://www.dracosdrachenkids.com,52,Kindertagesstätte,Situationsansatz/Offene-Arbeit,,8667,Dracos Drachen-Kids gUG (haftungsbeschränkt),freie Träger,http://www.dracosdrachenkids.com,13.49441746,52.56987394
11220630,St. Konrad von Parzham,11,Lichtenberg,13057,Berlin,Ahrensfelder Chaussee,79,- 81,30259365,http://hedikitas.de,60,Kindertagesstätte,Offene-Arbeit/Situationsansatz,,9193,Kitas im Erzbistum Berlin-Zweckverband der katholischen Kirchengemeinden,freie Träger,http://hedikitas.de,13.55547318,52.57072868
11220650,Evangelische Kita Arche Noah,11,Lichtenberg,13053,Berlin,Malchower Weg,44,,030 92 90 286,http://www.evkvbmn.de,93,Kindertagesstätte,Situationsansatz,,5425,Ev. Kirchenkreisverband für Kindertageseinrichtungen Berlin Mitte-Nord,freie Träger,http://evkvbmn.de,13.50361754,52.55366941
11220660,Kita Randowstr. 41/43/Kigä NordOst,11,Lichtenberg,13057,Berlin,Randowstr.,41,,9283018,https://www.kigaeno.de/bunte-spieltruhe,89,Kindertagesstätte,Situationsansatz/Sonstiges,,0121,Kindergärten NordOst,Eigenbetriebe,http://www.kigaeno.de,13.52045998,52.5647511
11220670,Kita Wolkenreise,11,Lichtenberg,13051,Berlin,Ahrenshooper Str.,3,,030 929 50 78,http://www.kinder-im-kiez.de/unsere-kitas/ahrenshooper-strasse/,195,Kindertagesstätte,Situationsansatz,,1318,Kinder im Kiez gGmbH,freie Träger,http://www.kinder-im-kiez.de,13.50494737,52.56622761
11220750,Kita Abenteuerland,11,Lichtenberg,13053,Berlin,Anna-Ebermann-Str.,25,,030 981 83 90,http://www.vav-hhausen.de,240,Kindertagesstätte,Situationsansatz/Offene-Arbeit,,1262,Verein für aktive Vielfalt e.V.,freie Träger,http://www.vav-hhausen.de,13.51565651,52.55355296
11220770,Kita Kinder in Bewegung (KiB),11,Lichtenberg,13055,Berlin,Berkenbrücker Steig,9,/10,030 971 17 28,http://www.kita-berkenbruecker-steig.de,128,Kindertagesstätte,,,1329,Kinder in Bewegung gGmbH Gemeinnützige Kindergarten-Trägergesellschaft des Berliner Sports,freie Träger,http://www.kib-online.org,13.47916067,52.53691956
11220790,Klax Krippe Grashüpfer und Klax Kindergarten Glühwürmchen,11,Lichtenberg,13057,Berlin,Biesenbrower Str.,61,,030 92092537,https://klax.de/de/kitas/einrichtungen,180,Kindertagesstätte,Sonstiges,,1214,KLAX Berlin gGmbH,freie Träger,http://klax.de,13.52830797,52.56500806
11220800,Kita Kreativhaus Sonnenblume,11,Lichtenberg,13059,Berlin,Crivitzer Str.,16,,030 9205029,http://www.kreativhaus-sonnenblume.de,207,Kindertagesstätte,Situationsansatz,,1278,urban kita gGmbH,freie Träger,http://www.urban-kita.de,13.51302517,52.56999043
11220840,Kita Kinder in Bewegung (KiB),11,Lichtenberg,13057,Berlin,Falkenberger Chaussee,120,,030 920 50 11,http://www.kita-loewenzahn-bei-kib.de,152,Kindertagesstätte,,,1329,Kinder in Bewegung gGmbH Gemeinnützige Kindergarten-Trägergesellschaft des Berliner Sports,freie Träger,http://www.kib-online.org,13.52373002,52.56750357
11220860,Kita Tausendfüßler,11,Lichtenberg,13055,Berlin,Goeckestr.,25,/26,030403662130,http://www.vs-kitas-berlin.de,358,Kindertagesstätte,Offene-Arbeit/Situationsansatz,,1339,Kinder- und Jugend der Volkssolidarität Berlin gGmbH,freie Träger,http://www.volkssolidaritaet-berlin.de,13.49047671,52.53754096
11220890,Kita Campus Hedwig,11,Lichtenberg,13053,Berlin,Hedwigstr.,11,,030 981 54 80,http://www.sozdia.de,104,Kindertagesstätte,Situationsansatz,,7549,SozDia gGmbH,freie Träger,http://www.sozdia.de,13.49515456,52.54886603
11220910,Kita Matenzeile 2/4/Kigä NordOst,11,Lichtenberg,13053,Berlin,Matenzeile,2,4,9290206,https://www.kigaeno.de/freche-fruechtchen,170,Kindertagesstätte,Situationsansatz/Sonstiges,,0121,Kindergärten NordOst,Eigenbetriebe,http://www.kigaeno.de,13.50800691,52.56298454
11220960,Kita Reriker Str. 20/Kigä NordOst,11,Lichtenberg,13051,Berlin,Reriker Str.,20,,9294167,,115,Kindertagesstätte,Sonstiges/Offene-Arbeit/Situationsansatz,,0121,Kindergärten NordOst,Eigenbetriebe,http://www.kigaeno.de,13.4932523,52.57166539
11221010,Kita Kinderparadies Wirbelwind,11,Lichtenberg,13059,Berlin,Warnemünder Str.,22,,030 9283121,http://www.vav-hhausen.de,190,Kindertagesstätte,Situationsansatz,,1262,Verein für aktive Vielfalt e.V.,freie Träger,http://www.vav-hhausen.de,13.50661475,52.57360769
11221060,Kita Fiorella,11,Lichtenberg,13051,Berlin,Wiecker Str.,1,-003,030 9294079,http://www.jao-berlin.de,185,Kindertagesstätte,Offene-Arbeit/Situationsansatz,,1298,JAO gGmbH,freie Träger,http://www.jao-berlin.de,13.49637987,52.56741919
11221090,Kita Sonnenschein,11,Lichtenberg,13051,Berlin,Wustrower Str.,39,,030 9296074,http://www.kita-sonnenschein-hsh.de,180,Kindertagesstätte,Situationsansatz,,1278,urban kita gGmbH,freie Träger,http://www.urban-kita.de,13.50375334,52.56987991
11221130,Kita Weiße Taube 1,11,Lichtenberg,13055,Berlin,Schleizer Str.,62,,030 98196590,http://www.kita-weisse-taube-1.de,100,Kindertagesstätte,Situationsansatz,,1278,urban kita gGmbH,freie Träger,http://www.urban-kita.de,13.50570449,52.5392187
11221170,Gemeinschaftsunterkunft Hagenower Ring (nur Sprachförderung),11,Lichtenberg,13059,Berlin,Hagenower Ring,47,-49,45950544,,15,Kindertagesstätte,,,8568,Edusation - gemeinnützige Gesellschaft für Integration und Sprachförderung mbH,freie Träger,http://edusation.de/,13.50439095,52.57746368
11221180,GU Wartenberger Str. (FBO),11,Lichtenberg,13053,Berlin,Wartenberger Str.,120,,030 017630724400,https://eventusbildung.de/fbo-kitas/,12,Eltern-Kind-Gruppe,Situationsansatz/Montessori-Pädagogik/Offene-Arbeit,,7464,eventus Bildung gGmbH,freie Träger,https://eventusbildung.de/,13.5159449,52.56157633
11221200,Die kleinen Erfinder,11,Lichtenberg,13055,Berlin,Genslerstr.,17,,030 52671067,http://www.kinderlernorte.de/home/die-kleinen-erfinder,50,Kindertagesstätte,Situationsansatz/Offene-Arbeit,,8411,KLEO KinderLernOrte Bildungseinrichtung gGmbH,freie Träger,http://www.kinderlernorte.de,13.49894203,52.53983817
11221210,Kita Sonnenblümchen,11,Lichtenberg,13057,Berlin,Vincent-van-Gogh-Str.,38,,030 55594099,http://www.pad-berlin.de,85,Kindertagesstätte,Situationsansatz,,3995,"pad - präventive, altersübergreifende Dienste im sozialen Bereich - gGmbH",freie Träger,http://www.pad-berlin.de,13.5273066,52.5625262
11221220,Kita Spree Eule,11,Lichtenberg,13055,Berlin,Küstriner Str.,49,,030 98314680,http://www.spreeeule.de,118,Kindertagesstätte,Sonstiges/Situationsansatz,,8617,spreeEule gGmbH,freie Träger,http://www.spreeeule.de,13.48800755,52.53904999
11221230,Kita Wartenberger Str.,11,Lichtenberg,13053,Berlin,Wartenberger Str.,145,.,28703303,,120,Kindertagesstätte,Offene-Arbeit,,0121,Kindergärten NordOst,Eigenbetriebe,http://www.kigaeno.de,13.513586,52.56378367
11221240,Degnerstr. (FBO),11,Lichtenberg,13053,Berlin,Degnerstr.,82,,01763072400,http://www.eventusbildung.de,12,Eltern-Kind-Gruppe,Montessori-Pädagogik/Situationsansatz/Offene-Arbeit,,7464,eventus Bildung gGmbH,freie Träger,https://eventusbildung.de/,13.49942621,52.5524799
11221250,Kita Neo,11,Lichtenberg,13055,Berlin,Liebenwalder Str.,12,-18,030 98195396,http://sozdia.de,136,Kindertagesstätte,Situationsansatz/Sonstiges,,7549,SozDia gGmbH,freie Träger,http://www.sozdia.de,13.50266771,52.53648586
11221260,Simon Bolivar,11,Lichtenberg,13055,Berlin,Mittelstr.,25,,030 97898592,https://simon-bolivar.froebel.info/,99,Kindertagesstätte,Offene-Arbeit,,1227,Fröbel Bildung und Erziehung gGmbH,freie Träger,http://www.froebel-gruppe.de/,13.4849585,52.53861768
11221270,Kita (FBO),11,Lichtenberg,13055,Berlin,Konrad-Wolf-Str.,46,,0176 30724400,http://www.eventusbildung.de,12,Eltern-Kind-Gruppe,Situationsansatz,,7464,eventus Bildung gGmbH,freie Träger,https://eventusbildung.de/,13.47585408,52.53762328
11221280,Kita Vogelnest,11,Lichtenberg,13059,Berlin,Dorfstr.,19,,030 617 473 78,http://www.paradiesvoegel.eu,205,Kindertagesstätte,Montessori-Pädagogik/Situationsansatz,,7464,eventus Bildung gGmbH,freie Träger,https://eventusbildung.de/,13.52158642,52.57367961
11221310,Kita Traumwerkstatt,11,Lichtenberg,13057,Berlin,Warnitzer Str.,26,,030 23292753,http://www.kita-traumwerkstatt.de,52,Kindertagesstätte,Offene-Arbeit/Freinet-Pädagogik,,9095,Traumwerkstatt gGmbH,freie Träger,http://www.kita-traumwerkstatt.de,13.51709068,52.56679033
11221320,FBO Wollenberger Straße (FBO),11,Lichtenberg,13053,Berlin,Wollenberger Str.,1,,017684913026,https://www.cefi-bildung.de/fbo,24,Eltern-Kind-Gruppe,Situationsansatz,,8864,CeFi - Bildung und Verständigung gGmbH,freie Träger,http://www.cefi-bildung.de,13.51088078,52.54717517
11221330,Kita Glückskäfer,11,Lichtenberg,13053,Berlin,Paul-Koenig-Str.,13,,030 47069065,,45,Kindertagesstätte,Situationsansatz,,8229,DETI gGmbH,freie Träger,https://www.deti-ggmbh.de,13.50742906,52.55284361
11221340,Kita Wartenzwerge,11,Lichtenberg,13059,Berlin,Egon-Erwin-Kisch-Str.,14,,0176 43306200,,44,Kindertagesstätte,Situationsansatz,,8215,KIDclever gUG (haftungsbeschränkt),freie Träger,http://www.kidclever.de,13.50365544,52.57409899
11221390,Kita Ferdinands Garten,11,Lichtenberg,13055,Berlin,Plauener Str.,91,,152 29550230,https://www.stepke-kitas.de/standorte/berlin/kita-ferdinands-garten-berlin-lichtenberg/,42,Kindertagesstätte,Situationsansatz,,8478,Step Kids Kitas gemeinnützige GmbH,freie Träger,http://www.stepke-kitas.de,13.50989155,52.53897828
11221400,Kita Farbenfroh,11,Lichtenberg,13057,Berlin,Welsestr.,1,-3 d,160 5271939,https://www.stepke-kitas.de/standorte/berlin/kita-farbenfroh-berlin-lichtenberg/,174,Kindertagesstätte,Situationsansatz,,8478,Step Kids Kitas gemeinnützige GmbH,freie Träger,http://www.stepke-kitas.de,13.52731047,52.56877651
11221430,Kita Kwitka,11,Lichtenberg,13055,Berlin,Heldburger Str.,6,,,,25,Kindertagesstätte,,,8630,Zweimalzwölf gUG (haftungsbeschränkt),freie Träger,http://www.kita-makuschki.de,13.506765,52.53569046
12200010,Kita Eichborndamm,12,Reinickendorf,13437,Berlin,Eichborndamm,272,,030 4119 0891,https://www.jugendundsozialwerk.de/kitas/berlin/reinickendorf/kita-eichborndamm/,103,Kindertagesstätte,Offene-Arbeit/Situationsansatz,,1296,Jugend- und Sozialwerk gGmbH,freie Träger,http://www.jus-or.de,13.3288908,52.59358694
12200030,Kita La Vita,12,Reinickendorf,13435,Berlin,Eichhorster Weg,23,,03041720730,https://www.ejf.de/arbeitsbereiche/kindertagesbetreuung/alle-verbuende-und-koordinationsbereiche/verbund-berlin-und-nordbrandenburg/kindertagesstaette-la-vita,130,Kindertagesstätte,Situationsansatz,,1221,EJF gemeinnützige AG,freie Träger,http://www.ejf.de,13.34312513,52.59855222
12200050,Kita Rathauspromenade,12,Reinickendorf,13437,Berlin,Rathauspromenade,73,,030 22192255-50,http://www.kita-nordwest.de,140,Kindertagesstätte,Situationsansatz/Offene-Arbeit,,0124,Kindertagesstätten Nordwest Eigenbetrieb von Berlin,Eigenbetriebe,http://www.kita-nordwest.de,13.32948979,52.58633428
12200060,Kita Rotbuchenweg,12,Reinickendorf,13403,Berlin,Rotbuchenweg,18,,030 4170 8571/3,https://www.jugendundsozialwerk.de/kitas/berlin/reinickendorf/kita-rotbuchenweg/,106,Kindertagesstätte,Offene-Arbeit/Situationsansatz,,1296,Jugend- und Sozialwerk gGmbH,freie Träger,http://www.jus-or.de,13.32443,52.58368384
12200080,Kita Senftenberger Ring,12,Reinickendorf,13435,Berlin,Senftenberger Ring,99,,030 2130916440,http://www.kita-nordwest.de,150,Kindertagesstätte,Situationsansatz/Offene-Arbeit,,0124,Kindertagesstätten Nordwest Eigenbetrieb von Berlin,Eigenbetriebe,http://www.kita-nordwest.de,13.35356951,52.60090159
12200090,Kita Krümelkiste,12,Reinickendorf,13435,Berlin,Senftenberger Ring,46A,,030 4161 170,http://www.fippev.de,112,Kindertagesstätte,,,1233,FiPP e. V. - Fortbildungsinstitut für die pädagogische Praxis,freie Träger,http://www.fippev.de,13.35676039,52.60552233
12200110,Kita/Kinder in Bewegung (KiB),12,Reinickendorf,13435,Berlin,Schlitzer Str.,97,,030 402 94 40,http://www.kita-schlitzer-strasse.de,140,Kindertagesstätte,Offene-Arbeit,,1329,Kinder in Bewegung gGmbH Gemeinnützige Kindergarten-Trägergesellschaft des Berliner Sports,freie Träger,http://www.kib-online.org,13.34495848,52.60389425
12200120,Kita Tornower Weg,12,Reinickendorf,13439,Berlin,Tornower Weg,8,,030 29022260,http://www.kita-nordwest.de,140,Kindertagesstätte,Situationsansatz/Offene-Arbeit,,0124,Kindertagesstätten Nordwest Eigenbetrieb von Berlin,Eigenbetriebe,http://www.kita-nordwest.de,13.34906655,52.59508975
12200130,Europa Kita Die Kinderinsel / L'ile aux enfants,12,Reinickendorf,13439,Berlin,Tramper Weg,4,,030 91208596,http://www.unionhilfswerk.de,78,Kindertagesstätte,Sonstiges,,1260,Unionhilfswerk Sozialeinrichtungen gemeinnützige Gesellschaft mbH,freie Träger,http://www.unionhilfswerk.de,13.3575385,52.59210686
12200180,Kita Wirbelwind,12,Reinickendorf,13435,Berlin,Wittenauer Str.,110E,,030 40395972,http://www.kita-nordwest.de,30,Kindertagesstätte,Situationsansatz/Offene-Arbeit,,0124,Kindertagesstätten Nordwest Eigenbetrieb von Berlin,Eigenbetriebe,http://www.kita-nordwest.de,13.3409052,52.60615889
12200200,Kita Ameisenburg,12,Reinickendorf,13507,Berlin,Alt-Tegel,40,,030 439839525,http://www.kita-nordwest.de,85,Kindertagesstätte,Offene-Arbeit/Situationsansatz,,0124,Kindertagesstätten Nordwest Eigenbetrieb von Berlin,Eigenbetriebe,http://www.kita-nordwest.de,13.27601097,52.58866325
12200210,AWO Kita Freie Scholle,12,Reinickendorf,13509,Berlin,Erholungsweg,1,,030 433 81 54,https://www.awo-südost.de/kitas/kita-freie-scholle,105,Kindertagesstätte,Offene-Arbeit/Situationsansatz,,0152,Arbeiterwohlfahrt Berlin Kreisverband Südost e.V.,freie Träger,http://www.awo-suedost.de,13.30571826,52.59810383
12200220,Kita Ernststraße,12,Reinickendorf,13509,Berlin,Ernststr.,78,-84,030 43091585,http://www.kita-nordwest.de,120,Kindertagesstätte,Offene-Arbeit,,0124,Kindertagesstätten Nordwest Eigenbetrieb von Berlin,Eigenbetriebe,http://www.kita-nordwest.de,13.30437132,52.58484339
12200230,Kita Nimrodstraße,12,Reinickendorf,13469,Berlin,Nimrodstr.,4,-14,41190977,http://www.kita-nordwest.de,94,Kindertagesstätte,Situationsansatz/Offene-Arbeit,,0124,Kindertagesstätten Nordwest Eigenbetrieb von Berlin,Eigenbetriebe,http://www.kita-nordwest.de,13.31954948,52.60552954
12200240,Kita Havelsternchen,12,Reinickendorf,13505,Berlin,Luisenstr.,21,,4360040,http://www.kita-nordwest.de,87,Kindertagesstätte,Offene-Arbeit/Situationsansatz,,0124,Kindertagesstätten Nordwest Eigenbetrieb von Berlin,Eigenbetriebe,http://www.kita-nordwest.de,13.22503097,52.57598406
12200270,Kita Neheimer Straße,12,Reinickendorf,13507,Berlin,Neheimer Str.,10,,4328061,http://www.kita-nordwest.de,103,Kindertagesstätte,Offene-Arbeit,,0124,Kindertagesstätten Nordwest Eigenbetrieb von Berlin,Eigenbetriebe,http://www.kita-nordwest.de,13.27753593,52.57744564
12200290,Kita Waldmäuse e.V./Waldabschni.Konradshöhe/Reiherberg,12,Reinickendorf,13505,Berlin,Rabenstr.,41,,030 431 22 25,http://www.waldkita.de,39,Eltern-Initiativ-Kindertagesstätte,Situationsansatz,,1105,Waldmäuse e.V.,freie Träger,http://waldkita.de,13.23647945,52.58303611
12200300,Kita Villa Flitzesternchen,12,Reinickendorf,13467,Berlin,Schramberger Str.,8,,030 4047 619,https://www.fippev.de/flitzesternchen,94,Kindertagesstätte,,,1233,FiPP e. V. - Fortbildungsinstitut für die pädagogische Praxis,freie Träger,http://www.fippev.de,13.30236191,52.61494873
12200310,Kita Frohnatur,12,Reinickendorf,13465,Berlin,Markgrafenstr.,14,,030 406079980,http://www.kita-nordwest.de,65,Kindertagesstätte,Offene-Arbeit/Situationsansatz/Sonstiges,,0124,Kindertagesstätten Nordwest Eigenbetrieb von Berlin,Eigenbetriebe,http://www.kita-nordwest.de,13.30416566,52.63259644
12200320,Kita Seestraße,12,Reinickendorf,13467,Berlin,Seestr.,14,,030 404 63 92,https://www.inakindergarten.de/berlin/kita-seestrasse,90,Kindertagesstätte,Situationsansatz,,1312,INA.KINDER.GARTEN gGmbH,freie Träger,http://www.inakindergarten.de,13.32520716,52.61394546
12200330,Kita Fichtestraße,12,Reinickendorf,13467,Berlin,Fichtestr.,5,-9,030 405099790,http://www.kita-nordwest.de,80,Kindertagesstätte,Sonstiges/Offene-Arbeit,,0124,Kindertagesstätten Nordwest Eigenbetrieb von Berlin,Eigenbetriebe,http://www.kita-nordwest.de,13.30547047,52.61245359
12200350,Kita Waldshuter Zeile,12,Reinickendorf,13469,Berlin,Waldshuter Zeile,8,,030 491 70 49,http://www.outlaw-ggmbh.de,40,Kindertagesstätte,Situationsansatz,,1343,OUTLAW gemeinnützige Gesellschaft für Kinder- und Jugendhilfe mbH,freie Träger,http://www.outlaw-ggmbh.de,13.33689261,52.61000753
12200370,Kita Kinderland,12,Reinickendorf,13409,Berlin,Friedrich-Wilhelm-Str.,76,,030 71 37 99 0,http://www.lebenswelt-berlin.de/de/kindertagesstaetten/kinderland,253,Kindertagesstätte,Situationsansatz,,1344,LebensWelt Kindertagesstätte Reinickendorf gGmbH,freie Träger,http://www.lebenswelt-berlin.de,13.36472887,52.56954582
12200430,Kita Sonnenkinder,12,Reinickendorf,13403,Berlin,Auguste-Viktoria-Allee,97,,40 99 94 880,http://www.kita-nordwest.de,100,Kindertagesstätte,Offene-Arbeit,,0124,Kindertagesstätten Nordwest Eigenbetrieb von Berlin,Eigenbetriebe,http://www.kita-nordwest.de,13.32715237,52.56937822
12200460,Kita Letteallee,12,Reinickendorf,13409,Berlin,Letteallee,82,,21 30 92 10 00,http://www.kita-nordwest.de,145,Kindertagesstätte,Offene-Arbeit,,0124,Kindertagesstätten Nordwest Eigenbetrieb von Berlin,Eigenbetriebe,http://www.kita-nordwest.de,13.37622753,52.5633035
12200470,Humanistische Kindertagesstätte General-Woyna-Straße,12,Reinickendorf,13403,Berlin,General-Woyna-Str.,48,,4133072,http://www.humanistischekitas.de,110,Kindertagesstätte,Offene-Arbeit/Situationsansatz,,1230,"Humanistischer Verband Deutschlands, Landesverband Berlin-Brandenburg KdöR",freie Träger,https://humanistisch.de/kitas/,13.31612493,52.57169443
12200480,Kindertagesstätte Waldräuber,12,Reinickendorf,13507,Berlin,Werdohler Weg,81,,030 4328040,http://www.kita-waldraeuber.de,187,Kindertagesstätte,Ansatz von Emmi Pikler/Situationsansatz,,7427,Euro-Schulen gemeinnützige Gesellsch. für berufl. Bildung und Beschäftigung mbH,freie Träger,,13.27200822,52.57137879
12200500,Kita Mittelbruchzeile,12,Reinickendorf,13409,Berlin,Mittelbruchzeile,78,-84,030 491 70 49,https://www.outlaw-ggmbh.de/kita-mittelbruchzeile/,86,Kindertagesstätte,Situationsansatz,,1343,OUTLAW gemeinnützige Gesellschaft für Kinder- und Jugendhilfe mbH,freie Träger,http://www.outlaw-ggmbh.de,13.37490642,52.56752748
12200520,Kita Hennigsdorfer Straße,12,Reinickendorf,13503,Berlin,Hennigsdorfer Str.,130,,213 084 200,http://www.kita-nordwest.de,148,Kindertagesstätte,Offene-Arbeit,,0124,Kindertagesstätten Nordwest Eigenbetrieb von Berlin,Eigenbetriebe,http://www.kita-nordwest.de,13.22549295,52.62347514
12200530,Kita Entdeckerburg,12,Reinickendorf,13467,Berlin,Frohnauer Str.,67,,2 21 92 28 60,http://www.kita-nordwest.de,110,Kindertagesstätte,Offene-Arbeit,,0124,Kindertagesstätten Nordwest Eigenbetrieb von Berlin,Eigenbetriebe,http://www.kita-nordwest.de,13.29315352,52.62204193
12200540,Kita Humboldtstraße,12,Reinickendorf,13407,Berlin,Humboldtstr.,1,-7,4967072,http://www.kita-nordwest.de,137,Kindertagesstätte,Offene-Arbeit,,0124,Kindertagesstätten Nordwest Eigenbetrieb von Berlin,Eigenbetriebe,http://www.kita-nordwest.de,13.3448873,52.57436489
12200560,Kita Apfelbäumchen,12,Reinickendorf,13509,Berlin,Oeserstr.,8,,030 4335108,https://www.awo-promensch.de/kindertagesstaetten/kita-apfelbaeumchen/,48,Kindertagesstätte,Situationsansatz/Offene-Arbeit,,0155,AWO pro:mensch gGmbH,freie Träger,http://www.awo-promensch.de,13.29444987,52.58929943
12200580,Kita Lutherhaus,12,Reinickendorf,13407,Berlin,Baseler Str.,18,,030 455 60 00,http://www.kita-lutherhaus.de,55,Kindertagesstätte,Situationsansatz,,9370,Evangelischer KiTa-Gemeindeverband Reinickendorf,freie Träger,http://www.elkar.de,13.35494401,52.5640143
12200590,Kita Lübars,12,Reinickendorf,13469,Berlin,Benekendorffstr.,148,,030 402 66 15,http://www.ev-kita-luebars.de,57,Kindertagesstätte,Situationsansatz,,9370,Evangelischer KiTa-Gemeindeverband Reinickendorf,freie Träger,http://www.elkar.de,13.34262986,52.61569924
12200600,Kita Blunckiburg,12,Reinickendorf,13437,Berlin,Blunckstr.,14,,030 414 27 40,http://ev-kita-blunckiburg.de,78,Kindertagesstätte,Situationsansatz,,9370,Evangelischer KiTa-Gemeindeverband Reinickendorf,freie Träger,http://www.elkar.de,13.33598352,52.58022751
12200610,Kita Am Seggeluchbecken,12,Reinickendorf,13435,Berlin,Finsterwalder Str.,66,,0304031179,http://www.kirche-seggeluchbecken.de,70,Kindertagesstätte,Situationsansatz,,9370,Evangelischer KiTa-Gemeindeverband Reinickendorf,freie Träger,http://www.elkar.de,13.34931615,52.6027233
12200620,Kita Evangelium,12,Reinickendorf,13409,Berlin,Hausotterplatz,3,,4964367,https://www.eva-luther-segen.de/jung/kindertagesstaetten/kita-der-ev-evangeliums-kirchengemeinde,59,Kindertagesstätte,Offene-Arbeit/Situationsansatz,,9370,Evangelischer KiTa-Gemeindeverband Reinickendorf,freie Träger,http://www.elkar.de,13.37572436,52.56979028
12200650,Ev. Kita Frohnau,12,Reinickendorf,13465,Berlin,Markgrafenstr.,49,,030 401 41 06,http://evkvbmn.de,65,Kindertagesstätte,Situationsansatz,,5425,Ev. Kirchenkreisverband für Kindertageseinrichtungen Berlin Mitte-Nord,freie Träger,http://evkvbmn.de,13.29649937,52.63597586
12200660,Kita Hermsdorf,12,Reinickendorf,13467,Berlin,Schloßstr.,39,,030 40508677,http://www.ev-kita-hermsdorf.de,67,Kindertagesstätte,Situationsansatz,,9370,Evangelischer KiTa-Gemeindeverband Reinickendorf,freie Träger,http://www.elkar.de,13.31196361,52.61731879
12200670,Kita Sonnenblume,12,Reinickendorf,13437,Berlin,Spießweg,7,,030 4112311,http://www.kita-sonnenblume.de,46,Kindertagesstätte,Situationsansatz,,9370,Evangelischer KiTa-Gemeindeverband Reinickendorf,freie Träger,http://www.elkar.de,13.33014944,52.59205374
12200680,Kita Stegeweg,12,Reinickendorf,13407,Berlin,Stegeweg,5,,030 495 18 60,,54,Kindertagesstätte,Situationsansatz,,9370,Evangelischer KiTa-Gemeindeverband Reinickendorf,freie Träger,http://www.elkar.de,13.35432307,52.57559609
12200690,Kita Tegel-Süd,12,Reinickendorf,13507,Berlin,Namslaustr.,61,,030 58842461,,60,Kindertagesstätte,Offene-Arbeit/Situationsansatz,,9370,Evangelischer KiTa-Gemeindeverband Reinickendorf,freie Träger,http://www.elkar.de,13.28379194,52.57786257
12200700,Kita Waldkirche,12,Reinickendorf,13503,Berlin,Stolpmünder Weg,35,,030 431 13 02,http://www.kg-heiligensee.de,67,Kindertagesstätte,Situationsansatz,,9370,Evangelischer KiTa-Gemeindeverband Reinickendorf,freie Träger,http://www.elkar.de,13.23618883,52.62610477
12200730,Kath. Kita St. Bernhard,12,Reinickendorf,13507,Berlin,Bernauer Str.,66,,030 259365105,http://www.hedikitas.de,53,Kindertagesstätte,Situationsansatz,,9193,Kitas im Erzbistum Berlin-Zweckverband der katholischen Kirchengemeinden,freie Träger,http://hedikitas.de,13.28417084,52.57580041
12200740,Kath. Kindertagesstätte St. Rita,12,Reinickendorf,13403,Berlin,General-Woyna-Str.,54,,41708130,,65,Kindertagesstätte,Offene-Arbeit/Montessori-Pädagogik/Situationsansatz,,9193,Kitas im Erzbistum Berlin-Zweckverband der katholischen Kirchengemeinden,freie Träger,http://hedikitas.de,13.31507132,52.57003857
12200750,Katholische Kindertagesstätte St. Martin,12,Reinickendorf,13439,Berlin,Königshorster Str.,2,,030 259 365 132,,80,Kindertagesstätte,Situationsansatz/Offene-Arbeit,,9193,Kitas im Erzbistum Berlin-Zweckverband der katholischen Kirchengemeinden,freie Träger,http://hedikitas.de,13.35191051,52.59722277
12200760,Kath. Kindertagesstätte St. Marien,12,Reinickendorf,13409,Berlin,Klemkestr.,3,,030 259365 -130,,75,Kindertagesstätte,Situationsansatz/Offene-Arbeit,,9193,Kitas im Erzbistum Berlin-Zweckverband der katholischen Kirchengemeinden,freie Träger,http://hedikitas.de,13.35998656,52.57438711
12200770,Kath. Kindertagesstätte St. Joseph,12,Reinickendorf,13509,Berlin,Liebfrauenweg,13,,030 259 365120,http://www.stjoseph-berlin-tegel.de,60,Kindertagesstätte,Situationsansatz,,9193,Kitas im Erzbistum Berlin-Zweckverband der katholischen Kirchengemeinden,freie Träger,http://hedikitas.de,13.29523116,52.59927045
12200780,Kath. Kita Maria Gnaden,12,Reinickendorf,13467,Berlin,Roswithastr.,21,.,030259365128,http://hedikitas.de,65,Kindertagesstätte,Situationsansatz/Offene-Arbeit,,9193,Kitas im Erzbistum Berlin-Zweckverband der katholischen Kirchengemeinden,freie Träger,http://hedikitas.de,13.30598983,52.62290144
12200790,Kath. Kita St. Hildegard,12,Reinickendorf,13465,Berlin,Senheimer Str.,35,,030 259365117,http://kita-sthildegard-frohnau.de,55,Kindertagesstätte,Situationsansatz/Offene-Arbeit,,9193,Kitas im Erzbistum Berlin-Zweckverband der katholischen Kirchengemeinden,freie Träger,http://hedikitas.de,13.29108956,52.63946758
12200800,Kath. Kita St. Nikolaus,12,Reinickendorf,13437,Berlin,Techowpromenade,35,- 43,259365135,http://www.hedikitas.de,50,Kindertagesstätte,Situationsansatz,,9193,Kitas im Erzbistum Berlin-Zweckverband der katholischen Kirchengemeinden,freie Träger,http://hedikitas.de,13.3303629,52.59104041
12200810,Kita Kunterbunt,12,Reinickendorf,13407,Berlin,Romanshorner Weg,85,,030 4985 6690,http://www.ortefuerkinder.de/unsere-kitas/kunterbunt/,120,Kindertagesstätte,,,0107,Orte für Kinder GmbH,freie Träger,http://www.ortefuerkinder.de,13.34906251,52.56988001
12200830,EKT - Knusperhäuschen,12,Reinickendorf,13469,Berlin,Zehntwerderweg,173,,030 404 07 77,http://www.knusperhaeuschen-berlin.de,20,Eltern-Initiativ-Kindertagesstätte,Waldorfpädagogik,,0798,Knusperhäuschen e.V.,freie Träger,http://www.knusperhaeuschen-berlin.de,13.33934422,52.61707649
12200840,Kleine Nordlichter,12,Reinickendorf,13467,Berlin,Hermsdorfer Damm,192,,030 404 70 23,http://www.kleine-nordlichter.de,20,Eltern-Initiativ-Kindertagesstätte,Situationsansatz,,0786,Kleine Nordlichter e.V.,freie Träger,http://www.kleine-nordlichter.de,13.30696921,52.62072343
12200870,EKT - Die Entdecker (1),12,Reinickendorf,13407,Berlin,Holländerstr.,14,,030 455 36 38,,23,Eltern-Initiativ-Kindertagesstätte,Situationsansatz,,0578,Die Entdecker e.V.,freie Träger,,13.36055851,52.56209909
12200880,Kita Bunte Fische,12,Reinickendorf,13503,Berlin,Alt-Heiligensee,58,,030 4306271,,60,Kindertagesstätte,,,1221,EJF gemeinnützige AG,freie Träger,http://www.ejf.de,13.24744506,52.61060035
12200900,Kita - Die Igelkinder,12,Reinickendorf,13503,Berlin,Ruppiner Chaussee,143,,030 35054671,http://www.kindergartenmanufaktur.de,39,Kindertagesstätte,,,8866,Kindergartenmanufaktur gUG,freie Träger,http://www.kindergartenmanufaktur.de,13.25963969,52.6081314
12200910,EKT - Ententeich,12,Reinickendorf,13465,Berlin,Königsbacher Zeile,49,,030 4018026,http://www.kita-ententeich.de,16,Eltern-Initiativ-Kindertagesstätte,Situationsansatz/Sonstiges,,0612,ENTENTEICH e.V.,freie Träger,http://www.kita.ententeich-frohnau.de,13.2967174,52.64185193
12200920,EKT Heinzegraben,12,Reinickendorf,13439,Berlin,Königshorster Str.,11,,030 4167421,http://www.kita-penthaus.de,13,Eltern-Initiativ-Kindertagesstätte,Offene-Arbeit/Situationsansatz,,0669,Elterninitiative Spielgelände Heinzegraben e. V.,freie Träger,http://www.kita-penthaus.de,13.35044138,52.59816525
12200930,Wurzelkinder e.V. - Maxis,12,Reinickendorf,13465,Berlin,Invalidensiedlung,46,,030 4013732,,35,Eltern-Initiativ-Kindertagesstätte,Situationsansatz,,0848,Wurzelkinder e.V.,freie Träger,http://www.wurzelkinder.frohnau.de,13.28397582,52.65544259
12200940,EKT Kinderhaus Frohnau,12,Reinickendorf,13465,Berlin,Gutshofstr.,10,,030 401 88 96,,28,Eltern-Initiativ-Kindertagesstätte,Offene-Arbeit/Situationsansatz,,0732,Kinderhaus Frohnau e.V.,freie Träger,http://www.kinderhaus-frohnau.de,13.30028394,52.63716309
12200950,Kita Bärenbande,12,Reinickendorf,13467,Berlin,Berliner Str.,111,,030 40727280,https://www.sonnenkita-hermsdorf.de/,20,Kindertagesstätte,,,9274,Natur Kids Land gGmbH,freie Träger,http://www.natur-kids-land.de,13.31389988,52.61921201
12200960,EKT Regenbogenkinder,12,Reinickendorf,13503,Berlin,Sandhauser Str.,145,,030 4310384,http://www.regenbogenkinder-berlin.de,30,Eltern-Initiativ-Kindertagesstätte,Situationsansatz,,0923,Eltern-Initiativ-Kindertagesstätte Regenbogenkinder e. V.,freie Träger,http://www.regenbogenkinder-berlin.de,13.21154539,52.60054467
12200970,Kita Container,12,Reinickendorf,13439,Berlin,Schorfheidestr.,15,,030 4156081,http://www.fsd-kita1.de,36,Kindertagesstätte,Situationsansatz,,8662,Forum Soziale Dienste Kita I GmbH,freie Träger,http://www.fsd-kita1.de,13.34785155,52.59463164
12200980,Kita Tietzer Strolche,12,Reinickendorf,13509,Berlin,Tietzstr.,12,,030 435 10 72,https://www.taeks.de/tietzer-strolche,36,Eltern-Initiativ-Kindertagesstätte,Ansatz von Emmi Pikler/Montessori-Pädagogik,,0564,TÄKS e. V.,freie Träger,https://www.taeks.de,13.30582125,52.58345614
12201000,Kita Schneckenhaus,12,Reinickendorf,13465,Berlin,Walporzheimer Str.,18,,030 4017553,http://www.fsd-kita1.de,36,Kindertagesstätte,Situationsansatz,,8662,Forum Soziale Dienste Kita I GmbH,freie Träger,http://www.fsd-kita1.de,13.29961404,52.63065746
12201010,Kita Herbsthörnchen,12,Reinickendorf,13409,Berlin,Herbststr.,26,,4919431,,18,Eltern-Initiativ-Kindertagesstätte,Situationsansatz,,8976,BIBA Kindertagesstätten gUG,freie Träger,,13.37581245,52.57115992
12201020,Kita der Ev.-methodistischen Kirche,12,Reinickendorf,13509,Berlin,Gorkistr.,127,,030 433 2054,,30,Kindertagesstätte,Situationsansatz/Montessori-Pädagogik/Fröbel-Pädagogik/Ansatz von Emmi Pikler,,1245,Evangelisch-methodistische Kirche,freie Träger,,13.30208343,52.59184517
12201030,Kita Regenbogen,12,Reinickendorf,13503,Berlin,Keilerstr.,23,,030 4306232,http://www.ejf.de/arbeitsbereiche/kindertagesbetreuung/alle-verbuende-und-koordinationsbereiche/verbund-berlin-und-nordbrandenburg/kindertagesstaette-regenbogen,65,Kindertagesstätte,Offene-Arbeit/Situationsansatz,,1221,EJF gemeinnützige AG,freie Träger,http://www.ejf.de,13.24797472,52.61017121
12201040,EKT - Waldorf-Kindergarten Hermsdorf,12,Reinickendorf,13467,Berlin,Auguste-Viktoria-Str.,4,,030 4050 1040,,46,Eltern-Initiativ-Kindertagesstätte,Waldorfpädagogik,,1058,Waldorf-Kindergarten Hermsdorf e.V.,freie Träger,http://www.waldorfkindergarten-hermsdorf.de,13.31288113,52.61812127
12201070,Kinderhaus des Montessori-Campus am Tegeler Forst (Alt-Heiligensee),12,Reinickendorf,13503,Berlin,Alt-Heiligensee,27,-29,030-43732710,http://www.kita-zwergenstube.de,136,Eltern-Initiativ-Kindertagesstätte,Montessori-Pädagogik,,7801,Montessori-Stiftung Berlin (MSB),freie Träger,http://www.montessori-stiftung.de,13.21528892,52.60885865
12201090,Kita Alt-Tegel,12,Reinickendorf,13507,Berlin,Alt-Tegel,37,-41,0304339675,http://www.ev-kita-alt-tegel.de,42,Kindertagesstätte,Ansatz von Emmi Pikler/Situationsansatz,,9370,Evangelischer KiTa-Gemeindeverband Reinickendorf,freie Träger,http://www.elkar.de,13.27753467,52.58758906
12201100,EKT - Schülerladen Bullerbü,12,Reinickendorf,13407,Berlin,Zermatter Str.,19D,,030 455 10 70,,22,Eltern-Initiativ-Kindertagesstätte,Situationsansatz,,0964,SCHÜLERLADEN BULLERBÜ e.V.,freie Träger,,13.34995029,52.56494191
12201120,Kita Dorfkirche,12,Reinickendorf,13503,Berlin,Alt-Heiligensee,45,,030 431 28 63,http://www.kg-heiligensee.de,45,Kindertagesstätte,Situationsansatz,,9370,Evangelischer KiTa-Gemeindeverband Reinickendorf,freie Träger,http://www.elkar.de,13.21413106,52.60794927
12201130,Kita Maximiliankorso,12,Reinickendorf,13465,Berlin,Maximiliankorso,35,,030 4016014,http://www.kita-nordwest.de,114,Kindertagesstätte,Offene-Arbeit/Situationsansatz/Sonstiges,,0124,Kindertagesstätten Nordwest Eigenbetrieb von Berlin,Eigenbetriebe,http://www.kita-nordwest.de,13.27062794,52.63196769
12201160,EKT - Rummel-Bummel,12,Reinickendorf,13409,Berlin,Hausotterstr.,53,,69003233,,8,Eltern-Initiativ-Kindertagesstätte,Situationsansatz/Sonstiges,,0937,Rummel - Bummel e. V.,freie Träger,,13.37848121,52.56921938
12201170,Kita Mäusekiste,12,Reinickendorf,13435,Berlin,Wilhelmsruher Damm,215A,,030 4153438,http://www.fsd-kita1.de,48,Kindertagesstätte,Situationsansatz,,8662,Forum Soziale Dienste Kita I GmbH,freie Träger,http://www.fsd-kita1.de,13.34081307,52.59565351
12201190,EKT Hokus Pokus,12,Reinickendorf,13507,Berlin,Schlieperstr.,54,,030 30364646,https://www.kita-hokus-pokus.de/,25,Eltern-Initiativ-Kindertagesstätte,Situationsansatz,,0678,Hokus Pokus e.V.,freie Träger,https://www.kita-hokus-pokus.de/,13.28032475,52.58605832
12201200,Kita Zwergenschloß,12,Reinickendorf,13467,Berlin,Olafstr.,16,,92124946,http://www.zwergenschloss.de,40,Kindertagesstätte,Situationsansatz,,1092,Zwergenschloß gGmbH,freie Träger,http://www.zwergenschloss.de,13.31046843,52.61931955
12201210,Kita/Kinder in Bewegung (KiB),12,Reinickendorf,13469,Berlin,Hermsdorfer Str.,18,,030 41706145,http://www.kita-hermsdorfer-strasse.de,65,Kindertagesstätte,,,1329,Kinder in Bewegung gGmbH Gemeinnützige Kindergarten-Trägergesellschaft des Berliner Sports,freie Träger,http://www.kib-online.org,13.32457546,52.59892059
12201230,AWO Kita Kinderwelt,12,Reinickendorf,13403,Berlin,Klixstr.,31D,,030 4178900/ 6746297,https://www.awo-südost.de/kitas/kita-kinderwelt,135,Kindertagesstätte,Situationsansatz/Offene-Arbeit,,0152,Arbeiterwohlfahrt Berlin Kreisverband Südost e.V.,freie Träger,http://www.awo-suedost.de,13.30844024,52.56918425
12201240,Kita Karoline,12,Reinickendorf,13507,Berlin,Karolinenstr.,3,,4399390,http://www.kita-nordwest.de,160,Kindertagesstätte,Offene-Arbeit/Sonstiges,,0124,Kindertagesstätten Nordwest Eigenbetrieb von Berlin,Eigenbetriebe,http://www.kita-nordwest.de,13.2780058,52.59633383
12201250,Kita Alt-Reinickendorf,12,Reinickendorf,13407,Berlin,Schillerring,13,,030 495 06 81,,39,Kindertagesstätte,,,8830,Kindergarten Alt-Reinickendorf gGmbH,freie Träger,,13.35260859,52.56865537
12201260,Kita Amendestraße,12,Reinickendorf,13409,Berlin,Amendestr.,41,,49900310,http://www.kita-nordwest.de,125,Kindertagesstätte,Situationsansatz/Offene-Arbeit,,0124,Kindertagesstätten Nordwest Eigenbetrieb von Berlin,Eigenbetriebe,http://www.kita-nordwest.de,13.3732047,52.57051268
12201270,Montessori-Kinderhaus Sommerstraße,12,Reinickendorf,13409,Berlin,Sommerstr.,16,,030 4999 7601,http://www.unionhilfswerk.de,84,Kindertagesstätte,Montessori-Pädagogik,,1260,Unionhilfswerk Sozialeinrichtungen gemeinnützige Gesellschaft mbH,freie Träger,http://www.unionhilfswerk.de,13.376133,52.57342736
12201320,Kita Tegelorter Kirchenmäuse,12,Reinickendorf,13505,Berlin,Beatestr.,29,,030 4366 3999,,30,Kindertagesstätte,Situationsansatz,,9370,Evangelischer KiTa-Gemeindeverband Reinickendorf,freie Träger,http://www.elkar.de,13.23148837,52.57094673
12201360,Kita in der Scheune (KidS),12,Reinickendorf,13437,Berlin,Alt-Wittenau,64,,030 41705116,http://www.ev-kita-luebars.de,20,Kindertagesstätte,Offene-Arbeit/Situationsansatz,,9370,Evangelischer KiTa-Gemeindeverband Reinickendorf,freie Träger,http://www.elkar.de,13.32592151,52.59161732
12201400,Kita Kirchenmäuse,12,Reinickendorf,13439,Berlin,Wilhelmsruher Damm,159A,,030 409998132,,50,Kindertagesstätte,Offene-Arbeit/Situationsansatz,,9370,Evangelischer KiTa-Gemeindeverband Reinickendorf,freie Träger,http://www.elkar.de,13.35324298,52.59626129
12201420,Kita Dreieinigkeit,12,Reinickendorf,13629,Berlin,An der Mäckeritzbrücke,4,,33776241,https://spandau-evangelisch.de/kita/dreieinigkeit,15,Kindertagesstätte,Offene-Arbeit,,8820,Ev. Kindertageseinrichtung im Kirchenkreis Spandau,freie Träger,https://spandau-evangelisch.de/kita,13.26979751,52.55050777
12201470,AWO Kita Schneckenhaus,12,Reinickendorf,13507,Berlin,Bernauer Str.,136,,030 43551074,https://www.awo-südost.de/kitas/kita-schneckenhaus,95,Kindertagesstätte,Offene-Arbeit/Situationsansatz,,0152,Arbeiterwohlfahrt Berlin Kreisverband Südost e.V.,freie Träger,http://www.awo-suedost.de,13.27647197,52.57593673
12201490,Waldkindergarten Waldwichtel,12,Reinickendorf,13467,Berlin,Schulzendorfer Str.,144A,(neben Waldspielplatz),0151 57342935,http://www.waldwichtel-berlin.de,25,Waldkindergarten,Situationsansatz,,1114,Waldwichtel e.V.,freie Träger,http://www.waldwichtel-berlin.de,13.28597876,52.60931306
12201500,EKT - Schlumpfoase,12,Reinickendorf,13435,Berlin,Lübarser Str.,13,,030 4030 4717,,20,Eltern-Initiativ-Kindertagesstätte,Situationsansatz,,1122,Schlumpfoase e. V.,freie Träger,,13.33263914,52.60044477
12201520,Kindergarten Mini-Kids mit Grips,12,Reinickendorf,13467,Berlin,Wachsmuthstr.,12,,030 4050 8184,,29,Kindertagesstätte,Fröbel-Pädagogik/Montessori-Pädagogik,,1302,MINI-KIDS mit GRIPS Kindertagesstätte e.V.,freie Träger,,13.31466534,52.61655256
12201540,Kita Dachskinder,12,Reinickendorf,13503,Berlin,Am Dachsbau,3,- 5,030 34393794,http://www.dachskinder.de,38,Kindertagesstätte,Situationsansatz,,7647,Dachskinder gGmbH,freie Träger,http://www.dachskinder.de,13.22968488,52.60741579
12201550,Kita - Schillingstraße,12,Reinickendorf,13403,Berlin,Schillingstr.,16,,030 419 38 053,https://www.stephanus.org/kita-schillingstrasse,45,Kindertagesstätte,Situationsansatz/Offene-Arbeit,,8722,Stephanus gGmbH,freie Träger,http://www.stephanus.org,13.3214531,52.5685405
12201560,Kita Sommergarten,12,Reinickendorf,13409,Berlin,Sommerstr.,28,,030 48628474,http://www.lebenswelt-berlin.de/de/kindertagesstaetten/sommergarten,63,Kindertagesstätte,Situationsansatz,,1344,LebensWelt Kindertagesstätte Reinickendorf gGmbH,freie Träger,http://www.lebenswelt-berlin.de,13.37406584,52.57417581
12201570,Kita Forumhaus,12,Reinickendorf,13435,Berlin,Wilhelmsruher Damm,192,,0304155828,http://www.fsd-kita1.de,36,Kindertagesstätte,Situationsansatz/Sonstiges,,8662,Forum Soziale Dienste Kita I GmbH,freie Träger,http://www.fsd-kita1.de,13.34305341,52.59630526
12201580,Kinderkrippe Zwergenschloß,12,Reinickendorf,13467,Berlin,Berliner Str.,88A,,030 92124946,http://www.zwergenschloss.de,30,Kindertagesstätte,Situationsansatz/Ansatz von Emmi Pikler,,1092,Zwergenschloß gGmbH,freie Träger,http://www.zwergenschloss.de,13.31205943,52.62400498
12201600,Kita Pfiffikus,12,Reinickendorf,13407,Berlin,Gotthardstr.,37,-41,0304953983,https://www.ejf.de/arbeitsbereiche/kindertagesbetreuung/alle-verbuende-und-koordinationsbereiche/verbund-berlin-und-nordbrandenburg/kindertagesstaette-pfiffikus,140,Kindertagesstätte,Situationsansatz,,1221,EJF gemeinnützige AG,freie Träger,http://www.ejf.de,13.34309385,52.56640241
12201610,Kita Claudius-Arche,12,Reinickendorf,13503,Berlin,Schulzendorfer Str.,25,,030 430 937 96,https://www.kirchenkreis-reinickendorf.de/kita-claudius-arche,30,Kindertagesstätte,Situationsansatz,,9370,Evangelischer KiTa-Gemeindeverband Reinickendorf,freie Träger,http://www.elkar.de,13.23995818,52.61339704
12201650,Kindertagesstätte am Tegeler Fließ,12,Reinickendorf,13507,Berlin,Waidmannsluster Damm,7,C,030 857919610,http://www.kita-am-tegeler-fliess.de,91,Kindertagesstätte,Situationsansatz,,0614,Gemeinde auf dem Weg Evangelische Freikirche e.V.,freie Träger,http://www.gadw.org,13.28354381,52.59547595
12201670,Kindertagesstätte Kalinka,12,Reinickendorf,13435,Berlin,Senftenberger Ring,34,,030 52135819,http://kita-kalinka.bifiz.de/,133,Kindertagesstätte,Reggio-Pädagogik,,1402,Bifiz Bildung für eine intelligente Zukunft gGmbH,freie Träger,http://www.bifiz.de,13.3624489,52.60295418
12201680,Kita Knusperhaus,12,Reinickendorf,13465,Berlin,Jostweg,5,,030 4012285,,25,Kindertagesstätte,,,0572,Kita Knusperhaus gGmbH,freie Träger,,13.30343806,52.63856865
12201720,Christliche Montessori-Kindertagesstätte,12,Reinickendorf,13465,Berlin,Karmeliterweg,14,,030 40104330,http://kita.theophanu.org/,35,Kindertagesstätte,Montessori-Pädagogik,,9180,IN VIA Katholischer Verband für Mädchen- und Frauensozialarbeit für das Erzbistum Berlin gGmbH,freie Träger,http://www.invia-berlin.de,13.2868772,52.6301089
12201730,Kita Albatros,12,Reinickendorf,13403,Berlin,Auguste-Viktoria-Allee,17,,030 322922181,http://www.albatrosggmbh.de,100,Kindertagesstätte,,,1324,Albatros gemeinnützige Gesellschaft für soziale und gesundheitliche Dienstleistungen mbH,freie Träger,http://www.albatrosggmbh.de,13.32307591,52.57085896
12201760,Kinderkrippe MINI-KIDS mit GRIPS,12,Reinickendorf,13469,Berlin,Artemisstr.,38,,030 40998320,,16,Kindertagesstätte,Fröbel-Pädagogik/Montessori-Pädagogik,,1302,MINI-KIDS mit GRIPS Kindertagesstätte e.V.,freie Träger,,13.31649808,52.60944409
12201780,"Kita ""Die kleinen Füchse""",12,Reinickendorf,13407,Berlin,Genfer Str.,33,,030 23912305,,60,Kindertagesstätte,Sonstiges,,1364,Nice Bildung gGmbH,freie Träger,http://www.nice-bildung.de,13.35698883,52.56808328
12201800,Kita Wortschmiede,12,Reinickendorf,13403,Berlin,Zobeltitzstr.,34,,030 2219 43939,https://www.albatrosggmbh.de/kinder-jugend-und-familie/kitas/kita-wortschmiede/beschreibung.html,32,Kindertagesstätte,Offene-Arbeit,,1324,Albatros gemeinnützige Gesellschaft für soziale und gesundheitliche Dienstleistungen mbH,freie Träger,http://www.albatrosggmbh.de,13.32082823,52.56855861
12201860,Wurzelkinder e.V. - Minis,12,Reinickendorf,13465,Berlin,Invalidensiedlung,1,tatsächlich 53,030 4013732,,15,Eltern-Initiativ-Kindertagesstätte,Situationsansatz/Ansatz von Emmi Pikler,,0848,Wurzelkinder e.V.,freie Träger,http://www.wurzelkinder.frohnau.de,13.2850436,52.65554006
12201870,Kita Remmi-Demmi im Bergschloss,12,Reinickendorf,13469,Berlin,Waidmannsluster Damm,178,,030 53093439,http://www.kita-remmi-demmi.de,25,Kindertagesstätte,Situationsansatz/Reggio-Pädagogik/Montessori-Pädagogik,,1382,Remmi Demmi gemeinnützige GmbH,freie Träger,http://www.kita-remmi-demmi.de,13.32013667,52.60598581
12201890,Kita Alt-Wittenau,12,Reinickendorf,13437,Berlin,Alt-Wittenau,89,,030 408996620,http://www.outlaw-ggmbh.de,131,Kindertagesstätte,Situationsansatz/Offene-Arbeit/Reggio-Pädagogik,,1343,OUTLAW gemeinnützige Gesellschaft für Kinder- und Jugendhilfe mbH,freie Träger,http://www.outlaw-ggmbh.de,13.33589429,52.58942681
12201930,Kindergarten Jorinde & Joringel,12,Reinickendorf,13469,Berlin,Dianastr.,1,,030 2656 18 40,http://www.pro-gemeinsinn.de,92,Kindertagesstätte,Ansatz von Emmi Pikler/Sonstiges,,1129,Stiftung Pro Gemeinsinn gGmbH,freie Träger,http://www.pro-gemeinsinn.de,13.31719308,52.61152219
12201940,Kita Tornower Weg,12,Reinickendorf,13439,Berlin,Tornower Weg,6,,030 408983715,http://www.horizonte.biz,105,Kindertagesstätte,Situationsansatz,,5426,Horizonte - für Familien - gemeinnützige Gesellschaft mbH,freie Träger,http://www.horizonte.biz,13.34954811,52.59528733
12201960,Zicke-Zacke-Kita gGmbH,12,Reinickendorf,13403,Berlin,Blankestr.,11,,030 38304488,http://www.zicke-zacke-kita.de,33,Kindertagesstätte,Situationsansatz,,1286,Zicke-Zacke-Kita gGmbH,freie Träger,http://www.zicke-zacke-kita.de,13.33163318,52.56469057
12201980,Kinderinsel Alt-Reinickendorf,12,Reinickendorf,13407,Berlin,Alt-Reinickendorf,50,/51,030 983 262 32,http://www.kinderinsel-alt-reinickendorf.de,52,Kindertagesstätte,Situationsansatz,,8248,Kinderinseln Berlin Nord gUG (haftungsbeschränkt),freie Träger,http://www.kinderinsel-alt-reinickendorf.de,13.35537959,52.57449438
12201990,Kita Seesterne,12,Reinickendorf,13507,Berlin,Karolinenstr.,21,,030 43658839,https://www.klax-kita.de/einrichtungen/kindergaerten/seesterne,80,Kindertagesstätte,Sonstiges,,1214,KLAX Berlin gGmbH,freie Träger,http://klax.de,13.28127543,52.5918131
12202000,Kita Alte Stadtvilla,12,Reinickendorf,13437,Berlin,Oranienburger Str.,204,,030 31162957,http://www.elisabethstift-berlin.de,50,Kindertagesstätte,Situationsansatz,,4982,Elisabethstift Jugendhilfe im Diakonischen Werk,freie Träger,http://www.elisabethstift-berlin.de,13.33295289,52.59369185
12202010,Kindertagesstätte Tegler Lieblingskinder,12,Reinickendorf,13507,Berlin,Bernstorffstr.,18,,030 6 444 31 39,http://www.lieblingskinder.de,22,Kindertagesstätte,Situationsansatz,,8266,Lieblingskinder gemeinnützige Unternehmergesellschaft (haftungsbeschränkt),freie Träger,http://www.lieblingskinder.de,13.28581972,52.59084575
12202020,Kita Pirole,12,Reinickendorf,13407,Berlin,Aroser Allee,152,,03064314906,http://www.kitapirole.de,24,Kindertagesstätte,Situationsansatz,,8301,era Erziehung und Ästhetik gemeinnützige GmbH,freie Träger,http://www.era-ggmbh.de,13.35164756,52.57008326
12202040,Kindertagesstätte Fidibus,12,Reinickendorf,13409,Berlin,Amendestr.,90,,030 498783220,http://www.lebenswelt-berlin.de/kindertagesstaetten/fidibus,123,Kindertagesstätte,Situationsansatz,,8310,LebensWelt Kindertagesstätte Amendestraße gGmbH,freie Träger,http://www.lebenswelt-berlin.de,13.3681427,52.56888386
12202050,EKT - Die Entdecker (III),12,Reinickendorf,13407,Berlin,Holländerstr.,23,,030 85 717 612,,29,Eltern-Initiativ-Kindertagesstätte,Situationsansatz,,0578,Die Entdecker e.V.,freie Träger,,13.35766863,52.5621712
12202060,"Kita ""Rotbuche""",12,Reinickendorf,13467,Berlin,Berliner Str.,50,,030 405 712 00,http://www.pro-gemeinsinn.de,81,Kindertagesstätte,Ansatz von Emmi Pikler/Sonstiges,,1129,Stiftung Pro Gemeinsinn gGmbH,freie Träger,http://www.pro-gemeinsinn.de,13.31290025,52.6233637
12202080,Kita Luftballon,12,Reinickendorf,13407,Berlin,Lindauer Allee,4,,030 28852309,http://kitaluftballon.de,35,Kindertagesstätte,Situationsansatz,,8349,Kita Luftballon gGmbH,freie Träger,http://www.kitaluftballon.de,13.35845957,52.57366464
12202090,Kita Humboldts Lieblingskinder,12,Reinickendorf,13509,Berlin,Hatzfeldtallee,14,,030 6 444 31 39,http://www.lieblingskinder.de,24,Kindertagesstätte,Situationsansatz,,8266,Lieblingskinder gemeinnützige Unternehmergesellschaft (haftungsbeschränkt),freie Träger,http://www.lieblingskinder.de,13.29108649,52.59215636
12202100,Kindertagesstätte Kuddel-Muddel,12,Reinickendorf,13403,Berlin,Antonienstr.,67,- 68,030 41700672,http://www.rundwkindergarten.de,60,Kindertagesstätte,Situationsansatz,,8359,R und W Kindergarten gGmbH,freie Träger,http://www.rundwkindergarten.de,13.31060015,52.568503
12202110,Kita Neu-Tegel,12,Reinickendorf,13509,Berlin,Tile-Brügge-Weg,49,,030 767 26 069,http://www.tegel-borsigwalde.de,30,Kindertagesstätte,Situationsansatz,,9370,Evangelischer KiTa-Gemeindeverband Reinickendorf,freie Träger,http://www.elkar.de,13.29531752,52.59202015
12202120,Kita Hakuna Matata,12,Reinickendorf,13405,Berlin,Scharnweberstr.,50,/51,030 40999610,http://www.lebenswelt-berlin.de/kindertagesstaetten/hakunamatata,80,Kindertagesstätte,Situationsansatz,,8310,LebensWelt Kindertagesstätte Amendestraße gGmbH,freie Träger,http://www.lebenswelt-berlin.de,13.31627082,52.56714919
12202130,Kita Alte Fasanerie,12,Reinickendorf,13469,Berlin,Fasanerie,10,,030 817 29 1516,http://www.elisabethstift-berlin.de,30,Kindertagesstätte,,,4982,Elisabethstift Jugendhilfe im Diakonischen Werk,freie Träger,http://www.elisabethstift-berlin.de,13.3679997,52.6079255
12202140,FRÖBEL Kita am Südfeld,12,Reinickendorf,13503,Berlin,Heiligenseestr.,63,,89743133,https://am-suedfeld.froebel.info/,90,Kindertagesstätte,Situationsansatz,,1227,Fröbel Bildung und Erziehung gGmbH,freie Träger,http://www.froebel-gruppe.de/,13.23683358,52.60312307
12202150,Kita - Die kleinen Grünschnäbel,12,Reinickendorf,13403,Berlin,Eichborndamm,39,,030 552807303,http://www.diekleinengruenschnaebel.de,25,Kindertagesstätte,Waldorfpädagogik,,8459,Die kleinen Grünschnäbel UG (haftungsbeschränkt),freie Träger,http://diekleinengruenschnaebel.de,13.31306435,52.57161759
12202160,Kita Stadtperlen,12,Reinickendorf,13403,Berlin,Antonienstr.,9,,030 41477145,http://www.rundwkindergarten.de,20,Kindertagesstätte,Situationsansatz,,8359,R und W Kindergarten gGmbH,freie Träger,http://www.rundwkindergarten.de,13.31139546,52.56961756
12202170,Kita Varius Sol,12,Reinickendorf,13439,Berlin,Dannenwalder Weg,95,- 97,030 55235515,http://www.kita-varius-sol.de,114,Kindertagesstätte,Situationsansatz,,8470,BiZ - Betreuung im Zentrum gGmbH,freie Träger,,13.35047671,52.59250859
12202180,Kita Antonia,12,Reinickendorf,13403,Berlin,Antonienstr.,50A,,030 6003002421,https://www.drk-berlin.de/drkkindergaerten.html,50,Kindertagesstätte,Situationsansatz,,8350,DRK Kinder-Tages-Betreuung gGmbH Berlin,freie Träger,http://www.drk-berlin.de,13.31196323,52.57231579
12202190,Kinderinsel Aroser Allee,12,Reinickendorf,13407,Berlin,Aroser Allee,151,,030 61085086,http://www.kinderinsel-aroser-allee.de,50,Kindertagesstätte,Situationsansatz,,8248,Kinderinseln Berlin Nord gUG (haftungsbeschränkt),freie Träger,http://www.kinderinsel-alt-reinickendorf.de,13.3508671,52.57015781
12202200,Montessori-Kinderhaus Spatzen,12,Reinickendorf,13507,Berlin,Gabrielenstr.,12,- 18,030 68405070,http://www.kita-spatzen.de,45,Kindertagesstätte,Montessori-Pädagogik,,7801,Montessori-Stiftung Berlin (MSB),freie Träger,http://www.montessori-stiftung.de,13.27799958,52.59395237
12202210,Kita Nemo,12,Reinickendorf,13403,Berlin,Kögelstr.,4,-5,030 49897533,https://www.lebenswelt-berlin.de/kindertagesstaetten/nemo,105,Kindertagesstätte,Situationsansatz,,8310,LebensWelt Kindertagesstätte Amendestraße gGmbH,freie Träger,http://www.lebenswelt-berlin.de,13.33063003,52.56763307
12202220,Kita Mondschein,12,Reinickendorf,13437,Berlin,Oranienburger Str.,63,,030 52102213,,60,Kindertagesstätte,Situationsansatz,,1396,Wassila Soziale Gesellschaft für Integration u. Arbeit mit Kindern und Jugendlichen gGmbH,freie Träger,,13.33445906,52.59026049
12202230,Die kleinen Grünschnäbel II,12,Reinickendorf,13403,Berlin,Eichborndamm,43,- 45,030/ 92288229,http://www.diekleinengruenschnaebel.de,55,Kindertagesstätte,Situationsansatz/Fröbel-Pädagogik,,8459,Die kleinen Grünschnäbel UG (haftungsbeschränkt),freie Träger,http://diekleinengruenschnaebel.de,13.31325173,52.57211837
12202240,Schubarts Lieblingskinder,12,Reinickendorf,13509,Berlin,Schubartstr.,44,,030 64443139,http://www.lieblingskinder.de,30,Kindertagesstätte,Situationsansatz,,8266,Lieblingskinder gemeinnützige Unternehmergesellschaft (haftungsbeschränkt),freie Träger,http://www.lieblingskinder.de,13.30354302,52.58381643
12202250,Evangelische Kita Regenbogen,12,Reinickendorf,13435,Berlin,Senftenberger Ring,29,,030 26586720,http://evkvbmn.de,135,Kindertagesstätte,Situationsansatz,,5425,Ev. Kirchenkreisverband für Kindertageseinrichtungen Berlin Mitte-Nord,freie Träger,http://evkvbmn.de,13.35970859,52.60242736
12202260,Kita Luftballon,12,Reinickendorf,13403,Berlin,Blankestr.,5,,030 28852309,http://www.luftballon.de,71,Kindertagesstätte,Situationsansatz,,8349,Kita Luftballon gGmbH,freie Träger,http://www.kitaluftballon.de,13.33045076,52.56400676
12202270,Kindertagesstätte Simba,12,Reinickendorf,13405,Berlin,Scharnweberstr.,43,,030 49983230,https://www.lebenswelt-berlin.de/kindertagesstaetten/simba,60,Kindertagesstätte,Situationsansatz,,8310,LebensWelt Kindertagesstätte Amendestraße gGmbH,freie Träger,http://www.lebenswelt-berlin.de,13.31895965,52.56644975
12202280,Kita Papageifisch,12,Reinickendorf,13435,Berlin,Wittenauer Str.,7,,03033910775,https://www.bfa-ggmbh.de/,25,Kindertagesstätte,Situationsansatz,,8077,BfA gGmbH,freie Träger,http://www.bfa-ggmbh.de,13.33123558,52.60437489
12202290,Kita Kinderinsel Weiße Stadt,12,Reinickendorf,13407,Berlin,Aroser Allee,153c,,030 239 822 87,http://www.kinderinsel-weisse-stadt.de,50,Kindertagesstätte,Situationsansatz,,8248,Kinderinseln Berlin Nord gUG (haftungsbeschränkt),freie Träger,http://www.kinderinsel-alt-reinickendorf.de,13.35036069,52.57036945
12202300,Kita Mohnblume,12,Reinickendorf,13469,Berlin,Artemisstr.,4,,12363035,http://fbe-berlin.de,30,Kindertagesstätte,Waldorfpädagogik,,8589,Forum für Bildung und Erziehung (FBE) gGmbH,freie Träger,http://www.fbe-berlin.de,13.31839252,52.60702649
12202320,Kita Tiezstr. 25,12,Reinickendorf,13509,Berlin,Tietzstr.,25,,030 6 444 31 39,http://www.lieblingskinder.de,35,Kindertagesstätte,Situationsansatz,,8266,Lieblingskinder gemeinnützige Unternehmergesellschaft (haftungsbeschränkt),freie Träger,http://www.lieblingskinder.de,13.30441895,52.5841068
12202330,Kita Uranuskids,12,Reinickendorf,13405,Berlin,Uranusweg,3,,030 46996066,http://www.fidea-bildung.de,60,Kindertagesstätte,Situationsansatz,,8675,fidea Bildung gGmbH,freie Träger,http://www.fidea-bildung.de,13.31734498,52.56607616
12202360,Ginsterkatze,12,Reinickendorf,13469,Berlin,Avenue Charles de Gaulle,7,-9,030 33958980,http://www.twsd-bb.de,55,Kindertagesstätte,,,8235,Trägerwerk Soziale Dienste in Berlin und Brandenburg gGmbH (TWSD in BB gGmbH),freie Träger,http://www.twsd-bb.de,13.32199737,52.602347
12202400,Kita Froschkönig,12,Reinickendorf,13469,Berlin,Dianastr.,10,,030 41191154,http://www.pro-gemeinsinn.de,75,Kindertagesstätte,Ansatz von Emmi Pikler/Sonstiges,,1129,Stiftung Pro Gemeinsinn gGmbH,freie Träger,http://www.pro-gemeinsinn.de,13.3147771,52.61052257
12202420,Kita Resi,12,Reinickendorf,13409,Berlin,Residenzstr.,152,,03045290666,,28,Kindertagesstätte,Situationsansatz,,8976,BIBA Kindertagesstätten gUG,freie Träger,,13.3596407,52.5732944
12202450,Kita Märkolino,12,Reinickendorf,13435,Berlin,Senftenberger Ring,96,,030 587406330,http://kita-nordwest.de,120,Kindertagesstätte,Situationsansatz/Offene-Arbeit,,0124,Kindertagesstätten Nordwest Eigenbetrieb von Berlin,Eigenbetriebe,http://www.kita-nordwest.de,13.35207468,52.59981091
12202460,Horizonte-für Familien-gGmbH (nur Sprachförderung),12,Reinickendorf,13439,Berlin,Tornower Weg,6,,,,,Kindertagesstätte,,,5426,Horizonte - für Familien - gemeinnützige Gesellschaft mbH,freie Träger,http://www.horizonte.biz,13.34925455,52.59528957
12202470,APEGO-Kita Berlin,12,Reinickendorf,13469,Berlin,Dianastr.,44,-46,030 27498477,https://apego-schule.de/kita/,44,Kindertagesstätte,Offene-Arbeit,,8719,Madrina Sophia e.V.,freie Träger,http://madrinasophia.de,13.30936578,52.60444375
12202480,ABC-Hamster (nur Sprachförderung),12,Reinickendorf,13407,Berlin,Winterthurstr.,7,,,,,Kindertagesstätte,,,9037,Netzwerk Bethanien e.V.,freie Träger,http://nwb-berlin.de,13.34468026,52.56634467
12202490,Kita Libelle,12,Reinickendorf,13469,Berlin,Wittenauer Str.,151,,030 36444390,https://www.kita-nordwest.de/kita/kita-libelle/,136,Kindertagesstätte,Offene-Arbeit/Situationsansatz/Sonstiges,,0124,Kindertagesstätten Nordwest Eigenbetrieb von Berlin,Eigenbetriebe,http://www.kita-nordwest.de,13.34726943,52.60883543
12202510,Horizonte-Kids,12,Reinickendorf,13435,Berlin,Senftenberger Ring,47,,030 62927037,http://www.horizonte.biz,98,Kindertagesstätte,Situationsansatz,,9081,Horizonte für Kinder gGmbH,freie Träger,http://www.horizonte.biz,13.35729487,52.60499926
12202520,FBO der GU Senftenberger Ring (FBO),12,Reinickendorf,13435,Berlin,Senftenberger Ring,37,- 39,030 403 638 440,http://www.albatrosggmbh.de,12,Eltern-Kind-Gruppe,,,1324,Albatros gemeinnützige Gesellschaft für soziale und gesundheitliche Dienstleistungen mbH,freie Träger,http://www.albatrosggmbh.de,13.3604316,52.60510094
12202530,Freude Kita Reinickendorf,12,Reinickendorf,13403,Berlin,Eichborndamm,72,,030 34508173,http://www.freude-kita.berlin,20,Kindertagesstätte,Situationsansatz,,8295,FREUDE Kindergärten gemeinnützige GmbH,freie Träger,http://www.freude-kita.berlin,13.31454362,52.57444838
12202570,Kita Sternblume,12,Reinickendorf,13403,Berlin,Waldstr.,103,,030 34620110,https://www.fbe-berlin.de,21,Kindertagesstätte,Waldorfpädagogik,,8589,Forum für Bildung und Erziehung (FBE) gGmbH,freie Träger,http://www.fbe-berlin.de,13.33030779,52.57542251
12202580,Kita Edelweiß,12,Reinickendorf,13435,Berlin,Wittenauer Str.,112,,030 40392888,,60,Kindertagesstätte,Reggio-Pädagogik,,1402,Bifiz Bildung für eine intelligente Zukunft gGmbH,freie Träger,http://www.bifiz.de,13.34132897,52.6068865
12202590,Kita Brusebergstrasse,12,Reinickendorf,13407,Berlin,Brusebergstr.,26,,030 680 85 380,,39,Kindertagesstätte,Offene-Arbeit,,3740,Kinder- und Jugendhilfe-Verbund/ KJSH-Stiftung Berlin-Brandenburg,freie Träger,http://www.kjhv.de,13.34593362,52.56805251
12202630,FREUDE Kita Emmentaler Str.,12,Reinickendorf,13409,Berlin,Emmentaler Str.,96,,030 50508240,http://www.freude-kita.de,32,Kindertagesstätte,Situationsansatz,,9150,FREUDE Kindergärten Süd-West gGmbH,freie Träger,http://www.freude-kita.berlin,13.36206075,52.57068544
12202640,"Kindertagesstätte ""Rotkehlchen""",12,Reinickendorf,13469,Berlin,Dianastr.,42,43,030/880602020,https://eventusbildung.de/kitas/,32,Kindertagesstätte,Situationsansatz,,7464,eventus Bildung gGmbH,freie Träger,https://eventusbildung.de/,13.30978608,52.60470476
12202660,Erasmus Kita Holländerstraße,12,Reinickendorf,13407,Berlin,Holländerstr.,36N,,55148788,https://erasmus-bildungshaus.de/erasmus-einrichtungen/kita-hollaenderstrasse/,48,Kindertagesstätte,Situationsansatz/Sonstiges,,9259,Erasmus Berlin gGmbH,freie Träger,http://erasmus-berlin.org,13.34645132,52.56312181
12202670,Alegria Biedenkopfer Straße,12,Reinickendorf,13507,Berlin,Biedenkopfer Str.,44,,51055655,http://www.kiga-alegria.de,76,Kindertagesstätte,Offene-Arbeit/Situationsansatz,,1301,Alegria Kiga gGmbH,freie Träger,http://www.kiga-alegria.de,13.28600941,52.5803433
12202690,Kita DoMinis,12,Reinickendorf,13467,Berlin,Kurhausstr.,34,,23000283,,55,Kindertagesstätte,,,9180,IN VIA Katholischer Verband für Mädchen- und Frauensozialarbeit für das Erzbistum Berlin gGmbH,freie Träger,http://www.invia-berlin.de,13.29698328,52.62378288
12202700,Kita Jona und der Wal,12,Reinickendorf,13435,Berlin,Schlitzer Str.,46,,030/83209978,http://www.kirchenkreis-reinickendorf.de,70,Kindertagesstätte,Situationsansatz,,9370,Evangelischer KiTa-Gemeindeverband Reinickendorf,freie Träger,http://www.elkar.de,13.33947953,52.60132164
12202710,P.E.K. Private Europa-Kindertagesstätte Elite gGmbH,12,Reinickendorf,13437,Berlin,Oranienburger Str.,13,,030 25733310,,65,Kindertagesstätte,,,8358,P.E.K. Private Europa Kindertagesstätte Elite gGmbH,freie Träger,http://www.europa-kita.de,13.33428132,52.58132268
